Date,Average_Price,Supply_Volume,USD_TO_NPR,Diesel,is_festival,Season_Autumn,Season_Monsoon,Season_Spring,Season_Winter,Inflation,Dhading_Rainfall_MM,Dhading_Air_Pressure,Kathmandu_Temperature,Kathmandu_Rainfall_MM,Kathmandu_Air_Pressure,Kavre_Rainfall_MM,Sarlahi_Temperature,Sarlahi_Rainfall_MM,Sarlahi_Air_Pressure,day,month,day_of_week,is_weekend,month_sin,month_cos,Hilly_Temperature,Hilly_Air_Pressure
2022-01-01,86.67,96650.0,119.24,119.0,0,0,0,0,1,6.03,0.0,854.0,10.35,0.0,874.8,0.0,15.05,0.0,1008.25,1,1,5,1,0.4999999999999999,0.8660254037844387,7.725,852.85
2022-01-02,108.0,142555.0,119.24,119.0,0,0,0,0,1,6.03,0.0,853.5,9.35,0.2,873.5999999999999,0.0,14.45,0.0,1006.6,2,1,6,0,0.4999999999999999,0.8660254037844387,8.025,852.1
2022-01-03,115.0,132175.0,119.24,119.0,0,0,0,0,1,6.03,0.0,851.55,11.0,0.0,872.3499999999999,0.0,14.3,0.0,1004.6,3,1,0,0,0.4999999999999999,0.8660254037844387,8.399999999999999,850.625
2022-01-04,95.0,122675.0,119.12,119.0,0,0,0,0,1,6.03,0.0,851.3,11.45,0.0,872.6,0.0,13.95,0.0,1005.6,4,1,1,0,0.4999999999999999,0.8660254037844387,8.575,850.5
2022-01-05,96.67,118475.0,119.59,119.0,0,0,0,0,1,6.03,0.0,852.8499999999999,11.1,0.0,872.5999999999999,0.0,14.65,0.0,1004.7,5,1,2,0,0.4999999999999999,0.8660254037844387,9.275,851.0
2022-01-06,86.67,135350.0,119.28,119.0,0,0,0,0,1,6.03,1.9,852.95,12.0,2.0,873.3,2.2,15.35,1.8,1004.2,6,1,3,0,0.4999999999999999,0.8660254037844387,9.9,851.5250000000001
2022-01-07,96.67,81375.0,119.49,119.0,0,0,0,0,1,6.03,0.0,853.35,13.05,0.3,873.6,0.3,16.3,0.1,1005.5,7,1,4,0,0.4999999999999999,0.8660254037844387,10.9,851.975
2022-01-08,96.67,119750.0,119.2,119.0,0,0,0,0,1,6.03,1.1,853.6,12.6,2.2,873.9,2.0,16.450000000000003,0.0,1004.85,8,1,5,1,0.4999999999999999,0.8660254037844387,11.05,852.1500000000001
2022-01-09,76.67,88300.0,119.2,119.0,0,0,0,0,1,6.03,0.0,851.45,13.0,0.0,871.2,0.1,16.15,0.0,1002.0,9,1,6,0,0.4999999999999999,0.8660254037844387,10.975000000000001,849.75
2022-01-10,75.0,174700.0,119.2,119.0,0,0,0,0,1,6.03,0.4,852.55,12.2,0.7,872.05,3.3,17.049999999999997,0.0,1003.1,10,1,0,0,0.4999999999999999,0.8660254037844387,10.5,850.675
2022-01-11,76.67,125500.0,118.77,119.0,0,0,0,0,1,6.03,0.0,852.5,12.15,0.0,872.35,0.7,17.55,0.1,1002.75,11,1,1,0,0.4999999999999999,0.8660254037844387,10.0,850.85
2022-01-12,76.67,135190.0,118.56,119.0,0,0,0,0,1,6.03,3.8,850.9,11.15,6.4,871.3499999999999,1.5,16.4,4.3,1003.0,12,1,2,0,0.4999999999999999,0.8660254037844387,8.399999999999999,849.4
2022-01-13,76.67,82150.0,118.56,119.0,0,0,0,0,1,6.03,0.0,851.2,8.049999999999999,0.0,870.7,3.1,15.2,0.9,1003.95,13,1,3,0,0.4999999999999999,0.8660254037844387,7.15,849.325
2022-01-14,76.67,95875.0,118.52,119.0,0,0,0,0,1,6.03,0.0,851.05,9.5,0.0,871.1,0.0,14.3,0.0,1004.3,14,1,4,0,0.4999999999999999,0.8660254037844387,7.225,849.4749999999999
2022-01-15,76.67,68475.0,118.95,119.0,0,0,0,0,1,6.03,0.0,851.1,8.9,0.3,871.1,0.2,13.45,0.0,1005.2,15,1,5,1,0.4999999999999999,0.8660254037844387,7.300000000000001,849.45
2022-01-16,76.67,85550.0,118.95,119.0,0,0,0,0,1,6.03,0.0,851.85,9.25,0.0,871.8,0.0,14.1,0.0,1006.7,16,1,6,0,0.4999999999999999,0.8660254037844387,7.175,850.3
2022-01-17,66.67,69753.0,118.95,119.0,0,0,0,0,1,6.03,0.0,853.25,11.55,0.0,873.7,0.0,13.8,0.0,1007.2,17,1,0,0,0.4999999999999999,0.8660254037844387,8.8,851.875
2022-01-18,66.67,121750.0,119.09,119.0,0,0,0,0,1,6.03,0.0,851.3,11.65,0.0,872.4,0.9,13.45,0.0,1004.15,18,1,1,0,0.4999999999999999,0.8660254037844387,8.95,850.3
2022-01-19,65.83500000000001,99600.0,119.62,122.0,0,0,0,0,1,6.03,0.0,849.95,11.2,0.0,870.7,0.0,13.5,0.0,1002.0,19,1,2,0,0.4999999999999999,0.8660254037844387,8.7,848.6
2022-01-20,66.67,93550.0,119.39,122.0,0,0,0,0,1,6.03,0.3,847.4000000000001,9.35,1.3,867.85,0.7,13.3,0.4,1000.0,20,1,3,0,0.4999999999999999,0.8660254037844387,7.175000000000001,846.0250000000001
2022-01-21,55.835,78800.0,119.51,122.0,0,0,0,0,1,6.03,0.7,847.8,8.25,1.5,867.55,2.5,15.6,0.0,1000.3,21,1,4,0,0.4999999999999999,0.8660254037844387,6.425,845.975
2022-01-22,56.67,71625.0,119.37,122.0,0,0,0,0,1,6.03,0.0,845.95,7.4,0.9,866.0,0.6,14.2,0.1,998.8,22,1,5,1,0.4999999999999999,0.8660254037844387,5.875,844.1750000000001
2022-01-23,55.835,77425.0,119.37,122.0,0,0,0,0,1,6.03,0.5,846.7,9.8,0.8,866.4,0.9,15.75,0.1,999.25,23,1,6,0,0.4999999999999999,0.8660254037844387,8.125,845.175
2022-01-24,55.835,65375.0,119.37,122.0,0,0,0,0,1,6.03,0.0,847.7,7.55,0.1,866.9000000000001,0.0,15.2,0.0,999.85,24,1,0,0,0.4999999999999999,0.8660254037844387,6.2,845.575
2022-01-25,56.67,92050.0,119.6,122.0,0,0,0,0,1,6.03,1.3,846.9,8.75,2.6,867.1,0.3,15.8,2.3,1000.3,25,1,1,0,0.4999999999999999,0.8660254037844387,6.55,845.4000000000001
2022-01-26,55.0,67475.0,119.95,122.0,0,0,0,0,1,6.03,11.4,848.3,8.15,1.8,867.15,0.5,13.95,0.1,1001.8,26,1,2,0,0.4999999999999999,0.8660254037844387,5.95,846.0
2022-01-27,56.67,101050.0,119.95,122.0,0,0,0,0,1,6.03,0.1,847.8,7.75,0.6,867.7,0.6,13.4,0.0,1002.2,27,1,3,0,0.4999999999999999,0.8660254037844387,5.325,845.55
2022-01-28,55.835,116825.0,120.42,122.0,0,0,0,0,1,6.03,0.0,847.35,7.050000000000001,0.0,867.45,0.0,12.45,0.0,1002.85,28,1,4,0,0.4999999999999999,0.8660254037844387,4.65,845.4749999999999
2022-01-29,55.835,106550.0,120.37,122.0,0,0,0,0,1,6.03,0.0,849.05,8.3,0.0,869.5,0.0,12.8,0.0,1003.7,29,1,5,1,0.4999999999999999,0.8660254037844387,5.725,847.25
2022-01-30,65.83500000000001,116275.0,120.37,122.0,0,0,0,0,1,6.03,0.0,845.6,8.75,1.0,865.25,0.2,12.75,0.0,999.95,30,1,6,0,0.4999999999999999,0.8660254037844387,6.425,843.875
2022-01-31,65.0,106425.0,120.37,122.0,0,0,0,0,1,6.03,0.0,847.8,10.1,0.6,867.45,0.0,14.05,0.0,1000.0,31,1,0,0,0.4999999999999999,0.8660254037844387,8.425,845.775
2022-02-01,66.67,92550.0,119.68,125.0,0,0,0,0,1,6.23,0.0,845.3499999999999,7.85,1.4,864.75,0.9,13.35,0.1,997.15,1,2,1,0,0.8660254037844386,0.5000000000000001,6.375,843.15
2022-02-02,56.67,93000.0,119.97,125.0,0,0,0,0,1,6.23,0.0,845.95,7.8,0.4,865.85,0.0,14.15,0.0,1000.25,2,2,2,0,0.8660254037844386,0.5000000000000001,5.9,844.5
2022-02-03,56.67,121075.0,120.05,125.0,0,0,0,0,1,6.23,1.7,848.85,9.45,2.9,868.75,3.6,15.45,2.7,1000.75,3,2,3,0,0.8660254037844386,0.5000000000000001,7.175,847.0250000000001
2022-02-04,65.0,121046.0,120.08,125.0,0,0,0,0,1,6.23,42.7,845.7,8.85,32.4,865.35,17.5,15.1,17.5,997.9,4,2,4,0,0.8660254037844386,0.5000000000000001,5.725,844.0
2022-02-05,76.67,101275.0,119.82,125.0,0,0,0,0,1,6.23,10.7,846.1,6.65,13.3,865.85,12.9,14.25,9.3,1000.1,5,2,5,1,0.8660254037844386,0.5000000000000001,5.4,843.925
2022-02-06,76.67,73000.0,119.82,125.0,0,0,0,0,1,6.23,0.0,848.4,7.1000000000000005,0.0,868.35,0.0,13.1,0.0,1003.3,6,2,6,0,0.8660254037844386,0.5000000000000001,5.45,846.45
2022-02-07,75.0,77875.0,119.82,125.0,0,0,0,0,1,6.23,0.0,848.8,8.200000000000001,0.0,868.65,0.0,14.85,0.0,1003.2,7,2,0,0,0.8660254037844386,0.5000000000000001,6.65,847.1999999999999
2022-02-08,75.83500000000001,105275.0,119.82,125.0,0,0,0,0,1,6.23,0.0,848.5,10.45,0.1,869.0,0.0,14.25,0.0,1002.2,8,2,1,0,0.8660254037844386,0.5000000000000001,7.5,846.75
2022-02-09,76.67,147600.0,119.9,125.0,0,0,0,0,1,6.23,0.1,849.8,8.6,0.7,869.65,0.5,15.45,0.0,1002.9,9,2,2,0,0.8660254037844386,0.5000000000000001,7.275,848.05
2022-02-10,86.67,147025.0,120.0,125.0,0,0,0,0,1,6.23,0.2,849.5,9.85,3.0,869.7,0.8,16.15,0.0,1001.65,10,2,3,0,0.8660254037844386,0.5000000000000001,8.225000000000001,847.825
2022-02-11,76.67,148250.0,120.21,125.0,0,0,0,0,1,6.23,0.3,847.6,9.65,4.1,868.2,2.7,15.05,0.0,1001.6,11,2,4,0,0.8660254037844386,0.5000000000000001,7.15,845.925
2022-02-12,76.67,109125.0,120.92,125.0,0,0,0,0,1,6.23,0.0,848.15,8.4,0.0,867.45,0.0,15.65,0.0,1002.05,12,2,5,1,0.8660254037844386,0.5000000000000001,7.2,846.25
2022-02-13,76.67,135625.0,120.92,125.0,0,0,0,0,1,6.23,0.0,848.35,9.4,0.0,868.4000000000001,0.0,15.2,0.0,1001.9,13,2,6,0,0.8660254037844386,0.5000000000000001,8.05,846.875
2022-02-14,65.0,103075.0,120.92,125.0,0,0,0,0,1,6.23,0.0,848.4,10.7,0.0,868.6,0.0,15.65,0.0,1001.25,14,2,0,0,0.8660254037844386,0.5000000000000001,8.5,847.0
2022-02-15,76.67,121330.0,121.28,125.0,0,0,0,0,1,6.23,0.0,848.75,11.0,0.2,869.05,0.7,16.3,0.0,999.85,15,2,1,0,0.8660254037844386,0.5000000000000001,8.625,847.125
2022-02-16,76.67,173071.0,120.84,125.0,0,0,0,0,1,6.23,0.0,847.25,11.75,1.5,867.2,0.7,17.1,0.0,997.45,16,2,2,0,0.8660254037844386,0.5000000000000001,9.0,845.45
2022-02-17,76.67,157550.0,120.42,125.0,0,0,0,0,1,6.23,0.0,846.1500000000001,11.45,0.0,866.25,0.8,16.4,0.0,997.9,17,2,3,0,0.8660254037844386,0.5000000000000001,8.775,844.45
2022-02-18,76.67,132275.0,120.48,125.0,0,0,0,0,1,6.23,0.0,847.0,12.0,0.5,867.85,0.5,16.55,0.0,999.7,18,2,4,0,0.8660254037844386,0.5000000000000001,9.149999999999999,845.75
2022-02-19,76.67,150775.0,119.76,128.0,0,0,0,0,1,6.23,0.1,847.1500000000001,10.15,0.0,867.55,0.1,15.95,0.0,998.9,19,2,5,1,0.8660254037844386,0.5000000000000001,9.274999999999999,845.575
2022-02-20,76.67,119250.0,119.76,128.0,0,0,0,0,1,6.23,8.7,842.75,9.35,0.0,862.75,0.8,15.6,0.4,994.9,20,2,6,0,0.8660254037844386,0.5000000000000001,7.625,841.2
2022-02-21,75.0,123155.0,119.76,128.0,0,0,0,0,1,6.23,0.0,843.2,9.05,0.9,863.3,1.0,15.75,0.0,996.3,21,2,0,0,0.8660254037844386,0.5000000000000001,6.55,841.625
2022-02-22,75.0,136275.0,119.52,128.0,0,0,0,0,1,6.23,0.0,849.1,9.15,0.5,868.95,0.2,17.1,0.0,1002.2,22,2,1,0,0.8660254037844386,0.5000000000000001,7.5,847.5250000000001
2022-02-23,65.0,120400.0,120.11,128.0,0,0,0,0,1,6.23,0.0,853.2,10.35,0.0,873.0,0.3,17.65,0.0,1004.65,23,2,2,0,0.8660254037844386,0.5000000000000001,9.575,851.475
2022-02-24,65.0,105050.0,119.6,128.0,0,0,0,0,1,6.23,1.0,852.8499999999999,13.75,0.6,873.5,0.6,19.7,0.0,1003.25,24,2,3,0,0.8660254037844386,0.5000000000000001,10.825,851.55
2022-02-25,65.0,167200.0,121.35,128.0,0,0,0,0,1,6.23,3.4,852.55,11.85,6.5,873.4000000000001,0.6,19.2,4.2,1004.5,25,2,4,0,0.8660254037844386,0.5000000000000001,9.875,851.25
2022-02-26,65.0,134100.0,120.77,128.0,0,0,0,0,1,6.23,0.0,853.8499999999999,11.7,0.2,874.0,0.3,19.15,0.2,1005.55,26,2,5,1,0.8660254037844386,0.5000000000000001,9.8,852.3499999999999
2022-02-28,55.0,153975.0,120.77,128.0,0,0,0,0,1,6.23,0.0,851.0999999999999,13.5,0.0,871.7,0.0,19.2,0.0,1001.8,28,2,0,0,0.8660254037844386,0.5000000000000001,11.149999999999999,849.7249999999999
2022-03-01,66.67,139850.0,120.85,128.0,1,0,0,1,0,7.14,0.0,853.6500000000001,13.6,0.0,873.0,0.0,18.3,0.0,1003.65,1,3,1,0,1.0,6.123233995736766e-17,11.75,851.6500000000001
2022-03-02,66.67,172615.0,120.85,128.0,1,0,0,1,0,7.14,0.5,852.6,13.6,3.1,873.1,0.2,18.75,0.0,1003.3,2,3,2,0,1.0,6.123233995736766e-17,11.35,851.175
2022-03-03,56.67,141200.0,121.43,133.0,1,0,0,1,0,7.14,0.2,852.6500000000001,15.05,0.4,872.5,1.2,19.700000000000003,0.0,1002.0,3,3,3,0,1.0,6.123233995736766e-17,13.15,851.0
2022-03-04,56.67,121700.0,121.76,133.0,1,0,0,1,0,7.14,0.0,851.3499999999999,13.8,0.0,871.8,0.0,20.75,0.0,999.6,4,3,4,0,1.0,6.123233995736766e-17,12.875,849.9499999999999
2022-03-06,65.0,137750.0,122.16,133.0,1,0,0,1,0,7.14,0.0,852.1,15.55,0.0,871.85,0.0,20.45,0.0,1001.0,6,3,6,0,1.0,6.123233995736766e-17,14.5,850.5250000000001
2022-03-07,65.0,139400.0,122.16,133.0,1,0,0,1,0,7.14,0.0,854.6,17.7,0.0,873.95,0.0,22.7,0.0,1001.2,7,3,0,0,1.0,6.123233995736766e-17,16.725,853.0250000000001
2022-03-08,65.0,144450.0,123.44,133.0,1,0,0,1,0,7.14,0.0,852.5,18.2,0.4,872.8,0.1,22.75,0.0,998.95,8,3,1,0,1.0,6.123233995736766e-17,16.3,851.475
2022-03-09,55.0,160800.0,123.36,133.0,1,0,0,1,0,7.14,0.0,850.9,18.1,0.0,871.75,0.0,23.4,0.0,998.85,9,3,2,0,1.0,6.123233995736766e-17,16.175,850.3499999999999
2022-03-10,56.67,153075.0,122.8,133.0,1,0,0,1,0,7.14,0.2,851.85,17.75,1.1,871.55,0.0,23.15,0.0,998.4,10,3,3,0,1.0,6.123233995736766e-17,16.299999999999997,850.45
2022-03-11,51.67,151920.0,122.4,133.0,1,0,0,1,0,7.14,0.0,851.7,16.65,0.0,871.3499999999999,0.1,24.05,0.0,997.75,11,3,4,0,1.0,6.123233995736766e-17,15.825000000000001,850.2
2022-03-12,51.67,120170.0,122.85,133.0,1,0,0,1,0,7.14,0.0,850.5,17.1,0.3,870.5,0.0,23.55,0.0,997.05,12,3,5,1,1.0,6.123233995736766e-17,16.275,849.3
2022-03-13,50.835,129700.0,122.85,133.0,1,0,0,1,0,7.14,0.0,850.95,18.75,0.0,871.75,0.0,24.4,0.0,997.9,13,3,6,0,1.0,6.123233995736766e-17,16.525,850.0
2022-03-14,45.0,124525.0,122.85,133.0,1,0,0,1,0,7.14,0.0,851.7,19.25,0.0,872.25,0.0,25.15,0.0,997.65,14,3,0,0,1.0,6.123233995736766e-17,17.35,850.975
2022-03-15,55.835,103581.0,122.8,133.0,1,0,0,1,0,7.14,0.0,850.0999999999999,20.0,0.0,870.5,0.0,25.0,0.0,994.55,15,3,1,0,1.0,6.123233995736766e-17,18.225,849.025
2022-03-16,60.5,131225.0,122.88,138.0,1,0,0,1,0,7.14,0.0,847.8,19.4,2.2,868.1500000000001,0.4,25.9,0.0,993.25,16,3,2,0,1.0,6.123233995736766e-17,17.7,846.7
2022-03-17,55.835,158295.0,122.33,138.0,1,0,0,1,0,7.14,0.0,850.6,20.35,0.0,870.0,0.0,27.6,0.0,995.0,17,3,3,0,1.0,6.123233995736766e-17,18.5,849.375
2022-03-18,60.0,164533.0,121.58,138.0,1,0,0,1,0,7.14,0.0,852.05,21.2,0.0,871.95,0.0,28.1,0.0,995.25,18,3,4,0,1.0,6.123233995736766e-17,19.675,850.925
2022-03-19,65.0,151985.0,121.58,138.0,1,0,0,1,0,7.14,0.0,849.7,21.95,0.0,870.1500000000001,0.6,27.95,0.0,992.8,19,3,5,1,1.0,6.123233995736766e-17,19.775,848.625
2022-03-20,57.5,124700.0,121.58,138.0,1,0,0,1,0,7.14,0.0,847.85,21.45,0.0,868.45,0.7,27.55,0.0,991.95,20,3,6,0,1.0,6.123233995736766e-17,19.825,846.95
2022-03-21,60.0,97950.0,121.58,138.0,0,0,0,1,0,7.14,0.0,848.5999999999999,20.0,1.2,869.2,0.0,27.45,0.4,993.0,21,3,0,0,1.0,6.123233995736766e-17,18.65,847.6999999999999
2022-03-22,65.0,120875.0,122.09,138.0,0,0,0,1,0,7.14,0.9,849.1500000000001,19.85,1.2,869.6500000000001,0.1,28.1,0.6,993.95,22,3,1,0,1.0,6.123233995736766e-17,18.15,848.325
2022-03-23,65.0,158200.0,122.19,138.0,0,0,0,1,0,7.14,1.4,849.85,19.3,7.2,870.2,16.8,27.9,0.2,994.25,23,3,2,0,1.0,6.123233995736766e-17,17.575,848.825
2022-03-24,70.0,216670.0,122.39,138.0,0,0,0,1,0,7.14,4.7,847.55,17.1,2.0,867.4,1.4,26.3,0.0,992.3,24,3,3,0,1.0,6.123233995736766e-17,16.35,846.4
2022-03-25,60.0,224590.0,122.49,138.0,0,0,0,1,0,7.14,0.0,846.7,19.1,0.0,866.8,0.2,26.9,0.0,991.75,25,3,4,0,1.0,6.123233995736766e-17,17.975,845.875
2022-03-26,65.0,231895.0,122.22,138.0,0,0,0,1,0,7.14,0.0,847.6500000000001,20.0,0.0,868.25,0.1,25.65,0.0,993.55,26,3,5,1,1.0,6.123233995736766e-17,17.475,846.7750000000001
2022-03-27,65.0,162760.0,122.22,138.0,0,0,0,1,0,7.14,0.0,850.1,20.05,0.0,870.6,0.0,26.05,0.0,996.4,27,3,6,0,1.0,6.123233995736766e-17,18.125,849.675
2022-03-28,65.0,118125.0,122.22,138.0,0,0,0,1,0,7.14,0.0,850.55,18.65,0.0,870.3,0.0,27.9,0.0,994.85,28,3,0,0,1.0,6.123233995736766e-17,17.15,849.2249999999999
2022-03-29,66.67,139775.0,122.16,138.0,0,0,0,1,0,7.14,0.0,849.6,19.0,0.3,869.4,0.0,27.9,0.1,994.45,29,3,1,0,1.0,6.123233995736766e-17,18.875,848.425
2022-03-30,55.0,108625.0,121.88,138.0,0,0,0,1,0,7.14,17.4,849.3,18.8,9.4,869.6500000000001,10.7,27.85,0.0,995.65,30,3,2,0,1.0,6.123233995736766e-17,16.65,848.25
2022-03-31,55.0,253675.0,121.76,138.0,0,0,0,1,0,7.14,42.6,849.8,17.9,17.4,870.1500000000001,25.2,26.65,1.5,995.55,31,3,3,0,1.0,6.123233995736766e-17,15.850000000000001,848.75
2022-04-01,55.835,153835.0,121.57,138.0,0,0,0,1,0,7.61,6.8,849.1,19.6,4.6,869.6,4.2,27.4,0.0,994.65,1,4,4,0,0.8660254037844387,-0.4999999999999998,17.65,848.075
2022-04-02,55.835,162259.0,121.57,138.0,0,0,0,1,0,7.61,6.0,851.75,19.200000000000003,6.6,872.3,10.7,28.05,0.7,997.6,2,4,5,1,0.8660254037844387,-0.4999999999999998,17.450000000000003,850.825
2022-04-03,56.67,155375.0,121.57,138.0,0,0,0,1,0,7.61,1.4,851.15,18.85,2.2,871.8499999999999,0.4,27.05,2.9,996.0,3,4,6,0,0.8660254037844387,-0.4999999999999998,17.95,850.0999999999999
2022-04-04,55.0,172625.0,121.57,138.0,0,0,0,1,0,7.61,0.4,849.0,20.25,1.1,869.25,1.0,27.9,0.0,994.55,4,4,0,0,0.8660254037844387,-0.4999999999999998,18.175,847.95
2022-04-05,55.0,148975.0,121.18,143.0,0,0,0,1,0,7.61,0.0,852.7,20.1,0.9,872.9,1.2,29.65,0.0,997.8,5,4,1,0,0.8660254037844387,-0.4999999999999998,18.674999999999997,851.75
2022-04-06,55.0,135925.0,120.88,143.0,0,0,0,1,0,7.61,0.0,852.75,21.35,0.0,873.3499999999999,1.2,29.55,0.0,997.95,6,4,2,0,0.8660254037844387,-0.4999999999999998,18.875,851.825
2022-04-07,65.0,157450.0,121.52,143.0,0,0,0,1,0,7.61,1.5,853.05,19.950000000000003,2.8,873.85,2.3,28.1,0.2,998.5,7,4,3,0,0.8660254037844387,-0.4999999999999998,17.65,851.95
2022-04-08,65.0,182637.0,121.84,143.0,0,0,0,1,0,7.61,0.8,851.0,18.7,1.1,871.5999999999999,8.7,28.35,0.7,995.75,8,4,4,0,0.8660254037844387,-0.4999999999999998,17.075000000000003,850.1
2022-04-09,65.0,172540.0,121.74,143.0,0,0,0,1,0,7.61,9.9,849.9,19.45,4.3,870.7,6.2,28.5,0.2,994.7,9,4,5,1,0.8660254037844387,-0.4999999999999998,17.15,848.8499999999999
2022-04-10,65.0,140900.0,121.74,143.0,1,0,0,1,0,7.61,2.6,848.45,18.7,1.4,868.75,0.9,26.1,3.7,994.05,10,4,6,0,0.8660254037844387,-0.4999999999999998,17.1,847.525
2022-04-11,75.0,165825.0,121.74,143.0,1,0,0,1,0,7.61,0.0,848.0999999999999,19.6,0.0,868.6,0.1,27.05,0.1,993.15,11,4,0,0,0.8660254037844387,-0.4999999999999998,18.05,847.15
2022-04-12,75.0,196175.0,121.83,143.0,1,0,0,1,0,7.61,6.9,849.3,19.7,4.5,869.7,5.5,28.75,0.0,993.5,12,4,1,0,0.8660254037844387,-0.4999999999999998,17.575,848.275
2022-04-13,75.0,137000.0,122.12,143.0,1,0,0,1,0,7.61,9.1,848.3,20.35,6.2,868.65,4.8,29.5,0.0,991.4,13,4,2,0,0.8660254037844387,-0.4999999999999998,18.9,847.3
2022-04-14,55.835,171970.0,122.19,143.0,1,0,0,1,0,7.61,0.0,846.6500000000001,21.85,0.0,867.15,0.0,29.75,0.0,989.05,14,4,3,0,0.8660254037844387,-0.4999999999999998,19.725,845.725
2022-04-15,71.67,176350.0,122.19,143.0,1,0,0,1,0,7.61,0.0,845.8,21.6,0.0,866.35,0.2,28.5,0.0,989.15,15,4,4,0,0.8660254037844387,-0.4999999999999998,19.125,845.175
2022-04-16,61.67,145700.0,122.19,143.0,1,0,0,1,0,7.61,0.0,846.15,21.1,0.0,866.5,0.0,28.5,0.0,989.45,16,4,5,1,0.8660254037844387,-0.4999999999999998,19.325000000000003,845.65
2022-04-17,61.67,155410.0,122.19,143.0,1,0,0,1,0,7.61,0.0,846.75,21.35,0.0,867.45,0.1,28.35,0.0,990.9,17,4,6,0,0.8660254037844387,-0.4999999999999998,19.075,846.3
2022-04-18,55.0,128525.0,122.19,143.0,1,0,0,1,0,7.61,0.0,848.8499999999999,22.15,0.0,869.8,0.0,29.7,0.0,993.4,18,4,0,0,0.8660254037844387,-0.4999999999999998,19.7,848.4
2022-04-19,60.0,124160.0,122.32,143.0,1,0,0,1,0,7.61,2.4,851.0,20.95,0.4,871.8,2.9,30.1,0.0,994.75,19,4,1,0,0.8660254037844387,-0.4999999999999998,18.65,850.075
2022-04-20,66.67,138025.0,122.72,143.0,1,0,0,1,0,7.61,15.3,849.75,19.7,7.1,870.05,17.1,28.35,0.0,994.95,20,4,2,0,0.8660254037844387,-0.4999999999999998,17.475,848.675
2022-04-21,56.67,135225.0,122.24,143.0,0,0,0,1,0,7.61,3.3,850.75,20.15,2.8,870.6,1.8,29.2,0.0,994.05,21,4,3,0,0.8660254037844387,-0.4999999999999998,18.4,849.525
2022-04-22,60.0,138775.0,122.14,143.0,0,0,0,1,0,7.61,7.1,850.5,19.45,0.5,870.65,0.4,28.85,1.5,994.45,22,4,4,0,0.8660254037844387,-0.4999999999999998,17.8,849.25
2022-04-23,56.67,136706.0,122.68,143.0,0,0,0,1,0,7.61,0.0,849.05,20.7,0.0,869.65,0.1,29.65,0.0,993.05,23,4,5,1,0.8660254037844387,-0.4999999999999998,19.075000000000003,848.125
2022-04-24,66.67,126625.0,122.68,143.0,0,0,0,1,0,7.61,0.0,847.25,21.75,0.0,867.45,0.9,28.25,0.0,990.55,24,4,6,0,0.8660254037844387,-0.4999999999999998,20.325,846.475
2022-04-25,55.0,134650.0,122.68,143.0,0,0,0,1,0,7.61,0.0,846.6500000000001,21.85,0.0,867.0,0.1,28.05,0.0,990.9,25,4,0,0,0.8660254037844387,-0.4999999999999998,19.975,845.975
2022-04-26,75.83500000000001,98500.0,123.01,143.0,0,0,0,1,0,7.61,0.1,848.8,22.1,0.1,868.8,0.1,29.85,0.8,992.05,26,4,1,0,0.8660254037844387,-0.4999999999999998,20.200000000000003,847.9
2022-04-27,66.67,97063.0,122.84,143.0,0,0,0,1,0,7.61,0.0,848.5,22.4,0.0,869.2,0.0,28.95,0.0,992.05,27,4,2,0,0.8660254037844387,-0.4999999999999998,20.425,848.1
2022-04-28,59.165,89700.0,122.76,143.0,0,0,0,1,0,7.61,2.6,849.7,22.0,4.6,870.7,0.8,30.45,0.1,994.1,28,4,3,0,0.8660254037844387,-0.4999999999999998,19.325000000000003,848.9250000000001
2022-04-29,66.67,111500.0,122.68,143.0,0,0,0,1,0,7.61,0.0,849.2,20.950000000000003,1.3,869.5999999999999,5.8,29.45,4.0,991.85,29,4,4,0,0.8660254037844387,-0.4999999999999998,18.925,848.175
2022-04-30,66.67,118325.0,122.59,143.0,0,0,0,1,0,7.61,9.3,847.9,19.8,15.0,868.2,26.5,28.5,2.6,992.95,30,4,5,1,0.8660254037844387,-0.4999999999999998,17.375,846.775
2022-05-01,66.67,81975.0,122.59,143.0,0,0,0,1,0,7.04,15.9,848.3,18.65,24.3,868.5,10.4,26.6,12.3,992.65,1,5,6,0,0.4999999999999999,-0.8660254037844387,16.825,847.25
2022-05-02,66.67,82075.0,122.59,143.0,0,0,0,1,0,7.04,8.4,848.4,19.8,8.1,868.55,10.3,26.85,10.2,992.3,2,5,0,0,0.4999999999999999,-0.8660254037844387,18.025,847.3499999999999
2022-05-03,70.83500000000001,113425.0,122.73,143.0,0,0,0,1,0,7.04,0.1,849.45,19.05,2.0,868.85,1.2,26.3,5.2,993.55,3,5,1,0,0.4999999999999999,-0.8660254037844387,18.575000000000003,848.075
2022-05-04,85.83500000000001,120625.0,122.73,143.0,0,0,0,1,0,7.04,8.0,850.15,19.35,21.4,870.4,19.2,27.05,0.3,995.5,4,5,2,0,0.4999999999999999,-0.8660254037844387,17.15,849.175
2022-05-05,76.67,91295.0,122.57,143.0,0,0,0,1,0,7.04,21.6,849.75,19.25,10.2,870.15,14.0,27.0,6.3,995.0,5,5,3,0,0.4999999999999999,-0.8660254037844387,17.275,848.7
2022-05-06,80.83500000000001,80275.0,122.32,143.0,0,0,0,1,0,7.04,15.0,849.95,19.5,18.7,870.6,29.0,27.65,1.3,994.45,6,5,4,0,0.4999999999999999,-0.8660254037844387,17.25,849.075
2022-05-07,81.67,91025.0,123.37,143.0,0,0,0,1,0,7.04,18.8,850.15,19.5,8.9,870.5,1.2,27.15,2.3,993.8,7,5,5,1,0.4999999999999999,-0.8660254037844387,17.575000000000003,849.25
2022-05-08,76.67,145350.0,123.37,143.0,0,0,0,1,0,7.04,4.4,850.0,20.6,11.5,870.2,4.5,27.9,0.5,993.2,8,5,6,0,0.4999999999999999,-0.8660254037844387,18.5,848.975
2022-05-09,70.0,115825.0,123.37,143.0,0,0,0,1,0,7.04,0.3,849.55,20.8,0.9,870.0,0.0,28.5,0.0,993.0,9,5,0,0,0.4999999999999999,-0.8660254037844387,18.6,848.65
2022-05-10,85.83500000000001,117750.0,124.25,143.0,0,0,0,1,0,7.04,0.2,849.3,20.85,1.3,869.75,11.0,28.85,0.0,992.7,10,5,1,0,0.4999999999999999,-0.8660254037844387,18.975,848.4499999999999
2022-05-11,86.67,62625.0,124.04,143.0,0,0,0,1,0,7.04,0.1,847.95,21.45,4.1,868.1,1.7,29.15,0.0,990.3,11,5,2,0,0.4999999999999999,-0.8660254037844387,19.725,847.1
2022-05-12,65.83500000000001,74050.0,123.89,143.0,0,0,0,1,0,7.04,0.0,847.2,21.5,1.4,867.55,0.9,29.5,2.4,989.35,12,5,3,0,0.4999999999999999,-0.8660254037844387,19.575000000000003,846.2
2022-05-13,75.83500000000001,30425.0,124.17,143.0,0,0,0,1,0,7.04,8.7,844.55,21.25,3.6,864.65,11.8,28.950000000000003,9.7,986.55,13,5,4,0,0.4999999999999999,-0.8660254037844387,19.375,843.4749999999999
2022-05-15,96.67,46500.0,124.23,153.0,0,0,0,1,0,7.04,17.9,846.15,21.8,22.5,866.6,14.7,30.15,4.8,988.85,15,5,6,0,0.4999999999999999,-0.8660254037844387,19.775,845.5
2022-05-16,120.0,114898.0,124.23,153.0,0,0,0,1,0,7.04,37.9,846.6500000000001,22.5,12.6,867.25,13.8,29.0,6.6,989.3,16,5,0,0,0.4999999999999999,-0.8660254037844387,20.15,845.725
2022-05-17,95.0,52550.0,124.23,153.0,0,0,0,1,0,7.04,2.8,846.8,21.85,0.0,866.8,0.5,29.4,0.0,988.65,17,5,1,0,0.4999999999999999,-0.8660254037844387,21.025,845.75
2022-05-18,110.0,57175.0,124.41,153.0,0,0,0,1,0,7.04,6.6,847.5,21.65,0.6,867.95,0.9,29.950000000000003,1.9,989.35,18,5,2,0,0.4999999999999999,-0.8660254037844387,19.975,846.5
2022-05-19,111.67,85650.0,124.44,153.0,0,0,0,1,0,7.04,0.0,847.85,21.3,2.1,867.9,3.4,30.4,2.1,989.65,19,5,3,0,0.4999999999999999,-0.8660254037844387,19.4,846.675
2022-05-20,115.0,80850.0,124.67,153.0,0,0,0,1,0,7.04,27.4,846.05,20.9,27.5,866.7,16.3,29.65,1.0,989.4,20,5,4,0,0.4999999999999999,-0.8660254037844387,19.15,845.175
2022-05-21,115.0,59950.0,124.38,153.0,0,0,0,1,0,7.04,23.6,843.3,21.35,15.2,863.65,8.5,28.15,15.2,986.5,21,5,5,1,0.4999999999999999,-0.8660254037844387,19.25,842.35
2022-05-22,115.835,78025.0,124.38,163.0,0,0,0,1,0,7.04,3.5,842.7,21.0,1.1,862.4,0.9,27.25,4.5,986.45,22,5,6,0,0.4999999999999999,-0.8660254037844387,18.475,841.475
2022-05-23,100.0,87900.0,124.38,163.0,0,0,0,1,0,7.04,12.4,844.1500000000001,20.4,6.5,864.3499999999999,2.7,27.15,4.2,988.45,23,5,0,0,0.4999999999999999,-0.8660254037844387,17.825000000000003,843.125
2022-05-24,125.0,83675.0,124.33,163.0,0,0,0,1,0,7.04,0.5,847.9000000000001,20.4,2.9,867.55,1.4,28.3,0.4,991.75,24,5,1,0,0.4999999999999999,-0.8660254037844387,18.525000000000002,846.5500000000001
2022-05-25,112.5,90200.0,124.44,163.0,0,0,0,1,0,7.04,3.9,848.8,19.15,2.1,868.7,2.1,27.5,0.0,991.85,25,5,2,0,0.4999999999999999,-0.8660254037844387,17.25,847.525
2022-05-26,105.0,52650.0,124.35,163.0,0,0,0,1,0,7.04,2.8,847.2,18.9,4.6,867.15,1.5,27.6,0.0,990.45,26,5,3,0,0.4999999999999999,-0.8660254037844387,17.65,846.0
2022-05-27,105.0,52575.0,124.43,163.0,0,0,0,1,0,7.04,0.5,846.2,20.1,4.5,865.75,11.1,29.0,0.0,988.0,27,5,4,0,0.4999999999999999,-0.8660254037844387,19.549999999999997,844.9000000000001
2022-05-28,105.0,39897.0,124.41,163.0,0,0,0,1,0,7.04,10.9,844.75,20.5,4.7,865.05,8.0,28.700000000000003,21.5,987.8,28,5,5,1,0.4999999999999999,-0.8660254037844387,18.925,843.7
2022-05-29,116.67,46600.0,124.41,163.0,0,0,0,1,0,7.04,5.0,845.15,20.15,5.2,865.35,8.2,27.9,17.8,988.75,29,5,6,0,0.4999999999999999,-0.8660254037844387,18.425,844.3
2022-05-30,125.0,77200.0,124.41,163.0,0,0,0,1,0,7.04,1.7,846.15,21.35,1.6,866.45,9.2,28.45,21.8,989.4,30,5,0,0,0.4999999999999999,-0.8660254037844387,19.475,845.2750000000001
2022-05-31,125.0,48150.0,124.37,163.0,0,0,0,1,0,7.04,0.2,846.05,21.35,5.2,865.9,8.9,29.15,0.6,987.85,31,5,1,0,0.4999999999999999,-0.8660254037844387,19.525000000000002,844.9
2022-06-01,127.5,51975.0,124.53,163.0,0,0,1,0,0,6.71,3.3,845.85,21.200000000000003,2.5,866.25,3.0,29.55,0.2,988.0,1,6,2,0,1.2246467991473532e-16,-1.0,19.875,845.0250000000001
2022-06-02,137.5,63501.0,124.34,153.0,0,0,1,0,0,6.71,5.4,846.2,21.4,4.2,866.0999999999999,4.2,29.85,10.6,987.95,2,6,3,0,1.2246467991473532e-16,-1.0,20.175,845.125
2022-06-03,125.0,82150.0,124.48,153.0,0,0,1,0,0,6.71,3.2,845.2,21.65,0.7,865.25,0.6,29.3,7.1,987.75,3,6,4,0,1.2246467991473532e-16,-1.0,19.975,844.25
2022-06-04,105.0,64275.0,124.5,153.0,0,0,1,0,0,6.71,2.1,846.2,22.7,0.8,866.45,2.0,30.15,0.2,987.6,4,6,5,1,1.2246467991473532e-16,-1.0,21.175,845.475
2022-06-05,105.0,76421.0,124.5,153.0,0,0,1,0,0,6.71,2.1,846.3499999999999,21.85,6.3,866.55,4.7,30.65,0.0,988.6,5,6,6,0,1.2246467991473532e-16,-1.0,19.85,845.425
2022-06-06,95.0,54650.0,124.5,153.0,0,0,1,0,0,6.71,11.5,846.6500000000001,22.25,11.0,866.75,8.0,29.65,0.7,988.6,6,6,0,0,1.2246467991473532e-16,-1.0,20.05,845.5500000000001
2022-06-07,94.0,64600.0,124.52,153.0,0,0,1,0,0,6.71,15.3,846.0,22.45,8.6,866.2,20.7,29.85,0.0,987.35,7,6,1,0,1.2246467991473532e-16,-1.0,21.15,845.125
2022-06-08,105.0,96450.0,124.64,153.0,0,0,1,0,0,6.71,11.3,845.05,22.200000000000003,21.4,865.3,12.9,30.15,10.8,986.45,8,6,2,0,1.2246467991473532e-16,-1.0,20.925,844.2
2022-06-09,75.0,71300.0,124.68,165.0,0,0,1,0,0,6.71,13.5,844.3,22.6,28.5,864.5,18.1,29.3,2.5,986.7,9,6,3,0,1.2246467991473532e-16,-1.0,20.675,843.375
2022-06-10,75.0,49200.0,124.73,165.0,0,0,1,0,0,6.71,17.6,845.2,22.55,13.8,865.3499999999999,7.7,30.3,6.0,986.2,10,6,4,0,1.2246467991473532e-16,-1.0,21.1,844.375
2022-06-11,75.0,47125.0,124.84,165.0,0,0,1,0,0,6.71,5.3,845.05,22.65,10.4,865.3499999999999,4.1,29.15,10.9,987.35,11,6,5,1,1.2246467991473532e-16,-1.0,20.775,844.15
2022-06-12,75.0,80625.0,124.84,165.0,0,0,1,0,0,6.71,2.2,845.95,22.3,3.4,866.0999999999999,8.9,28.3,35.3,988.8,12,6,6,0,1.2246467991473532e-16,-1.0,20.424999999999997,844.975
2022-06-13,85.0,50748.0,124.84,165.0,0,0,1,0,0,6.71,11.7,847.0,22.15,13.2,867.3,3.4,29.85,0.5,988.6,13,6,0,0,1.2246467991473532e-16,-1.0,21.075,846.2
2022-06-14,95.0,64550.0,125.16,165.0,0,0,1,0,0,6.71,22.1,846.2,22.7,14.2,866.6500000000001,13.6,29.55,0.2,988.05,14,6,1,0,1.2246467991473532e-16,-1.0,21.275000000000002,845.375
2022-06-15,85.0,50400.0,125.08,165.0,0,0,1,0,0,6.71,22.6,845.55,22.65,18.5,865.9,17.9,28.7,21.6,987.6,15,6,2,0,1.2246467991473532e-16,-1.0,20.75,844.7
2022-06-16,85.0,64600.0,125.21,165.0,0,0,1,0,0,6.71,44.8,845.95,22.5,25.1,866.3,11.9,28.700000000000003,5.8,988.75,16,6,3,0,1.2246467991473532e-16,-1.0,20.9,845.0
2022-06-17,85.0,56400.0,125.22,165.0,0,0,1,0,0,6.71,27.2,845.65,22.2,20.6,866.0,10.4,28.45,23.0,988.3,17,6,4,0,1.2246467991473532e-16,-1.0,20.325,844.825
2022-06-18,86.67,67871.0,125.22,165.0,0,0,1,0,0,6.71,14.5,846.15,22.05,8.4,866.45,11.1,27.8,25.8,988.45,18,6,5,1,1.2246467991473532e-16,-1.0,20.35,845.25
2022-06-19,90.0,32000.0,125.22,192.0,0,0,1,0,0,6.71,26.1,845.5,22.7,14.5,865.65,5.0,28.200000000000003,16.5,988.1,19,6,6,0,1.2246467991473532e-16,-1.0,20.9,844.55
2022-06-20,85.0,67450.0,125.22,192.0,0,0,1,0,0,6.71,20.8,844.2,21.950000000000003,7.1,864.3,7.8,27.75,10.2,986.65,20,6,0,0,1.2246467991473532e-16,-1.0,20.075,843.3
2022-06-21,102.5,50800.0,125.07,192.0,0,0,1,0,0,6.71,12.8,844.4000000000001,22.200000000000003,4.0,864.95,4.7,27.45,0.6,987.85,21,6,1,0,1.2246467991473532e-16,-1.0,19.95,843.6
2022-06-22,98.335,53350.0,125.22,192.0,0,0,1,0,0,6.71,4.7,847.8,21.9,6.2,867.8,1.5,28.1,0.9,990.85,22,6,2,0,1.2246467991473532e-16,-1.0,20.825000000000003,846.8499999999999
2022-06-23,96.67,57600.0,125.72,192.0,0,0,1,0,0,6.71,7.1,848.25,22.5,9.6,868.6,15.9,29.1,5.8,990.75,23,6,3,0,1.2246467991473532e-16,-1.0,20.9,847.45
2022-06-24,96.67,43600.0,125.59,192.0,0,0,1,0,0,6.71,17.9,846.9,22.7,25.1,867.05,34.1,28.8,28.3,989.0,24,6,4,0,1.2246467991473532e-16,-1.0,21.625,845.875
2022-06-25,96.67,22825.0,125.66,163.0,0,0,1,0,0,6.71,9.4,846.05,22.85,25.7,866.5999999999999,11.0,28.6,3.8,988.6,25,6,5,1,1.2246467991473532e-16,-1.0,20.950000000000003,845.35
2022-06-26,95.0,27650.0,125.66,163.0,0,0,1,0,0,6.71,17.6,847.6500000000001,23.1,20.9,868.1,6.1,28.5,6.2,990.75,26,6,6,0,1.2246467991473532e-16,-1.0,20.8,846.85
2022-06-27,95.0,46600.0,125.66,163.0,0,0,1,0,0,6.71,11.4,848.2,23.15,12.4,868.55,16.3,27.75,30.4,991.15,27,6,0,0,1.2246467991473532e-16,-1.0,21.05,847.325
2022-06-28,100.0,26075.0,125.65,163.0,0,0,1,0,0,6.71,34.3,845.35,22.8,36.5,865.9000000000001,52.8,26.4,72.8,988.85,28,6,1,0,1.2246467991473532e-16,-1.0,20.95,844.625
2022-06-30,115.0,33275.0,126.65,163.0,0,0,1,0,0,6.71,5.0,845.65,22.6,2.0,866.2,1.5,26.85,17.6,988.6,30,6,3,0,1.2246467991473532e-16,-1.0,20.225,844.925
2022-07-01,106.67,47175.0,126.66,163.0,0,0,1,0,0,6.71,19.0,845.1,22.45,14.4,865.45,20.7,28.7,10.7,987.05,1,7,4,0,-0.4999999999999997,-0.8660254037844388,21.4,844.325
2022-07-02,106.67,30650.0,126.78,163.0,0,0,1,0,0,6.71,2.4,844.55,23.4,13.0,865.05,27.4,28.2,0.6,986.75,2,7,5,1,-0.4999999999999997,-0.8660254037844388,20.925,843.75
2022-07-03,106.67,32975.0,126.78,163.0,0,0,1,0,0,6.71,7.3,845.2,22.55,10.2,865.2,9.8,28.9,3.8,987.05,3,7,6,0,-0.4999999999999997,-0.8660254037844388,20.3,844.1750000000001
2022-07-04,105.0,46511.0,126.78,172.0,0,0,1,0,0,6.71,0.1,845.25,23.8,3.4,865.6500000000001,8.4,29.7,1.1,986.4,4,7,0,0,-0.4999999999999997,-0.8660254037844388,22.075000000000003,844.5
2022-07-05,100.0,57650.0,126.63,172.0,0,0,1,0,0,6.71,3.2,845.6500000000001,23.8,10.8,866.05,6.8,30.6,1.5,987.6,5,7,1,0,-0.4999999999999997,-0.8660254037844388,22.125,845.0
2022-07-06,85.0,35275.0,127.3,172.0,0,0,1,0,0,6.71,0.4,848.05,23.5,10.5,868.75,5.1,30.7,0.3,991.0,6,7,2,0,-0.4999999999999997,-0.8660254037844388,21.950000000000003,847.5
2022-07-07,90.835,35919.0,127.19,172.0,0,0,1,0,0,6.71,1.2,849.3,24.450000000000003,11.1,869.8499999999999,3.0,30.35,0.0,991.05,7,7,3,0,-0.4999999999999997,-0.8660254037844388,22.65,848.65
2022-07-08,85.83500000000001,44300.0,126.99,172.0,0,0,1,0,0,6.71,27.1,847.15,24.15,9.3,867.5999999999999,14.1,29.95,3.2,989.0,8,7,4,0,-0.4999999999999997,-0.8660254037844388,22.125,846.4
2022-07-09,76.67,54327.0,127.11,172.0,0,0,1,0,0,6.71,15.8,846.05,23.1,39.1,866.6,5.1,29.05,16.0,987.85,9,7,5,1,-0.4999999999999997,-0.8660254037844388,21.325,845.3499999999999
2022-07-10,70.0,48450.0,127.11,172.0,0,0,1,0,0,6.71,3.5,846.25,23.1,17.9,866.35,5.9,30.2,3.1,987.8,10,7,6,0,-0.4999999999999997,-0.8660254037844388,21.375,845.25
2022-07-11,67.5,42875.0,127.11,172.0,0,0,1,0,0,6.71,5.6,846.7,23.1,14.8,866.75,10.2,30.75,0.4,988.4,11,7,0,0,-0.4999999999999997,-0.8660254037844388,21.775,845.725
2022-07-12,70.0,31625.0,127.41,172.0,0,0,1,0,0,6.71,9.8,846.25,23.6,9.2,866.8,15.6,31.0,0.0,987.55,12,7,1,0,-0.4999999999999997,-0.8660254037844388,21.8,845.625
2022-07-13,65.83500000000001,41550.0,127.66,172.0,0,0,1,0,0,6.71,1.5,845.0,24.3,9.7,865.3,2.3,31.0,0.1,985.35,13,7,2,0,-0.4999999999999997,-0.8660254037844388,22.3,844.225
2022-07-14,54.0,47075.0,127.72,172.0,0,0,1,0,0,6.71,1.4,845.75,23.6,18.5,865.75,3.8,31.05,0.2,986.2,14,7,3,0,-0.4999999999999997,-0.8660254037844388,22.025,844.75
2022-07-15,55.0,30575.0,128.11,172.0,0,0,1,0,0,6.71,0.2,847.4000000000001,24.200000000000003,6.3,867.2,4.1,30.95,1.2,988.05,15,7,4,0,-0.4999999999999997,-0.8660254037844388,22.7,846.3000000000001
2022-07-16,55.0,31875.0,128.11,172.0,0,0,1,0,0,6.71,9.1,848.05,23.95,14.0,868.15,3.6,30.6,2.6,989.55,16,7,5,1,-0.4999999999999997,-0.8660254037844388,21.925,847.0749999999999
2022-07-17,58.0,36575.0,128.11,172.0,0,0,1,0,0,6.71,6.1,848.8,23.9,9.5,869.05,6.3,31.3,0.1,989.95,17,7,6,0,-0.4999999999999997,-0.8660254037844388,22.375,848.0
2022-07-18,60.0,26200.0,128.11,172.0,0,0,1,0,0,6.71,5.4,847.6500000000001,24.55,25.0,868.2,16.1,30.6,0.9,989.4,18,7,0,0,-0.4999999999999997,-0.8660254037844388,22.075000000000003,846.95
2022-07-19,66.67,48850.0,128.26,172.0,0,0,1,0,0,6.71,9.9,845.85,23.8,22.7,866.4000000000001,18.0,29.75,5.7,988.15,19,7,1,0,-0.4999999999999997,-0.8660254037844388,21.950000000000003,845.0999999999999
2022-07-20,65.0,46500.0,128.21,172.0,0,0,1,0,0,6.71,20.6,846.1500000000001,22.85,6.9,866.7,43.9,28.7,29.7,988.75,20,7,2,0,-0.4999999999999997,-0.8660254037844388,20.525,845.4000000000001
2022-07-21,66.67,48925.0,128.29,172.0,0,0,1,0,0,6.71,8.3,847.0,22.35,32.2,867.6500000000001,14.3,27.6,22.8,990.3,21,7,3,0,-0.4999999999999997,-0.8660254037844388,20.225,846.475
2022-07-22,66.67,48296.0,128.22,172.0,0,0,1,0,0,6.71,14.3,848.8,22.5,24.8,869.45,9.5,28.5,18.9,991.3,22,7,4,0,-0.4999999999999997,-0.8660254037844388,20.950000000000003,848.2
2022-07-23,76.67,44075.0,128.08,172.0,0,0,1,0,0,6.71,15.9,848.7,23.4,22.7,869.05,11.6,29.6,6.7,990.3,23,7,5,1,-0.4999999999999997,-0.8660254037844388,21.3,848.0
2022-07-24,65.0,28825.0,128.08,172.0,0,0,1,0,0,6.71,20.3,848.95,22.4,19.9,869.4000000000001,17.9,27.3,15.8,992.5,24,7,6,0,-0.4999999999999997,-0.8660254037844388,20.575000000000003,848.15
2022-07-25,65.0,59925.0,128.08,172.0,0,0,1,0,0,6.71,14.2,850.55,22.65,22.6,870.95,3.3,28.25,0.6,994.05,25,7,0,0,-0.4999999999999997,-0.8660254037844388,20.425,849.65
2022-07-26,70.83500000000001,35660.0,127.88,172.0,0,0,1,0,0,6.71,4.6,850.9,22.05,15.6,871.5,14.1,27.2,14.7,994.95,26,7,1,0,-0.4999999999999997,-0.8660254037844388,20.075000000000003,850.1500000000001
2022-07-27,71.67,28725.0,127.96,172.0,0,0,1,0,0,6.71,11.4,850.35,22.9,15.2,870.95,19.5,27.85,20.3,993.6,27,7,2,0,-0.4999999999999997,-0.8660254037844388,20.7,849.625
2022-07-28,71.25,39200.0,128.14,172.0,0,0,1,0,0,6.71,2.3,850.55,22.1,14.3,871.05,29.0,28.1,5.6,994.0,28,7,3,0,-0.4999999999999997,-0.8660254037844388,20.625,849.75
2022-07-29,75.0,65418.0,127.92,172.0,0,0,1,0,0,6.71,3.2,849.5,23.1,18.2,869.95,30.4,27.3,11.5,992.85,29,7,4,0,-0.4999999999999997,-0.8660254037844388,20.275,848.7
2022-07-30,75.0,46600.0,127.11,172.0,0,0,1,0,0,6.71,8.8,847.6,22.5,26.1,868.05,36.5,27.65,19.3,990.45,30,7,5,1,-0.4999999999999997,-0.8660254037844388,20.625,846.725
2022-07-31,75.0,55300.0,127.11,172.0,0,0,1,0,0,6.71,16.5,845.25,21.55,50.6,865.5999999999999,63.2,27.05,32.9,988.8,31,7,6,0,-0.4999999999999997,-0.8660254037844388,20.15,844.475
2022-08-01,75.0,50175.0,127.11,172.0,0,0,1,0,0,8.26,77.9,845.4,22.35,56.5,865.9,40.8,26.75,29.2,989.2,1,8,0,0,-0.8660254037844385,-0.5000000000000004,20.025000000000002,844.675
2022-08-02,42.5,39225.0,126.74,172.0,0,0,1,0,0,8.26,36.2,845.95,21.65,46.2,866.55,31.1,26.8,7.0,989.35,2,8,1,0,-0.8660254037844385,-0.5000000000000004,19.950000000000003,845.25
2022-08-03,42.5,39980.0,126.25,172.0,0,0,1,0,0,8.26,11.9,847.65,22.85,14.4,868.3,6.3,27.8,35.9,990.85,3,8,2,0,-0.8660254037844385,-0.5000000000000004,20.625,847.05
2022-08-04,42.5,59147.0,126.96,172.0,0,0,1,0,0,8.26,4.7,848.5,22.7,22.8,869.0,0.9,28.2,12.5,990.85,4,8,3,0,-0.8660254037844385,-0.5000000000000004,20.799999999999997,847.75
2022-08-05,42.5,29855.0,127.45,172.0,0,0,1,0,0,8.26,2.5,846.7,23.3,13.2,867.2,20.0,29.200000000000003,30.0,988.75,5,8,4,0,-0.8660254037844385,-0.5000000000000004,22.0,846.0
2022-08-06,51.75,56786.0,127.08,172.0,0,0,1,0,0,8.26,28.1,845.45,22.950000000000003,27.6,865.7,13.7,28.55,47.4,987.15,6,8,5,1,-0.8660254037844385,-0.5000000000000004,21.375,844.55
2022-08-07,55.0,36327.0,127.08,172.0,0,0,1,0,0,8.26,1.8,845.7,23.7,19.2,866.1,10.2,29.25,4.0,986.8,7,8,6,0,-0.8660254037844385,-0.5000000000000004,22.375,844.975
2022-08-08,55.0,34240.0,127.08,172.0,0,0,1,0,0,8.26,7.8,845.55,23.9,11.1,865.7,1.0,29.200000000000003,7.2,985.95,8,8,0,0,-0.8660254037844385,-0.5000000000000004,22.225,844.675
2022-08-09,61.25,48540.0,127.76,172.0,0,0,1,0,0,8.26,1.5,845.3,23.75,8.9,865.55,4.7,30.35,0.0,985.85,9,8,1,0,-0.8660254037844385,-0.5000000000000004,22.375,844.525
2022-08-10,62.5,46563.0,127.76,172.0,0,0,1,0,0,8.26,19.8,844.5,24.05,17.6,864.6,9.4,30.200000000000003,0.0,986.35,10,8,2,0,-0.8660254037844385,-0.5000000000000004,22.225,843.575
2022-08-11,61.25,48157.0,127.54,172.0,0,0,1,0,0,8.26,12.2,845.9,23.4,10.9,866.1500000000001,13.6,30.05,0.4,988.4,11,8,3,0,-0.8660254037844385,-0.5000000000000004,21.45,845.075
2022-08-12,70.83500000000001,72885.0,127.72,172.0,0,0,1,0,0,8.26,0.7,846.25,22.55,2.1,866.45,2.0,29.65,0.4,987.5,12,8,4,0,-0.8660254037844385,-0.5000000000000004,21.675,845.325
2022-08-13,67.25,33165.0,127.76,172.0,0,0,1,0,0,8.26,17.4,845.15,24.1,4.5,866.0,19.4,30.3,0.7,987.0,13,8,5,1,-0.8660254037844385,-0.5000000000000004,22.25,844.45
2022-08-14,57.75,41600.0,127.76,172.0,0,0,1,0,0,8.26,4.8,847.05,22.65,10.3,867.5,10.7,29.6,6.1,989.55,14,8,6,0,-0.8660254037844385,-0.5000000000000004,21.1,846.25
2022-08-15,57.0,51675.0,127.76,172.0,0,0,1,0,0,8.26,0.2,849.25,23.25,4.7,869.2,3.7,29.6,0.0,992.0,15,8,0,0,-0.8660254037844385,-0.5000000000000004,21.525,848.525
2022-08-16,55.0,57525.0,127.76,172.0,0,0,1,0,0,8.26,2.8,849.8499999999999,23.0,5.3,870.2,2.8,29.4,0.9,991.95,16,8,1,0,-0.8660254037844385,-0.5000000000000004,21.200000000000003,848.9749999999999
2022-08-17,53.125,36744.0,127.76,172.0,0,0,1,0,0,8.26,0.7,848.25,23.0,1.9,868.55,3.3,29.450000000000003,0.8,990.25,17,8,2,0,-0.8660254037844385,-0.5000000000000004,21.5,847.375
2022-08-18,57.5,49150.0,127.42,172.0,0,0,1,0,0,8.26,13.4,845.9,23.1,7.8,866.45,7.6,30.3,0.0,987.45,18,8,3,0,-0.8660254037844385,-0.5000000000000004,21.325000000000003,845.2
2022-08-19,64.375,64900.0,127.78,172.0,0,0,1,0,0,8.26,15.4,846.35,23.35,11.8,866.85,12.2,28.3,23.1,989.0,19,8,4,0,-0.8660254037844385,-0.5000000000000004,21.375,845.6500000000001
2022-08-20,52.915,24800.0,127.95,172.0,0,0,1,0,0,8.26,0.4,847.8,23.450000000000003,8.7,868.0,11.4,29.35,0.5,989.1,20,8,5,1,-0.8660254037844385,-0.5000000000000004,21.975,846.875
2022-08-21,57.5,37850.0,127.95,172.0,0,0,1,0,0,8.26,8.4,847.05,23.45,2.2,867.35,2.0,30.0,0.0,988.7,21,8,6,0,-0.8660254037844385,-0.5000000000000004,21.35,846.125
2022-08-22,56.335,53270.0,127.95,172.0,0,0,1,0,0,8.26,1.9,846.1500000000001,23.3,2.4,866.05,0.8,29.85,8.3,988.5,22,8,0,0,-0.8660254037844385,-0.5000000000000004,21.1,845.3000000000001
2022-08-23,50.0,33025.0,128.1,172.0,0,0,1,0,0,8.26,2.9,848.7,23.1,16.7,868.65,11.1,29.35,10.7,991.7,23,8,1,0,-0.8660254037844385,-0.5000000000000004,21.799999999999997,847.7
2022-08-24,48.75,37850.0,128.09,172.0,0,0,1,0,0,8.26,2.7,850.65,23.55,9.2,871.0999999999999,4.7,29.05,4.5,992.95,24,8,2,0,-0.8660254037844385,-0.5000000000000004,21.275,849.825
2022-08-25,56.25,48825.0,128.0,172.0,0,0,1,0,0,8.26,2.3,848.95,22.85,1.1,869.3499999999999,6.0,29.1,0.2,991.2,25,8,3,0,-0.8660254037844385,-0.5000000000000004,21.725,847.975
2022-08-26,61.25,50750.0,128.12,172.0,0,0,1,0,0,8.26,5.2,847.75,22.5,10.3,868.0999999999999,14.2,30.15,0.6,989.55,26,8,4,0,-0.8660254037844385,-0.5000000000000004,21.625,846.925
2022-08-27,63.75,40025.0,128.09,172.0,0,0,1,0,0,8.26,8.9,846.95,22.200000000000003,16.0,867.35,34.3,29.25,11.0,989.7,27,8,5,1,-0.8660254037844385,-0.5000000000000004,20.9,846.225
2022-08-28,65.0,43900.0,128.09,172.0,0,0,1,0,0,8.26,19.9,848.0,21.3,23.3,868.5,21.3,27.15,23.2,992.4,28,8,6,0,-0.8660254037844385,-0.5000000000000004,19.700000000000003,847.3
2022-08-29,65.0,65600.0,128.09,172.0,0,0,1,0,0,8.26,0.9,851.45,22.4,6.6,871.5,14.1,27.8,22.9,995.05,29,8,0,0,-0.8660254037844385,-0.5000000000000004,20.9,850.575
2022-08-30,68.33,35325.0,128.25,172.0,0,0,1,0,0,8.26,3.0,851.5,22.7,8.0,872.05,19.6,28.75,9.7,994.75,30,8,1,0,-0.8660254037844385,-0.5000000000000004,21.5,850.675
2022-08-31,62.915,36225.0,127.43,172.0,0,0,1,0,0,8.26,15.3,849.05,22.15,26.7,869.4,14.0,27.55,11.6,992.6,31,8,2,0,-0.8660254037844385,-0.5000000000000004,20.55,848.2249999999999
2022-09-01,62.915,45800.0,127.43,178.0,0,0,1,0,0,8.64,36.4,849.3,22.1,57.0,869.95,44.2,27.1,22.5,993.7,1,9,3,0,-1.0,-1.8369701987210294e-16,19.65,848.4749999999999
2022-09-02,55.83,57325.0,127.6,178.0,0,0,1,0,0,8.64,1.9,850.25,21.8,8.7,870.8,20.2,27.7,3.3,993.8,2,9,4,0,-1.0,-1.8369701987210294e-16,20.475,849.4
2022-09-03,58.33,38850.0,127.98,178.0,0,0,1,0,0,8.64,11.6,847.45,22.8,20.5,867.85,5.6,27.8,13.6,990.95,3,9,5,1,-1.0,-1.8369701987210294e-16,20.85,846.6
2022-09-04,52.5,42300.0,127.98,178.0,0,0,1,0,0,8.64,10.6,847.25,22.6,7.2,867.6500000000001,5.6,27.4,10.9,990.5,4,9,6,0,-1.0,-1.8369701987210294e-16,20.675,846.55
2022-09-05,55.0,48125.0,127.98,178.0,0,0,1,0,0,8.64,2.4,848.6500000000001,22.45,9.9,868.95,8.5,27.95,2.3,991.7,5,9,0,0,-1.0,-1.8369701987210294e-16,20.45,847.7750000000001
2022-09-06,57.5,47925.0,128.06,178.0,0,0,1,0,0,8.64,15.1,849.6,23.55,10.5,870.3499999999999,15.6,27.45,9.2,993.45,6,9,1,0,-1.0,-1.8369701987210294e-16,20.675,848.9000000000001
2022-09-07,58.33,45050.0,128.04,178.0,0,0,1,0,0,8.64,3.8,851.5,22.45,8.9,871.95,10.9,27.9,9.9,995.05,7,9,2,0,-1.0,-1.8369701987210294e-16,20.1,850.675
2022-09-08,55.83,46695.0,128.15,178.0,0,0,1,0,0,8.64,1.1,852.85,22.05,14.7,873.3499999999999,5.7,28.65,19.5,995.95,8,9,3,0,-1.0,-1.8369701987210294e-16,19.85,851.9749999999999
2022-09-09,57.5,47975.0,127.84,178.0,0,0,1,0,0,8.64,2.2,852.75,22.2,23.6,873.15,3.3,28.700000000000003,4.7,995.45,9,9,4,0,-1.0,-1.8369701987210294e-16,20.0,851.75
2022-09-10,55.0,50050.0,127.64,178.0,0,0,1,0,0,8.64,45.9,851.2,21.85,9.0,871.8,1.8,28.65,0.0,993.75,10,9,5,1,-1.0,-1.8369701987210294e-16,20.0,850.475
2022-09-11,55.0,59450.0,127.64,178.0,0,0,1,0,0,8.64,1.3,849.45,22.15,13.9,869.7,1.9,29.0,1.2,991.9,11,9,6,0,-1.0,-1.8369701987210294e-16,20.6,848.5500000000001
2022-09-12,55.0,40125.0,127.64,178.0,0,0,1,0,0,8.64,9.7,847.7,22.0,23.5,868.25,9.5,27.7,1.4,991.3,12,9,0,0,-1.0,-1.8369701987210294e-16,19.775000000000002,846.9
2022-09-13,52.5,37300.0,127.54,178.0,0,0,1,0,0,8.64,12.8,848.85,22.3,6.9,869.3499999999999,3.7,27.25,1.7,992.75,13,9,1,0,-1.0,-1.8369701987210294e-16,20.1,848.05
2022-09-14,52.915,39725.0,126.94,178.0,0,0,1,0,0,8.64,8.9,850.05,21.85,24.9,870.45,2.9,26.85,10.7,994.0,14,9,2,0,-1.0,-1.8369701987210294e-16,19.6,849.2
2022-09-15,49.585,30180.0,127.41,178.0,0,0,1,0,0,8.64,7.6,848.65,21.3,6.7,869.15,4.2,26.9,22.4,992.75,15,9,3,0,-1.0,-1.8369701987210294e-16,19.4,847.925
2022-09-16,52.33,35200.0,127.82,178.0,0,0,1,0,0,8.64,26.5,845.6500000000001,22.0,20.5,866.0,12.6,26.8,29.0,989.25,16,9,4,0,-1.0,-1.8369701987210294e-16,19.9,844.9000000000001
2022-09-17,65.0,37675.0,127.89,178.0,0,0,1,0,0,8.64,14.4,847.05,21.200000000000003,13.3,867.4,11.3,26.7,21.0,991.2,17,9,5,1,-1.0,-1.8369701987210294e-16,19.15,846.2249999999999
2022-09-18,65.0,37675.0,127.89,178.0,0,0,1,0,0,8.64,10.9,848.85,22.3,3.7,869.15,1.9,28.1,13.3,991.9,18,9,6,0,-1.0,-1.8369701987210294e-16,19.95,848.0
2022-09-19,65.0,41675.0,127.89,178.0,0,0,1,0,0,8.64,7.2,849.55,22.4,4.5,869.95,8.7,28.45,7.7,992.75,19,9,0,0,-1.0,-1.8369701987210294e-16,20.625,848.5999999999999
2022-09-20,65.0,51025.0,127.94,178.0,0,0,1,0,0,8.64,9.7,849.3499999999999,22.05,6.0,869.6500000000001,6.3,28.2,6.0,992.1,20,9,1,0,-1.0,-1.8369701987210294e-16,21.1,848.55
2022-09-21,55.415,42175.0,127.91,178.0,0,0,1,0,0,8.64,6.5,849.6,22.9,7.8,870.2,3.1,29.3,0.7,992.25,21,9,2,0,-1.0,-1.8369701987210294e-16,20.700000000000003,848.9000000000001
2022-09-22,56.665,50370.0,128.27,178.0,0,0,1,0,0,8.64,10.2,849.75,22.45,10.8,870.25,1.8,27.700000000000003,11.6,992.7,22,9,3,0,-1.0,-1.8369701987210294e-16,20.125,848.85
2022-09-23,57.5,48775.0,129.68,178.0,0,0,1,0,0,8.64,0.4,849.75,22.25,4.1,870.05,5.6,27.45,5.7,992.65,23,9,4,0,-1.0,-1.8369701987210294e-16,20.3,848.75
2022-09-24,56.3,45650.0,129.89,178.0,0,0,1,0,0,8.64,9.2,849.35,22.0,6.0,869.65,10.6,26.6,15.2,992.6,24,9,5,1,-1.0,-1.8369701987210294e-16,20.1,848.45
2022-09-25,59.165,41978.0,129.89,178.0,1,0,1,0,0,8.64,2.6,850.25,21.3,9.7,870.0999999999999,7.2,27.3,2.1,994.1,25,9,6,0,-1.0,-1.8369701987210294e-16,19.475,849.125
2022-09-26,60.0,70825.0,129.89,178.0,1,0,1,0,0,8.64,5.7,850.75,21.35,8.8,871.15,9.5,26.35,5.1,994.9,26,9,0,0,-1.0,-1.8369701987210294e-16,19.125,849.8
2022-09-27,60.0,51025.0,130.9,178.0,1,0,1,0,0,8.64,1.3,849.55,20.85,7.7,869.75,6.6,26.85,5.8,993.2,27,9,1,0,-1.0,-1.8369701987210294e-16,18.875,848.5
2022-09-28,60.0,67850.0,130.84,178.0,1,0,1,0,0,8.64,3.0,849.15,20.4,3.6,869.3499999999999,0.5,27.1,1.1,992.3,28,9,2,0,-1.0,-1.8369701987210294e-16,18.9,848.2
2022-09-29,56.665,50028.0,131.41,178.0,1,0,1,0,0,8.64,1.9,848.9000000000001,20.5,2.8,869.1500000000001,1.0,27.65,4.6,992.5,29,9,3,0,-1.0,-1.8369701987210294e-16,19.0,847.975
2022-09-30,60.0,41050.0,131.28,178.0,1,0,1,0,0,8.64,14.0,849.8499999999999,22.1,15.4,870.4000000000001,1.7,27.7,8.2,993.4,30,9,4,0,-1.0,-1.8369701987210294e-16,19.375,849.05
2022-10-01,49.165,41125.0,130.45,178.0,1,1,0,0,0,8.5,4.1,848.75,21.25,10.6,869.1,5.8,27.9,1.8,991.85,1,10,5,1,-0.8660254037844386,0.5000000000000001,18.9,848.075
2022-10-02,57.0,40825.0,130.45,178.0,1,1,0,0,0,8.5,0.0,848.7,21.9,2.6,869.05,0.5,28.35,0.0,991.45,2,10,6,0,-0.8660254037844386,0.5000000000000001,20.174999999999997,847.8000000000001
2022-10-03,60.0,50625.0,130.45,178.0,1,1,0,0,0,8.5,5.9,849.35,22.65,2.8,870.35,1.9,28.75,0.2,994.0,3,10,0,0,-0.8660254037844386,0.5000000000000001,20.325,848.575
2022-10-04,62.5,37150.0,131.3,178.0,1,1,0,0,0,8.5,13.4,852.1,20.35,19.7,872.15,15.4,25.15,16.4,996.85,4,10,1,0,-0.8660254037844386,0.5000000000000001,18.125,850.925
2022-10-05,61.665,10525.0,130.74,178.0,1,1,0,0,0,8.5,33.8,852.5999999999999,20.25,27.9,873.3,25.1,26.5,11.5,997.6,5,10,2,0,-0.8660254037844386,0.5000000000000001,18.099999999999998,851.875
2022-10-06,48.75,150.0,130.74,178.0,1,1,0,0,0,8.5,42.3,852.25,19.25,31.3,872.75,23.7,26.4,19.4,997.2,6,10,3,0,-0.8660254037844386,0.5000000000000001,17.725,851.4
2022-10-07,51.25,9750.0,131.32,178.0,1,1,0,0,0,8.5,2.6,852.8,20.5,15.7,873.2,8.6,27.3,0.3,996.8,7,10,4,0,-0.8660254037844386,0.5000000000000001,18.725,851.85
2022-10-08,56.25,50715.0,132.02,178.0,1,1,0,0,0,8.5,0.4,852.7,20.950000000000003,1.7,873.05,2.5,26.55,0.7,996.6,8,10,5,1,-0.8660254037844386,0.5000000000000001,18.725,851.625
2022-10-09,52.915,48475.0,132.02,178.0,1,1,0,0,0,8.5,8.6,853.05,20.15,11.6,873.65,1.7,26.950000000000003,6.4,997.95,9,10,6,0,-0.8660254037844386,0.5000000000000001,18.5,852.1999999999999
2022-10-10,51.335,45450.0,132.02,178.0,1,1,0,0,0,8.5,0.1,853.9,20.0,3.2,874.45,4.2,26.6,6.9,998.55,10,10,0,0,-0.8660254037844386,0.5000000000000001,18.3,852.8
2022-10-11,53.75,38550.0,132.02,178.0,1,1,0,0,0,8.5,0.0,851.9,20.1,0.3,872.45,1.6,26.200000000000003,0.0,996.4,11,10,1,0,-0.8660254037844386,0.5000000000000001,17.875,850.7750000000001
2022-10-12,53.335,36200.0,132.01,178.0,1,1,0,0,0,8.5,7.7,852.0,19.65,0.5,872.0999999999999,2.8,25.6,4.2,997.05,12,10,2,0,-0.8660254037844386,0.5000000000000001,17.775,850.9
2022-10-13,75.83500000000001,33360.0,132.01,178.0,1,1,0,0,0,8.5,3.4,853.0,19.0,0.2,873.0999999999999,0.8,25.6,3.0,997.9,13,10,3,0,-0.8660254037844386,0.5000000000000001,17.375,851.85
2022-10-14,85.83500000000001,62975.0,132.06,178.0,1,1,0,0,0,8.5,0.1,852.3,18.05,2.6,872.45,0.4,25.1,0.2,998.25,14,10,4,0,-0.8660254037844386,0.5000000000000001,16.6,851.05
2022-10-15,75.0,37600.0,132.07,178.0,1,1,0,0,0,8.5,0.0,851.45,17.9,1.9,871.6500000000001,0.1,25.05,0.0,998.05,15,10,5,1,-0.8660254037844386,0.5000000000000001,16.525,850.5
2022-10-16,82.5,49175.0,132.07,178.0,0,1,0,0,0,8.5,0.0,853.3,18.1,0.1,873.7,0.0,24.35,0.0,1000.55,16,10,6,0,-0.8660254037844386,0.5000000000000001,16.2,852.15
2022-10-17,80.0,36505.0,132.07,178.0,0,1,0,0,0,8.5,0.0,854.6,18.5,0.0,874.45,0.0,23.5,0.0,1000.4,17,10,0,0,-0.8660254037844386,0.5000000000000001,17.025,853.1500000000001
2022-10-18,85.0,53940.0,132.07,178.0,0,1,0,0,0,8.5,0.0,853.4000000000001,17.4,0.1,872.75,0.0,22.4,0.0,999.4,18,10,1,0,-0.8660254037844386,0.5000000000000001,16.125,851.875
2022-10-19,85.0,39125.0,132.08,178.0,0,1,0,0,0,8.5,1.5,853.0,16.35,0.6,872.7,0.1,23.6,1.5,999.85,19,10,2,0,-0.8660254037844386,0.5000000000000001,14.675,851.4
2022-10-20,75.83500000000001,48525.0,133.14,178.0,0,1,0,0,0,8.5,0.0,853.4,16.25,0.7,874.0,1.5,23.9,0.0,1001.45,20,10,3,0,-0.8660254037844386,0.5000000000000001,14.375,852.25
2022-10-21,74.16499999999999,53525.0,132.72,178.0,0,1,0,0,0,8.5,0.0,855.8,16.9,0.0,875.65,0.0,23.9,0.0,1002.7,21,10,4,0,-0.8660254037844386,0.5000000000000001,15.725,854.25
2022-10-22,70.83500000000001,70375.0,132.59,178.0,0,1,0,0,0,8.5,0.0,856.25,17.4,0.8,876.5999999999999,0.0,23.8,0.0,1003.05,22,10,5,1,-0.8660254037844386,0.5000000000000001,15.475,855.0
2022-10-23,75.83500000000001,53375.0,132.59,178.0,0,1,0,0,0,8.5,0.0,854.95,17.65,0.4,875.75,0.0,24.1,0.0,999.85,23,10,6,0,-0.8660254037844386,0.5000000000000001,15.5,854.075
2022-10-24,75.0,75550.0,132.59,178.0,0,1,0,0,0,8.5,0.0,850.95,19.05,0.0,870.8,0.0,25.25,0.0,995.9,24,10,0,0,-0.8660254037844386,0.5000000000000001,16.525,849.375
2022-10-25,75.83500000000001,46050.0,132.59,178.0,0,1,0,0,0,8.5,0.0,848.4,16.950000000000003,0.0,868.65,0.4,24.0,0.0,996.4,25,10,1,0,-0.8660254037844386,0.5000000000000001,15.45,846.875
2022-10-26,75.83500000000001,49675.0,132.67,178.0,0,1,0,0,0,8.5,3.1,852.5,15.85,0.1,872.3499999999999,0.6,23.85,0.0,1000.85,26,10,2,0,-0.8660254037844386,0.5000000000000001,14.95,851.075
2022-10-27,80.83500000000001,30800.0,132.67,178.0,0,1,0,0,0,8.5,0.4,852.55,16.05,2.6,873.0,2.4,22.85,0.0,1001.25,27,10,3,0,-0.8660254037844386,0.5000000000000001,14.45,851.6
2022-10-28,80.0,8575.0,132.29,178.0,0,1,0,0,0,8.5,0.0,853.3,15.8,1.3,873.1,0.4,22.950000000000003,0.0,1000.9,28,10,4,0,-0.8660254037844386,0.5000000000000001,14.55,851.775
2022-10-29,85.0,32400.0,132.26,178.0,0,1,0,0,0,8.5,0.0,853.3499999999999,16.4,0.6,873.35,0.4,22.9,0.0,1001.2,29,10,5,1,-0.8660254037844386,0.5000000000000001,15.125,852.0
2022-10-30,80.83500000000001,93375.0,132.26,178.0,0,1,0,0,0,8.5,0.0,853.3499999999999,17.3,0.0,874.15,0.3,22.95,0.0,1001.05,30,10,6,0,-0.8660254037844386,0.5000000000000001,15.025,852.3
2022-10-31,95.835,93850.0,132.26,178.0,0,1,0,0,0,8.5,0.0,853.95,17.15,0.0,873.9,0.0,22.8,0.0,1001.1,31,10,0,0,-0.8660254037844386,0.5000000000000001,15.924999999999999,852.625
2022-11-01,90.835,51400.0,132.76,178.0,1,1,0,0,0,8.08,0.0,855.0999999999999,16.7,0.0,874.9000000000001,0.0,22.85,0.0,1002.1,1,11,1,0,-0.5000000000000004,0.8660254037844384,15.375,853.55
2022-11-02,90.835,86350.0,132.62,178.0,1,1,0,0,0,8.08,0.0,852.75,16.35,0.0,872.95,0.4,22.4,0.0,999.5,2,11,2,0,-0.5000000000000004,0.8660254037844384,14.525,851.35
2022-11-03,75.83500000000001,72750.0,132.76,178.0,1,1,0,0,0,8.08,0.0,852.25,16.25,0.0,871.85,0.0,22.75,0.0,999.7,3,11,3,0,-0.5000000000000004,0.8660254037844384,14.975,850.65
2022-11-04,76.67,40900.0,132.92,178.0,1,1,0,0,0,8.08,0.0,853.25,17.15,0.3,874.1,0.1,23.65,0.0,1001.4,4,11,4,0,-0.5000000000000004,0.8660254037844384,14.35,852.25
2022-11-05,81.67,65900.0,132.21,178.0,1,1,0,0,0,8.08,0.0,855.45,17.55,0.1,875.6500000000001,0.0,23.15,0.0,1003.35,5,11,5,1,-0.5000000000000004,0.8660254037844384,15.600000000000001,854.25
2022-11-06,75.0,102325.0,132.21,178.0,1,1,0,0,0,8.08,0.0,855.85,16.7,1.6,876.4000000000001,1.5,23.25,0.0,1003.2,6,11,6,0,-0.5000000000000004,0.8660254037844384,15.075,854.6
2022-11-07,80.0,71600.0,132.21,178.0,1,1,0,0,0,8.08,0.0,854.7,15.75,0.0,875.25,0.8,22.65,0.0,1002.9,7,11,0,0,-0.5000000000000004,0.8660254037844384,14.125,853.425
2022-11-08,81.67,90300.0,131.38,178.0,1,1,0,0,0,8.08,0.0,855.6,15.8,0.0,874.95,0.0,22.4,0.0,1002.95,8,11,1,0,-0.5000000000000004,0.8660254037844384,14.6,853.8
2022-11-09,75.83500000000001,93250.0,131.38,178.0,1,1,0,0,0,8.08,4.2,854.85,15.5,1.1,874.8,1.7,22.5,0.0,1002.9,9,11,2,0,-0.5000000000000004,0.8660254037844384,14.025,853.2750000000001
2022-11-10,68.33500000000001,93250.0,130.6,178.0,1,1,0,0,0,8.08,0.8,854.5999999999999,15.45,0.2,874.95,1.7,22.2,0.0,1003.0,10,11,3,0,-0.5000000000000004,0.8660254037844384,13.775,853.1999999999999
2022-11-11,63.335,101325.0,131.2,178.0,1,1,0,0,0,8.08,4.1,853.55,14.65,0.0,873.75,0.2,22.1,1.8,1002.2,11,11,4,0,-0.5000000000000004,0.8660254037844384,13.3,852.25
2022-11-12,60.0,89625.0,129.58,178.0,1,1,0,0,0,8.08,0.0,852.7,14.2,0.4,873.05,0.0,21.55,0.0,1001.9,12,11,5,1,-0.5000000000000004,0.8660254037844384,13.05,851.3
2022-11-13,60.835,73750.0,129.58,178.0,1,1,0,0,0,8.08,0.0,851.3,13.7,0.0,871.55,0.0,20.0,0.0,1002.1,13,11,6,0,-0.5000000000000004,0.8660254037844384,12.225000000000001,850.125
2022-11-14,60.0,117575.0,129.58,178.0,1,1,0,0,0,8.08,0.0,853.05,12.9,0.0,872.95,0.0,19.95,0.0,1002.95,14,11,0,0,-0.5000000000000004,0.8660254037844384,12.100000000000001,851.825
2022-11-15,60.0,76025.0,130.32,178.0,1,1,0,0,0,8.08,0.0,853.55,14.45,0.0,873.15,0.1,19.75,0.0,1001.7,15,11,1,0,-0.5000000000000004,0.8660254037844384,13.725000000000001,851.775
2022-11-16,60.0,87450.0,130.06,178.0,0,1,0,0,0,8.08,0.0,851.85,14.1,0.8,871.35,0.7,20.4,0.0,1000.25,16,11,2,0,-0.5000000000000004,0.8660254037844384,13.425,850.1500000000001
2022-11-17,60.0,79975.0,130.38,178.0,0,1,0,0,0,8.08,0.2,850.15,13.05,1.2,870.4,0.2,19.65,0.0,1000.05,17,11,3,0,-0.5000000000000004,0.8660254037844384,12.35,848.7249999999999
2022-11-18,60.0,90300.0,130.95,178.0,0,1,0,0,0,8.08,0.0,851.85,14.0,0.0,872.05,0.0,19.4,0.0,1002.55,18,11,4,0,-0.5000000000000004,0.8660254037844384,12.05,850.8
2022-11-19,60.835,69625.0,131.0,178.0,0,1,0,0,0,8.08,0.0,854.2,15.2,0.0,874.0999999999999,0.0,19.7,0.0,1002.25,19,11,5,1,-0.5000000000000004,0.8660254037844384,13.925,852.5
2022-11-20,60.0,38650.0,131.0,178.0,0,1,0,0,0,8.08,0.0,852.75,15.35,0.0,872.45,0.0,20.1,0.0,1000.75,20,11,6,0,-0.5000000000000004,0.8660254037844384,14.475,851.225
2022-11-22,60.0,71850.0,131.25,178.0,0,1,0,0,0,8.08,0.0,851.45,14.55,0.0,870.5,0.0,18.95,0.0,1000.5,22,11,1,0,-0.5000000000000004,0.8660254037844384,14.225,849.5
2022-11-23,60.0,101775.0,130.97,178.0,0,1,0,0,0,8.08,0.0,851.4000000000001,14.85,0.0,870.8,0.0,19.8,0.0,1000.75,23,11,2,0,-0.5000000000000004,0.8660254037844384,13.775,849.625
2022-11-24,60.0,112675.0,131.26,178.0,0,1,0,0,0,8.08,0.0,850.0999999999999,12.7,0.0,870.0,0.0,19.15,0.0,1000.85,24,11,3,0,-0.5000000000000004,0.8660254037844384,11.75,848.925
2022-11-25,60.0,75575.0,130.92,178.0,0,1,0,0,0,8.08,0.0,854.0,15.2,0.0,873.8,0.0,19.9,0.0,1001.65,25,11,4,0,-0.5000000000000004,0.8660254037844384,14.375,852.4
2022-11-26,60.0,96875.0,131.0,178.0,0,1,0,0,0,8.08,0.0,852.15,16.0,0.0,871.85,0.0,19.55,0.0,999.95,26,11,5,1,-0.5000000000000004,0.8660254037844384,14.725,850.5999999999999
2022-11-27,50.0,76050.0,131.0,178.0,0,1,0,0,0,8.08,0.0,850.2,14.65,0.0,869.65,0.0,20.0,0.0,998.1,27,11,6,0,-0.5000000000000004,0.8660254037844384,14.024999999999999,848.5
2022-11-28,55.0,78050.0,131.0,178.0,0,1,0,0,0,8.08,0.0,850.25,13.2,0.0,869.75,0.0,20.35,0.0,999.85,28,11,0,0,-0.5000000000000004,0.8660254037844384,12.35,848.925
2022-11-29,45.0,57105.0,130.98,178.0,0,1,0,0,0,8.08,0.0,851.6,13.4,0.0,871.55,0.0,20.6,0.0,1001.5,29,11,1,0,-0.5000000000000004,0.8660254037844384,12.55,850.425
2022-11-30,45.0,66850.0,131.06,178.0,0,1,0,0,0,8.08,0.0,853.3,13.35,0.0,872.9,0.0,20.05,0.0,1002.5,30,11,2,0,-0.5000000000000004,0.8660254037844384,12.399999999999999,851.8499999999999
2022-12-01,45.5,101975.0,130.58,178.0,0,0,0,0,1,7.38,0.0,852.9,14.35,0.0,872.15,0.0,18.75,0.0,1001.7,1,12,3,0,-2.4492935982947064e-16,1.0,13.05,851.125
2022-12-02,55.0,115375.0,130.25,178.0,0,0,0,0,1,7.38,0.0,852.25,14.4,0.0,871.5999999999999,0.0,18.6,0.0,1001.45,2,12,4,0,-2.4492935982947064e-16,1.0,13.125,850.325
2022-12-03,50.835,71555.0,130.42,178.0,0,0,0,0,1,7.38,0.0,852.8,14.25,0.0,871.95,0.0,18.65,0.0,1001.35,3,12,5,1,-2.4492935982947064e-16,1.0,13.325,850.75
2022-12-04,65.0,70925.0,130.42,178.0,0,0,0,0,1,7.38,0.0,852.5,14.1,0.0,872.2,0.0,19.2,0.0,1001.65,4,12,6,0,-2.4492935982947064e-16,1.0,12.925,850.7
2022-12-05,65.0,79325.0,130.42,178.0,0,0,0,0,1,7.38,0.0,854.6,13.3,0.0,873.35,0.0,18.55,0.0,1003.25,5,12,0,0,-2.4492935982947064e-16,1.0,12.475000000000001,852.45
2022-12-06,50.0,101025.0,131.17,178.0,0,0,0,0,1,7.38,0.0,852.3499999999999,13.55,0.0,871.25,0.0,17.35,0.0,1001.3,6,12,1,0,-2.4492935982947064e-16,1.0,12.5,850.275
2022-12-07,55.835,94150.0,132.49,178.0,0,0,0,0,1,7.38,0.0,851.25,13.4,0.0,870.3,0.0,16.95,0.0,1000.85,7,12,2,0,-2.4492935982947064e-16,1.0,12.625,849.25
2022-12-08,45.835,89425.0,132.26,178.0,0,0,0,0,1,7.38,0.0,852.55,13.1,0.0,871.65,0.0,17.450000000000003,0.0,1001.95,8,12,3,0,-2.4492935982947064e-16,1.0,12.15,850.425
2022-12-09,45.0,64575.0,132.18,178.0,0,0,0,0,1,7.38,0.0,851.6500000000001,13.1,0.0,871.8,0.0,17.8,0.0,1001.2,9,12,4,0,-2.4492935982947064e-16,1.0,11.775,850.125
2022-12-10,55.835,64800.0,131.94,178.0,0,0,0,0,1,7.38,0.0,852.7,13.45,0.0,871.4000000000001,0.0,18.1,0.0,1001.3,10,12,5,1,-2.4492935982947064e-16,1.0,12.575,850.625
2022-12-11,55.0,108550.0,131.94,178.0,0,0,0,0,1,7.38,0.0,851.95,14.3,0.0,871.3499999999999,0.0,17.25,0.0,1001.6,11,12,6,0,-2.4492935982947064e-16,1.0,13.3,850.0500000000001
2022-12-12,55.0,124620.0,131.94,178.0,0,0,0,0,1,7.38,0.0,851.3,13.65,0.0,870.5,0.0,17.9,0.0,1000.65,12,12,0,0,-2.4492935982947064e-16,1.0,13.55,849.3
2022-12-13,45.835,99675.0,132.36,178.0,0,0,0,0,1,7.38,0.0,851.25,13.0,0.0,870.5999999999999,0.0,18.6,0.0,1001.05,13,12,1,0,-2.4492935982947064e-16,1.0,12.175,849.575
2022-12-14,50.835,72050.0,132.8,178.0,0,0,0,0,1,7.38,0.0,851.5,12.3,0.0,870.55,0.0,18.25,0.0,1001.55,14,12,2,0,-2.4492935982947064e-16,1.0,11.3,849.425
2022-12-15,55.0,46725.0,132.24,178.0,0,0,0,0,1,7.38,0.0,850.2,12.15,0.0,870.1500000000001,0.0,17.95,0.0,1000.05,15,12,3,0,-2.4492935982947064e-16,1.0,10.95,848.5
2022-12-16,55.0,109675.0,132.72,175.0,0,0,0,0,1,7.38,0.0,848.9000000000001,13.85,0.0,869.8,0.1,17.2,0.0,1000.85,16,12,4,0,-2.4492935982947064e-16,1.0,11.024999999999999,848.0
2022-12-17,55.835,84175.0,132.9,175.0,0,0,0,0,1,7.38,0.0,851.0,11.9,0.2,870.6500000000001,0.2,17.5,0.0,1002.3,17,12,5,1,-2.4492935982947064e-16,1.0,10.850000000000001,849.575
2022-12-18,45.0,111550.0,132.9,175.0,0,0,0,0,1,7.38,0.0,852.45,14.25,0.0,873.3,0.0,18.35,0.0,1002.05,18,12,6,0,-2.4492935982947064e-16,1.0,11.625,851.15
2022-12-19,45.0,81300.0,132.9,175.0,0,0,0,0,1,7.38,0.0,851.15,13.5,0.0,871.6,0.0,18.9,0.0,1000.65,19,12,0,0,-2.4492935982947064e-16,1.0,11.600000000000001,849.575
2022-12-20,35.835,85225.0,132.64,175.0,0,0,0,0,1,7.38,0.0,849.15,13.05,0.0,869.85,0.0,17.9,0.0,1000.35,20,12,1,0,-2.4492935982947064e-16,1.0,10.65,847.775
2022-12-21,36.67,106450.0,132.72,175.0,0,0,0,0,1,7.38,0.0,850.6,11.75,0.0,870.25,0.0,17.75,0.0,1001.1,21,12,2,0,-2.4492935982947064e-16,1.0,10.7,848.95
2022-12-22,35.0,85275.0,132.8,175.0,0,0,0,0,1,7.38,0.0,850.4,12.55,0.0,869.2,0.0,16.6,0.0,1000.3,22,12,3,0,-2.4492935982947064e-16,1.0,12.175,848.3
2022-12-23,35.0,89170.0,132.73,175.0,0,0,0,0,1,7.38,0.0,850.35,11.85,0.0,869.6500000000001,0.0,15.7,0.0,1001.2,23,12,4,0,-2.4492935982947064e-16,1.0,10.45,848.25
2022-12-24,34.5,88525.0,132.88,175.0,0,0,0,0,1,7.38,0.0,851.0,11.6,0.0,870.25,0.0,14.65,0.0,1001.65,24,12,5,1,-2.4492935982947064e-16,1.0,9.975,849.0
2022-12-25,35.0,69225.0,132.88,175.0,0,0,0,0,1,7.38,0.0,849.8,12.85,0.0,870.75,0.0,15.8,0.0,1001.65,25,12,6,0,-2.4492935982947064e-16,1.0,9.525,848.4
2022-12-26,35.0,95425.0,132.88,175.0,0,0,0,0,1,7.38,0.0,851.95,11.2,0.0,872.15,0.0,16.700000000000003,0.0,1004.05,26,12,0,0,-2.4492935982947064e-16,1.0,9.575,850.375
2022-12-27,41.67,70880.0,132.55,175.0,0,0,0,0,1,7.38,0.0,849.7,11.45,0.0,870.25,0.0,14.85,0.0,1002.15,27,12,1,0,-2.4492935982947064e-16,1.0,8.875,848.1500000000001
2022-12-28,42.5,108925.0,132.86,175.0,0,0,0,0,1,7.38,0.0,850.1500000000001,10.3,0.0,869.15,0.0,13.35,0.0,1004.4,28,12,2,0,-2.4492935982947064e-16,1.0,8.45,847.95
2022-12-29,45.835,90900.0,132.88,175.0,0,0,0,0,1,7.38,0.0,852.1,9.25,0.0,871.75,0.2,14.1,0.0,1006.35,29,12,3,0,-2.4492935982947064e-16,1.0,7.65,850.475
2022-12-30,40.835,65600.0,132.78,175.0,0,0,0,0,1,7.38,0.0,853.75,10.0,0.0,874.15,0.0,14.85,0.0,1006.95,30,12,4,0,-2.4492935982947064e-16,1.0,7.550000000000001,852.3
2022-12-31,45.0,82250.0,132.66,175.0,0,0,0,0,1,7.38,0.0,852.5,9.9,0.0,872.45,0.0,14.35,0.0,1005.7,31,12,5,1,-2.4492935982947064e-16,1.0,8.375,850.925
2023-01-01,45.0,71350.0,132.66,175.0,0,0,0,0,1,7.26,0.0,854.25,10.75,0.2,874.5,0.0,15.1,0.0,1007.4,1,1,6,0,0.4999999999999999,0.8660254037844387,8.4,852.5
2023-01-02,41.67,71250.0,132.66,175.0,0,0,0,0,1,7.26,0.0,855.2,10.05,0.0,874.4,0.0,14.95,0.0,1007.85,2,1,0,0,0.4999999999999999,0.8660254037844387,9.425,853.0
2023-01-03,45.0,90300.0,132.69,175.0,0,0,0,0,1,7.26,0.0,854.8499999999999,8.9,0.0,873.85,0.0,14.4,0.0,1007.75,3,1,1,0,0.4999999999999999,0.8660254037844387,8.6,852.9499999999999
2023-01-04,50.835,99175.0,132.92,175.0,0,0,0,0,1,7.26,0.0,854.3,8.85,0.7,873.15,0.0,13.65,0.0,1008.1,4,1,2,0,0.4999999999999999,0.8660254037844387,8.4,852.5
2023-01-05,46.67,95325.0,132.79,175.0,0,0,0,0,1,7.26,0.0,855.9,10.05,0.0,875.0,0.0,12.55,0.0,1009.35,5,1,3,0,0.4999999999999999,0.8660254037844387,8.95,853.65
2023-01-06,36.67,144150.0,132.4,175.0,0,0,0,0,1,7.26,0.0,856.8,11.6,0.0,876.2,0.0,13.45,0.0,1008.25,6,1,4,0,0.4999999999999999,0.8660254037844387,10.75,854.925
2023-01-07,45.0,105075.0,132.66,175.0,0,0,0,0,1,7.26,0.0,855.1500000000001,12.9,0.0,875.5999999999999,0.0,12.75,0.0,1006.9,7,1,5,1,0.4999999999999999,0.8660254037844387,10.825,853.7
2023-01-08,45.0,117050.0,132.66,172.0,0,0,0,0,1,7.26,0.0,852.25,12.9,0.0,873.55,0.0,12.4,0.0,1006.05,8,1,6,0,0.4999999999999999,0.8660254037844387,10.45,851.7
2023-01-09,45.0,151975.0,132.66,172.0,0,0,0,0,1,7.26,0.0,853.4000000000001,12.7,0.0,874.9000000000001,0.0,11.7,0.0,1007.15,9,1,0,0,0.4999999999999999,0.8660254037844387,10.725,852.8000000000001
2023-01-10,45.835,131200.0,132.08,172.0,0,0,0,0,1,7.26,0.0,853.75,12.65,0.0,873.1,0.0,12.2,0.0,1004.95,10,1,1,0,0.4999999999999999,0.8660254037844387,11.774999999999999,851.65
2023-01-11,46.67,124925.0,131.16,172.0,0,0,0,0,1,7.26,0.0,850.75,11.9,0.0,870.3,0.0,12.1,0.0,1003.55,11,1,2,0,0.4999999999999999,0.8660254037844387,10.7,849.0
2023-01-12,46.67,120375.0,130.83,172.0,0,0,0,0,1,7.26,0.0,850.05,11.5,0.0,868.85,0.0,12.75,0.0,1000.75,12,1,3,0,0.4999999999999999,0.8660254037844387,10.425,847.9749999999999
2023-01-13,46.67,139050.0,130.79,172.0,0,0,0,0,1,7.26,0.0,850.15,11.85,0.0,869.5,0.0,12.15,0.0,1001.6,13,1,4,0,0.4999999999999999,0.8660254037844387,10.075,848.0999999999999
2023-01-14,45.0,139575.0,130.43,172.0,0,0,0,0,1,7.26,0.0,849.15,11.4,0.0,869.55,0.0,14.25,0.0,1000.75,14,1,5,1,0.4999999999999999,0.8660254037844387,9.375,847.625
2023-01-15,45.0,139575.0,130.43,172.0,0,0,0,0,1,7.26,0.0,848.5999999999999,11.25,0.0,867.6500000000001,0.0,14.35,0.0,1000.95,15,1,6,0,0.4999999999999999,0.8660254037844387,9.7,846.4
2023-01-16,45.0,75400.0,130.43,172.0,0,0,0,0,1,7.26,0.0,849.8,9.25,0.0,868.6,0.0,13.1,0.0,1003.3,16,1,0,0,0.4999999999999999,0.8660254037844387,7.85,847.3
2023-01-17,45.835,75175.0,130.89,172.0,0,0,0,0,1,7.26,0.0,849.35,8.299999999999999,0.0,868.8,0.0,12.65,0.0,1003.85,17,1,1,0,0.4999999999999999,0.8660254037844387,7.45,847.325
2023-01-18,45.835,112025.0,131.12,172.0,0,0,0,0,1,7.26,0.0,851.3499999999999,8.35,0.0,870.55,0.0,13.15,0.0,1005.75,18,1,2,0,0.4999999999999999,0.8660254037844387,7.35,849.15
2023-01-19,56.67,128350.0,130.29,172.0,0,0,0,0,1,7.26,0.0,853.5999999999999,8.7,0.0,872.25,0.0,12.35,0.0,1006.75,19,1,3,0,0.4999999999999999,0.8660254037844387,7.949999999999999,851.0749999999999
2023-01-20,56.67,140650.0,130.48,172.0,0,0,0,0,1,7.26,0.0,851.4000000000001,11.35,0.0,871.45,0.0,13.35,0.0,1005.55,20,1,4,0,0.4999999999999999,0.8660254037844387,9.55,849.7750000000001
2023-01-21,55.835,158700.0,130.1,172.0,0,0,0,0,1,7.26,0.0,851.9000000000001,12.8,0.0,871.8,0.0,15.7,0.0,1002.75,21,1,5,1,0.4999999999999999,0.8660254037844387,11.075,850.1500000000001
2023-01-22,55.835,158700.0,130.1,172.0,0,0,0,0,1,7.26,0.0,852.3,12.3,0.0,871.4,0.0,14.7,0.0,1003.05,22,1,6,0,0.4999999999999999,0.8660254037844387,11.899999999999999,850.175
2023-01-23,55.835,176150.0,130.1,172.0,0,0,0,0,1,7.26,0.0,852.3499999999999,14.0,0.0,871.75,0.0,16.15,0.0,1001.9,23,1,0,0,0.4999999999999999,0.8660254037844387,12.425,850.4499999999999
2023-01-24,56.67,166000.0,130.53,172.0,0,0,0,0,1,7.26,0.0,853.6500000000001,13.15,0.0,872.65,0.0,16.8,0.0,1003.65,24,1,1,0,0.4999999999999999,0.8660254037844387,13.225,851.5
2023-01-25,56.67,160890.0,131.06,172.0,0,0,0,0,1,7.26,0.0,853.5999999999999,14.25,0.0,872.9,0.0,17.7,0.0,1002.5,25,1,2,0,0.4999999999999999,0.8660254037844387,13.9,851.6999999999999
2023-01-26,55.0,177775.0,130.85,172.0,0,0,0,0,1,7.26,0.0,853.05,14.9,0.0,872.55,0.0,16.75,0.0,1001.7,26,1,3,0,0.4999999999999999,0.8660254037844387,13.925,851.15
2023-01-27,55.835,79475.0,130.85,172.0,0,0,0,0,1,7.26,0.0,852.8,15.55,0.0,872.0999999999999,0.0,18.3,0.0,1001.5,27,1,4,0,0.4999999999999999,0.8660254037844387,14.975000000000001,850.95
2023-01-28,56.0,142725.0,130.74,172.0,0,0,0,0,1,7.26,0.0,851.45,14.55,0.0,870.6500000000001,0.0,15.65,0.0,1002.0,28,1,5,1,0.4999999999999999,0.8660254037844387,13.3,849.475
2023-01-29,55.0,156875.0,130.74,172.0,0,0,0,0,1,7.26,0.0,852.3,13.95,0.0,871.5999999999999,0.0,15.95,0.0,1002.7,29,1,6,0,0.4999999999999999,0.8660254037844387,12.475,850.275
2023-01-30,45.5,175850.0,130.74,172.0,0,0,0,0,1,7.26,0.0,855.6,14.55,0.0,874.5,0.0,18.35,0.0,1003.55,30,1,0,0,0.4999999999999999,0.8660254037844387,14.525,853.85
2023-01-31,45.835,135125.0,130.7,172.0,0,0,0,0,1,7.26,0.0,852.8,15.75,0.0,872.4,0.0,18.15,0.0,1000.6,31,1,1,0,0.4999999999999999,0.8660254037844387,14.950000000000001,850.8499999999999
2023-02-01,45.835,130750.0,131.38,172.0,0,0,0,0,1,7.88,0.0,851.3,14.75,0.0,870.9,0.0,17.8,0.0,1001.5,1,2,2,0,0.8660254037844386,0.5000000000000001,13.225,849.55
2023-02-02,45.835,139900.0,131.38,172.0,0,0,0,0,1,7.88,0.0,850.95,14.1,0.0,870.4,0.0,15.6,0.0,1003.0,2,2,3,0,0.8660254037844386,0.5000000000000001,13.025,849.575
2023-02-03,46.67,111650.0,131.78,172.0,0,0,0,0,1,7.88,0.0,852.5,12.9,0.0,871.5,0.0,16.5,0.0,1001.65,3,2,4,0,0.8660254037844386,0.5000000000000001,12.45,850.55
2023-02-04,45.5,112075.0,131.23,172.0,0,0,0,0,1,7.88,0.0,849.75,14.15,0.0,869.4,0.0,16.35,0.0,999.85,4,2,5,1,0.8660254037844386,0.5000000000000001,12.475000000000001,847.975
2023-02-05,45.0,115325.0,131.23,172.0,0,0,0,0,1,7.88,0.0,847.8,13.2,0.2,868.5,0.0,16.8,0.0,999.55,5,2,6,0,0.8660254037844386,0.5000000000000001,10.7,846.3499999999999
2023-02-06,46.67,83725.0,131.23,175.0,0,0,0,0,1,7.88,0.2,849.6500000000001,12.7,1.0,869.0,0.1,16.75,0.0,999.65,6,2,0,0,0.8660254037844386,0.5000000000000001,11.8,847.95
2023-02-07,46.67,104525.0,132.67,175.0,0,0,0,0,1,7.88,0.0,846.5,12.5,0.1,866.25,0.1,17.85,0.0,997.7,7,2,1,0,0.8660254037844386,0.5000000000000001,11.0,845.125
2023-02-08,45.0,96500.0,132.63,175.0,0,0,0,0,1,7.88,0.0,848.25,12.45,0.0,868.1,0.0,17.55,0.0,999.5,8,2,2,0,0.8660254037844386,0.5000000000000001,11.15,846.8
2023-02-09,45.835,103700.0,132.3,175.0,0,0,0,0,1,7.88,0.0,849.25,12.35,0.0,869.0,0.3,17.35,0.0,1001.0,9,2,3,0,0.8660254037844386,0.5000000000000001,10.525,847.325
2023-02-10,46.67,117075.0,132.32,175.0,0,0,0,0,1,7.88,0.0,850.2,12.7,0.0,869.85,0.0,17.6,0.0,1001.2,10,2,4,0,0.8660254037844386,0.5000000000000001,11.95,848.625
2023-02-11,45.835,106950.0,132.3,175.0,0,0,0,0,1,7.88,0.0,850.95,15.0,0.0,870.5999999999999,0.0,18.05,0.0,999.95,11,2,5,1,0.8660254037844386,0.5000000000000001,13.9,849.1750000000001
2023-02-12,45.0,107945.0,132.3,175.0,0,0,0,0,1,7.88,0.0,849.7,12.95,0.0,869.2,0.0,19.5,0.0,999.6,12,2,6,0,0.8660254037844386,0.5000000000000001,12.274999999999999,847.725
2023-02-13,56.67,117125.0,132.3,175.0,0,0,0,0,1,7.88,0.0,847.65,13.75,0.0,866.85,0.0,15.75,0.0,1000.6,13,2,0,0,0.8660254037844386,0.5000000000000001,11.850000000000001,845.4
2023-02-14,55.0,111925.0,132.66,175.0,0,0,0,0,1,7.88,0.0,852.0,12.25,0.0,870.95,0.0,16.3,0.0,1002.05,14,2,1,0,0.8660254037844386,0.5000000000000001,11.75,849.85
2023-02-15,56.67,119590.0,132.72,175.0,0,0,0,0,1,7.88,0.0,850.1500000000001,14.45,0.0,869.85,0.0,17.1,0.0,1000.65,15,2,2,0,0.8660254037844386,0.5000000000000001,12.25,848.45
2023-02-16,56.67,130525.0,132.79,175.0,0,0,0,0,1,7.88,0.0,851.5999999999999,16.1,0.0,872.5,0.0,18.75,0.0,1001.6,16,2,3,0,0.8660254037844386,0.5000000000000001,13.45,850.675
2023-02-17,45.0,88150.0,132.66,175.0,0,0,0,0,1,7.88,0.0,854.8,15.75,0.0,874.6,0.0,20.75,0.0,1002.7,17,2,4,0,0.8660254037844386,0.5000000000000001,14.524999999999999,853.175
2023-02-18,41.0,107070.0,132.84,175.0,0,0,0,0,1,7.88,0.0,853.8,16.25,0.0,874.5,0.0,21.5,0.0,1002.1,18,2,5,1,0.8660254037844386,0.5000000000000001,14.05,852.5999999999999
2023-02-19,37.67,85500.0,132.84,175.0,0,0,0,0,1,7.88,0.0,852.9000000000001,16.799999999999997,0.0,873.6500000000001,0.0,21.450000000000003,0.0,1001.5,19,2,6,0,0.8660254037844386,0.5000000000000001,14.75,851.725
2023-02-20,43.5,94775.0,132.84,175.0,0,0,0,0,1,7.88,0.0,851.2,16.35,0.0,871.8499999999999,0.0,21.05,0.0,1000.45,20,2,0,0,0.8660254037844386,0.5000000000000001,14.375,850.15
2023-02-21,38.33,107475.0,132.66,175.0,0,0,0,0,1,7.88,0.0,852.05,15.4,0.0,871.75,1.0,21.7,0.0,1000.15,21,2,1,0,0.8660254037844386,0.5000000000000001,14.825,850.65
2023-02-22,55.835,93875.0,132.77,175.0,0,0,0,0,1,7.88,0.5,850.5,15.65,4.8,870.4000000000001,0.9,21.95,0.0,997.85,22,2,2,0,0.8660254037844386,0.5000000000000001,14.425,848.975
2023-02-23,55.835,135100.0,132.87,175.0,0,0,0,0,1,7.88,0.0,849.1500000000001,17.2,0.1,869.6,0.3,21.05,0.0,997.85,23,2,3,0,0.8660254037844386,0.5000000000000001,14.9,847.9250000000001
2023-02-24,55.835,149075.0,132.68,175.0,0,0,0,0,1,7.88,0.0,851.95,15.75,0.0,871.5999999999999,0.0,20.3,0.0,1001.05,24,2,4,0,0.8660254037844386,0.5000000000000001,14.55,850.3000000000001
2023-02-25,55.835,145000.0,132.71,175.0,0,0,0,0,1,7.88,0.5,854.5999999999999,13.5,2.4,874.2,1.2,21.4,0.0,1004.9,25,2,5,1,0.8660254037844386,0.5000000000000001,12.7,853.1999999999999
2023-02-26,55.0,154950.0,132.71,175.0,0,0,0,0,1,7.88,4.0,856.45,13.6,5.1,876.15,7.6,21.3,0.0,1006.2,26,2,6,0,0.8660254037844386,0.5000000000000001,11.95,854.775
2023-02-27,55.0,126675.0,132.71,175.0,0,0,0,0,1,7.88,0.6,855.1500000000001,13.1,1.1,875.1500000000001,2.4,20.65,0.0,1005.05,27,2,0,0,0.8660254037844386,0.5000000000000001,11.774999999999999,853.575
2023-02-28,56.67,121875.0,132.84,175.0,0,0,0,0,1,7.88,0.0,854.65,14.2,0.8,874.75,1.3,21.4,0.0,1004.7,28,2,1,0,0.8660254037844386,0.5000000000000001,12.675,853.125
2023-03-01,55.0,116400.0,132.57,175.0,1,0,0,1,0,7.44,0.3,856.0,15.3,0.7,876.3499999999999,0.3,22.75,0.0,1005.2,1,3,2,0,1.0,6.123233995736766e-17,13.675,854.6
2023-03-02,55.0,117700.0,132.31,175.0,1,0,0,1,0,7.44,0.0,855.3,15.75,0.5,875.55,0.6,22.75,0.0,1004.5,2,3,3,0,1.0,6.123233995736766e-17,13.975,854.0
2023-03-03,45.0,131035.0,132.46,175.0,1,0,0,1,0,7.44,0.0,855.65,16.0,0.3,875.9000000000001,0.7,23.65,0.0,1004.4,3,3,4,0,1.0,6.123233995736766e-17,14.725000000000001,854.625
2023-03-05,45.0,10250.0,131.45,175.0,1,0,0,1,0,7.44,0.8,856.1,16.6,0.6,875.9000000000001,0.3,24.5,0.1,1002.8,5,3,6,0,1.0,6.123233995736766e-17,15.35,854.6
2023-03-06,46.67,174775.0,131.45,175.0,1,0,0,1,0,7.44,0.0,853.35,18.05,0.0,873.95,0.3,23.6,0.0,1000.9,6,3,0,0,1.0,6.123233995736766e-17,15.625,852.1
2023-03-07,56.67,123100.0,131.36,175.0,1,0,0,1,0,7.44,0.0,853.65,17.2,0.0,873.95,0.6,22.5,0.0,1002.2,7,3,1,0,1.0,6.123233995736766e-17,15.0,852.325
2023-03-08,56.67,110325.0,131.36,175.0,1,0,0,1,0,7.44,1.1,855.85,14.15,7.0,875.85,2.2,19.6,5.4,1005.15,8,3,2,0,1.0,6.123233995736766e-17,12.675,854.25
2023-03-09,65.0,54125.0,131.6,175.0,1,0,0,1,0,7.44,0.2,854.25,15.55,1.7,874.45,1.8,21.75,0.0,1002.85,9,3,3,0,1.0,6.123233995736766e-17,13.425,852.9
2023-03-10,65.83500000000001,95150.0,131.47,175.0,1,0,0,1,0,7.44,0.0,853.95,16.0,0.4,874.4000000000001,0.1,22.25,0.0,1001.9,10,3,4,0,1.0,6.123233995736766e-17,14.325,853.0
2023-03-11,66.67,133525.0,131.57,175.0,1,0,0,1,0,7.44,0.0,853.9,16.9,3.9,874.4000000000001,0.0,22.0,0.0,1002.4,11,3,5,1,1.0,6.123233995736766e-17,14.4,852.7
2023-03-12,65.0,115462.5,131.57,175.0,1,0,0,1,0,7.44,0.0,854.6500000000001,17.15,0.3,875.25,0.0,23.2,0.0,1001.75,12,3,6,0,1.0,6.123233995736766e-17,15.125,853.575
2023-03-13,66.67,97400.0,131.57,175.0,1,0,0,1,0,7.44,2.0,854.25,17.15,7.1,874.05,15.8,23.6,0.0,1000.3,13,3,0,0,1.0,6.123233995736766e-17,15.5,852.8
2023-03-14,41.67,142425.0,131.7,175.0,1,0,0,1,0,7.44,5.6,851.2,16.0,6.4,871.1,10.0,23.55,0.8,997.4,14,3,1,0,1.0,6.123233995736766e-17,14.4,849.8
2023-03-15,50.835,107125.0,132.29,175.0,1,0,0,1,0,7.44,0.2,850.15,15.3,2.9,869.75,3.6,23.25,0.0,997.0,15,3,2,0,1.0,6.123233995736766e-17,14.175,848.9749999999999
2023-03-16,50.835,116850.0,132.46,175.0,1,0,0,1,0,7.44,0.3,851.7,16.75,0.4,871.9,0.1,23.45,0.0,999.25,16,3,3,0,1.0,6.123233995736766e-17,14.825,850.375
2023-03-17,50.835,146550.0,132.68,175.0,1,0,0,1,0,7.44,1.0,853.2,16.200000000000003,1.6,873.3499999999999,9.2,22.85,3.2,1000.6,17,3,4,0,1.0,6.123233995736766e-17,14.1,851.625
2023-03-18,51.67,164800.0,132.39,175.0,1,0,0,1,0,7.44,0.2,851.75,14.8,4.7,871.5,12.1,22.45,0.7,998.7,18,3,5,1,1.0,6.123233995736766e-17,13.575,850.325
2023-03-19,50.0,116975.0,132.39,175.0,1,0,0,1,0,7.44,4.7,850.15,14.75,10.4,869.5999999999999,6.8,22.05,13.1,997.45,19,3,6,0,1.0,6.123233995736766e-17,13.125,848.4
2023-03-20,56.67,148775.0,132.39,175.0,1,0,0,1,0,7.44,9.2,848.3499999999999,14.65,9.3,867.75,5.4,21.0,11.1,996.45,20,3,0,0,1.0,6.123233995736766e-17,12.875,846.5
2023-03-21,56.67,128275.0,132.52,175.0,0,0,0,1,0,7.44,14.1,848.9,13.95,20.5,868.45,13.7,21.05,4.1,996.95,21,3,1,0,1.0,6.123233995736766e-17,12.5,847.05
2023-03-22,56.67,110370.0,132.56,175.0,0,0,0,1,0,7.44,0.6,848.1,13.6,0.5,868.0,1.6,21.15,0.0,995.95,22,3,2,0,1.0,6.123233995736766e-17,12.55,846.375
2023-03-23,56.67,202775.0,132.56,175.0,0,0,0,1,0,7.44,0.6,846.65,14.9,1.9,866.75,3.1,21.65,0.0,995.4,23,3,3,0,1.0,6.123233995736766e-17,12.95,845.175
2023-03-24,50.835,192350.0,131.93,175.0,0,0,0,1,0,7.44,2.6,849.1500000000001,15.05,1.8,869.0,3.6,22.4,0.0,997.35,24,3,4,0,1.0,6.123233995736766e-17,13.95,847.7750000000001
2023-03-25,51.67,151625.0,132.28,175.0,0,0,0,1,0,7.44,0.4,852.0,15.55,0.0,871.65,0.0,23.75,0.2,998.55,25,3,5,1,1.0,6.123233995736766e-17,14.975000000000001,850.55
2023-03-26,45.0,139725.0,132.28,175.0,0,0,0,1,0,7.44,0.0,850.4,17.65,0.0,869.95,0.0,24.200000000000003,0.0,995.25,26,3,6,0,1.0,6.123233995736766e-17,15.9,848.55
2023-03-27,45.0,183200.0,132.28,175.0,0,0,0,1,0,7.44,0.0,848.0,17.6,0.0,868.3,0.0,23.8,0.0,995.55,27,3,0,0,1.0,6.123233995736766e-17,14.975000000000001,846.75
2023-03-28,45.0,166475.0,132.1,175.0,0,0,0,1,0,7.44,0.0,849.1,16.55,0.4,868.7,0.1,23.8,0.0,996.0,28,3,1,0,1.0,6.123233995736766e-17,15.675,847.5
2023-03-29,55.0,181575.0,131.81,175.0,0,0,0,1,0,7.44,0.0,850.9000000000001,16.8,1.9,870.85,0.5,22.95,0.0,997.85,29,3,2,0,1.0,6.123233995736766e-17,15.275,849.5250000000001
2023-03-30,45.0,141275.0,132.05,175.0,0,0,0,1,0,7.44,0.0,849.95,18.0,0.0,870.0,0.4,24.3,0.0,995.2,30,3,3,0,1.0,6.123233995736766e-17,16.2,848.55
2023-03-31,45.0,206075.0,132.05,175.0,0,0,0,1,0,7.44,1.7,850.0,17.200000000000003,6.8,870.0,8.6,24.5,12.6,996.85,31,3,4,0,1.0,6.123233995736766e-17,15.55,848.75
2023-04-01,45.0,180750.0,131.77,175.0,0,0,0,1,0,7.76,3.0,849.1,15.15,6.7,868.8499999999999,6.4,22.450000000000003,1.6,996.5,1,4,5,1,0.8660254037844387,-0.4999999999999998,13.525,847.675
2023-04-02,55.0,181050.0,131.77,175.0,0,0,0,1,0,7.76,2.9,847.0,13.9,4.2,866.7,8.3,21.25,2.2,994.6,2,4,6,0,0.8660254037844387,-0.4999999999999998,12.225000000000001,845.275
2023-04-03,65.0,157750.0,131.77,165.0,0,0,0,1,0,7.76,2.0,845.8499999999999,14.9,1.3,865.25,1.9,22.5,0.0,993.75,3,4,0,0,0.8660254037844387,-0.4999999999999998,13.775,844.275
2023-04-04,65.0,168833.0,132.04,165.0,0,0,0,1,0,7.76,1.1,847.9,16.7,0.4,868.05,0.8,23.65,0.5,994.95,4,4,1,0,0.8660254037844387,-0.4999999999999998,15.075,846.7249999999999
2023-04-05,65.0,127775.0,132.04,165.0,0,0,0,1,0,7.76,0.0,849.05,17.0,0.9,867.55,0.2,24.3,0.0,994.6,5,4,2,0,0.8660254037844387,-0.4999999999999998,16.299999999999997,847.15
2023-04-06,65.0,135350.0,131.51,165.0,0,0,0,1,0,7.76,0.0,850.0999999999999,18.3,0.0,870.35,0.2,24.0,0.0,996.95,6,4,3,0,0.8660254037844387,-0.4999999999999998,16.475,848.75
2023-04-07,65.0,104825.0,131.32,165.0,0,0,0,1,0,7.76,0.0,852.2,19.05,0.0,872.4,0.2,25.05,0.0,999.1,7,4,4,0,0.8660254037844387,-0.4999999999999998,17.225,850.95
2023-04-08,55.0,127825.0,131.32,165.0,0,0,0,1,0,7.76,0.0,854.6,19.1,0.1,874.2,0.0,24.6,0.0,1000.6,8,4,5,1,0.8660254037844387,-0.4999999999999998,18.025000000000002,853.2750000000001
2023-04-09,55.0,122005.0,131.32,165.0,0,0,0,1,0,7.76,0.0,854.75,19.7,0.0,874.9000000000001,0.0,26.0,0.0,999.15,9,4,6,0,0.8660254037844387,-0.4999999999999998,18.275,853.325
2023-04-10,55.0,126125.0,131.32,165.0,1,0,0,1,0,7.76,0.0,852.1,19.5,0.0,872.5,0.0,25.950000000000003,0.0,997.4,10,4,0,0,0.8660254037844387,-0.4999999999999998,17.975,850.975
2023-04-11,55.0,132550.0,131.48,165.0,1,0,0,1,0,7.76,0.0,851.6500000000001,20.35,0.0,871.9000000000001,0.2,25.75,0.0,997.3,11,4,1,0,0.8660254037844387,-0.4999999999999998,18.6,850.4000000000001
2023-04-12,55.0,114600.0,131.71,165.0,1,0,0,1,0,7.76,0.0,852.05,20.95,0.0,872.2,0.0,25.65,0.0,996.45,12,4,2,0,0.8660254037844387,-0.4999999999999998,19.275,850.8
2023-04-13,55.0,159750.0,131.63,165.0,1,0,0,1,0,7.76,0.0,851.1,21.8,0.0,870.75,0.0,26.25,0.0,994.75,13,4,3,0,0.8660254037844387,-0.4999999999999998,20.5,849.95
2023-04-14,55.0,115005.0,131.27,165.0,1,0,0,1,0,7.76,0.0,851.25,22.55,0.0,871.75,0.1,27.7,0.0,995.4,14,4,4,0,0.8660254037844387,-0.4999999999999998,20.3,850.225
2023-04-15,55.0,161325.0,131.27,165.0,1,0,0,1,0,7.76,0.0,852.9000000000001,22.9,0.0,872.9000000000001,0.1,28.6,0.0,996.0,15,4,5,1,0.8660254037844387,-0.4999999999999998,21.075,851.7750000000001
2023-04-16,55.0,89470.0,131.27,165.0,1,0,0,1,0,7.76,0.0,851.5999999999999,23.6,0.0,871.5,0.0,29.9,0.0,993.15,16,4,6,0,0.8660254037844387,-0.4999999999999998,21.975,850.275
2023-04-17,45.0,93600.0,131.27,165.0,1,0,0,1,0,7.76,0.0,850.4,23.75,0.0,870.35,0.0,27.7,0.0,993.05,17,4,0,0,0.8660254037844387,-0.4999999999999998,22.0,849.65
2023-04-18,55.0,142235.0,131.46,165.0,1,0,0,1,0,7.76,0.0,852.05,24.55,0.0,872.4,0.0,29.45,0.0,994.05,18,4,1,0,0.8660254037844387,-0.4999999999999998,22.700000000000003,851.2249999999999
2023-04-19,55.0,104200.0,131.57,165.0,1,0,0,1,0,7.76,0.0,848.6500000000001,24.450000000000003,0.0,868.55,0.0,30.05,0.0,989.85,19,4,2,0,0.8660254037844387,-0.4999999999999998,22.375,847.625
2023-04-20,55.0,103565.0,131.87,165.0,1,0,0,1,0,7.76,0.0,846.55,23.65,0.3,866.0,0.6,28.85,0.0,988.2,20,4,3,0,0.8660254037844387,-0.4999999999999998,22.049999999999997,845.75
2023-04-21,55.0,110540.0,131.74,165.0,0,0,0,1,0,7.76,0.2,847.45,20.55,0.8,867.5,0.1,28.35,1.3,990.35,21,4,4,0,0.8660254037844387,-0.4999999999999998,19.525,846.7
2023-04-22,55.0,94050.0,131.65,165.0,0,0,0,1,0,7.76,0.0,847.05,20.3,0.0,866.8499999999999,0.2,27.85,0.0,991.8,22,4,5,1,0.8660254037844387,-0.4999999999999998,18.625,846.1
2023-04-23,55.0,132930.0,131.65,165.0,0,0,0,1,0,7.76,1.0,848.85,19.85,2.2,869.15,3.5,26.8,0.0,995.15,23,4,6,0,0.8660254037844387,-0.4999999999999998,17.9,847.75
2023-04-24,55.0,112875.0,131.65,165.0,0,0,0,1,0,7.76,0.7,852.75,17.200000000000003,0.5,872.55,0.7,25.05,0.3,999.8,24,4,0,0,0.8660254037844387,-0.4999999999999998,15.5,851.175
2023-04-25,55.0,119755.0,131.36,165.0,0,0,0,1,0,7.76,0.4,853.4,17.85,8.2,873.05,2.9,26.3,0.5,998.95,25,4,1,0,0.8660254037844387,-0.4999999999999998,15.375,851.7750000000001
2023-04-26,55.0,93025.0,131.37,165.0,0,0,0,1,0,7.76,0.0,851.3,18.7,0.6,871.7,0.2,26.65,0.0,995.55,26,4,2,0,0.8660254037844387,-0.4999999999999998,17.05,850.0
2023-04-27,55.0,169250.0,131.13,165.0,0,0,0,1,0,7.76,0.0,851.25,19.55,0.3,871.55,0.2,26.75,0.0,996.0,27,4,3,0,0.8660254037844387,-0.4999999999999998,17.75,849.925
2023-04-28,55.0,116320.0,131.25,165.0,0,0,0,1,0,7.76,0.0,851.65,20.1,0.2,871.95,0.7,27.35,0.0,995.5,28,4,4,0,0.8660254037844387,-0.4999999999999998,18.25,850.25
2023-04-29,55.0,108975.0,131.23,165.0,0,0,0,1,0,7.76,0.5,850.6,19.9,0.3,870.75,0.7,26.7,0.1,995.05,29,4,5,1,0.8660254037844387,-0.4999999999999998,18.275,849.55
2023-04-30,55.0,98210.0,131.23,165.0,0,0,0,1,0,7.76,4.7,849.9000000000001,18.4,2.0,869.9000000000001,3.7,26.15,4.8,995.45,30,4,6,0,0.8660254037844387,-0.4999999999999998,16.9,848.6
2023-05-01,45.0,97725.0,131.23,165.0,0,0,0,1,0,7.41,3.8,849.75,16.4,7.3,869.5,3.7,23.85,0.7,996.7,1,5,0,0,0.4999999999999999,-0.8660254037844387,14.524999999999999,848.375
2023-05-02,55.0,86150.0,131.23,165.0,0,0,0,1,0,7.41,14.5,850.95,16.85,8.2,870.7,1.2,25.15,2.0,996.85,2,5,1,0,0.4999999999999999,-0.8660254037844387,15.5,849.5500000000001
2023-05-03,55.835,86947.0,131.32,165.0,0,0,0,1,0,7.41,7.3,851.75,18.25,8.4,871.75,2.3,26.05,0.6,997.05,3,5,2,0,0.4999999999999999,-0.8660254037844387,16.525,850.425
2023-05-04,55.835,117350.0,131.22,165.0,0,0,0,1,0,7.41,3.4,851.25,16.95,8.8,870.8,4.0,26.45,5.0,996.0,4,5,3,0,0.4999999999999999,-0.8660254037844387,16.174999999999997,849.7
2023-05-05,55.0,125820.0,131.19,165.0,0,0,0,1,0,7.41,0.0,849.45,18.4,0.1,869.3,0.6,27.05,0.0,993.45,5,5,4,0,0.4999999999999999,-0.8660254037844387,17.375,847.875
2023-05-06,55.0,89805.0,131.19,165.0,0,0,0,1,0,7.41,0.0,847.8,20.15,0.3,868.1,1.7,28.55,0.0,991.35,6,5,5,1,0.4999999999999999,-0.8660254037844387,18.325000000000003,846.525
2023-05-07,55.0,136547.0,131.19,165.0,0,0,0,1,0,7.41,0.2,848.15,21.15,0.8,868.4,3.3,29.65,0.0,991.5,7,5,6,0,0.4999999999999999,-0.8660254037844387,19.425,847.0
2023-05-08,55.0,103250.0,131.19,165.0,0,0,0,1,0,7.41,0.0,848.05,21.6,0.0,867.9000000000001,1.4,29.75,0.0,991.45,8,5,0,0,0.4999999999999999,-0.8660254037844387,20.0,847.0
2023-05-09,55.835,114340.0,131.18,165.0,0,0,0,1,0,7.41,0.0,848.6,21.45,0.1,868.75,0.3,29.85,0.0,991.55,9,5,1,0,0.4999999999999999,-0.8660254037844387,20.025,847.7750000000001
2023-05-10,56.67,73950.0,131.57,165.0,0,0,0,1,0,7.41,0.0,848.1,20.35,0.6,867.75,0.1,29.700000000000003,0.0,991.7,10,5,2,0,0.4999999999999999,-0.8660254037844387,20.6,847.45
2023-05-11,60.0,135590.0,131.48,165.0,0,0,0,1,0,7.41,0.0,851.2,21.200000000000003,0.0,870.95,0.0,28.75,0.0,994.75,11,5,3,0,0.4999999999999999,-0.8660254037844387,20.55,850.35
2023-05-12,60.0,74850.0,131.65,165.0,0,0,0,1,0,7.41,0.0,851.3,21.25,0.0,870.95,0.0,28.85,0.0,994.3,12,5,4,0,0.4999999999999999,-0.8660254037844387,20.125,850.0999999999999
2023-05-13,60.835,110152.0,131.77,165.0,0,0,0,1,0,7.41,0.0,851.4,22.55,0.0,871.4,0.0,30.9,0.0,993.85,13,5,5,1,0.4999999999999999,-0.8660254037844387,20.8,850.275
2023-05-14,55.0,146350.0,131.77,165.0,0,0,0,1,0,7.41,2.6,848.7,21.9,6.8,868.3,4.5,31.3,0.0,988.8,14,5,6,0,0.4999999999999999,-0.8660254037844387,20.675,847.05
2023-05-15,60.0,124035.0,131.77,165.0,0,0,0,1,0,7.41,8.0,847.7,19.8,6.3,866.95,5.9,30.2,0.0,990.15,15,5,0,0,0.4999999999999999,-0.8660254037844387,19.174999999999997,846.05
2023-05-16,60.0,132570.0,131.98,155.0,0,0,0,1,0,7.41,5.8,847.4000000000001,19.35,3.9,867.55,18.5,29.95,0.6,991.85,16,5,1,0,0.4999999999999999,-0.8660254037844387,18.0,846.575
2023-05-17,60.0,83000.0,131.84,155.0,0,0,0,1,0,7.41,30.9,850.05,20.9,6.1,870.2,10.3,29.4,10.6,994.65,17,5,2,0,0.4999999999999999,-0.8660254037844387,18.95,848.8499999999999
2023-05-18,60.0,66550.0,132.12,155.0,0,0,0,1,0,7.41,23.9,851.5,19.55,6.0,871.7,11.6,28.0,1.2,995.65,18,5,3,0,0.4999999999999999,-0.8660254037844387,18.25,850.3
2023-05-19,60.835,64925.0,132.47,155.0,0,0,0,1,0,7.41,14.9,849.5,21.05,1.6,869.5,0.6,28.9,0.0,992.7,19,5,4,0,0.4999999999999999,-0.8660254037844387,19.375,848.225
2023-05-20,60.835,101900.0,132.56,155.0,0,0,0,1,0,7.41,1.9,848.0,19.95,1.1,868.0,0.1,29.65,0.1,991.8,20,5,5,1,0.4999999999999999,-0.8660254037844387,19.0,847.0
2023-05-21,55.0,104450.0,132.56,155.0,0,0,0,1,0,7.41,1.2,849.0,20.700000000000003,0.0,869.4,1.2,29.15,2.3,993.3,21,5,6,0,0.4999999999999999,-0.8660254037844387,19.075000000000003,848.175
2023-05-22,55.835,80900.0,132.56,155.0,0,0,0,1,0,7.41,0.0,851.25,21.45,2.1,871.35,1.0,30.5,0.4,994.3,22,5,0,0,0.4999999999999999,-0.8660254037844387,19.825,850.175
2023-05-23,50.0,76400.0,132.83,155.0,0,0,0,1,0,7.41,1.5,850.8499999999999,21.45,3.8,871.2,5.0,27.15,8.1,995.45,23,5,1,0,0.4999999999999999,-0.8660254037844387,19.625,850.0
2023-05-24,50.835,120000.0,132.79,155.0,0,0,0,1,0,7.41,17.6,850.25,21.6,13.7,870.25,9.0,28.55,0.0,993.35,24,5,2,0,0.4999999999999999,-0.8660254037844387,19.45,849.2
2023-05-25,50.835,65675.0,132.56,155.0,0,0,0,1,0,7.41,21.5,849.1500000000001,19.2,28.7,869.0999999999999,27.5,28.3,7.5,992.35,25,5,3,0,0.4999999999999999,-0.8660254037844387,18.125,848.0250000000001
2023-05-26,50.0,74500.0,132.69,155.0,0,0,0,1,0,7.41,8.8,849.45,19.75,9.8,869.3,4.6,26.5,20.4,994.2,26,5,4,0,0.4999999999999999,-0.8660254037844387,17.65,848.25
2023-05-27,50.0,92300.0,132.43,155.0,0,0,0,1,0,7.41,4.2,848.75,19.45,6.1,868.55,3.4,26.9,9.4,994.0,27,5,5,1,0.4999999999999999,-0.8660254037844387,18.049999999999997,847.35
2023-05-28,45.0,87275.0,132.43,155.0,0,0,0,1,0,7.41,2.8,850.0999999999999,18.6,3.2,869.55,1.2,27.05,0.7,995.15,28,5,6,0,0.4999999999999999,-0.8660254037844387,17.85,848.7249999999999
2023-05-29,50.0,57950.0,132.43,155.0,0,0,0,1,0,7.41,0.0,851.8,20.95,1.7,872.3,0.7,29.1,0.0,995.75,29,5,0,0,0.4999999999999999,-0.8660254037844387,19.125,850.7249999999999
2023-05-30,55.0,80800.0,132.51,155.0,0,0,0,1,0,7.41,0.1,852.3,22.05,0.1,872.3,0.3,30.5,0.0,993.7,30,5,1,0,0.4999999999999999,-0.8660254037844387,20.55,851.15
2023-05-31,39.585,49050.0,132.64,155.0,0,0,0,1,0,7.41,0.0,850.95,23.6,0.0,871.0999999999999,0.6,31.9,0.0,991.8,31,5,2,0,0.4999999999999999,-0.8660254037844387,21.950000000000003,849.75
2023-06-01,37.085,57480.0,132.66,155.0,0,0,1,0,0,6.83,0.0,848.95,24.450000000000003,0.0,868.7,0.0,31.9,0.0,989.5,1,6,3,0,1.2246467991473532e-16,-1.0,22.675,847.5250000000001
2023-06-02,36.25,67200.0,132.16,155.0,0,0,1,0,0,6.83,0.0,847.2,23.65,0.0,868.0,0.2,31.8,0.0,989.5,2,6,4,0,1.2246467991473532e-16,-1.0,21.075,846.3
2023-06-03,31.25,61700.0,132.0,155.0,0,0,1,0,0,6.83,0.0,849.1,23.45,0.4,869.2,0.2,31.8,0.0,990.95,3,6,5,1,1.2246467991473532e-16,-1.0,21.525,847.9000000000001
2023-06-04,31.335,57800.0,132.0,155.0,0,0,1,0,0,6.83,0.0,848.95,23.9,0.0,869.6,0.2,31.8,0.0,990.85,4,6,6,0,1.2246467991473532e-16,-1.0,21.175,848.125
2023-06-05,32.085,63400.0,132.0,155.0,0,0,1,0,0,6.83,0.0,848.45,23.35,0.0,868.8499999999999,0.4,31.95,0.0,990.0,5,6,0,0,1.2246467991473532e-16,-1.0,21.3,847.575
2023-06-06,35.835,111025.0,132.58,155.0,0,0,1,0,0,6.83,0.0,848.6500000000001,23.55,0.8,868.85,0.8,32.849999999999994,0.0,988.85,6,6,1,0,1.2246467991473532e-16,-1.0,22.0,847.7
2023-06-07,34.585,73850.0,132.48,155.0,0,0,1,0,0,6.83,0.0,848.0,23.8,2.5,868.3,0.1,33.75,0.0,988.3,7,6,2,0,1.2246467991473532e-16,-1.0,21.95,847.275
2023-06-08,46.67,88425.0,132.38,155.0,0,0,1,0,0,6.83,0.0,847.95,24.25,5.7,868.2,0.0,33.25,0.0,987.55,8,6,3,0,1.2246467991473532e-16,-1.0,23.025,847.1500000000001
2023-06-09,66.67,96813.0,132.41,155.0,0,0,1,0,0,6.83,0.0,846.2,24.55,0.0,866.45,0.0,35.0,0.0,985.45,9,6,4,0,1.2246467991473532e-16,-1.0,23.4,845.525
2023-06-10,56.67,79400.0,132.25,155.0,0,0,1,0,0,6.83,0.8,846.05,24.0,0.4,865.75,0.7,34.2,0.0,985.2,10,6,5,1,1.2246467991473532e-16,-1.0,23.4,844.9499999999999
2023-06-11,55.0,106125.0,132.25,155.0,0,0,1,0,0,6.83,2.5,844.85,23.9,1.2,864.8,1.5,32.25,1.4,984.9,11,6,6,0,1.2246467991473532e-16,-1.0,22.424999999999997,843.7
2023-06-12,55.0,86400.0,132.25,155.0,0,0,1,0,0,6.83,27.6,844.5999999999999,23.8,3.0,864.45,8.5,29.95,2.1,986.15,12,6,0,0,1.2246467991473532e-16,-1.0,21.725,843.55
2023-06-13,40.0,78675.0,132.2,155.0,0,0,1,0,0,6.83,7.6,843.5999999999999,23.45,9.1,863.75,4.6,29.35,4.5,984.7,13,6,1,0,1.2246467991473532e-16,-1.0,21.85,842.675
2023-06-14,40.0,58825.0,132.1,155.0,0,0,1,0,0,6.83,56.7,843.3,22.6,22.0,863.5,35.9,30.5,0.3,984.4,14,6,2,0,1.2246467991473532e-16,-1.0,20.725,842.45
2023-06-15,46.67,76425.0,131.66,155.0,0,0,1,0,0,6.83,24.4,843.4,23.05,10.8,863.95,16.3,32.25,0.0,983.8,15,6,3,0,1.2246467991473532e-16,-1.0,21.35,842.7750000000001
2023-06-16,45.835,54800.0,131.79,155.0,0,0,1,0,0,6.83,0.2,843.85,23.55,1.7,864.2,4.7,33.0,0.0,984.7,16,6,4,0,1.2246467991473532e-16,-1.0,21.450000000000003,843.05
2023-06-17,53.75,80825.0,131.4,155.0,0,0,1,0,0,6.83,12.4,845.75,23.7,6.1,866.05,1.4,32.7,0.0,986.75,17,6,5,1,1.2246467991473532e-16,-1.0,22.400000000000002,844.95
2023-06-18,45.0,95550.0,131.4,155.0,0,0,1,0,0,6.83,8.6,847.1,24.15,6.6,867.65,2.5,32.0,6.0,987.95,18,6,6,0,1.2246467991473532e-16,-1.0,22.175,846.325
2023-06-19,39.3,49256.0,131.4,155.0,0,0,1,0,0,6.83,14.8,846.65,23.9,3.1,867.0,13.0,31.45,22.4,987.8,19,6,0,0,1.2246467991473532e-16,-1.0,22.025000000000002,845.675
2023-06-20,40.0,84700.0,131.4,155.0,0,0,1,0,0,6.83,2.6,846.15,23.5,5.2,866.45,7.1,29.5,0.8,987.45,20,6,1,0,1.2246467991473532e-16,-1.0,21.575,845.3
2023-06-21,39.5,85625.0,131.7,155.0,0,0,1,0,0,6.83,6.7,846.8,24.15,3.2,867.35,20.2,30.25,11.6,988.35,21,6,2,0,1.2246467991473532e-16,-1.0,21.950000000000003,845.8
2023-06-22,40.0,71976.0,131.57,155.0,0,0,1,0,0,6.83,3.7,847.5,23.9,6.0,867.8,10.3,29.05,50.3,989.4,22,6,3,0,1.2246467991473532e-16,-1.0,22.2,846.725
2023-06-23,50.0,77930.0,131.43,155.0,0,0,1,0,0,6.83,5.6,847.7,24.4,11.5,868.2,10.0,29.45,15.6,989.55,23,6,4,0,1.2246467991473532e-16,-1.0,22.225,846.875
2023-06-24,45.0,71575.0,131.56,155.0,0,0,1,0,0,6.83,23.1,846.75,23.8,23.7,867.15,11.0,29.9,5.3,988.65,24,6,5,1,1.2246467991473532e-16,-1.0,22.174999999999997,846.1
2023-06-25,45.0,74975.0,131.56,155.0,0,0,1,0,0,6.83,32.7,847.8,24.2,20.3,868.15,13.6,30.1,7.9,988.85,25,6,6,0,1.2246467991473532e-16,-1.0,22.25,846.95
2023-06-26,45.0,61455.0,131.56,155.0,0,0,1,0,0,6.83,7.2,847.5,23.7,8.2,867.9,6.0,30.9,0.0,988.75,26,6,0,0,1.2246467991473532e-16,-1.0,21.55,846.6
2023-06-27,45.0,79150.0,131.57,155.0,0,0,1,0,0,6.83,9.3,846.6500000000001,22.450000000000003,16.7,866.65,10.9,30.4,0.2,989.45,27,6,1,0,1.2246467991473532e-16,-1.0,21.35,845.725
2023-06-28,50.0,70050.0,131.55,155.0,0,0,1,0,0,6.83,7.5,847.85,23.35,29.7,868.3,7.3,29.25,3.3,990.4,28,6,2,0,1.2246467991473532e-16,-1.0,21.1,847.125
2023-06-29,65.0,68800.0,131.6,155.0,0,0,1,0,0,6.83,10.8,847.3,23.55,23.0,867.6500000000001,5.7,27.75,23.4,989.95,29,6,3,0,1.2246467991473532e-16,-1.0,21.075000000000003,846.55
2023-06-30,55.0,69825.0,131.6,155.0,0,0,1,0,0,6.83,33.3,846.35,22.4,27.0,866.85,27.8,27.55,24.6,989.65,30,6,4,0,1.2246467991473532e-16,-1.0,20.475,845.7
2023-07-01,55.0,58275.0,131.57,155.0,0,0,1,0,0,7.44,26.4,846.75,23.25,30.3,867.1,22.8,28.0,22.9,990.2,1,7,5,1,-0.4999999999999997,-0.8660254037844388,21.125,846.025
2023-07-02,55.0,77700.0,131.57,155.0,0,0,1,0,0,7.44,23.3,846.35,24.05,10.9,866.8,13.9,28.85,35.0,988.8,2,7,6,0,-0.4999999999999997,-0.8660254037844388,21.775,845.625
2023-07-03,65.0,68460.0,131.57,150.0,0,0,1,0,0,7.44,7.3,846.55,23.3,20.2,867.0,18.8,27.8,38.6,989.35,3,7,0,0,-0.4999999999999997,-0.8660254037844388,21.375,845.875
2023-07-04,75.0,80750.0,131.44,150.0,0,0,1,0,0,7.44,41.5,846.55,23.2,28.3,867.0,26.4,28.3,11.0,988.5,4,7,1,0,-0.4999999999999997,-0.8660254037844388,21.200000000000003,845.75
2023-07-05,84.0,57225.0,131.54,150.0,0,0,1,0,0,7.44,3.6,846.25,23.15,9.1,866.6,10.4,28.5,27.0,988.3,5,7,2,0,-0.4999999999999997,-0.8660254037844388,20.775000000000002,845.5
2023-07-06,85.0,55175.0,131.87,150.0,0,0,1,0,0,7.44,6.0,847.45,23.25,21.2,867.85,9.5,29.4,1.2,989.85,6,7,3,0,-0.4999999999999997,-0.8660254037844388,21.4,846.55
2023-07-07,95.0,64880.0,132.32,150.0,0,0,1,0,0,7.44,5.9,848.35,23.450000000000003,22.2,868.65,2.9,29.0,0.5,990.85,7,7,4,0,-0.4999999999999997,-0.8660254037844388,21.625,847.725
2023-07-08,95.0,88600.0,132.69,150.0,0,0,1,0,0,7.44,11.6,849.55,23.85,10.3,869.95,1.3,29.1,6.2,991.65,8,7,5,1,-0.4999999999999997,-0.8660254037844388,21.525,848.8249999999999
2023-07-09,95.0,73850.0,132.69,150.0,0,0,1,0,0,7.44,3.3,848.8,24.05,10.6,869.05,20.3,30.1,0.6,990.3,9,7,6,0,-0.4999999999999997,-0.8660254037844388,21.95,847.875
2023-07-10,95.0,85075.0,132.69,150.0,0,0,1,0,0,7.44,2.0,847.85,24.8,7.5,868.15,33.8,30.0,4.9,989.6,10,7,0,0,-0.4999999999999997,-0.8660254037844388,22.25,847.0250000000001
2023-07-11,95.0,75700.0,132.41,150.0,0,0,1,0,0,7.44,14.6,847.55,24.35,11.1,867.85,31.4,29.75,4.0,989.2,11,7,1,0,-0.4999999999999997,-0.8660254037844388,22.425,846.675
2023-07-12,85.0,85175.0,132.09,150.0,0,0,1,0,0,7.44,23.5,847.5999999999999,23.4,29.1,867.95,39.8,28.25,25.0,990.05,12,7,2,0,-0.4999999999999997,-0.8660254037844388,21.200000000000003,846.8
2023-07-13,95.0,70396.0,131.9,150.0,0,0,1,0,0,7.44,4.9,847.7,23.55,29.6,867.9,30.8,27.85,13.0,990.1,13,7,3,0,-0.4999999999999997,-0.8660254037844388,21.15,846.8
2023-07-14,75.0,71850.0,131.62,150.0,0,0,1,0,0,7.44,11.4,847.5,23.5,25.8,868.0,42.2,27.4,37.2,990.5,14,7,4,0,-0.4999999999999997,-0.8660254037844388,21.25,846.675
2023-07-15,75.0,53800.0,131.77,150.0,0,0,1,0,0,7.44,3.4,847.7,23.700000000000003,26.5,868.0,6.9,28.45,27.3,989.9,15,7,5,1,-0.4999999999999997,-0.8660254037844388,21.85,846.875
2023-07-16,75.0,53100.0,131.77,146.0,0,0,1,0,0,7.44,5.9,847.4,23.35,32.4,867.6500000000001,24.6,29.85,2.5,989.05,16,7,6,0,-0.4999999999999997,-0.8660254037844388,21.85,846.525
2023-07-17,85.0,55875.0,131.77,146.0,0,0,1,0,0,7.44,11.8,846.55,23.75,30.1,867.0,35.0,29.5,0.8,988.95,17,7,0,0,-0.4999999999999997,-0.8660254037844388,21.85,845.75
2023-07-18,86.0,40350.0,131.57,146.0,0,0,1,0,0,7.44,12.0,847.05,22.85,16.8,867.4000000000001,6.8,29.450000000000003,0.4,988.75,18,7,1,0,-0.4999999999999997,-0.8660254037844388,21.2,846.275
2023-07-19,85.0,65000.0,131.56,146.0,0,0,1,0,0,7.44,0.7,846.8499999999999,24.45,12.6,867.2,2.4,30.55,0.0,987.25,19,7,2,0,-0.4999999999999997,-0.8660254037844388,22.375,846.0749999999999
2023-07-20,85.0,56900.0,131.66,146.0,0,0,1,0,0,7.44,0.4,846.75,24.8,2.1,866.9,2.1,30.8,2.3,987.55,20,7,3,0,-0.4999999999999997,-0.8660254037844388,22.875,845.95
2023-07-21,85.0,28100.0,131.48,146.0,0,0,1,0,0,7.44,8.4,849.0,24.700000000000003,21.2,869.35,10.9,30.55,2.7,991.7,21,7,4,0,-0.4999999999999997,-0.8660254037844388,22.55,848.2
2023-07-22,86.67,53725.0,131.42,146.0,0,0,1,0,0,7.44,3.4,851.3,23.85,17.4,871.7,2.0,30.8,3.9,993.45,22,7,5,1,-0.4999999999999997,-0.8660254037844388,22.125,850.45
2023-07-23,85.0,48625.0,131.42,146.0,0,0,1,0,0,7.44,2.3,851.05,23.9,37.6,871.55,12.5,30.55,8.9,992.7,23,7,6,0,-0.4999999999999997,-0.8660254037844388,21.875,850.25
2023-07-24,96.67,64700.0,131.42,146.0,0,0,1,0,0,7.44,1.6,848.5,23.4,17.0,869.0,16.4,29.0,15.2,990.55,24,7,0,0,-0.4999999999999997,-0.8660254037844388,21.174999999999997,847.65
2023-07-25,110.0,60725.0,131.21,146.0,0,0,1,0,0,7.44,18.6,848.95,23.1,18.8,869.2,16.4,28.65,34.3,991.3,25,7,1,0,-0.4999999999999997,-0.8660254037844388,20.8,848.125
2023-07-26,100.0,58545.0,131.3,146.0,0,0,1,0,0,7.44,2.8,849.75,23.75,4.4,869.95,40.5,30.200000000000003,1.1,991.6,26,7,2,0,-0.4999999999999997,-0.8660254037844388,21.85,848.8
2023-07-27,93.33,59375.0,131.5,146.0,0,0,1,0,0,7.44,3.6,848.4000000000001,24.15,18.5,868.5,22.1,29.85,2.9,989.9,27,7,3,0,-0.4999999999999997,-0.8660254037844388,21.75,847.475
2023-07-28,106.67,62072.0,131.4,146.0,0,0,1,0,0,7.44,8.0,845.75,23.75,24.4,866.0,33.7,30.1,0.3,987.4,28,7,4,0,-0.4999999999999997,-0.8660254037844388,21.975,844.85
2023-07-29,106.0,46400.0,131.9,146.0,0,0,1,0,0,7.44,4.6,845.7,22.9,17.7,865.9,45.8,29.3,6.8,987.6,29,7,5,1,-0.4999999999999997,-0.8660254037844388,21.275,844.8000000000001
2023-07-30,105.0,42950.0,131.9,146.0,0,0,1,0,0,7.44,2.8,844.75,23.5,19.4,865.0999999999999,17.2,28.85,12.3,986.65,30,7,6,0,-0.4999999999999997,-0.8660254037844388,20.825000000000003,843.825
2023-07-31,130.0,52170.0,131.9,146.0,0,0,1,0,0,7.44,15.6,844.4,24.450000000000003,12.6,864.75,18.4,29.6,3.9,985.15,31,7,0,0,-0.4999999999999997,-0.8660254037844388,21.875,843.5999999999999
2023-08-01,130.0,42800.0,131.9,153.0,0,0,1,0,0,7.52,7.2,843.65,24.7,10.7,863.95,21.4,31.05,10.6,984.4,1,8,1,0,-0.8660254037844385,-0.5000000000000004,22.875,843.05
2023-08-02,146.0,46275.0,131.92,153.0,0,0,1,0,0,7.52,0.3,844.25,24.8,0.8,864.4000000000001,14.0,29.9,0.6,984.3,2,8,2,0,-0.8660254037844385,-0.5000000000000004,23.375,843.5
2023-08-03,170.0,37675.0,132.44,153.0,0,0,1,0,0,7.52,14.3,844.7,24.15,17.4,864.95,12.3,30.3,2.5,985.95,3,8,3,0,-0.8660254037844385,-0.5000000000000004,22.650000000000002,843.775
2023-08-04,170.0,38075.0,132.66,153.0,0,0,1,0,0,7.52,6.6,846.2,23.45,50.0,866.6500000000001,2.1,29.3,1.5,989.0,4,8,4,0,-0.8660254037844385,-0.5000000000000004,20.924999999999997,845.525
2023-08-05,170.0,34605.0,132.85,153.0,0,0,1,0,0,7.52,0.5,847.0,23.35,32.5,867.45,14.4,28.85,1.6,989.05,5,8,5,1,-0.8660254037844385,-0.5000000000000004,21.225,846.275
2023-08-06,168.33,42855.0,132.85,153.0,0,0,1,0,0,7.52,2.5,844.25,22.6,8.2,864.5,39.9,29.0,15.9,985.95,6,8,6,0,-0.8660254037844385,-0.5000000000000004,21.45,843.375
2023-08-07,160.0,33150.0,132.85,153.0,0,0,1,0,0,7.52,21.3,842.0999999999999,22.55,42.8,862.25,34.4,27.6,25.1,984.6,7,8,0,0,-0.8660254037844385,-0.5000000000000004,20.85,841.3
2023-08-08,170.0,33120.0,132.7,153.0,0,0,1,0,0,7.52,25.1,843.4,22.65,50.5,863.65,47.0,27.05,25.1,986.95,8,8,1,0,-0.8660254037844385,-0.5000000000000004,20.55,842.575
2023-08-09,170.0,37455.0,132.83,153.0,0,0,1,0,0,7.52,2.3,845.9,24.8,4.0,866.4,13.4,28.35,3.5,989.65,9,8,2,0,-0.8660254037844385,-0.5000000000000004,22.275000000000002,845.2
2023-08-10,170.0,33341.0,132.81,153.0,0,0,1,0,0,7.52,2.5,848.45,24.450000000000003,16.0,868.8499999999999,2.8,28.7,10.2,991.1,10,8,3,0,-0.8660254037844385,-0.5000000000000004,22.05,847.675
2023-08-11,150.0,23925.0,132.65,153.0,0,0,1,0,0,7.52,1.2,847.95,24.200000000000003,28.9,868.15,22.4,28.450000000000003,7.1,990.0,11,8,4,0,-0.8660254037844385,-0.5000000000000004,22.1,847.075
2023-08-12,140.0,34125.0,132.86,153.0,0,0,1,0,0,7.52,30.1,845.6500000000001,23.45,60.9,866.1,51.4,28.1,6.1,988.1,12,8,5,1,-0.8660254037844385,-0.5000000000000004,21.55,844.85
2023-08-13,140.0,19850.0,132.86,153.0,0,0,1,0,0,7.52,29.7,845.9,22.0,68.2,866.5,58.0,28.35,1.9,990.2,13,8,6,0,-0.8660254037844385,-0.5000000000000004,20.25,845.2
2023-08-14,170.0,34325.0,132.86,153.0,0,0,1,0,0,7.52,0.0,848.9000000000001,22.15,2.2,869.25,8.7,28.4,0.9,991.4,14,8,0,0,-0.8660254037844385,-0.5000000000000004,21.125,848.0250000000001
2023-08-15,150.0,34775.0,133.03,153.0,0,0,1,0,0,7.52,1.6,848.45,22.9,7.0,868.7,2.9,29.25,0.1,989.95,15,8,1,0,-0.8660254037844385,-0.5000000000000004,21.525000000000002,847.5500000000001
2023-08-16,145.0,28750.0,133.03,167.0,0,0,1,0,0,7.52,7.2,847.95,23.35,3.9,868.2,11.3,30.3,0.7,989.2,16,8,2,0,-0.8660254037844385,-0.5000000000000004,21.650000000000002,847.125
2023-08-17,137.5,31588.0,133.03,167.0,0,0,1,0,0,7.52,5.7,848.25,24.45,8.1,868.6,9.4,29.3,10.3,990.0,17,8,3,0,-0.8660254037844385,-0.5000000000000004,22.55,847.6
2023-08-18,142.5,31981.0,133.34,167.0,0,0,1,0,0,7.52,2.4,848.95,23.75,17.2,869.05,4.3,29.4,2.0,990.4,18,8,4,0,-0.8660254037844385,-0.5000000000000004,22.675,848.1
2023-08-19,147.5,29510.0,133.27,167.0,0,0,1,0,0,7.52,8.9,849.65,24.1,10.8,869.9000000000001,3.3,30.15,1.8,991.25,19,8,5,1,-0.8660254037844385,-0.5000000000000004,22.2,848.7750000000001
2023-08-20,150.0,26331.0,133.27,167.0,0,0,1,0,0,7.52,11.4,850.0999999999999,24.05,31.3,870.55,26.2,30.25,0.5,992.25,20,8,6,0,-0.8660254037844385,-0.5000000000000004,22.25,849.3
2023-08-21,140.0,42375.0,133.27,167.0,0,0,1,0,0,7.52,9.8,848.4000000000001,23.25,11.5,869.1500000000001,23.0,28.15,20.6,991.35,21,8,0,0,-0.8660254037844385,-0.5000000000000004,20.8,847.625
2023-08-22,135.0,34250.0,133.28,167.0,0,0,1,0,0,7.52,8.8,848.0,23.3,20.4,868.2,15.1,29.15,3.5,990.2,22,8,1,0,-0.8660254037844385,-0.5000000000000004,21.675,847.1
2023-08-23,125.0,37975.0,133.0,167.0,0,0,1,0,0,7.52,25.8,846.25,23.1,21.8,866.55,48.3,27.65,22.1,989.1,23,8,2,0,-0.8660254037844385,-0.5000000000000004,20.925,845.375
2023-08-24,125.0,38050.0,132.6,167.0,0,0,1,0,0,7.52,20.3,844.5,23.1,56.2,864.9000000000001,119.2,27.4,22.5,987.3,24,8,3,0,-0.8660254037844385,-0.5000000000000004,21.325000000000003,843.625
2023-08-25,95.0,36610.0,132.42,167.0,0,0,1,0,0,7.52,26.5,843.95,23.4,24.9,864.5,51.0,26.9,29.8,987.75,25,8,4,0,-0.8660254037844385,-0.5000000000000004,20.825,843.25
2023-08-26,95.0,28492.5,132.54,167.0,0,0,1,0,0,7.52,38.4,844.65,23.0,97.8,864.8,34.3,26.75,43.1,987.25,26,8,5,1,-0.8660254037844385,-0.5000000000000004,21.174999999999997,843.6500000000001
2023-08-27,85.0,20375.0,132.54,167.0,0,0,1,0,0,7.52,15.1,844.55,23.6,11.3,864.75,6.1,28.05,19.2,987.1,27,8,6,0,-0.8660254037844385,-0.5000000000000004,20.975,843.525
2023-08-28,80.0,26125.0,132.54,167.0,0,0,1,0,0,7.52,7.8,845.3,22.95,3.7,865.55,20.4,28.05,1.6,988.85,28,8,0,0,-0.8660254037844385,-0.5000000000000004,20.925,844.4
2023-08-29,75.0,28750.0,132.52,167.0,0,0,1,0,0,7.52,8.8,847.5,22.6,8.5,867.7,17.5,27.9,3.6,990.4,29,8,1,0,-0.8660254037844385,-0.5000000000000004,21.275,846.725
2023-08-30,75.0,30500.0,132.64,167.0,0,0,1,0,0,7.52,3.7,849.4,22.75,4.7,869.35,5.3,29.0,0.3,991.85,30,8,2,0,-0.8660254037844385,-0.5000000000000004,21.35,848.4749999999999
2023-08-31,95.0,22000.0,132.68,167.0,0,0,1,0,0,7.52,1.1,850.4000000000001,22.85,9.0,870.75,1.6,29.7,1.1,992.7,31,8,3,0,-0.8660254037844385,-0.5000000000000004,21.65,849.575
2023-09-01,100.835,32625.0,132.76,170.0,0,0,1,0,0,8.19,0.5,849.85,23.0,4.5,870.25,2.4,29.35,7.4,992.15,1,9,4,0,-1.0,-1.8369701987210294e-16,21.424999999999997,848.975
2023-09-02,95.0,48675.0,132.65,170.0,0,0,1,0,0,8.19,7.2,848.6,23.5,4.3,868.9000000000001,4.3,29.45,5.2,990.95,2,9,5,1,-1.0,-1.8369701987210294e-16,22.1,847.875
2023-09-03,77.5,63650.0,132.65,170.0,0,0,1,0,0,8.19,2.3,848.45,24.3,8.5,869.0,4.9,30.05,8.3,989.7,3,9,6,0,-1.0,-1.8369701987210294e-16,22.15,847.725
2023-09-04,70.0,31540.0,132.65,170.0,0,0,1,0,0,8.19,0.4,848.3,24.15,2.3,868.2,3.4,29.7,6.1,989.8,4,9,0,0,-1.0,-1.8369701987210294e-16,22.700000000000003,847.475
2023-09-05,60.0,58650.0,132.7,170.0,0,0,1,0,0,8.19,0.2,848.9000000000001,22.85,0.3,869.1500000000001,0.8,29.85,0.0,990.0,5,9,1,0,-1.0,-1.8369701987210294e-16,21.775000000000002,848.125
2023-09-06,55.0,41193.0,133.17,170.0,0,0,1,0,0,8.19,0.0,849.9,23.8,0.2,870.05,0.0,30.05,0.0,990.3,6,9,2,0,-1.0,-1.8369701987210294e-16,22.1,849.125
2023-09-07,60.0,30325.0,133.32,170.0,0,0,1,0,0,8.19,0.3,849.3,24.200000000000003,4.1,869.5,1.9,30.05,5.6,991.1,7,9,3,0,-1.0,-1.8369701987210294e-16,22.175,848.55
2023-09-08,45.0,36759.0,133.44,170.0,0,0,1,0,0,8.19,8.3,849.25,23.25,10.7,869.45,10.7,28.85,17.3,992.1,8,9,4,0,-1.0,-1.8369701987210294e-16,21.35,848.325
2023-09-09,45.0,47419.0,133.02,170.0,0,0,1,0,0,8.19,6.6,849.05,22.85,13.0,869.5,5.3,27.45,11.4,992.15,9,9,5,1,-1.0,-1.8369701987210294e-16,20.55,848.275
2023-09-10,45.0,38125.0,133.02,170.0,0,0,1,0,0,8.19,1.9,848.0,22.75,11.3,868.4000000000001,1.4,29.6,1.0,989.75,10,9,6,0,-1.0,-1.8369701987210294e-16,20.8,847.25
2023-09-11,45.0,28675.0,133.02,170.0,0,0,1,0,0,8.19,0.7,847.4,22.5,6.4,867.6,4.5,29.4,0.4,988.6,11,9,0,0,-1.0,-1.8369701987210294e-16,21.15,846.45
2023-09-12,50.0,31295.0,133.16,170.0,0,0,1,0,0,8.19,4.0,847.65,23.05,3.5,867.85,13.8,29.5,10.8,989.7,12,9,1,0,-1.0,-1.8369701987210294e-16,21.625,846.875
2023-09-13,53.75,33915.0,132.98,170.0,0,0,1,0,0,8.19,0.4,848.3,23.9,9.0,868.7,6.6,30.1,1.0,989.7,13,9,2,0,-1.0,-1.8369701987210294e-16,21.775,847.275
2023-09-14,55.0,27575.0,133.08,170.0,0,0,1,0,0,8.19,0.4,849.6,23.1,3.4,869.8,4.5,30.25,1.6,990.75,14,9,3,0,-1.0,-1.8369701987210294e-16,21.9,848.7
2023-09-15,46.0,20625.0,133.16,173.0,0,0,1,0,0,8.19,3.7,850.4000000000001,23.45,11.2,870.85,6.4,29.8,0.9,992.55,15,9,4,0,-1.0,-1.8369701987210294e-16,21.5,849.75
2023-09-16,55.0,43875.0,133.4,173.0,0,0,1,0,0,8.19,6.2,851.2,23.6,3.8,871.55,1.1,30.0,1.6,992.9,16,9,5,1,-1.0,-1.8369701987210294e-16,21.650000000000002,850.375
2023-09-17,55.0,44425.0,133.4,173.0,0,0,1,0,0,8.19,3.7,849.75,23.3,9.2,870.15,7.6,29.55,1.6,990.95,17,9,6,0,-1.0,-1.8369701987210294e-16,21.25,848.925
2023-09-18,57.875,39555.0,133.4,173.0,0,0,1,0,0,8.19,0.0,849.3,23.8,4.4,869.5,4.8,29.65,14.0,991.65,18,9,0,0,-1.0,-1.8369701987210294e-16,21.650000000000002,848.5
2023-09-19,60.0,38975.0,133.54,173.0,0,0,1,0,0,8.19,0.1,850.6,22.950000000000003,10.3,870.9000000000001,6.3,28.4,3.3,994.05,19,9,1,0,-1.0,-1.8369701987210294e-16,21.35,849.875
2023-09-20,47.5,64775.0,133.54,173.0,0,0,1,0,0,8.19,2.0,850.55,22.5,3.2,871.0,16.2,28.5,1.0,993.4,20,9,2,0,-1.0,-1.8369701987210294e-16,20.775,849.675
2023-09-21,47.5,54725.0,133.22,173.0,0,0,1,0,0,8.19,4.1,850.45,22.45,21.7,870.7,12.2,28.05,1.8,993.5,21,9,3,0,-1.0,-1.8369701987210294e-16,20.625,849.55
2023-09-22,40.0,81540.0,133.25,173.0,0,0,1,0,0,8.19,12.2,850.3499999999999,22.1,29.1,870.75,9.7,27.9,0.6,993.75,22,9,4,0,-1.0,-1.8369701987210294e-16,19.85,849.55
2023-09-23,39.0,40625.0,133.0,173.0,0,0,1,0,0,8.19,0.3,850.1500000000001,21.15,2.0,870.2,1.9,26.200000000000003,4.4,993.85,23,9,5,1,-1.0,-1.8369701987210294e-16,19.549999999999997,849.0500000000001
2023-09-24,40.0,40850.0,133.0,173.0,0,0,1,0,0,8.19,0.7,849.5,21.85,9.2,869.7,3.1,26.65,1.3,992.8,24,9,6,0,-1.0,-1.8369701987210294e-16,20.25,848.525
2023-09-25,32.5,54925.0,133.0,173.0,1,0,1,0,0,8.19,5.0,850.15,21.85,14.2,870.5,4.8,27.25,0.6,994.0,25,9,0,0,-1.0,-1.8369701987210294e-16,19.6,849.4000000000001
2023-09-26,40.0,41454.0,133.34,173.0,1,0,1,0,0,8.19,1.7,851.15,21.55,3.7,871.4,8.0,27.85,9.0,994.25,26,9,1,0,-1.0,-1.8369701987210294e-16,19.575000000000003,850.05
2023-09-27,40.0,24825.0,133.48,173.0,1,0,1,0,0,8.19,0.3,850.6500000000001,21.9,2.0,871.0,11.4,28.15,3.4,993.5,27,9,2,0,-1.0,-1.8369701987210294e-16,20.625,849.725
2023-09-28,45.0,25336.0,133.46,173.0,1,0,1,0,0,8.19,1.4,850.75,22.0,3.9,871.0999999999999,3.8,28.9,0.0,993.5,28,9,3,0,-1.0,-1.8369701987210294e-16,20.35,849.925
2023-09-29,43.75,58025.0,133.4,173.0,1,0,1,0,0,8.19,0.6,850.85,22.85,10.8,871.3499999999999,5.1,30.0,0.0,992.85,29,9,4,0,-1.0,-1.8369701987210294e-16,20.625,850.2249999999999
2023-09-30,44.0,64680.0,133.17,179.0,1,0,1,0,0,8.19,0.0,850.9000000000001,23.0,1.1,870.65,2.6,29.95,0.4,992.85,30,9,5,1,-1.0,-1.8369701987210294e-16,21.3,849.75
2023-10-01,45.0,30900.0,133.17,173.0,1,1,0,0,0,7.5,0.0,849.3,22.6,0.3,869.7,3.8,28.85,0.1,991.6,1,10,6,0,-0.8660254037844386,0.5000000000000001,20.875,848.425
2023-10-02,45.0,84975.0,133.17,173.0,1,1,0,0,0,7.5,5.1,849.7,22.1,2.8,870.05,0.5,28.75,3.1,993.1,2,10,0,0,-0.8660254037844386,0.5000000000000001,20.1,848.9000000000001
2023-10-03,43.2,69075.0,133.17,173.0,1,1,0,0,0,7.5,2.4,851.0,21.85,4.7,871.25,4.0,27.6,6.8,994.0,3,10,1,0,-0.8660254037844386,0.5000000000000001,20.4,849.875
2023-10-04,45.0,32125.0,133.44,173.0,1,1,0,0,0,7.5,16.3,850.25,20.2,14.9,870.65,10.3,26.9,2.6,994.25,4,10,2,0,-0.8660254037844386,0.5000000000000001,18.924999999999997,849.275
2023-10-05,40.0,43450.0,133.49,173.0,1,1,0,0,0,7.5,4.8,849.7,21.6,0.5,869.95,0.5,27.3,2.6,993.0,5,10,3,0,-0.8660254037844386,0.5000000000000001,20.05,848.65
2023-10-06,42.0,57775.0,133.51,173.0,1,1,0,0,0,7.5,2.3,849.55,21.1,2.4,869.95,7.2,27.5,1.0,993.5,6,10,4,0,-0.8660254037844386,0.5000000000000001,19.75,848.6
2023-10-07,42.5,34675.0,133.5,173.0,1,1,0,0,0,7.5,1.8,850.6500000000001,20.95,0.7,870.8,4.1,26.9,1.6,995.15,7,10,5,1,-0.8660254037844386,0.5000000000000001,19.4,849.6
2023-10-08,42.33,50744.0,133.5,173.0,1,1,0,0,0,7.5,3.8,851.05,20.25,3.2,871.0,1.7,27.25,0.8,994.95,8,10,6,0,-0.8660254037844386,0.5000000000000001,19.049999999999997,849.925
2023-10-09,37.5,80025.0,133.5,173.0,1,1,0,0,0,7.5,7.0,851.6,20.5,3.1,871.65,2.2,27.55,3.1,996.1,9,10,0,0,-0.8660254037844386,0.5000000000000001,19.275,850.475
2023-10-10,35.0,48950.0,133.53,173.0,1,1,0,0,0,7.5,2.1,852.5,20.4,2.2,872.75,1.3,26.9,2.0,997.75,10,10,1,0,-0.8660254037844386,0.5000000000000001,18.700000000000003,851.675
2023-10-11,37.5,47350.0,133.5,173.0,1,1,0,0,0,7.5,8.1,852.0,19.55,1.1,872.25,2.9,26.7,2.3,997.35,11,10,2,0,-0.8660254037844386,0.5000000000000001,17.975,851.025
2023-10-12,32.5,44775.0,133.41,173.0,1,1,0,0,0,7.5,0.9,853.0999999999999,19.3,9.2,873.5999999999999,5.2,27.0,5.7,999.15,12,10,3,0,-0.8660254037844386,0.5000000000000001,17.525,852.2249999999999
2023-10-13,32.5,40800.0,133.5,173.0,1,1,0,0,0,7.5,1.0,854.25,19.15,0.6,874.5999999999999,1.6,26.05,0.0,1000.2,13,10,4,0,-0.8660254037844386,0.5000000000000001,17.15,853.275
2023-10-14,33.33,94280.0,133.53,173.0,1,1,0,0,0,7.5,2.0,853.5999999999999,18.25,1.3,873.8499999999999,0.8,24.85,0.0,999.7,14,10,5,1,-0.8660254037844386,0.5000000000000001,16.6,852.5
2023-10-15,37.67,79928.0,133.53,168.0,1,1,0,0,0,7.5,3.0,851.55,18.1,1.4,871.8499999999999,2.3,25.0,0.7,998.0,15,10,6,0,-0.8660254037844386,0.5000000000000001,16.049999999999997,850.4
2023-10-16,34.0,35000.0,133.53,168.0,0,1,0,0,0,7.5,3.3,852.9000000000001,17.8,1.7,872.75,2.5,24.8,8.5,1000.05,16,10,0,0,-0.8660254037844386,0.5000000000000001,16.125,851.725
2023-10-17,38.3,36000.0,133.55,168.0,0,1,0,0,0,7.5,0.2,854.5,18.65,0.3,874.85,3.1,24.65,0.0,1001.1,17,10,1,0,-0.8660254037844386,0.5000000000000001,16.5,853.55
2023-10-18,40.5,66775.0,133.52,168.0,0,1,0,0,0,7.5,0.0,854.6,17.55,0.8,874.25,1.1,24.450000000000003,0.0,1001.0,18,10,2,0,-0.8660254037844386,0.5000000000000001,15.975,853.3
2023-10-19,40.0,25130.0,133.52,168.0,0,1,0,0,0,7.5,0.6,853.6,16.950000000000003,0.6,874.1,2.1,23.9,2.7,1001.3,19,10,3,0,-0.8660254037844386,0.5000000000000001,15.225000000000001,852.625
2023-10-20,39.335,47075.0,133.5,168.0,0,1,0,0,0,7.5,0.0,854.45,16.75,0.5,874.95,0.3,24.3,0.0,1002.15,20,10,4,0,-0.8660254037844386,0.5000000000000001,15.274999999999999,853.475
2023-10-21,38.0,40675.0,133.3,168.0,0,1,0,0,0,7.5,0.1,855.0,16.799999999999997,0.9,875.4000000000001,0.6,23.5,0.0,1003.1,21,10,5,1,-0.8660254037844386,0.5000000000000001,15.175,854.075
2023-10-22,60.0,55850.0,133.3,168.0,0,1,0,0,0,7.5,0.0,855.5,17.7,0.2,875.9000000000001,0.0,23.55,0.0,1002.6,22,10,6,0,-0.8660254037844386,0.5000000000000001,15.45,854.425
2023-10-23,60.625,43625.0,133.3,168.0,0,1,0,0,0,7.5,0.0,854.4000000000001,17.55,0.0,875.25,0.0,24.05,0.0,1001.2,23,10,0,0,-0.8660254037844386,0.5000000000000001,15.2,853.45
2023-10-24,62.5,12850.0,133.42,168.0,0,1,0,0,0,7.5,0.0,854.5,17.7,0.2,874.25,0.0,24.5,0.0,1000.55,24,10,1,0,-0.8660254037844386,0.5000000000000001,15.65,853.225
2023-10-25,50.75,9525.0,133.42,168.0,0,1,0,0,0,7.5,0.0,854.05,17.7,0.0,874.5,0.0,24.25,0.0,1000.75,25,10,2,0,-0.8660254037844386,0.5000000000000001,15.975000000000001,853.175
2023-10-26,45.0,37829.0,133.4,168.0,0,1,0,0,0,7.5,0.1,853.9000000000001,17.5,0.3,874.25,0.3,24.45,1.2,1000.95,26,10,3,0,-0.8660254037844386,0.5000000000000001,15.65,852.975
2023-10-27,44.0,39660.0,133.48,168.0,0,1,0,0,0,7.5,0.1,853.05,17.75,0.4,873.85,1.7,23.95,2.0,1000.75,27,10,4,0,-0.8660254037844386,0.5000000000000001,14.875,852.175
2023-10-28,45.0,43775.0,133.5,168.0,0,1,0,0,0,7.5,0.0,853.3499999999999,17.2,0.5,874.4,2.0,24.0,0.0,1001.45,28,10,5,1,-0.8660254037844386,0.5000000000000001,14.325,852.3499999999999
2023-10-29,45.0,27832.0,133.5,168.0,0,1,0,0,0,7.5,0.0,853.8,16.7,0.5,874.1,0.7,23.55,0.0,1001.3,29,10,6,0,-0.8660254037844386,0.5000000000000001,14.95,852.925
2023-10-30,48.0,49300.0,133.5,168.0,0,1,0,0,0,7.5,0.0,854.4,18.1,1.3,875.0,0.4,23.05,0.0,1001.85,30,10,0,0,-0.8660254037844386,0.5000000000000001,16.125,853.5250000000001
2023-10-31,45.0,17927.0,133.51,168.0,0,1,0,0,0,7.5,0.0,856.2,18.75,0.2,877.3,1.2,24.7,0.0,1003.05,31,10,1,0,-0.8660254037844386,0.5000000000000001,15.924999999999999,855.3
2023-11-01,55.0,52175.0,133.51,164.0,1,1,0,0,0,5.38,0.0,856.25,18.4,0.0,877.3,0.1,24.65,0.0,1003.1,1,11,2,0,-0.5000000000000004,0.8660254037844384,15.475,855.4
2023-11-02,57.125,64130.0,133.57,164.0,1,1,0,0,0,5.38,0.0,854.35,16.55,0.0,874.6,1.2,24.6,0.0,1001.35,2,11,3,0,-0.5000000000000004,0.8660254037844384,15.475,853.3
2023-11-03,59.375,61225.0,133.5,164.0,1,1,0,0,0,5.38,0.1,853.0,16.6,0.4,872.5,5.0,23.8,0.0,999.7,3,11,4,0,-0.5000000000000004,0.8660254037844384,14.725000000000001,851.675
2023-11-04,55.0,46925.0,133.56,164.0,1,1,0,0,0,5.38,0.4,851.35,15.5,0.5,871.6,0.9,23.200000000000003,0.0,999.25,4,11,5,1,-0.5000000000000004,0.8660254037844384,13.600000000000001,850.45
2023-11-05,57.0,56225.0,133.56,164.0,1,1,0,0,0,5.38,0.0,853.0,15.5,2.1,873.75,1.3,22.950000000000003,0.0,1002.0,5,11,6,0,-0.5000000000000004,0.8660254037844384,14.075,852.2
2023-11-06,55.0,49200.0,133.56,164.0,1,1,0,0,0,5.38,0.0,854.65,15.55,0.7,875.2,1.2,22.25,0.0,1003.2,6,11,0,0,-0.5000000000000004,0.8660254037844384,13.6,853.4749999999999
2023-11-07,55.0,59225.0,133.45,164.0,1,1,0,0,0,5.38,0.0,854.0,16.5,0.3,874.8,0.4,22.3,0.0,1002.25,7,11,1,0,-0.5000000000000004,0.8660254037844384,14.05,852.975
2023-11-08,57.5,78286.0,133.52,164.0,1,1,0,0,0,5.38,0.0,852.4,16.6,0.0,873.2,0.7,21.95,0.0,1000.85,8,11,2,0,-0.5000000000000004,0.8660254037844384,13.95,851.3
2023-11-09,60.0,72089.5,133.54,164.0,1,1,0,0,0,5.38,0.0,852.45,15.7,0.0,872.9000000000001,0.4,21.5,0.0,1001.75,9,11,3,0,-0.5000000000000004,0.8660254037844384,13.7,851.1
2023-11-10,55.0,65893.0,133.56,164.0,1,1,0,0,0,5.38,0.0,854.1,14.9,0.4,874.1500000000001,0.3,22.6,0.0,1003.5,10,11,4,0,-0.5000000000000004,0.8660254037844384,13.399999999999999,852.925
2023-11-11,45.0,50050.0,133.65,164.0,1,1,0,0,0,5.38,0.0,855.05,14.7,0.0,875.2,1.4,22.05,0.0,1003.95,11,11,5,1,-0.5000000000000004,0.8660254037844384,13.275,853.85
2023-11-12,55.0,57950.0,133.65,164.0,1,1,0,0,0,5.38,0.0,854.85,15.75,0.4,875.4,0.3,22.2,0.0,1004.3,12,11,6,0,-0.5000000000000004,0.8660254037844384,13.399999999999999,854.175
2023-11-13,55.0,82225.0,133.65,164.0,1,1,0,0,0,5.38,0.0,855.7,16.35,0.0,876.75,0.0,21.7,0.0,1004.45,13,11,0,0,-0.5000000000000004,0.8660254037844384,13.575,854.7
2023-11-14,65.0,47500.0,133.64,164.0,1,1,0,0,0,5.38,0.0,855.7,16.45,0.0,876.7,0.3,21.450000000000003,0.0,1003.95,14,11,1,0,-0.5000000000000004,0.8660254037844384,14.55,854.6750000000001
2023-11-15,65.0,19975.0,133.64,164.0,1,1,0,0,0,5.38,0.0,856.1,16.2,0.0,875.65,0.3,22.05,0.0,1003.8,15,11,2,0,-0.5000000000000004,0.8660254037844384,14.350000000000001,854.475
2023-11-16,65.0,16175.0,133.34,164.0,0,1,0,0,0,5.38,0.0,856.0,16.65,0.1,876.9,0.0,22.85,0.0,1004.8,16,11,3,0,-0.5000000000000004,0.8660254037844384,13.875,854.925
2023-11-17,66.67,52750.0,133.48,164.0,0,1,0,0,0,5.38,0.0,856.15,17.25,0.0,877.2,0.0,23.35,0.0,1002.95,17,11,4,0,-0.5000000000000004,0.8660254037844384,14.425,854.825
2023-11-18,65.0,69450.0,133.54,164.0,0,1,0,0,0,5.38,0.0,855.2,15.5,0.0,875.35,0.7,22.8,0.0,1003.5,18,11,5,1,-0.5000000000000004,0.8660254037844384,13.275,853.725
2023-11-19,66.67,80815.0,133.54,164.0,0,1,0,0,0,5.38,0.0,855.9,14.55,0.0,876.1500000000001,0.0,22.85,0.0,1004.55,19,11,6,0,-0.5000000000000004,0.8660254037844384,13.5,854.7750000000001
2023-11-20,80.83500000000001,46075.0,133.54,164.0,0,1,0,0,0,5.38,0.0,855.65,16.6,0.0,875.7,0.0,21.95,0.0,1003.9,20,11,0,0,-0.5000000000000004,0.8660254037844384,14.125,854.3499999999999
2023-11-21,96.67,61375.0,133.65,164.0,0,1,0,0,0,5.38,0.0,852.95,14.95,0.0,873.6,0.0,20.55,0.0,1001.55,21,11,1,0,-0.5000000000000004,0.8660254037844384,13.9,851.6
2023-11-22,96.67,68375.0,133.68,164.0,0,1,0,0,0,5.38,0.0,851.4000000000001,13.8,0.0,871.5,0.5,20.25,0.0,1001.3,22,11,2,0,-0.5000000000000004,0.8660254037844384,12.275,850.4250000000001
2023-11-23,90.0,70146.0,133.62,164.0,0,1,0,0,0,5.38,0.0,851.8499999999999,14.4,0.4,872.3,0.0,20.15,0.0,1001.4,23,11,3,0,-0.5000000000000004,0.8660254037844384,12.65,850.9499999999999
2023-11-24,90.0,69050.0,133.66,164.0,0,1,0,0,0,5.38,0.0,853.8,15.55,0.2,874.0,0.0,20.75,0.0,1002.75,24,11,4,0,-0.5000000000000004,0.8660254037844384,13.125,852.525
2023-11-25,89.16499999999999,68425.0,133.7,164.0,0,1,0,0,0,5.38,0.0,854.35,14.15,1.7,874.9000000000001,1.6,21.6,0.0,1004.45,25,11,5,1,-0.5000000000000004,0.8660254037844384,12.7,853.2750000000001
2023-11-26,90.0,81120.0,133.7,164.0,0,1,0,0,0,5.38,0.0,857.0,14.95,0.0,877.05,0.0,21.2,0.0,1005.4,26,11,6,0,-0.5000000000000004,0.8660254037844384,13.5,855.65
2023-11-27,94.165,93760.0,133.7,164.0,0,1,0,0,0,5.38,0.0,855.05,16.05,0.0,875.45,0.0,21.25,0.0,1004.3,27,11,0,0,-0.5000000000000004,0.8660254037844384,14.125,854.125
2023-11-28,95.0,77458.0,133.7,164.0,0,1,0,0,0,5.38,0.0,854.2,15.95,0.0,874.3499999999999,0.3,21.5,0.0,1002.2,28,11,1,0,-0.5000000000000004,0.8660254037844384,13.85,852.8
2023-11-29,95.0,78125.0,133.64,164.0,0,1,0,0,0,5.38,0.0,853.7,15.3,0.5,874.3,0.8,21.6,0.0,1003.1,29,11,2,0,-0.5000000000000004,0.8660254037844384,13.125,852.7
2023-11-30,100.0,55632.0,133.63,160.0,0,1,0,0,0,5.38,0.0,854.2,14.15,0.0,875.1500000000001,0.0,19.7,0.0,1004.05,30,11,3,0,-0.5000000000000004,0.8660254037844384,11.850000000000001,853.25
2023-12-01,100.0,80949.0,133.74,160.0,0,0,0,0,1,4.95,0.0,854.8499999999999,14.75,0.1,874.45,0.5,20.95,0.0,1003.0,1,12,4,0,-2.4492935982947064e-16,1.0,13.775,853.4499999999999
2023-12-02,85.83500000000001,70966.0,133.57,160.0,0,0,0,0,1,4.95,0.0,853.8,14.65,0.0,874.75,0.7,21.15,0.0,1002.6,2,12,5,1,-2.4492935982947064e-16,1.0,12.5,852.8249999999999
2023-12-03,85.0,87100.0,133.57,160.0,0,0,0,0,1,4.95,0.0,853.6,15.95,0.0,875.3499999999999,0.0,20.45,0.0,1003.15,3,12,6,0,-2.4492935982947064e-16,1.0,11.7,852.75
2023-12-04,85.0,75553.0,133.57,160.0,0,0,0,0,1,4.95,0.0,853.55,13.5,0.0,873.55,0.0,20.7,0.0,1002.2,4,12,0,0,-2.4492935982947064e-16,1.0,11.3,852.075
2023-12-05,70.83500000000001,89352.0,133.69,160.0,0,0,0,0,1,4.95,0.0,852.05,16.15,0.0,873.25,0.0,19.4,0.0,1000.95,5,12,1,0,-2.4492935982947064e-16,1.0,13.05,850.875
2023-12-06,66.67,76937.0,133.72,160.0,0,0,0,0,1,4.95,0.0,853.7,15.6,0.0,874.8499999999999,0.0,20.8,0.0,1003.7,6,12,2,0,-2.4492935982947064e-16,1.0,12.975,852.55
2023-12-07,75.0,69525.0,133.63,160.0,0,0,0,0,1,4.95,0.0,852.7,12.7,1.8,872.7,0.8,19.6,1.7,1002.1,7,12,3,0,-2.4492935982947064e-16,1.0,10.675,851.2750000000001
2023-12-08,80.0,65200.0,133.67,160.0,0,0,0,0,1,4.95,0.0,850.8,12.95,0.3,871.5999999999999,0.2,20.6,0.0,1001.15,8,12,4,0,-2.4492935982947064e-16,1.0,10.425,849.425
2023-12-09,80.83500000000001,36625.0,133.72,160.0,0,0,0,0,1,4.95,0.0,851.2,12.8,0.0,872.0,0.0,19.55,0.0,1002.45,9,12,5,1,-2.4492935982947064e-16,1.0,10.825,849.925
2023-12-10,80.0,66468.0,133.72,160.0,0,0,0,0,1,4.95,0.0,848.65,11.7,0.0,869.05,0.2,17.0,0.0,1000.95,10,12,6,0,-2.4492935982947064e-16,1.0,10.149999999999999,847.7
2023-12-11,75.0,92460.0,133.72,160.0,0,0,0,0,1,4.95,0.0,851.7,12.15,0.4,871.3,0.0,17.25,0.0,1003.15,11,12,0,0,-2.4492935982947064e-16,1.0,10.15,850.075
2023-12-12,70.0,75689.0,133.74,160.0,0,0,0,0,1,4.95,1.2,850.65,11.4,1.8,870.4,2.4,16.9,0.0,1001.05,12,12,1,0,-2.4492935982947064e-16,1.0,9.775,849.125
2023-12-13,74.16499999999999,76023.0,133.73,160.0,0,0,0,0,1,4.95,0.0,850.45,10.45,1.2,870.5,0.0,17.95,0.0,1001.95,13,12,2,0,-2.4492935982947064e-16,1.0,8.524999999999999,848.75
2023-12-14,50.0,65918.0,133.75,160.0,0,0,0,0,1,4.95,0.0,850.75,11.5,0.0,871.8,0.0,17.1,0.0,1003.95,14,12,3,0,-2.4492935982947064e-16,1.0,8.825,849.375
2023-12-15,53.33,81158.0,133.64,157.0,0,0,0,0,1,4.95,0.0,854.05,10.75,0.0,873.6,0.0,15.95,0.0,1005.8,15,12,4,0,-2.4492935982947064e-16,1.0,9.55,852.175
2023-12-16,55.0,59130.0,133.11,157.0,0,0,0,0,1,4.95,0.0,851.95,11.65,0.0,872.45,0.0,16.7,0.0,1003.45,16,12,5,1,-2.4492935982947064e-16,1.0,9.7,850.35
2023-12-17,70.0,82500.0,133.11,157.0,0,0,0,0,1,4.95,0.0,853.0,12.1,0.0,872.6500000000001,0.0,16.75,0.0,1004.1,17,12,6,0,-2.4492935982947064e-16,1.0,10.6,851.175
2023-12-18,65.0,77209.0,133.11,157.0,0,0,0,0,1,4.95,0.0,852.5,12.55,0.0,873.0,0.0,16.6,0.0,1004.4,18,12,0,0,-2.4492935982947064e-16,1.0,9.7,850.85
2023-12-19,65.0,85385.0,133.2,157.0,0,0,0,0,1,4.95,0.0,853.45,10.3,0.0,872.8,0.0,17.2,0.0,1005.9,19,12,1,0,-2.4492935982947064e-16,1.0,9.25,851.625
2023-12-20,65.0,61425.0,133.4,157.0,0,0,0,0,1,4.95,0.0,854.4,12.55,0.0,874.95,0.0,17.15,0.0,1005.15,20,12,2,0,-2.4492935982947064e-16,1.0,10.025,852.925
2023-12-21,65.0,65258.0,133.38,157.0,0,0,0,0,1,4.95,0.0,854.05,14.45,0.0,873.8499999999999,0.0,17.05,0.0,1004.25,21,12,3,0,-2.4492935982947064e-16,1.0,12.350000000000001,852.3249999999999
2023-12-22,55.0,62475.0,133.55,157.0,0,0,0,0,1,4.95,0.0,854.3499999999999,13.15,0.0,874.1,0.0,17.4,0.0,1004.75,22,12,4,0,-2.4492935982947064e-16,1.0,11.525,852.525
2023-12-23,65.83500000000001,54212.0,133.33,157.0,0,0,0,0,1,4.95,0.0,856.4,13.4,0.3,876.0999999999999,0.0,18.8,0.0,1006.65,23,12,5,1,-2.4492935982947064e-16,1.0,11.0,854.575
2023-12-24,65.0,60943.0,133.33,157.0,0,0,0,0,1,4.95,0.0,855.8,13.2,0.0,876.9,0.5,18.3,0.0,1007.0,24,12,6,0,-2.4492935982947064e-16,1.0,10.2,854.575
2023-12-25,65.0,69950.0,133.33,157.0,0,0,0,0,1,4.95,0.0,855.0,12.4,0.0,875.6500000000001,0.0,18.65,0.0,1005.85,25,12,0,0,-2.4492935982947064e-16,1.0,9.45,853.675
2023-12-26,70.83500000000001,72025.0,133.33,157.0,0,0,0,0,1,4.95,0.0,853.8,13.25,0.0,875.2,0.0,18.35,0.0,1006.15,26,12,1,0,-2.4492935982947064e-16,1.0,9.975,852.9749999999999
2023-12-27,65.83500000000001,60982.0,133.42,157.0,0,0,0,0,1,4.95,0.0,855.45,12.4,0.0,876.0999999999999,0.0,17.95,0.0,1007.15,27,12,2,0,-2.4492935982947064e-16,1.0,10.024999999999999,854.375
2023-12-28,60.0,55905.0,133.66,157.0,0,0,0,0,1,4.95,0.0,853.9,11.85,0.0,874.5999999999999,0.0,18.5,0.0,1006.0,28,12,3,0,-2.4492935982947064e-16,1.0,9.725000000000001,852.9
2023-12-29,60.0,81725.0,133.37,157.0,0,0,0,0,1,4.95,0.0,854.7,13.3,0.0,875.8,0.0,18.4,0.0,1006.05,29,12,4,0,-2.4492935982947064e-16,1.0,10.25,853.575
2023-12-30,60.0,75000.0,133.44,157.0,0,0,0,0,1,4.95,0.0,853.0999999999999,13.1,0.1,874.35,0.2,17.95,0.0,1004.7,30,12,5,1,-2.4492935982947064e-16,1.0,10.475,852.05
2023-12-31,60.0,76650.0,133.44,157.0,0,0,0,0,1,4.95,0.0,853.0,12.75,0.0,873.8499999999999,0.0,16.35,0.0,1005.1,31,12,6,0,-2.4492935982947064e-16,1.0,10.475000000000001,851.925
2024-01-01,60.0,84095.0,133.44,157.0,0,0,0,0,1,5.26,0.0,852.75,11.6,0.0,872.6,0.0,15.05,0.0,1004.45,1,1,0,0,0.4999999999999999,0.8660254037844387,9.95,851.075
2024-01-02,50.0,69950.0,133.49,157.0,0,0,0,0,1,5.26,0.0,851.0999999999999,10.25,0.1,871.55,0.6,14.8,0.0,1004.45,2,1,1,0,0.4999999999999999,0.8660254037844387,8.55,849.9
2024-01-03,65.0,80168.0,133.62,157.0,0,0,0,0,1,5.26,0.0,851.7,9.95,0.0,872.15,0.1,14.7,0.0,1004.15,3,1,2,0,0.4999999999999999,0.8660254037844387,8.175,850.425
2024-01-04,55.0,61175.0,133.55,157.0,0,0,0,0,1,5.26,0.0,851.95,11.55,0.2,872.55,0.7,15.25,0.0,1004.1,4,1,3,0,0.4999999999999999,0.8660254037844387,8.55,850.275
2024-01-05,55.0,73795.0,133.48,157.0,0,0,0,0,1,5.26,0.0,851.7,11.95,0.0,873.0,0.1,15.4,0.0,1004.95,5,1,4,0,0.4999999999999999,0.8660254037844387,8.35,850.5250000000001
2024-01-06,55.0,77900.0,133.35,157.0,0,0,0,0,1,5.26,0.0,852.7,11.15,0.0,873.15,0.0,16.85,0.0,1005.0,6,1,5,1,0.4999999999999999,0.8660254037844387,8.725,851.3000000000001
2024-01-07,55.0,54025.0,133.35,157.0,0,0,0,0,1,5.26,0.0,853.75,11.8,0.0,874.45,0.2,17.1,0.0,1006.15,7,1,6,0,0.4999999999999999,0.8660254037844387,9.275,852.2
2024-01-08,45.0,65150.0,133.35,157.0,0,0,0,0,1,5.26,0.0,853.55,10.35,0.0,873.5,0.0,16.549999999999997,0.0,1006.0,8,1,0,0,0.4999999999999999,0.8660254037844387,9.375,851.9749999999999
2024-01-09,50.0,54400.0,133.33,157.0,0,0,0,0,1,5.26,0.0,852.9,12.1,0.0,872.5999999999999,0.0,15.55,0.0,1004.45,9,1,1,0,0.4999999999999999,0.8660254037844387,10.175,851.0999999999999
2024-01-10,50.0,67446.0,133.29,157.0,0,0,0,0,1,5.26,0.0,850.95,11.75,0.0,871.3,0.0,15.55,0.0,1002.25,10,1,2,0,0.4999999999999999,0.8660254037844387,9.75,849.3
2024-01-11,50.0,72668.0,133.16,157.0,0,0,0,0,1,5.26,0.0,852.55,10.25,0.0,871.7,0.0,15.0,0.0,1005.3,11,1,3,0,0.4999999999999999,0.8660254037844387,9.274999999999999,850.525
2024-01-12,50.0,68300.0,133.15,157.0,0,0,0,0,1,5.26,0.0,852.1,11.35,0.0,871.45,0.0,13.7,0.0,1005.0,12,1,4,0,0.4999999999999999,0.8660254037844387,9.725000000000001,850.6
2024-01-13,50.0,52626.0,132.98,157.0,0,0,0,0,1,5.26,0.0,852.05,13.0,0.0,871.55,0.0,13.05,0.0,1004.25,13,1,5,1,0.4999999999999999,0.8660254037844387,11.725,850.525
2024-01-14,50.0,60100.0,132.98,157.0,0,0,0,0,1,5.26,0.0,851.95,12.45,0.0,871.6500000000001,0.0,14.05,0.0,1003.9,14,1,6,0,0.4999999999999999,0.8660254037844387,10.65,850.575
2024-01-15,50.0,73035.0,132.98,156.0,0,0,0,0,1,5.26,0.0,850.3499999999999,13.05,0.1,871.65,0.2,14.1,0.0,1003.2,15,1,0,0,0.4999999999999999,0.8660254037844387,9.325,849.2249999999999
2024-01-16,52.5,71875.0,132.92,156.0,0,0,0,0,1,5.26,0.1,850.4,11.15,0.6,870.7,0.4,14.4,0.0,1002.5,16,1,1,0,0.4999999999999999,0.8660254037844387,8.350000000000001,848.8
2024-01-17,50.0,33400.0,133.22,156.0,0,0,0,0,1,5.26,0.0,849.4,10.1,1.0,869.5999999999999,0.2,14.6,0.0,1002.8,17,1,2,0,0.4999999999999999,0.8660254037844387,7.575,848.075
2024-01-18,50.0,52550.0,133.33,156.0,0,0,0,0,1,5.26,0.0,850.15,8.6,0.0,869.5,1.5,14.35,0.0,1003.5,18,1,3,0,0.4999999999999999,0.8660254037844387,7.4,848.45
2024-01-19,55.0,67902.0,133.3,156.0,0,0,0,0,1,5.26,0.0,850.9,9.15,0.0,871.0,0.0,14.55,0.0,1005.7,19,1,4,0,0.4999999999999999,0.8660254037844387,6.925,849.275
2024-01-20,55.0,64878.0,133.21,156.0,0,0,0,0,1,5.26,0.0,850.95,9.1,0.0,870.75,0.0,13.9,0.0,1004.85,20,1,5,1,0.4999999999999999,0.8660254037844387,7.625,849.475
2024-01-21,55.0,93725.0,133.21,156.0,0,0,0,0,1,5.26,0.0,849.15,10.2,0.0,869.25,0.0,12.5,0.0,1004.1,21,1,6,0,0.4999999999999999,0.8660254037844387,7.1,847.175
2024-01-22,55.0,69000.0,133.21,156.0,0,0,0,0,1,5.26,0.0,851.3,10.45,0.0,872.0999999999999,0.0,11.65,0.0,1006.95,22,1,0,0,0.4999999999999999,0.8660254037844387,6.75,849.9
2024-01-23,55.0,66500.0,133.21,156.0,0,0,0,0,1,5.26,0.0,851.75,10.25,0.8,871.55,0.0,13.5,0.0,1004.55,23,1,1,0,0.4999999999999999,0.8660254037844387,8.2,849.9
2024-01-24,55.0,44525.0,133.35,156.0,0,0,0,0,1,5.26,0.0,851.0,9.75,1.9,871.5,1.1,12.85,0.0,1004.75,24,1,2,0,0.4999999999999999,0.8660254037844387,6.925000000000001,849.45
2024-01-25,60.0,63750.0,133.3,156.0,0,0,0,0,1,5.26,0.0,852.4000000000001,9.45,0.4,872.75,0.0,13.3,0.0,1007.2,25,1,3,0,0.4999999999999999,0.8660254037844387,6.875,850.725
2024-01-26,60.0,64050.0,133.29,156.0,0,0,0,0,1,5.26,0.0,853.6,10.2,0.0,874.45,0.6,13.2,0.0,1008.35,26,1,4,0,0.4999999999999999,0.8660254037844387,7.324999999999999,852.175
2024-01-27,60.0,66725.0,133.29,156.0,0,0,0,0,1,5.26,0.0,851.5,10.7,0.0,872.3499999999999,0.0,12.5,0.0,1006.95,27,1,5,1,0.4999999999999999,0.8660254037844387,6.65,850.15
2024-01-28,65.0,71659.0,133.29,156.0,0,0,0,0,1,5.26,0.0,853.0,10.0,0.0,872.65,0.0,13.2,0.0,1007.2,28,1,6,0,0.4999999999999999,0.8660254037844387,7.875,851.15
2024-01-29,70.0,79825.0,133.29,156.0,0,0,0,0,1,5.26,0.0,852.4000000000001,10.9,0.0,873.0999999999999,0.8,14.1,0.0,1005.2,29,1,0,0,0.4999999999999999,0.8660254037844387,8.35,850.9000000000001
2024-01-30,70.0,51475.0,133.32,156.0,0,0,0,0,1,5.26,0.0,851.05,10.2,2.5,872.0,0.6,14.4,0.0,1004.5,30,1,1,0,0.4999999999999999,0.8660254037844387,7.325,849.5749999999999
2024-01-31,70.0,72176.0,133.28,158.0,0,0,0,0,1,5.26,0.0,851.45,11.05,0.2,871.8,0.5,15.45,0.0,1004.25,31,1,2,0,0.4999999999999999,0.8660254037844387,8.475,849.875
2024-02-01,60.0,68575.0,133.18,158.0,0,0,0,0,1,5.01,0.2,851.95,9.25,0.0,872.45,0.0,15.95,0.0,1004.85,1,2,3,0,0.8660254037844386,0.5000000000000001,7.125,850.35
2024-02-02,70.0,68225.0,133.05,158.0,0,0,0,0,1,5.01,0.0,850.25,11.15,0.0,870.5,0.1,16.25,0.0,1002.05,2,2,4,0,0.8660254037844386,0.5000000000000001,8.975,848.575
2024-02-03,70.0,82225.0,132.98,158.0,0,0,0,0,1,5.01,0.0,848.45,11.65,0.0,869.0,0.0,14.55,0.0,1002.25,3,2,5,1,0.8660254037844386,0.5000000000000001,8.475,846.825
2024-02-04,70.0,62983.0,132.98,158.0,0,0,0,0,1,5.01,0.9,851.2,10.0,1.9,871.4,2.3,16.35,0.0,1005.35,4,2,6,0,0.8660254037844386,0.5000000000000001,7.725,849.85
2024-02-05,70.0,78652.0,132.98,158.0,0,0,0,0,1,5.01,0.0,852.0999999999999,11.05,0.0,872.25,0.9,17.35,0.0,1004.5,5,2,0,0,0.8660254037844386,0.5000000000000001,9.15,850.675
2024-02-06,70.0,81725.0,133.2,158.0,0,0,0,0,1,5.01,0.0,850.95,10.55,0.0,870.75,0.0,15.95,0.0,1003.55,6,2,1,0,0.8660254037844386,0.5000000000000001,9.125,849.575
2024-02-08,85.0,62600.0,133.06,158.0,0,0,0,0,1,5.01,0.0,849.45,10.2,0.0,868.5999999999999,0.0,13.95,0.0,1003.05,8,2,3,0,0.8660254037844386,0.5000000000000001,9.100000000000001,847.325
2024-02-09,75.0,76500.0,133.04,158.0,0,0,0,0,1,5.01,0.0,852.0,10.0,0.0,872.05,0.0,14.8,0.0,1006.95,9,2,4,0,0.8660254037844386,0.5000000000000001,8.225,850.425
2024-02-10,80.0,87440.0,133.16,158.0,0,0,0,0,1,5.01,0.0,855.6500000000001,12.7,0.0,875.0,0.0,16.4,0.0,1007.1,10,2,5,1,0.8660254037844386,0.5000000000000001,10.925,853.85
2024-02-11,75.0,109550.0,133.16,158.0,0,0,0,0,1,5.01,0.0,854.95,13.5,1.1,875.75,0.0,17.4,0.0,1007.2,11,2,6,0,0.8660254037844386,0.5000000000000001,10.825,853.975
2024-02-12,75.0,101775.0,133.16,158.0,0,0,0,0,1,5.01,0.0,855.0,14.15,0.0,876.35,0.0,17.450000000000003,0.0,1006.7,12,2,0,0,0.8660254037844386,0.5000000000000001,10.875,854.0
2024-02-13,80.0,85000.0,133.11,158.0,0,0,0,0,1,5.01,0.0,855.0,14.05,0.0,875.6,0.0,17.1,0.0,1006.2,13,2,1,0,0.8660254037844386,0.5000000000000001,11.275,853.55
2024-02-14,70.0,80700.0,133.11,158.0,0,0,0,0,1,5.01,0.0,853.95,13.15,0.2,874.65,1.0,17.55,0.0,1005.1,14,2,2,0,0.8660254037844386,0.5000000000000001,10.425,852.5500000000001
2024-02-15,70.0,58400.0,133.16,160.0,0,0,0,0,1,5.01,0.0,854.85,13.85,0.0,874.4000000000001,0.0,18.45,0.0,1005.4,15,2,3,0,0.8660254037844386,0.5000000000000001,11.3,853.0250000000001
2024-02-16,70.0,61440.0,133.18,160.0,0,0,0,0,1,5.01,0.0,854.6,14.4,0.0,875.9000000000001,0.0,18.35,0.0,1006.1,16,2,4,0,0.8660254037844386,0.5000000000000001,11.475,853.2750000000001
2024-02-17,60.835,57975.0,133.13,160.0,0,0,0,0,1,5.01,0.0,850.3,14.25,0.0,871.3,0.1,19.15,0.0,1001.5,17,2,5,1,0.8660254037844386,0.5000000000000001,11.175,849.0999999999999
2024-02-18,60.0,92175.0,133.13,160.0,0,0,0,0,1,5.01,0.0,850.75,14.3,0.0,870.7,0.0,17.450000000000003,0.0,1001.55,18,2,6,0,0.8660254037844386,0.5000000000000001,11.875,849.15
2024-02-19,60.0,73925.0,133.13,160.0,0,0,0,0,1,5.01,0.0,852.75,13.85,0.0,872.1,0.0,18.45,0.0,1002.25,19,2,0,0,0.8660254037844386,0.5000000000000001,12.325,850.775
2024-02-20,65.0,51200.0,133.13,160.0,0,0,0,0,1,5.01,0.4,850.5,15.85,0.6,871.3,0.0,20.0,0.0,998.75,20,2,1,0,0.8660254037844386,0.5000000000000001,12.775,849.125
2024-02-21,60.0,91950.0,133.05,160.0,0,0,0,0,1,5.01,1.2,848.0,13.65,1.0,868.5,0.8,20.85,0.1,997.35,21,2,2,0,0.8660254037844386,0.5000000000000001,11.725,846.8
2024-02-22,60.0,63335.0,133.06,160.0,0,0,0,0,1,5.01,2.7,848.35,12.6,2.5,868.1500000000001,0.4,20.2,0.7,998.6,22,2,3,0,0.8660254037844386,0.5000000000000001,10.95,847.0
2024-02-23,60.0,56125.0,132.85,160.0,0,0,0,0,1,5.01,0.0,849.75,11.0,0.0,869.85,1.5,18.6,0.0,1000.85,23,2,4,0,0.8660254037844386,0.5000000000000001,9.45,848.225
2024-02-24,60.0,61008.0,133.01,160.0,0,0,0,0,1,5.01,0.0,850.45,12.0,0.0,871.2,1.5,17.6,0.0,1003.05,24,2,5,1,0.8660254037844386,0.5000000000000001,8.774999999999999,849.075
2024-02-25,60.0,68050.0,133.01,160.0,0,0,0,0,1,5.01,0.0,851.75,11.7,0.0,872.1,0.0,17.450000000000003,0.0,1003.8,25,2,6,0,0.8660254037844386,0.5000000000000001,9.675,850.325
2024-02-26,60.0,54500.0,133.01,160.0,0,0,0,0,1,5.01,0.0,852.5,13.1,0.0,873.05,0.0,17.4,0.0,1004.4,26,2,0,0,0.8660254037844386,0.5000000000000001,10.375,851.1
2024-02-27,60.0,72325.0,132.93,160.0,0,0,0,0,1,5.01,0.0,852.5,14.8,0.0,873.35,0.0,17.7,0.0,1003.2,27,2,1,0,0.8660254037844386,0.5000000000000001,11.725,851.1
2024-02-28,60.0,71540.0,132.94,160.0,0,0,0,0,1,5.01,0.0,849.9,15.35,0.0,870.75,0.0,19.1,0.0,1000.2,28,2,2,0,0.8660254037844386,0.5000000000000001,12.3,848.625
2024-02-29,60.0,62250.0,132.98,160.0,0,0,0,0,1,5.01,0.0,849.9000000000001,14.2,0.0,869.7,0.0,19.9,0.0,1001.3,29,2,3,0,0.8660254037844386,0.5000000000000001,12.675,848.5250000000001
2024-03-01,60.0,72575.0,132.97,160.0,1,0,0,1,0,4.82,0.0,852.0,15.95,0.0,872.85,0.0,19.5,0.0,1002.75,1,3,4,0,1.0,6.123233995736766e-17,12.75,850.75
2024-03-02,60.0,55011.0,132.95,160.0,1,0,0,1,0,4.82,0.1,852.25,15.9,0.8,872.55,3.8,21.55,0.0,1001.5,2,3,5,1,1.0,6.123233995736766e-17,13.225000000000001,850.875
2024-03-04,60.0,16500.0,132.95,160.0,1,0,0,1,0,4.82,0.0,850.8,14.45,2.5,870.75,0.6,21.75,2.5,999.55,4,3,0,0,1.0,6.123233995736766e-17,12.925,849.275
2024-03-05,60.0,70408.0,132.93,160.0,1,0,0,1,0,4.82,0.0,850.55,16.4,0.0,871.9000000000001,0.0,21.6,0.0,999.65,5,3,1,0,1.0,6.123233995736766e-17,12.475000000000001,849.0999999999999
2024-03-06,60.0,82750.0,132.94,160.0,1,0,0,1,0,4.82,0.0,850.1,16.35,0.0,870.45,0.1,19.75,0.0,1000.1,6,3,2,0,1.0,6.123233995736766e-17,13.5,848.8499999999999
2024-03-07,70.0,79245.0,132.82,160.0,1,0,0,1,0,4.82,0.0,850.0,16.1,7.5,870.15,0.0,19.15,0.0,999.75,7,3,3,0,1.0,6.123233995736766e-17,13.725000000000001,848.625
2024-03-08,70.0,84800.0,132.76,160.0,1,0,0,1,0,4.82,0.0,849.75,16.0,0.0,870.5,1.2,19.95,0.0,999.95,8,3,4,0,1.0,6.123233995736766e-17,12.85,848.375
2024-03-09,65.0,64925.0,132.76,160.0,1,0,0,1,0,4.82,0.0,850.2,16.35,0.0,870.9,0.1,20.0,0.0,1001.05,9,3,5,1,1.0,6.123233995736766e-17,13.1,848.875
2024-03-10,65.0,63600.0,132.76,160.0,1,0,0,1,0,4.82,0.0,852.45,16.75,0.0,872.6500000000001,0.0,20.55,0.0,1002.6,10,3,6,0,1.0,6.123233995736766e-17,13.875,850.9000000000001
2024-03-11,65.0,58500.0,132.76,160.0,1,0,0,1,0,4.82,0.0,855.25,16.5,0.0,874.8499999999999,0.3,22.45,0.0,1002.15,11,3,0,0,1.0,6.123233995736766e-17,15.175,853.6
2024-03-12,60.0,69825.0,132.72,160.0,1,0,0,1,0,4.82,0.0,851.5999999999999,17.85,0.0,871.3499999999999,0.0,22.65,0.0,998.3,12,3,1,0,1.0,6.123233995736766e-17,15.875,850.0749999999999
2024-03-13,55.0,75875.0,132.74,160.0,1,0,0,1,0,4.82,0.0,849.8499999999999,18.2,0.1,870.3499999999999,0.3,22.85,0.0,998.15,13,3,2,0,1.0,6.123233995736766e-17,15.15,848.625
2024-03-14,70.0,62775.0,132.89,160.0,1,0,0,1,0,4.82,0.0,851.6,18.1,0.5,872.05,1.8,22.700000000000003,0.0,998.95,14,3,3,0,1.0,6.123233995736766e-17,15.1,850.3499999999999
2024-03-15,60.0,79990.0,132.82,158.0,1,0,0,1,0,4.82,0.0,850.75,18.65,0.0,871.5,0.0,23.3,0.0,998.75,15,3,4,0,1.0,6.123233995736766e-17,15.425,849.75
2024-03-16,60.0,63255.0,132.91,158.0,1,0,0,1,0,4.82,0.0,853.3,17.95,0.0,874.3,0.0,23.05,0.0,1001.25,16,3,5,1,1.0,6.123233995736766e-17,14.850000000000001,852.175
2024-03-17,60.0,83950.0,132.91,158.0,1,0,0,1,0,4.82,0.0,853.6,16.75,0.0,874.45,0.0,23.05,0.0,1001.1,17,3,6,0,1.0,6.123233995736766e-17,15.125,852.4749999999999
2024-03-18,60.0,71425.0,132.91,158.0,1,0,0,1,0,4.82,0.0,852.4,17.9,0.0,873.1500000000001,0.0,23.55,0.0,999.55,18,3,0,0,1.0,6.123233995736766e-17,15.675,851.375
2024-03-19,60.0,77020.0,132.96,158.0,1,0,0,1,0,4.82,0.0,852.75,17.75,0.0,872.9000000000001,0.0,25.05,0.0,998.95,19,3,1,0,1.0,6.123233995736766e-17,15.525,851.65
2024-03-20,60.0,75875.0,133.16,158.0,1,0,0,1,0,4.82,8.4,852.4000000000001,15.25,4.5,873.0999999999999,3.7,20.75,11.5,1002.3,20,3,2,0,1.0,6.123233995736766e-17,12.399999999999999,851.0500000000001
2024-03-21,75.0,55485.0,133.36,158.0,0,0,0,1,0,4.82,4.1,852.45,15.55,4.9,872.4000000000001,6.7,20.6,20.2,1001.15,21,3,3,0,1.0,6.123233995736766e-17,13.65,850.95
2024-03-22,75.0,75275.0,133.34,158.0,0,0,0,1,0,4.82,2.3,849.7,15.0,1.6,869.65,2.6,20.9,0.0,997.8,22,3,4,0,1.0,6.123233995736766e-17,13.725,848.125
2024-03-23,86.67,103825.0,133.79,158.0,0,0,0,1,0,4.82,1.4,848.0,15.8,16.7,868.15,4.9,21.6,1.3,996.0,23,3,5,1,1.0,6.123233995736766e-17,13.899999999999999,846.475
2024-03-24,75.0,75700.0,133.79,158.0,0,0,0,1,0,4.82,2.8,849.75,16.7,2.8,870.2,1.5,23.3,0.2,998.65,24,3,6,0,1.0,6.123233995736766e-17,14.55,848.5
2024-03-25,76.67,143100.0,133.79,158.0,0,0,0,1,0,4.82,1.9,852.0,15.65,0.4,871.95,0.8,23.950000000000003,0.0,998.65,25,3,0,0,1.0,6.123233995736766e-17,14.524999999999999,850.7
2024-03-26,70.0,97900.0,133.79,158.0,0,0,0,1,0,4.82,2.4,852.1500000000001,17.4,1.6,872.05,1.1,24.3,0.2,999.7,26,3,1,0,1.0,6.123233995736766e-17,15.625,850.625
2024-03-27,65.0,81525.0,133.56,158.0,0,0,0,1,0,4.82,0.8,854.5,17.1,2.0,874.55,11.7,24.35,0.0,1001.45,27,3,2,0,1.0,6.123233995736766e-17,15.275,852.9
2024-03-28,75.0,81500.0,133.7,158.0,0,0,0,1,0,4.82,0.6,852.55,17.9,4.2,872.5,5.0,25.2,0.0,998.7,28,3,3,0,1.0,6.123233995736766e-17,16.425,851.2249999999999
2024-03-29,75.0,82599.0,133.75,158.0,0,0,0,1,0,4.82,1.6,852.5,18.15,2.9,872.35,2.0,25.75,0.0,997.6,29,3,4,0,1.0,6.123233995736766e-17,16.825,851.125
2024-03-30,75.83500000000001,78025.0,133.75,158.0,0,0,0,1,0,4.82,4.7,852.1,18.7,1.2,872.35,1.9,26.75,0.0,997.45,30,3,5,1,1.0,6.123233995736766e-17,17.025,851.0250000000001
2024-03-31,75.0,96980.0,133.75,158.0,0,0,0,1,0,4.82,0.0,850.45,19.9,0.3,870.7,0.4,26.85,0.1,995.45,31,3,6,0,1.0,6.123233995736766e-17,18.25,849.5
2024-04-01,75.0,128450.0,133.75,158.0,0,0,0,1,0,4.61,0.0,846.9,19.75,0.0,867.0,0.0,26.55,0.0,991.15,1,4,0,0,0.8660254037844387,-0.4999999999999998,17.95,845.9000000000001
2024-04-02,65.0,110935.0,133.75,158.0,0,0,0,1,0,4.61,0.0,845.9,21.25,0.0,866.4000000000001,0.0,24.8,0.0,991.65,2,4,1,0,0.8660254037844387,-0.4999999999999998,18.5,845.05
2024-04-03,75.0,132200.0,133.72,158.0,0,0,0,1,0,4.61,0.0,848.3,21.05,0.0,868.8,0.0,25.200000000000003,0.0,993.9,3,4,2,0,0.8660254037844387,-0.4999999999999998,18.575000000000003,847.4
2024-04-04,65.0,137675.0,133.8,158.0,0,0,0,1,0,4.61,0.0,849.3,21.700000000000003,0.0,869.85,1.7,26.05,0.0,992.85,4,4,3,0,0.8660254037844387,-0.4999999999999998,19.4,848.5749999999999
2024-04-05,65.0,115928.0,133.81,158.0,0,0,0,1,0,4.61,0.0,848.7,21.45,0.4,868.7,0.2,28.05,0.0,992.5,5,4,4,0,0.8660254037844387,-0.4999999999999998,19.725,847.85
2024-04-06,76.67,111505.0,133.58,158.0,0,0,0,1,0,4.61,0.1,849.4,22.15,0.2,869.8,1.8,27.15,0.0,992.55,6,4,5,1,0.8660254037844387,-0.4999999999999998,20.0,848.775
2024-04-07,73.75,122924.0,133.58,158.0,0,0,0,1,0,4.61,0.0,848.75,21.25,0.2,869.45,0.3,26.85,0.0,993.4,7,4,6,0,0.8660254037844387,-0.4999999999999998,18.875,848.275
2024-04-08,75.0,171375.0,133.58,158.0,0,0,0,1,0,4.61,0.0,850.45,20.25,0.0,870.3,0.0,25.95,0.0,996.05,8,4,0,0,0.8660254037844387,-0.4999999999999998,18.825000000000003,850.0
2024-04-09,75.0,120350.0,133.61,158.0,0,0,0,1,0,4.61,0.0,851.3,20.15,0.0,872.3499999999999,1.4,25.85,0.0,997.55,9,4,1,0,0.8660254037844387,-0.4999999999999998,17.525,850.55
2024-04-10,66.67,96950.0,133.61,158.0,1,0,0,1,0,4.61,0.0,852.45,21.35,0.0,873.55,0.3,25.45,0.0,997.65,10,4,2,0,0.8660254037844387,-0.4999999999999998,17.85,851.6
2024-04-11,65.0,99006.0,133.4,158.0,1,0,0,1,0,4.61,0.0,853.7,21.0,0.4,874.65,0.2,27.3,0.0,999.15,11,4,3,0,0.8660254037844387,-0.4999999999999998,18.6,853.2
2024-04-12,70.0,113720.0,133.4,158.0,1,0,0,1,0,4.61,0.0,853.05,20.35,0.0,873.55,0.1,26.25,0.1,998.5,12,4,4,0,0.8660254037844387,-0.4999999999999998,18.525000000000002,852.275
2024-04-13,75.0,92315.0,133.77,158.0,1,0,0,1,0,4.61,0.0,853.75,22.05,0.0,874.4,1.2,27.85,0.0,997.95,13,4,5,1,0.8660254037844387,-0.4999999999999998,19.075000000000003,852.6
2024-04-14,75.0,125225.0,133.77,158.0,1,0,0,1,0,4.61,0.0,854.1,22.0,0.0,874.55,0.1,28.6,0.0,997.75,14,4,6,0,0.8660254037844387,-0.4999999999999998,19.675,853.05
2024-04-15,65.0,66873.0,133.77,158.0,1,0,0,1,0,4.61,0.0,853.4,23.45,0.0,874.25,0.0,29.15,0.0,996.2,15,4,0,0,0.8660254037844387,-0.4999999999999998,20.025,852.375
2024-04-16,65.0,125052.0,133.83,161.0,1,0,0,1,0,4.61,0.0,850.5,23.85,0.0,871.05,2.7,29.25,0.0,993.2,16,4,1,0,0.8660254037844387,-0.4999999999999998,21.125,849.725
2024-04-17,65.0,123360.0,133.96,161.0,1,0,0,1,0,4.61,0.0,848.8,22.05,0.1,868.25,0.9,28.8,0.0,991.75,17,4,2,0,0.8660254037844387,-0.4999999999999998,20.65,847.7249999999999
2024-04-18,65.0,131050.0,133.96,161.0,1,0,0,1,0,4.61,0.0,848.25,23.45,0.1,868.85,0.8,27.75,0.0,991.7,18,4,3,0,0.8660254037844387,-0.4999999999999998,20.175,847.45
2024-04-19,65.0,94250.0,133.97,161.0,1,0,0,1,0,4.61,0.0,846.55,22.6,0.0,866.5,0.4,28.85,0.0,988.6,19,4,4,0,0.8660254037844387,-0.4999999999999998,20.975,845.3499999999999
2024-04-20,65.0,92075.0,133.86,161.0,1,0,0,1,0,4.61,0.0,845.75,23.8,0.0,865.95,0.0,30.8,0.0,987.7,20,4,5,1,0.8660254037844387,-0.4999999999999998,21.5,844.7
2024-04-21,65.0,150036.0,133.86,161.0,0,0,0,1,0,4.61,0.0,846.6,24.65,0.0,867.4,0.0,30.25,0.0,988.95,21,4,6,0,0.8660254037844387,-0.4999999999999998,21.424999999999997,845.7249999999999
2024-04-22,60.0,109600.0,133.86,161.0,0,0,0,1,0,4.61,0.0,848.5,24.950000000000003,0.0,868.55,0.0,31.1,0.0,990.75,22,4,0,0,0.8660254037844387,-0.4999999999999998,22.575,847.25
2024-04-23,65.0,107075.0,133.69,161.0,0,0,0,1,0,4.61,0.0,848.85,23.9,0.0,869.5,0.4,30.5,0.0,990.4,23,4,1,0,0.8660254037844387,-0.4999999999999998,20.8,847.8
2024-04-24,65.0,78575.0,133.66,161.0,0,0,0,1,0,4.61,0.0,847.5999999999999,23.85,0.0,868.35,0.3,29.55,0.0,990.15,24,4,2,0,0.8660254037844387,-0.4999999999999998,20.8,846.8
2024-04-25,76.67,103606.0,133.62,161.0,0,0,0,1,0,4.61,0.0,847.75,24.4,0.0,868.5,0.3,29.0,0.0,990.15,25,4,3,0,0.8660254037844387,-0.4999999999999998,21.325000000000003,846.875
2024-04-26,76.67,105091.0,133.61,161.0,0,0,0,1,0,4.61,0.0,848.0,24.15,0.0,868.45,0.0,29.25,0.0,990.25,26,4,4,0,0.8660254037844387,-0.4999999999999998,21.775,847.3
2024-04-27,65.0,95510.0,133.65,161.0,0,0,0,1,0,4.61,0.0,849.1,24.35,0.0,869.3,0.0,30.65,0.0,991.5,27,4,5,1,0.8660254037844387,-0.4999999999999998,22.875,848.4000000000001
2024-04-28,55.0,95225.0,133.65,161.0,0,0,0,1,0,4.61,0.0,849.0,24.0,0.0,868.95,0.0,30.05,0.0,990.45,28,4,6,0,0.8660254037844387,-0.4999999999999998,22.45,848.15
2024-04-29,55.0,126550.0,133.65,161.0,0,0,0,1,0,4.61,0.0,849.0999999999999,24.5,0.0,869.45,0.0,30.9,0.0,990.9,29,4,0,0,0.8660254037844387,-0.4999999999999998,22.475,848.3499999999999
2024-04-30,55.0,123775.0,133.86,159.0,0,0,0,1,0,4.61,0.0,846.5,25.5,0.0,866.5999999999999,0.0,31.95,0.0,986.6,30,4,1,0,0.8660254037844387,-0.4999999999999998,22.5,845.55
2024-05-01,55.0,85750.0,133.79,159.0,0,0,0,1,0,4.4,0.0,845.55,24.05,0.0,864.5,0.0,30.7,0.0,986.6,1,5,2,0,0.4999999999999999,-0.8660254037844387,23.2,844.225
2024-05-02,65.0,65951.0,133.79,159.0,0,0,0,1,0,4.4,0.0,844.95,22.85,0.0,865.4000000000001,0.0,29.25,0.0,988.35,2,5,3,0,0.4999999999999999,-0.8660254037844387,19.725,844.0250000000001
2024-05-03,50.0,110100.0,133.86,159.0,0,0,0,1,0,4.4,0.0,848.15,24.200000000000003,0.0,868.25,0.0,28.6,0.0,991.6,3,5,4,0,0.4999999999999999,-0.8660254037844387,20.9,846.9
2024-05-04,51.25,121295.0,133.78,159.0,0,0,0,1,0,4.4,0.0,849.95,23.75,0.0,869.8,0.0,30.55,0.0,992.25,4,5,5,1,0.4999999999999999,-0.8660254037844387,21.9,848.85
2024-05-05,55.0,77150.0,133.78,159.0,0,0,0,1,0,4.4,0.0,846.6500000000001,22.9,0.0,866.35,0.1,30.05,0.0,988.8,5,5,6,0,0.4999999999999999,-0.8660254037844387,21.125,845.5250000000001
2024-05-06,50.0,105138.0,133.78,159.0,0,0,0,1,0,4.4,0.0,849.0,24.1,0.3,868.9,4.3,29.6,1.1,993.5,6,5,0,0,0.4999999999999999,-0.8660254037844387,21.75,848.15
2024-05-07,65.0,85300.0,133.89,159.0,0,0,0,1,0,4.4,4.5,852.0,20.700000000000003,13.1,872.1500000000001,11.8,28.85,12.5,997.8,7,5,1,0,0.4999999999999999,-0.8660254037844387,18.225,850.7
2024-05-08,52.5,94125.0,133.92,159.0,0,0,0,1,0,4.4,7.3,852.25,19.0,11.7,872.45,13.9,25.3,22.1,997.8,8,5,2,0,0.4999999999999999,-0.8660254037844387,16.95,851.125
2024-05-09,45.0,59080.0,133.94,159.0,0,0,0,1,0,4.4,0.4,851.0,20.45,1.1,871.2,4.7,27.5,0.4,996.05,9,5,3,0,0.4999999999999999,-0.8660254037844387,18.65,850.075
2024-05-10,55.0,76875.0,133.91,159.0,0,0,0,1,0,4.4,10.1,851.6,20.450000000000003,5.0,871.55,0.7,26.85,0.0,995.75,10,5,4,0,0.4999999999999999,-0.8660254037844387,18.1,850.4000000000001
2024-05-11,76.67,110860.0,133.91,159.0,0,0,0,1,0,4.4,4.0,852.4,20.25,11.3,872.4,13.4,28.450000000000003,7.5,996.25,11,5,5,1,0.4999999999999999,-0.8660254037844387,19.025,851.2249999999999
2024-05-12,75.0,122325.0,133.91,159.0,0,0,0,1,0,4.4,3.9,852.8499999999999,20.3,12.3,873.25,13.3,26.700000000000003,7.6,997.9,12,5,6,0,0.4999999999999999,-0.8660254037844387,18.775,851.875
2024-05-13,65.0,67485.0,133.91,159.0,0,0,0,1,0,4.4,0.3,852.8,20.85,4.1,872.75,1.9,27.85,0.0,996.65,13,5,0,0,0.4999999999999999,-0.8660254037844387,18.625,851.6
2024-05-14,52.5,50625.0,133.96,159.0,0,0,0,1,0,4.4,0.0,852.5,21.05,0.7,872.65,0.5,29.25,0.0,996.05,14,5,1,0,0.4999999999999999,-0.8660254037844387,19.85,851.5
2024-05-15,51.665,82118.0,133.92,159.0,0,0,0,1,0,4.4,1.8,853.4,21.9,0.0,873.45,2.3,30.950000000000003,0.0,996.65,15,5,2,0,0.4999999999999999,-0.8660254037844387,21.375,852.625
2024-05-16,50.0,76925.0,133.91,154.0,0,0,0,1,0,4.4,0.0,853.25,22.95,0.0,873.5,0.2,31.2,0.0,995.05,16,5,3,0,0.4999999999999999,-0.8660254037844387,22.1,852.225
2024-05-17,75.0,77025.0,133.91,154.0,0,0,0,1,0,4.4,0.0,851.4,23.85,0.0,871.75,0.1,30.4,0.0,992.55,17,5,4,0,0.4999999999999999,-0.8660254037844387,22.15,850.55
2024-05-18,65.0,72079.0,133.64,154.0,0,0,0,1,0,4.4,0.9,849.85,23.950000000000003,0.2,870.05,2.0,30.85,1.0,990.5,18,5,5,1,0.4999999999999999,-0.8660254037844387,22.725,848.725
2024-05-19,71.67,65625.0,133.64,154.0,0,0,0,1,0,4.4,1.5,848.65,23.0,1.5,868.9,5.8,29.5,11.7,990.05,19,5,6,0,0.4999999999999999,-0.8660254037844387,21.6,847.5250000000001
2024-05-20,65.0,113425.0,133.64,154.0,0,0,0,1,0,4.4,1.2,848.5,22.9,16.0,868.5999999999999,2.0,29.450000000000003,0.6,991.3,20,5,0,0,0.4999999999999999,-0.8660254037844387,21.725,847.75
2024-05-21,55.835,85925.0,133.64,154.0,0,0,0,1,0,4.4,3.7,850.1500000000001,24.15,3.2,870.1,2.2,29.8,0.1,991.9,21,5,1,0,0.4999999999999999,-0.8660254037844387,22.025,849.0250000000001
2024-05-22,65.0,79302.0,133.6,154.0,0,0,0,1,0,4.4,0.7,850.45,23.2,11.0,870.55,1.7,29.65,0.1,992.15,22,5,2,0,0.4999999999999999,-0.8660254037844387,21.700000000000003,849.4000000000001
2024-05-23,55.0,99000.0,133.56,154.0,0,0,0,1,0,4.4,0.7,849.75,23.25,0.7,869.7,1.4,30.45,0.1,991.1,23,5,3,0,0.4999999999999999,-0.8660254037844387,21.6,848.65
2024-05-24,45.0,75402.0,133.56,154.0,0,0,0,1,0,4.4,0.2,848.9000000000001,23.8,1.8,869.05,0.9,31.6,0.0,989.2,24,5,4,0,0.4999999999999999,-0.8660254037844387,22.7,847.9000000000001
2024-05-25,56.67,62575.0,133.26,154.0,0,0,0,1,0,4.4,0.8,847.6,24.45,7.1,867.4,8.2,32.8,0.0,987.15,25,5,5,1,0.4999999999999999,-0.8660254037844387,23.15,846.6500000000001
2024-05-26,55.0,80295.0,133.26,154.0,0,0,0,1,0,4.4,1.5,846.9,23.8,1.7,866.6,2.1,32.45,0.7,986.1,26,5,6,0,0.4999999999999999,-0.8660254037844387,22.450000000000003,845.7249999999999
2024-05-27,55.0,47296.0,133.26,154.0,0,0,0,1,0,4.4,17.6,844.5,24.200000000000003,4.4,864.35,27.6,32.4,0.0,984.35,27,5,0,0,0.4999999999999999,-0.8660254037844387,23.025,843.6
2024-05-28,50.835,69350.0,133.32,154.0,0,0,0,1,0,4.4,19.1,841.6500000000001,22.7,16.7,861.75,8.5,31.8,0.0,982.3,28,5,1,0,0.4999999999999999,-0.8660254037844387,20.975,840.6500000000001
2024-05-29,55.0,37286.0,133.39,154.0,0,0,0,1,0,4.4,7.3,843.15,23.25,1.1,863.0999999999999,0.7,33.85,0.0,984.25,29,5,2,0,0.4999999999999999,-0.8660254037844387,21.7,842.25
2024-05-30,55.0,68060.0,133.66,154.0,0,0,0,1,0,4.4,0.1,845.3499999999999,25.85,0.0,866.05,0.2,32.8,13.4,986.7,30,5,3,0,0.4999999999999999,-0.8660254037844387,23.1,844.875
2024-05-31,65.0,68090.0,133.62,153.0,0,0,0,1,0,4.4,0.0,846.8499999999999,25.450000000000003,0.1,867.45,0.6,31.700000000000003,0.2,988.75,31,5,4,0,0.4999999999999999,-0.8660254037844387,23.125,846.05
2024-06-01,65.0,53547.0,133.85,153.0,0,0,1,0,0,4.17,1.4,848.75,23.0,0.7,868.7,4.4,32.05,0.0,989.9,1,6,5,1,1.2246467991473532e-16,-1.0,21.900000000000002,847.85
2024-06-02,75.0,70430.0,133.85,153.0,0,0,1,0,0,4.17,0.4,849.05,23.65,8.1,869.5,0.6,30.75,6.2,990.6,2,6,6,0,1.2246467991473532e-16,-1.0,22.025,848.25
2024-06-03,55.0,56410.0,133.85,153.0,0,0,1,0,0,4.17,2.3,848.7,22.6,0.7,868.75,1.0,30.25,6.0,989.8,3,6,0,0,1.2246467991473532e-16,-1.0,21.025,847.625
2024-06-04,55.0,79220.0,133.34,153.0,0,0,1,0,0,4.17,10.1,847.9,22.6,8.7,868.1,9.5,30.15,4.1,990.45,4,6,1,0,1.2246467991473532e-16,-1.0,21.375,847.125
2024-06-05,57.5,54400.0,133.96,153.0,0,0,1,0,0,4.17,7.8,849.05,23.25,4.5,869.3,1.3,29.6,23.2,991.25,5,6,2,0,1.2246467991473532e-16,-1.0,21.0,848.0999999999999
2024-06-06,65.0,64603.0,133.7,153.0,0,0,1,0,0,4.17,5.4,849.35,24.1,1.2,869.9,4.1,29.1,24.5,991.45,6,6,3,0,1.2246467991473532e-16,-1.0,21.875,848.5250000000001
2024-06-07,55.0,65483.0,133.86,153.0,0,0,1,0,0,4.17,1.5,847.2,22.15,12.8,867.55,10.6,29.2,0.6,989.55,7,6,4,0,1.2246467991473532e-16,-1.0,20.75,846.4250000000001
2024-06-08,55.0,71877.0,133.7,153.0,0,0,1,0,0,4.17,6.0,846.85,23.200000000000003,3.3,867.0,2.2,31.0,0.0,987.65,8,6,5,1,1.2246467991473532e-16,-1.0,21.5,845.85
2024-06-09,56.665,63000.0,133.7,153.0,0,0,1,0,0,4.17,0.0,846.25,24.55,0.0,866.4000000000001,0.2,31.3,0.0,987.15,9,6,6,0,1.2246467991473532e-16,-1.0,22.725,845.175
2024-06-10,55.0,71225.0,133.7,153.0,0,0,1,0,0,4.17,0.0,846.85,25.7,0.0,867.35,0.7,31.65,0.0,987.35,10,6,0,0,1.2246467991473532e-16,-1.0,23.275000000000002,845.9749999999999
2024-06-11,55.0,62461.0,133.92,153.0,0,0,1,0,0,4.17,7.2,847.0999999999999,24.35,2.2,866.8499999999999,3.7,31.65,0.3,987.9,11,6,1,0,1.2246467991473532e-16,-1.0,22.925,845.9749999999999
2024-06-12,54.165,50525.0,134.01,153.0,0,0,1,0,0,4.17,0.3,847.55,24.85,1.1,867.75,3.1,32.1,0.0,987.85,12,6,2,0,1.2246467991473532e-16,-1.0,23.325000000000003,846.5749999999999
2024-06-13,60.0,46232.0,133.98,153.0,0,0,1,0,0,4.17,5.9,846.15,24.8,10.5,866.25,8.6,31.35,1.5,986.75,13,6,3,0,1.2246467991473532e-16,-1.0,23.049999999999997,845.2
2024-06-14,54.165,64736.0,133.98,153.0,0,0,1,0,0,4.17,32.0,845.2,24.75,9.2,865.4,4.4,30.0,1.6,986.85,14,6,4,0,1.2246467991473532e-16,-1.0,22.8,844.15
2024-06-15,55.0,54825.0,134.0,153.0,0,0,1,0,0,4.17,9.8,845.3,24.9,4.7,865.5999999999999,2.3,29.9,10.9,986.85,15,6,5,1,1.2246467991473532e-16,-1.0,22.700000000000003,844.425
2024-06-16,65.0,63850.0,134.0,153.0,0,0,1,0,0,4.17,24.9,846.45,24.1,10.8,867.0,5.0,30.3,1.0,988.4,16,6,6,0,1.2246467991473532e-16,-1.0,21.950000000000003,845.625
2024-06-17,49.835,60800.0,134.0,153.0,0,0,1,0,0,4.17,39.8,846.25,24.450000000000003,12.0,866.6500000000001,8.8,31.0,0.1,987.0,17,6,0,0,1.2246467991473532e-16,-1.0,22.325000000000003,845.475
2024-06-18,60.0,66200.0,134.0,153.0,0,0,1,0,0,4.17,40.5,843.75,24.7,12.3,864.1,8.5,30.25,3.5,985.05,18,6,1,0,1.2246467991473532e-16,-1.0,22.0,843.075
2024-06-19,55.0,50975.0,133.76,153.0,0,0,1,0,0,4.17,75.0,843.1,24.15,30.9,863.4000000000001,17.2,28.15,28.5,985.85,19,6,2,0,1.2246467991473532e-16,-1.0,21.8,842.35
2024-06-20,55.0,48825.0,133.84,153.0,0,0,1,0,0,4.17,14.2,844.65,23.55,9.8,864.95,59.6,28.0,1.7,987.8,20,6,3,0,1.2246467991473532e-16,-1.0,21.925,843.8
2024-06-21,56.67,54275.0,134.15,153.0,0,0,1,0,0,4.17,2.3,846.0,23.55,7.6,866.1500000000001,19.5,28.9,0.4,988.15,21,6,4,0,1.2246467991473532e-16,-1.0,21.650000000000002,845.075
2024-06-22,65.0,51275.0,133.96,153.0,0,0,1,0,0,4.17,9.5,846.2,24.1,15.0,866.55,9.3,28.700000000000003,2.9,988.25,22,6,5,1,1.2246467991473532e-16,-1.0,21.3,845.5500000000001
2024-06-23,65.0,48550.0,133.96,153.0,0,0,1,0,0,4.17,2.6,846.95,23.75,11.8,867.1500000000001,18.2,30.4,1.4,988.25,23,6,6,0,1.2246467991473532e-16,-1.0,21.9,846.1500000000001
2024-06-24,65.0,46625.0,133.96,153.0,0,0,1,0,0,4.17,0.9,846.1,24.1,9.5,866.3,11.2,30.6,1.9,987.15,24,6,0,0,1.2246467991473532e-16,-1.0,22.725,845.25
2024-06-25,65.0,49025.0,133.84,153.0,0,0,1,0,0,4.17,3.3,845.35,24.55,13.5,865.75,30.1,28.65,17.5,987.1,25,6,1,0,1.2246467991473532e-16,-1.0,22.6,844.6500000000001
2024-06-26,66.67,62160.0,133.8,153.0,0,0,1,0,0,4.17,19.0,846.4,24.8,55.0,867.15,42.5,27.55,44.5,988.7,26,6,2,0,1.2246467991473532e-16,-1.0,22.075,845.5999999999999
2024-06-27,75.0,41825.0,134.02,153.0,0,0,1,0,0,4.17,4.7,847.9,23.450000000000003,15.4,868.5,19.6,30.3,3.6,989.95,27,6,3,0,1.2246467991473532e-16,-1.0,21.625,847.125
2024-06-28,66.67,47775.0,133.84,153.0,0,0,1,0,0,4.17,11.8,846.15,24.1,26.4,866.5,46.3,29.35,3.8,988.2,28,6,4,0,1.2246467991473532e-16,-1.0,21.775,845.25
2024-06-29,65.0,53725.0,133.72,153.0,0,0,1,0,0,4.17,16.3,845.35,23.5,22.3,865.55,36.3,29.45,9.3,987.4,29,6,5,1,1.2246467991473532e-16,-1.0,21.45,844.5
2024-06-30,75.0,62525.0,133.72,157.0,0,0,1,0,0,4.17,10.3,845.0,23.950000000000003,16.5,865.35,19.3,29.0,4.6,987.1,30,6,6,0,1.2246467991473532e-16,-1.0,21.7,844.15
2024-07-01,66.67,41250.0,133.72,157.0,0,0,1,0,0,3.57,13.6,842.5999999999999,23.55,36.4,862.75,30.0,28.45,8.6,984.5,1,7,0,0,-0.4999999999999997,-0.8660254037844388,21.85,841.7249999999999
2024-07-02,65.0,44525.0,133.81,157.0,0,0,1,0,0,3.57,37.9,842.25,23.8,32.4,862.85,46.3,28.55,32.5,985.5,2,7,1,0,-0.4999999999999997,-0.8660254037844388,21.65,841.6
2024-07-03,66.67,39050.0,133.92,157.0,0,0,1,0,0,3.57,6.0,844.5,23.45,20.7,864.9,27.2,29.05,0.4,987.45,3,7,2,0,-0.4999999999999997,-0.8660254037844388,21.225,843.825
2024-07-04,75.0,38905.0,133.96,157.0,0,0,1,0,0,3.57,21.7,846.3,24.65,13.3,866.75,14.5,28.6,3.7,988.7,4,7,3,0,-0.4999999999999997,-0.8660254037844388,22.075000000000003,845.525
2024-07-05,76.67,29906.0,133.9,157.0,0,0,1,0,0,3.57,16.2,844.4000000000001,22.9,14.5,865.0,26.1,26.4,45.5,987.3,5,7,4,0,-0.4999999999999997,-0.8660254037844388,20.725,843.825
2024-07-06,76.67,22775.0,133.88,157.0,0,0,1,0,0,3.57,101.2,843.95,21.95,45.5,864.7,54.4,26.05,32.9,988.3,6,7,5,1,-0.4999999999999997,-0.8660254037844388,19.625,843.475
2024-07-07,105.0,23300.0,133.88,157.0,0,0,1,0,0,3.57,2.6,846.7,23.45,12.7,867.5,8.1,27.45,6.4,990.35,7,7,6,0,-0.4999999999999997,-0.8660254037844388,20.6,846.2
2024-07-08,110.0,19680.0,133.88,157.0,0,0,1,0,0,3.57,5.2,848.0,23.75,6.4,868.2,13.8,28.75,7.0,989.95,8,7,0,0,-0.4999999999999997,-0.8660254037844388,21.475,847.1
2024-07-09,85.0,33546.0,133.9,157.0,0,0,1,0,0,3.57,21.9,848.0,24.3,16.6,868.35,30.0,28.85,21.2,990.5,9,7,1,0,-0.4999999999999997,-0.8660254037844388,22.45,847.225
2024-07-10,110.0,34375.0,133.88,157.0,0,0,1,0,0,3.57,14.1,847.95,23.55,32.3,868.2,40.7,27.35,27.5,990.55,10,7,2,0,-0.4999999999999997,-0.8660254037844388,21.65,847.075
2024-07-11,115.0,37760.0,133.94,157.0,0,0,1,0,0,3.57,74.4,844.4000000000001,23.8,57.7,865.0,37.2,28.25,16.6,987.15,11,7,3,0,-0.4999999999999997,-0.8660254037844388,21.75,843.75
2024-07-12,110.0,35730.0,134.0,157.0,0,0,1,0,0,3.57,78.8,843.15,23.3,155.9,863.7,96.5,26.6,77.6,986.65,12,7,4,0,-0.4999999999999997,-0.8660254037844388,20.75,842.4
2024-07-13,118.335,35875.0,133.96,157.0,0,0,1,0,0,3.57,3.4,843.8499999999999,23.95,10.7,863.95,14.9,28.55,4.9,985.3,13,7,5,1,-0.4999999999999997,-0.8660254037844388,21.7,842.9499999999999
2024-07-14,115.0,38175.0,133.96,157.0,0,0,1,0,0,3.57,29.3,844.5,24.55,29.7,864.75,27.2,29.05,21.5,985.7,14,7,6,0,-0.4999999999999997,-0.8660254037844388,22.450000000000003,843.7
2024-07-15,120.0,41850.0,133.96,160.0,0,0,1,0,0,3.57,13.7,846.9,24.95,12.7,867.2,2.9,30.05,2.0,987.95,15,7,0,0,-0.4999999999999997,-0.8660254037844388,23.200000000000003,846.175
2024-07-16,115.0,59810.0,134.06,160.0,0,0,1,0,0,3.57,7.8,847.8499999999999,25.0,33.3,868.25,8.1,30.25,6.9,989.6,16,7,1,0,-0.4999999999999997,-0.8660254037844388,22.75,847.0999999999999
2024-07-17,125.0,44551.0,134.04,160.0,0,0,1,0,0,3.57,25.8,847.25,23.8,22.0,867.45,31.4,29.1,2.1,988.85,17,7,2,0,-0.4999999999999997,-0.8660254037844388,22.075000000000003,846.375
2024-07-18,110.0,51325.0,134.04,160.0,0,0,1,0,0,3.57,12.1,845.7,24.25,18.1,866.1500000000001,66.1,30.45,7.1,986.85,18,7,3,0,-0.4999999999999997,-0.8660254037844388,22.650000000000002,845.0
2024-07-19,116.67,46600.0,134.15,160.0,0,0,1,0,0,3.57,19.0,844.55,24.0,14.7,864.85,18.2,29.65,13.5,985.65,19,7,4,0,-0.4999999999999997,-0.8660254037844388,22.299999999999997,843.8499999999999
2024-07-20,90.0,75375.0,134.17,160.0,0,0,1,0,0,3.57,9.1,845.5999999999999,24.9,23.0,866.1500000000001,6.6,30.15,4.2,986.75,20,7,5,1,-0.4999999999999997,-0.8660254037844388,22.700000000000003,844.775
2024-07-21,95.0,54425.0,134.17,160.0,0,0,1,0,0,3.57,37.2,845.5999999999999,23.5,11.8,866.05,10.5,30.4,0.3,986.9,21,7,6,0,-0.4999999999999997,-0.8660254037844388,21.725,844.875
2024-07-22,66.0,50650.0,134.17,160.0,0,0,1,0,0,3.57,3.6,845.6,24.2,6.3,865.95,7.7,29.8,7.2,987.05,22,7,0,0,-0.4999999999999997,-0.8660254037844388,21.875,844.8
2024-07-23,70.0,46875.0,134.16,160.0,0,0,1,0,0,3.57,12.5,844.1,23.950000000000003,12.0,864.55,6.9,29.5,1.6,985.65,23,7,1,0,-0.4999999999999997,-0.8660254037844388,22.1,843.35
2024-07-24,70.0,43825.0,134.21,160.0,0,0,1,0,0,3.57,13.3,841.5,23.6,18.6,861.9,8.0,30.45,0.2,982.35,24,7,2,0,-0.4999999999999997,-0.8660254037844388,21.8,840.85
2024-07-25,75.0,35075.0,134.26,160.0,0,0,1,0,0,3.57,8.4,841.0,24.65,19.8,861.3,19.8,29.950000000000003,5.1,981.45,25,7,3,0,-0.4999999999999997,-0.8660254037844388,22.475,840.275
2024-07-26,70.0,38475.0,134.22,160.0,0,0,1,0,0,3.57,0.5,842.3,24.0,11.5,862.7,17.8,30.55,1.5,982.25,26,7,4,0,-0.4999999999999997,-0.8660254037844388,22.625,841.675
2024-07-27,65.0,41297.0,134.27,160.0,0,0,1,0,0,3.57,0.3,844.5999999999999,25.05,1.4,864.8,1.1,31.75,1.0,985.2,27,7,5,1,-0.4999999999999997,-0.8660254037844388,23.5,843.9499999999999
2024-07-28,75.0,38925.0,134.27,160.0,0,0,1,0,0,3.57,30.7,845.45,25.15,10.9,865.75,3.2,30.65,0.6,985.85,28,7,6,0,-0.4999999999999997,-0.8660254037844388,23.55,844.75
2024-07-29,75.0,28850.0,134.27,160.0,0,0,1,0,0,3.57,31.5,844.95,25.45,11.0,865.4,16.2,31.4,7.5,986.15,29,7,0,0,-0.4999999999999997,-0.8660254037844388,23.575,844.325
2024-07-30,75.0,38350.0,134.27,160.0,0,0,1,0,0,3.57,20.1,846.25,25.1,11.1,866.7,14.6,30.450000000000003,11.4,987.45,30,7,1,0,-0.4999999999999997,-0.8660254037844388,23.0,845.575
2024-07-31,76.67,43916.0,134.27,158.0,0,0,1,0,0,3.57,4.0,846.25,24.05,12.9,866.8,13.2,30.0,19.5,987.35,31,7,2,0,-0.4999999999999997,-0.8660254037844388,22.575000000000003,845.675
2024-08-01,75.0,49600.0,134.26,158.0,0,0,1,0,0,4.09,5.4,845.6,24.6,27.8,865.85,36.7,29.6,19.2,986.85,1,8,3,0,-0.8660254037844385,-0.5000000000000004,21.85,844.7750000000001
2024-08-02,76.67,47225.0,134.26,158.0,0,0,1,0,0,4.09,23.7,843.75,23.6,18.8,864.1500000000001,31.9,28.65,0.5,986.05,2,8,4,0,-0.8660254037844385,-0.5000000000000004,21.775,842.9
2024-08-03,73.33,57750.0,134.31,158.0,0,0,1,0,0,4.09,4.5,846.0,24.1,9.9,866.1500000000001,3.6,28.45,1.5,989.65,3,8,5,1,-0.8660254037844385,-0.5000000000000004,21.425,845.175
2024-08-04,75.0,41825.0,134.31,158.0,0,0,1,0,0,4.09,5.2,848.5,23.8,12.8,868.9,2.7,28.6,2.7,990.6,4,8,6,0,-0.8660254037844385,-0.5000000000000004,21.1,847.75
2024-08-05,66.67,39422.0,134.31,158.0,0,0,1,0,0,4.09,19.6,847.7,23.85,19.8,868.0999999999999,28.5,28.7,13.1,990.0,5,8,0,0,-0.8660254037844385,-0.5000000000000004,21.875,846.9250000000001
2024-08-06,65.0,29200.0,134.46,158.0,0,0,1,0,0,4.09,56.7,846.55,22.7,37.1,867.1500000000001,56.1,27.7,36.4,990.0,6,8,1,0,-0.8660254037844385,-0.5000000000000004,20.775,845.8499999999999
2024-08-07,66.67,28097.0,134.63,158.0,0,0,1,0,0,4.09,13.6,847.4000000000001,22.95,29.9,867.65,25.9,28.15,18.4,989.8,7,8,2,0,-0.8660254037844385,-0.5000000000000004,20.725,846.475
2024-08-08,65.0,36967.0,134.64,158.0,0,0,1,0,0,4.09,12.1,848.3,23.75,49.5,868.6,8.5,28.15,10.2,991.35,8,8,3,0,-0.8660254037844385,-0.5000000000000004,21.55,847.475
2024-08-09,76.67,27425.0,134.65,158.0,0,0,1,0,0,4.09,10.2,849.1,23.35,47.9,869.5999999999999,7.1,27.700000000000003,15.2,991.9,9,8,4,0,-0.8660254037844385,-0.5000000000000004,20.925,848.35
2024-08-10,76.67,33525.0,134.64,158.0,0,0,1,0,0,4.09,11.4,848.0,22.55,27.4,868.5,32.2,28.25,10.9,990.95,10,8,5,1,-0.8660254037844385,-0.5000000000000004,21.15,847.15
2024-08-11,75.0,23125.0,134.64,158.0,0,0,1,0,0,4.09,7.5,847.0,23.05,19.3,867.45,9.1,28.0,7.3,989.8,11,8,6,0,-0.8660254037844385,-0.5000000000000004,20.55,846.25
2024-08-12,96.67,15400.0,134.64,158.0,0,0,1,0,0,4.09,28.8,848.15,22.950000000000003,24.0,868.3,14.9,28.55,11.7,991.0,12,8,0,0,-0.8660254037844385,-0.5000000000000004,21.4,847.3499999999999
2024-08-13,95.0,26560.0,134.66,158.0,0,0,1,0,0,4.09,9.1,848.9000000000001,22.95,29.2,869.25,21.6,28.05,34.7,991.45,13,8,1,0,-0.8660254037844385,-0.5000000000000004,21.049999999999997,848.075
2024-08-14,86.67,36525.0,134.66,158.0,0,0,1,0,0,4.09,9.5,848.95,23.65,13.4,869.7,13.4,28.9,19.1,991.5,14,8,2,0,-0.8660254037844385,-0.5000000000000004,20.950000000000003,848.275
2024-08-15,95.0,43248.0,134.62,158.0,0,0,1,0,0,4.09,10.4,848.2,24.65,9.8,868.75,1.9,29.15,4.5,990.2,15,8,3,0,-0.8660254037844385,-0.5000000000000004,22.375,847.45
2024-08-16,86.67,32179.0,134.62,155.0,0,0,1,0,0,4.09,2.9,848.45,23.85,7.1,868.7,9.7,29.25,11.1,990.1,16,8,4,0,-0.8660254037844385,-0.5000000000000004,21.525,847.675
2024-08-17,81.67,34611.0,134.61,155.0,0,0,1,0,0,4.09,4.9,849.3,24.25,7.1,869.7,14.7,29.9,37.2,991.1,17,8,5,1,-0.8660254037844385,-0.5000000000000004,22.15,848.525
2024-08-18,85.0,52776.0,134.61,155.0,0,0,1,0,0,4.09,5.9,849.5999999999999,24.8,8.3,870.15,20.1,28.8,17.7,991.7,18,8,6,0,-0.8660254037844385,-0.5000000000000004,22.0,848.875
2024-08-19,96.67,52350.0,134.61,155.0,0,0,1,0,0,4.09,4.5,848.75,22.85,5.0,869.15,29.6,28.55,33.4,991.2,19,8,0,0,-0.8660254037844385,-0.5000000000000004,21.225,847.9
2024-08-20,95.0,34545.0,134.5,155.0,0,0,1,0,0,4.09,6.1,849.05,22.7,19.1,869.5,17.1,28.25,4.4,992.4,20,8,1,0,-0.8660254037844385,-0.5000000000000004,20.3,848.275
2024-08-21,81.67,39616.0,134.38,155.0,0,0,1,0,0,4.09,6.5,850.0,22.5,12.7,870.0999999999999,13.6,28.05,3.3,992.85,21,8,2,0,-0.8660254037844385,-0.5000000000000004,20.825,849.0
2024-08-22,80.0,38208.0,134.58,155.0,0,0,1,0,0,4.09,3.4,848.95,22.65,5.5,869.2,12.1,29.0,7.8,991.15,22,8,3,0,-0.8660254037844385,-0.5000000000000004,21.25,848.075
2024-08-23,96.67,38309.0,134.63,155.0,0,0,1,0,0,4.09,13.0,849.55,22.85,6.1,869.5,10.7,28.8,13.5,992.1,23,8,4,0,-0.8660254037844385,-0.5000000000000004,21.525,848.525
2024-08-24,77.5,47061.0,134.53,155.0,0,0,1,0,0,4.09,1.5,849.7,23.45,5.5,870.0999999999999,4.4,29.700000000000003,6.5,992.0,24,8,5,1,-0.8660254037844385,-0.5000000000000004,21.7,848.9
2024-08-25,80.0,38680.0,134.53,155.0,0,0,1,0,0,4.09,0.1,848.15,22.950000000000003,12.0,868.45,1.7,29.15,3.6,990.7,25,8,6,0,-0.8660254037844385,-0.5000000000000004,21.6,847.3499999999999
2024-08-26,84.58500000000001,37179.0,134.53,155.0,0,0,1,0,0,4.09,2.0,848.1500000000001,22.95,4.7,868.4,9.4,28.55,1.5,990.65,26,8,0,0,-0.8660254037844385,-0.5000000000000004,20.525,847.075
2024-08-27,80.0,47746.0,134.55,155.0,0,0,1,0,0,4.09,1.4,849.3,22.55,16.5,869.75,1.8,29.1,3.7,992.65,27,8,1,0,-0.8660254037844385,-0.5000000000000004,20.925,848.55
2024-08-28,73.33500000000001,41225.0,134.59,155.0,0,0,1,0,0,4.09,2.8,849.0,22.95,6.8,869.3,5.1,29.3,3.0,991.25,28,8,2,0,-0.8660254037844385,-0.5000000000000004,21.35,848.15
2024-08-29,75.0,38064.0,134.63,155.0,0,0,1,0,0,4.09,1.1,849.3,22.4,5.8,869.55,7.9,29.25,12.5,991.9,29,8,3,0,-0.8660254037844385,-0.5000000000000004,20.875,848.4749999999999
2024-08-30,60.0,51938.0,134.5,155.0,0,0,1,0,0,4.09,0.3,849.8,23.450000000000003,2.5,870.15,6.7,29.5,0.3,991.35,30,8,4,0,-0.8660254037844385,-0.5000000000000004,21.85,848.875
2024-08-31,59.875,44371.0,134.49,155.0,0,0,1,0,0,4.09,2.5,849.55,24.450000000000003,8.5,869.95,10.8,30.35,3.4,991.95,31,8,5,1,-0.8660254037844385,-0.5000000000000004,22.5,848.825
2024-09-01,60.0,38000.0,134.49,154.0,0,0,1,0,0,3.86,26.6,850.5,22.200000000000003,16.1,871.0999999999999,19.9,27.85,28.2,993.75,1,9,6,0,-1.0,-1.8369701987210294e-16,20.325000000000003,849.725
2024-09-02,55.0,45840.0,134.49,154.0,0,0,1,0,0,3.86,0.2,850.55,22.65,4.2,871.05,7.0,29.3,0.0,993.05,2,9,0,0,-1.0,-1.8369701987210294e-16,21.1,849.8
2024-09-03,60.0,42513.0,134.58,154.0,0,0,1,0,0,3.86,3.0,850.8499999999999,23.4,12.9,871.25,25.9,29.65,8.6,993.0,3,9,1,0,-1.0,-1.8369701987210294e-16,21.825,850.05
2024-09-04,60.0,51928.0,134.66,154.0,0,0,1,0,0,3.86,10.8,847.75,22.15,16.1,867.9,29.4,28.05,8.9,990.75,4,9,2,0,-1.0,-1.8369701987210294e-16,20.5,846.825
2024-09-05,60.0,40653.0,134.65,154.0,0,0,1,0,0,3.86,10.4,847.3,22.15,23.3,867.5,38.6,27.2,20.6,990.35,5,9,3,0,-1.0,-1.8369701987210294e-16,20.2,846.35
2024-09-06,55.0,36495.0,134.68,154.0,0,0,1,0,0,3.86,19.2,848.8499999999999,23.8,17.7,869.35,13.0,28.3,14.6,991.45,6,9,4,0,-1.0,-1.8369701987210294e-16,21.175,848.0999999999999
2024-09-07,60.0,25650.0,134.62,154.0,0,0,1,0,0,3.86,0.5,849.0,23.9,10.1,869.45,4.1,29.4,0.0,990.55,7,9,5,1,-1.0,-1.8369701987210294e-16,22.174999999999997,848.225
2024-09-08,55.0,44199.0,134.62,154.0,0,0,1,0,0,3.86,0.0,848.9000000000001,23.7,0.4,869.25,0.8,30.05,4.3,990.4,8,9,6,0,-1.0,-1.8369701987210294e-16,22.2,848.1750000000001
2024-09-09,60.0,45265.0,134.62,154.0,0,0,1,0,0,3.86,2.9,847.45,23.55,1.9,867.75,5.4,29.4,0.8,988.95,9,9,0,0,-1.0,-1.8369701987210294e-16,21.5,846.6500000000001
2024-09-10,65.0,37165.0,134.64,154.0,0,0,1,0,0,3.86,3.7,847.45,23.35,3.9,867.8,3.5,30.25,0.2,988.75,10,9,1,0,-1.0,-1.8369701987210294e-16,21.575,846.575
2024-09-11,65.0,54275.0,134.67,154.0,0,0,1,0,0,3.86,2.3,848.1,24.0,16.1,868.1,3.8,29.55,8.6,989.75,11,9,2,0,-1.0,-1.8369701987210294e-16,21.625,847.25
2024-09-12,55.0,46915.0,134.67,154.0,0,0,1,0,0,3.86,0.6,848.5,23.6,22.1,868.8499999999999,3.4,29.5,3.1,989.85,12,9,3,0,-1.0,-1.8369701987210294e-16,21.35,847.675
2024-09-13,65.0,48555.0,134.65,154.0,0,0,1,0,0,3.86,2.2,847.5,23.35,25.9,867.6500000000001,12.6,29.5,0.6,988.7,13,9,4,0,-1.0,-1.8369701987210294e-16,21.4,846.65
2024-09-14,65.0,79225.0,134.53,154.0,0,0,1,0,0,3.86,12.6,846.25,23.05,14.4,866.45,7.8,28.55,18.8,988.8,14,9,5,1,-1.0,-1.8369701987210294e-16,20.775,845.25
2024-09-15,65.0,29250.0,134.53,154.0,0,0,1,0,0,3.86,6.0,846.55,21.65,4.7,866.8499999999999,18.8,28.25,2.4,989.15,15,9,6,0,-1.0,-1.8369701987210294e-16,20.075000000000003,845.4
2024-09-16,75.0,44275.0,134.53,149.0,0,0,1,0,0,3.86,0.2,847.65,22.25,0.7,868.0999999999999,2.0,27.45,1.6,990.9,16,9,0,0,-1.0,-1.8369701987210294e-16,20.45,846.675
2024-09-17,75.0,55934.0,134.53,149.0,0,0,1,0,0,3.86,3.3,850.55,22.25,15.2,870.75,2.6,28.700000000000003,0.3,993.35,17,9,1,0,-1.0,-1.8369701987210294e-16,20.475,849.775
2024-09-18,65.0,36625.0,134.31,149.0,0,0,1,0,0,3.86,0.0,850.4,23.45,5.0,870.65,0.1,29.65,0.0,992.4,18,9,2,0,-1.0,-1.8369701987210294e-16,22.25,849.5
2024-09-19,65.0,50590.0,134.31,149.0,0,0,1,0,0,3.86,0.1,850.3,23.7,2.4,870.95,1.1,29.65,0.0,992.15,19,9,3,0,-1.0,-1.8369701987210294e-16,21.950000000000003,849.525
2024-09-20,75.0,28725.0,134.2,149.0,0,0,1,0,0,3.86,0.5,849.85,23.3,0.8,869.9,2.0,29.6,0.0,991.8,20,9,4,0,-1.0,-1.8369701987210294e-16,22.4,849.25
2024-09-21,85.0,21550.0,134.01,149.0,0,0,1,0,0,3.86,11.5,850.7,23.2,2.7,871.45,1.6,30.05,0.1,992.4,21,9,5,1,-1.0,-1.8369701987210294e-16,21.35,850.1
2024-09-22,85.0,28025.0,134.01,149.0,0,0,1,0,0,3.86,0.0,850.25,25.4,0.2,871.0,0.0,30.05,0.0,991.25,22,9,6,0,-1.0,-1.8369701987210294e-16,23.075,849.675
2024-09-23,85.0,26900.0,134.01,149.0,0,0,1,0,0,3.86,0.0,850.6,25.0,0.4,871.05,5.7,30.9,0.0,991.25,23,9,0,0,-1.0,-1.8369701987210294e-16,23.425,849.9000000000001
2024-09-24,85.0,39200.0,133.99,149.0,0,0,1,0,0,3.86,0.0,850.0999999999999,23.9,0.9,870.6,2.9,29.4,8.5,992.35,24,9,1,0,-1.0,-1.8369701987210294e-16,21.975,849.3499999999999
2024-09-25,95.0,27730.0,134.18,149.0,1,0,1,0,0,3.86,9.3,850.1500000000001,22.1,11.9,870.75,2.8,26.85,8.6,994.15,25,9,2,0,-1.0,-1.8369701987210294e-16,19.775000000000002,849.5
2024-09-26,95.0,30575.0,134.06,149.0,1,0,1,0,0,3.86,29.4,849.7,21.6,36.3,870.2,32.9,25.5,52.5,994.5,26,9,3,0,-1.0,-1.8369701987210294e-16,19.4,848.95
2024-09-27,105.0,37419.0,134.14,149.0,1,0,1,0,0,3.86,109.8,849.9000000000001,20.05,175.1,870.5999999999999,160.9,24.35,58.3,995.4,27,9,4,0,-1.0,-1.8369701987210294e-16,17.6,849.1500000000001
2024-09-28,105.0,15340.0,134.23,149.0,1,0,1,0,0,3.86,88.0,850.2,19.75,118.1,871.0,146.9,24.05,69.2,996.05,28,9,5,1,-1.0,-1.8369701987210294e-16,16.925,849.475
2024-09-29,110.0,14625.0,134.23,149.0,1,0,1,0,0,3.86,0.8,851.3,21.35,4.2,871.9,2.2,26.9,5.8,995.25,29,9,6,0,-1.0,-1.8369701987210294e-16,19.675,850.5749999999999
2024-09-30,110.0,35135.0,134.23,147.0,1,0,1,0,0,3.86,0.0,850.0,21.5,0.5,870.75,1.4,27.45,0.1,993.65,30,9,0,0,-1.0,-1.8369701987210294e-16,19.85,849.275
2024-10-01,135.0,31805.0,134.38,147.0,1,1,0,0,0,4.82,0.3,848.55,22.0,1.9,868.95,2.1,28.25,0.0,991.5,1,10,1,0,-0.8660254037844386,0.5000000000000001,20.45,847.6
2024-10-02,120.0,33500.0,134.42,147.0,1,1,0,0,0,4.82,3.8,848.25,23.0,16.7,868.8,13.3,27.700000000000003,0.2,991.15,2,10,2,0,-0.8660254037844386,0.5000000000000001,21.05,847.475
2024-10-03,120.0,28994.0,134.42,147.0,1,1,0,0,0,4.82,2.1,849.05,21.8,6.7,869.25,12.9,27.25,8.4,992.3,3,10,3,0,-0.8660254037844386,0.5000000000000001,19.725,847.9499999999999
2024-10-04,145.0,28733.0,134.66,147.0,1,1,0,0,0,4.82,7.0,849.3,21.55,1.9,869.8,3.5,27.3,1.3,993.45,4,10,4,0,-0.8660254037844386,0.5000000000000001,20.200000000000003,848.4499999999999
2024-10-05,150.0,33100.0,134.66,147.0,1,1,0,0,0,4.82,0.2,851.2,21.7,1.4,871.6,4.6,27.1,0.4,996.15,5,10,5,1,-0.8660254037844386,0.5000000000000001,19.85,850.225
2024-10-06,140.0,36350.0,134.66,147.0,1,1,0,0,0,4.82,2.1,853.7,21.15,0.7,874.2,1.8,27.0,0.4,998.55,6,10,6,0,-0.8660254037844386,0.5000000000000001,19.15,852.7
2024-10-07,140.0,34065.0,134.66,147.0,1,1,0,0,0,4.82,0.0,855.1500000000001,21.2,1.6,875.7,0.5,27.3,0.2,999.95,7,10,0,0,-0.8660254037844386,0.5000000000000001,19.425,854.1500000000001
2024-10-08,145.0,36825.0,134.67,147.0,1,1,0,0,0,4.82,0.0,854.4,20.45,0.2,874.85,0.4,26.950000000000003,0.8,998.45,8,10,1,0,-0.8660254037844386,0.5000000000000001,18.875,853.45
2024-10-09,135.0,32737.0,134.65,147.0,1,1,0,0,0,4.82,1.6,851.75,19.95,0.5,872.55,0.9,26.75,0.9,996.35,9,10,2,0,-0.8660254037844386,0.5000000000000001,18.2,850.975
2024-10-10,145.0,22767.0,134.65,147.0,1,1,0,0,0,4.82,0.0,850.75,19.3,0.7,871.15,1.6,26.85,0.6,995.25,10,10,3,0,-0.8660254037844386,0.5000000000000001,18.425,849.675
2024-10-11,141.25,23813.0,134.66,147.0,1,1,0,0,0,4.82,3.1,851.2,20.05,0.4,871.25,0.2,26.8,0.1,995.85,11,10,4,0,-0.8660254037844386,0.5000000000000001,18.825,850.0500000000001
2024-10-12,145.0,29385.0,134.8,147.0,1,1,0,0,0,4.82,0.0,851.6,19.95,0.2,871.85,0.1,26.05,0.0,997.75,12,10,5,1,-0.8660254037844386,0.5000000000000001,18.1,850.575
2024-10-13,145.0,4250.0,134.8,147.0,1,1,0,0,0,4.82,0.0,852.5999999999999,18.0,0.6,872.35,1.1,25.65,0.8,999.4,13,10,6,0,-0.8660254037844386,0.5000000000000001,17.1,851.5
2024-10-14,145.0,30795.0,134.8,147.0,1,1,0,0,0,4.82,4.1,853.45,18.450000000000003,1.5,873.5,2.3,25.85,0.0,999.3,14,10,0,0,-0.8660254037844386,0.5000000000000001,17.075,852.2
2024-10-15,145.0,33321.0,134.8,151.0,1,1,0,0,0,4.82,0.2,852.2,19.4,1.5,872.55,2.0,25.35,0.0,997.75,15,10,1,0,-0.8660254037844386,0.5000000000000001,17.174999999999997,851.1
2024-10-16,145.0,14663.0,134.77,151.0,0,1,0,0,0,4.82,0.0,851.7,18.7,2.8,872.1,3.0,25.1,0.0,998.25,16,10,2,0,-0.8660254037844386,0.5000000000000001,16.675,850.625
2024-10-17,135.0,35050.0,134.7,151.0,0,1,0,0,0,4.82,1.7,852.95,18.25,7.2,873.05,14.1,24.8,0.0,998.45,17,10,3,0,-0.8660254037844386,0.5000000000000001,16.65,851.5250000000001
2024-10-18,135.0,18900.0,134.82,151.0,0,1,0,0,0,4.82,2.1,851.9000000000001,17.75,0.3,872.2,1.9,24.7,0.0,997.85,18,10,4,0,-0.8660254037844386,0.5000000000000001,16.575000000000003,850.8000000000001
2024-10-19,135.0,23475.0,134.81,151.0,0,1,0,0,0,4.82,0.6,852.5999999999999,17.95,2.0,872.8,4.0,24.6,2.9,998.8,19,10,5,1,-0.8660254037844386,0.5000000000000001,16.549999999999997,851.3249999999999
2024-10-20,135.0,42000.0,134.81,151.0,0,1,0,0,0,4.82,3.1,854.2,17.9,0.6,874.55,5.2,23.95,2.3,1001.65,20,10,6,0,-0.8660254037844386,0.5000000000000001,16.174999999999997,853.075
2024-10-21,140.0,26650.0,134.81,151.0,0,1,0,0,0,4.82,0.0,854.1500000000001,18.05,0.9,874.5999999999999,0.8,25.1,0.0,1000.65,21,10,0,0,-0.8660254037844386,0.5000000000000001,16.1,853.1750000000001
2024-10-22,145.0,17940.0,134.82,151.0,0,1,0,0,0,4.82,0.0,853.95,18.65,0.9,874.5,1.1,25.4,0.0,999.65,22,10,1,0,-0.8660254037844386,0.5000000000000001,17.05,853.15
2024-10-23,145.0,32435.0,134.83,151.0,0,1,0,0,0,4.82,0.0,853.7,20.65,0.0,874.25,0.0,26.15,0.0,998.4,23,10,2,0,-0.8660254037844386,0.5000000000000001,18.075,852.9000000000001
2024-10-24,125.0,45000.0,134.84,151.0,0,1,0,0,0,4.82,0.1,853.2,20.0,0.0,873.3499999999999,0.3,26.1,0.0,998.55,24,10,3,0,-0.8660254037844386,0.5000000000000001,17.675,851.95
2024-10-25,125.0,34536.0,134.83,151.0,0,1,0,0,0,4.82,0.8,852.3,19.7,1.9,872.7,1.0,24.0,0.0,998.95,25,10,4,0,-0.8660254037844386,0.5000000000000001,17.200000000000003,851.1999999999999
2024-10-26,125.0,58364.0,134.84,151.0,0,1,0,0,0,4.82,0.0,852.2,18.65,0.0,872.9000000000001,0.1,24.8,0.0,998.3,26,10,5,1,-0.8660254037844386,0.5000000000000001,16.675,851.225
2024-10-27,115.0,60100.0,134.84,151.0,0,1,0,0,0,4.82,0.0,851.75,19.85,0.4,872.6500000000001,0.8,25.9,0.0,997.5,27,10,6,0,-0.8660254037844386,0.5000000000000001,16.9,850.825
2024-10-28,110.0,61650.0,134.84,151.0,0,1,0,0,0,4.82,0.0,850.3,20.15,0.0,871.5,0.5,26.0,0.0,996.5,28,10,0,0,-0.8660254037844386,0.5000000000000001,16.674999999999997,849.475
2024-10-29,105.0,79325.0,134.83,151.0,0,1,0,0,0,4.82,0.0,850.7,18.45,0.1,871.0999999999999,2.1,26.05,0.0,996.6,29,10,1,0,-0.8660254037844386,0.5000000000000001,16.925,849.725
2024-10-30,110.0,64425.0,134.83,151.0,0,1,0,0,0,4.82,1.4,851.05,18.35,1.8,871.5,3.3,25.75,0.1,997.6,30,10,2,0,-0.8660254037844386,0.5000000000000001,17.05,850.075
2024-10-31,95.0,49383.0,134.83,150.0,0,1,0,0,0,4.82,0.9,852.65,18.35,1.8,872.35,3.1,25.35,0.0,998.5,31,10,3,0,-0.8660254037844386,0.5000000000000001,16.924999999999997,851.3499999999999
2024-11-01,95.0,58870.0,134.83,150.0,1,1,0,0,0,5.6,0.2,852.65,18.75,5.1,873.0,0.6,26.15,0.0,999.65,1,11,4,0,-0.5000000000000004,0.8660254037844384,16.849999999999998,851.675
2024-11-02,90.0,24775.0,134.83,150.0,1,1,0,0,0,5.6,0.0,854.05,18.3,0.8,874.6,0.8,25.95,0.3,1001.5,2,11,5,1,-0.5000000000000004,0.8660254037844384,16.85,853.175
2024-11-03,85.0,27575.0,134.83,150.0,1,1,0,0,0,5.6,0.1,854.9,18.4,4.6,875.35,9.7,25.4,0.3,1001.4,3,11,6,0,-0.5000000000000004,0.8660254037844384,16.65,853.9
2024-11-04,85.0,14000.0,134.83,150.0,1,1,0,0,0,5.6,7.2,853.75,17.200000000000003,3.5,874.45,8.3,25.15,0.0,1000.95,4,11,0,0,-0.5000000000000004,0.8660254037844384,14.825,852.85
2024-11-05,85.0,19875.0,134.89,150.0,1,1,0,0,0,5.6,0.0,855.5,18.35,2.5,875.6500000000001,0.0,24.55,0.1,1001.95,5,11,1,0,-0.5000000000000004,0.8660254037844384,15.775,854.275
2024-11-06,85.0,59875.0,134.88,150.0,1,1,0,0,0,5.6,0.0,854.5,17.75,0.0,875.55,0.0,24.4,0.0,1002.4,6,11,2,0,-0.5000000000000004,0.8660254037844384,15.175,854.025
2024-11-07,95.0,63462.0,135.16,150.0,1,1,0,0,0,5.6,0.0,853.8499999999999,18.25,0.0,875.05,0.0,24.25,0.0,1001.5,7,11,3,0,-0.5000000000000004,0.8660254037844384,14.675,852.9
2024-11-08,85.0,41400.0,135.3,150.0,1,1,0,0,0,5.6,0.0,854.2,16.85,0.0,875.2,0.2,24.3,0.0,1002.25,8,11,4,0,-0.5000000000000004,0.8660254037844384,14.825,853.3000000000001
2024-11-09,95.0,13470.0,135.31,150.0,1,1,0,0,0,5.6,0.0,854.5,16.8,0.0,875.2,1.2,23.85,0.0,1002.75,9,11,5,1,-0.5000000000000004,0.8660254037844384,15.0,853.55
2024-11-10,98.75,35250.0,135.31,150.0,1,1,0,0,0,5.6,0.3,854.4000000000001,17.0,2.4,874.85,4.0,24.5,0.0,1002.35,10,11,6,0,-0.5000000000000004,0.8660254037844384,15.274999999999999,853.35
2024-11-11,95.0,52700.0,135.31,150.0,1,1,0,0,0,5.6,0.0,854.4,17.75,0.6,874.9,2.2,24.15,0.0,1001.65,11,11,0,0,-0.5000000000000004,0.8660254037844384,15.5,853.2
2024-11-12,95.0,52864.0,135.34,150.0,1,1,0,0,0,5.6,0.1,853.35,16.75,0.9,873.8499999999999,1.9,23.6,0.0,1001.2,12,11,1,0,-0.5000000000000004,0.8660254037844384,14.775,852.225
2024-11-13,95.0,61320.0,135.34,150.0,1,1,0,0,0,5.6,0.4,851.45,16.8,0.5,871.7,0.4,22.7,0.0,1000.15,13,11,2,0,-0.5000000000000004,0.8660254037844384,15.024999999999999,850.5
2024-11-14,95.0,59179.0,135.31,150.0,1,1,0,0,0,5.6,0.4,853.25,17.05,0.0,873.7,0.0,22.950000000000003,0.0,1001.6,14,11,3,0,-0.5000000000000004,0.8660254037844384,15.399999999999999,852.25
2024-11-15,95.0,91320.0,135.34,153.0,1,1,0,0,0,5.6,0.0,852.35,16.200000000000003,0.0,872.4,0.0,22.3,0.0,1000.45,15,11,4,0,-0.5000000000000004,0.8660254037844384,15.375,851.25
2024-11-16,95.0,101625.0,135.34,153.0,0,1,0,0,0,5.6,0.0,851.25,15.9,0.0,870.95,0.4,20.7,0.0,1000.2,16,11,5,1,-0.5000000000000004,0.8660254037844384,14.625,849.975
2024-11-17,95.0,79900.0,135.34,153.0,0,1,0,0,0,5.6,0.0,851.7,16.549999999999997,0.0,872.1,0.9,21.05,0.0,1000.5,17,11,6,0,-0.5000000000000004,0.8660254037844384,14.95,850.8000000000001
2024-11-18,95.0,72093.0,135.34,153.0,0,1,0,0,0,5.6,0.0,852.9000000000001,15.1,0.0,873.0999999999999,0.0,21.4,0.0,1002.35,18,11,0,0,-0.5000000000000004,0.8660254037844384,13.75,851.825
2024-11-19,95.0,53632.0,135.32,153.0,0,1,0,0,0,5.6,0.0,854.15,14.2,1.5,874.2,0.5,21.45,0.0,1003.0,19,11,1,0,-0.5000000000000004,0.8660254037844384,13.2,853.05
2024-11-20,95.0,56430.0,135.37,153.0,0,1,0,0,0,5.6,0.0,852.9000000000001,15.0,2.2,873.55,0.9,21.05,0.0,1002.25,20,11,2,0,-0.5000000000000004,0.8660254037844384,12.825,851.875
2024-11-21,95.0,71958.0,135.37,153.0,0,1,0,0,0,5.6,0.0,852.15,14.3,2.5,872.6500000000001,0.4,20.75,0.0,1001.55,21,11,3,0,-0.5000000000000004,0.8660254037844384,12.399999999999999,851.175
2024-11-22,95.0,72980.0,135.5,153.0,0,1,0,0,0,5.6,0.1,852.5999999999999,14.0,1.4,872.7,1.0,20.15,0.0,1001.6,22,11,4,0,-0.5000000000000004,0.8660254037844384,12.675,851.3249999999999
2024-11-23,95.0,63820.0,135.42,153.0,0,1,0,0,0,5.6,0.0,853.1500000000001,13.4,0.5,872.8499999999999,0.3,19.6,0.0,1003.35,23,11,5,1,-0.5000000000000004,0.8660254037844384,12.125,851.625
2024-11-24,95.0,61340.0,135.42,153.0,0,1,0,0,0,5.6,0.0,852.05,13.3,0.0,871.95,0.0,19.55,0.0,1002.25,24,11,6,0,-0.5000000000000004,0.8660254037844384,12.65,850.5999999999999
2024-11-25,95.0,33903.0,135.42,153.0,0,1,0,0,0,5.6,0.0,852.3499999999999,14.15,0.1,872.3,1.6,19.3,0.0,1002.25,25,11,0,0,-0.5000000000000004,0.8660254037844384,12.7,851.05
2024-11-26,95.0,88109.0,135.17,153.0,0,1,0,0,0,5.6,0.1,852.15,15.1,1.4,872.1500000000001,2.0,19.8,0.0,1001.35,26,11,1,0,-0.5000000000000004,0.8660254037844384,12.925,850.4749999999999
2024-11-27,95.0,46930.0,135.23,153.0,0,1,0,0,0,5.6,0.0,852.0,14.0,0.7,872.3,0.4,19.65,0.0,1002.15,27,11,2,0,-0.5000000000000004,0.8660254037844384,11.75,850.6
2024-11-28,95.0,62655.0,135.43,153.0,0,1,0,0,0,5.6,0.0,852.9,13.25,0.6,873.05,0.1,19.5,0.0,1003.55,28,11,3,0,-0.5000000000000004,0.8660254037844384,11.600000000000001,851.825
2024-11-29,95.0,58350.0,135.48,153.0,0,1,0,0,0,5.6,0.0,853.55,14.55,0.0,874.6,0.0,19.55,0.0,1003.25,29,11,4,0,-0.5000000000000004,0.8660254037844384,12.25,852.4
2024-11-30,95.0,63045.0,135.48,153.0,0,1,0,0,0,5.6,0.0,852.25,13.65,0.0,872.3,0.0,19.35,0.0,1001.35,30,11,5,1,-0.5000000000000004,0.8660254037844384,12.375,850.875
2024-12-01,90.0,60965.0,135.48,153.0,0,0,0,0,1,6.05,0.0,850.95,14.25,0.0,870.95,0.0,18.75,0.0,999.9,1,12,6,0,-2.4492935982947064e-16,1.0,12.75,849.325
2024-12-02,95.0,54875.0,135.48,153.0,0,0,0,0,1,6.05,0.0,850.2,13.75,0.0,869.75,0.0,18.5,0.0,1000.5,2,12,0,0,-2.4492935982947064e-16,1.0,12.8,848.9000000000001
2024-12-03,95.0,53325.0,135.82,153.0,0,0,0,0,1,6.05,0.0,851.3499999999999,14.4,0.0,872.1500000000001,0.0,18.6,0.0,1001.4,3,12,1,0,-2.4492935982947064e-16,1.0,12.350000000000001,850.15
2024-12-04,95.0,81375.0,135.8,153.0,0,0,0,0,1,6.05,0.0,849.9,14.65,0.0,870.2,0.0,17.85,0.0,1000.5,4,12,2,0,-2.4492935982947064e-16,1.0,12.6,848.7249999999999
2024-12-05,95.0,74580.0,135.89,153.0,0,0,0,0,1,6.05,0.0,849.65,13.55,0.0,869.75,0.0,18.05,0.0,1000.7,5,12,3,0,-2.4492935982947064e-16,1.0,11.625,848.5
2024-12-06,95.0,66220.0,135.88,153.0,0,0,0,0,1,6.05,0.0,848.95,14.1,0.0,869.1500000000001,0.0,16.85,0.0,1000.4,6,12,4,0,-2.4492935982947064e-16,1.0,11.55,847.325
2024-12-07,95.0,84074.0,135.81,153.0,0,0,0,0,1,6.05,0.0,849.6,13.75,0.0,869.6500000000001,0.0,16.45,0.0,1001.2,7,12,5,1,-2.4492935982947064e-16,1.0,11.45,848.2
2024-12-08,95.0,87550.0,135.81,153.0,0,0,0,0,1,6.05,0.1,851.05,13.15,0.1,871.05,2.4,17.15,0.0,1001.9,8,12,6,0,-2.4492935982947064e-16,1.0,10.675,849.55
2024-12-09,95.0,114450.0,135.81,153.0,0,0,0,0,1,6.05,0.3,849.9,10.75,0.0,869.65,0.2,17.45,0.4,1001.2,9,12,0,0,-2.4492935982947064e-16,1.0,9.525,848.4749999999999
2024-12-10,95.0,94255.0,135.88,153.0,0,0,0,0,1,6.05,0.0,848.95,11.05,0.0,869.25,0.0,16.75,0.0,1001.15,10,12,1,0,-2.4492935982947064e-16,1.0,9.175,847.6
2024-12-11,95.0,115140.0,136.07,153.0,0,0,0,0,1,6.05,0.0,851.2,11.9,0.0,871.05,0.0,15.5,0.0,1003.6,11,12,2,0,-2.4492935982947064e-16,1.0,10.45,849.6500000000001
2024-12-12,95.0,97585.0,136.04,153.0,0,0,0,0,1,6.05,0.0,849.35,13.5,0.0,869.6,0.0,14.6,0.0,1002.2,12,12,3,0,-2.4492935982947064e-16,1.0,11.25,848.175
2024-12-13,95.0,100376.0,136.08,153.0,0,0,0,0,1,6.05,0.0,850.2,13.85,0.0,870.35,0.0,14.85,0.0,1002.15,13,12,4,0,-2.4492935982947064e-16,1.0,11.475000000000001,848.9
2024-12-14,95.0,87020.0,135.97,153.0,0,0,0,0,1,6.05,0.0,851.5,11.0,0.0,871.1,0.0,14.7,0.0,1004.7,14,12,5,1,-2.4492935982947064e-16,1.0,9.925,850.0
2024-12-15,95.0,73612.0,135.97,151.0,0,0,0,0,1,6.05,0.0,854.0,12.0,0.0,874.2,0.0,16.4,0.0,1005.95,15,12,6,0,-2.4492935982947064e-16,1.0,10.475,852.925
2024-12-16,95.0,55675.0,135.97,151.0,0,0,0,0,1,6.05,0.0,853.5999999999999,13.8,0.0,873.8,0.0,17.4,0.0,1004.15,16,12,0,0,-2.4492935982947064e-16,1.0,12.725,852.375
2024-12-17,95.0,80379.0,136.09,151.0,0,0,0,0,1,6.05,0.0,853.1500000000001,13.3,0.0,872.6,0.0,17.25,0.0,1003.15,17,12,1,0,-2.4492935982947064e-16,1.0,12.625,851.75
2024-12-18,95.0,73275.0,136.14,151.0,0,0,0,0,1,6.05,0.0,851.35,13.05,0.0,871.4,0.0,17.55,0.0,1001.65,18,12,2,0,-2.4492935982947064e-16,1.0,11.875,849.875
2024-12-19,95.0,71210.0,136.23,151.0,0,0,0,0,1,6.05,0.0,852.75,11.75,0.0,872.55,0.0,16.8,0.0,1003.5,19,12,3,0,-2.4492935982947064e-16,1.0,11.075,851.275
2024-12-20,95.0,78583.0,136.42,151.0,0,0,0,0,1,6.05,0.0,851.15,12.3,0.0,870.8499999999999,0.0,17.7,0.0,1001.15,20,12,4,0,-2.4492935982947064e-16,1.0,11.25,849.5999999999999
2024-12-21,95.0,72662.0,136.33,151.0,0,0,0,0,1,6.05,0.0,850.5,11.9,0.0,870.75,0.4,16.8,0.0,1001.85,21,12,5,1,-2.4492935982947064e-16,1.0,9.925,849.2
2024-12-22,95.0,64600.0,136.33,151.0,0,0,0,0,1,6.05,0.0,850.55,11.75,0.0,871.6,0.0,16.4,0.0,1003.3,22,12,6,0,-2.4492935982947064e-16,1.0,9.7,849.525
2024-12-23,95.0,99531.0,136.33,151.0,0,0,0,0,1,6.05,0.0,852.45,10.6,0.0,871.7,0.0,16.25,0.0,1004.2,23,12,0,0,-2.4492935982947064e-16,1.0,10.425,850.875
2024-12-24,85.0,82525.0,136.5,151.0,0,0,0,0,1,6.05,0.0,851.45,10.6,0.0,871.8,0.3,16.1,0.0,1003.75,24,12,1,0,-2.4492935982947064e-16,1.0,9.5,850.225
2024-12-25,85.0,102350.0,136.63,151.0,0,0,0,0,1,6.05,0.0,853.75,13.3,0.0,873.2,0.4,17.4,0.0,1004.9,25,12,2,0,-2.4492935982947064e-16,1.0,11.325,851.85
2024-12-26,85.0,89350.0,136.63,151.0,0,0,0,0,1,6.05,0.0,854.95,13.25,0.0,875.85,0.0,16.4,0.0,1007.55,26,12,3,0,-2.4492935982947064e-16,1.0,10.7,853.825
2024-12-27,85.0,96375.0,136.73,151.0,0,0,0,0,1,6.05,0.0,855.3,12.75,0.0,875.0,0.0,16.75,0.0,1007.25,27,12,4,0,-2.4492935982947064e-16,1.0,11.475,854.05
2024-12-28,85.0,129205.0,137.16,151.0,0,0,0,0,1,6.05,1.8,854.95,11.25,3.8,874.55,2.9,16.05,0.7,1005.45,28,12,5,1,-2.4492935982947064e-16,1.0,10.25,853.8000000000001
2024-12-29,85.0,130101.0,137.16,151.0,0,0,0,0,1,6.05,0.2,853.85,12.8,4.6,874.2,2.2,18.35,0.4,1004.0,29,12,6,0,-2.4492935982947064e-16,1.0,11.675,852.375
2024-12-30,85.0,101990.0,137.16,151.0,0,0,0,0,1,6.05,0.0,852.1,12.2,0.0,872.3,0.0,16.85,0.0,1005.05,30,12,0,0,-2.4492935982947064e-16,1.0,10.4,850.7750000000001
2024-12-31,85.0,81947.0,137.16,153.0,0,0,0,0,1,6.05,0.0,853.55,11.3,0.0,873.45,0.0,16.35,0.0,1006.05,31,12,1,0,-2.4492935982947064e-16,1.0,10.2,852.2249999999999
2025-01-01,85.0,89844.0,137.29,153.0,0,0,0,0,1,5.41,0.0,850.8,12.5,0.0,871.6,0.0,13.8,0.0,1004.45,1,1,2,0,0.4999999999999999,0.8660254037844387,10.4,849.8
2025-01-02,85.0,42425.0,137.34,153.0,0,0,0,0,1,5.41,0.0,851.4,12.4,0.0,871.05,0.0,13.7,0.0,1004.7,2,1,3,0,0.4999999999999999,0.8660254037844387,11.024999999999999,850.1500000000001
2025-01-03,85.0,71375.0,137.51,153.0,0,0,0,0,1,5.41,0.0,852.45,13.8,0.0,872.95,0.0,14.7,0.0,1004.55,3,1,4,0,0.4999999999999999,0.8660254037844387,12.05,851.45
2025-01-04,85.0,98575.0,137.54,153.0,0,0,0,0,1,5.41,0.0,852.5999999999999,13.15,0.0,872.55,0.0,16.35,0.0,1003.45,4,1,5,1,0.4999999999999999,0.8660254037844387,11.850000000000001,851.25
2025-01-05,85.0,105574.0,137.54,153.0,0,0,0,0,1,5.41,0.0,853.3499999999999,12.55,0.0,872.8499999999999,0.0,16.15,0.0,1004.35,5,1,6,0,0.4999999999999999,0.8660254037844387,11.45,851.9
2025-01-06,75.0,113528.0,137.54,153.0,0,0,0,0,1,5.41,0.0,852.7,13.2,0.0,872.65,0.0,18.6,0.0,1002.4,6,1,0,0,0.4999999999999999,0.8660254037844387,12.375,851.05
2025-01-07,75.0,85400.0,137.63,153.0,0,0,0,0,1,5.41,2.4,849.95,11.1,1.5,869.8499999999999,1.1,17.1,0.1,1001.15,7,1,1,0,0.4999999999999999,0.8660254037844387,9.05,848.1750000000001
2025-01-08,65.0,74123.0,137.45,153.0,0,0,0,0,1,5.41,0.0,847.35,10.35,0.0,867.35,0.0,14.8,0.0,1001.95,8,1,2,0,0.4999999999999999,0.8660254037844387,8.175,845.7750000000001
2025-01-09,75.0,117045.0,137.66,153.0,0,0,0,0,1,5.41,0.0,851.7,9.75,0.0,870.7,0.0,15.3,0.0,1005.9,9,1,3,0,0.4999999999999999,0.8660254037844387,8.775,849.85
2025-01-10,65.0,68750.0,137.66,153.0,0,0,0,0,1,5.41,0.0,854.1,10.1,0.0,873.6,0.0,14.8,0.0,1007.7,10,1,4,0,0.4999999999999999,0.8660254037844387,8.875,852.45
2025-01-11,75.0,85726.0,137.85,153.0,0,0,0,0,1,5.41,0.0,855.55,10.95,0.0,874.8499999999999,0.0,16.450000000000003,0.0,1007.05,11,1,5,1,0.4999999999999999,0.8660254037844387,10.6,853.9
2025-01-12,65.0,84775.0,137.85,153.0,0,0,0,0,1,5.41,0.0,855.0,11.8,0.1,874.75,0.1,17.5,0.0,1005.75,12,1,6,0,0.4999999999999999,0.8660254037844387,11.05,853.4
2025-01-13,65.0,101650.0,137.85,153.0,0,0,0,0,1,5.41,0.0,852.55,11.95,0.0,872.5,0.2,17.5,0.0,1002.95,13,1,0,0,0.4999999999999999,0.8660254037844387,10.15,850.8
2025-01-14,65.0,70725.0,138.83,153.0,0,0,0,0,1,5.41,0.0,852.6,12.25,0.0,873.4,0.0,15.95,0.0,1006.2,14,1,1,0,0.4999999999999999,0.8660254037844387,9.475000000000001,851.425
2025-01-15,65.0,36750.0,138.92,156.0,0,0,0,0,1,5.41,0.0,855.4,11.8,0.0,874.85,0.0,16.3,0.0,1007.3,15,1,2,0,0.4999999999999999,0.8660254037844387,11.0,853.9000000000001
2025-01-16,65.0,66825.0,138.49,156.0,0,0,0,0,1,5.41,0.0,855.0,12.55,0.0,874.45,0.0,16.0,0.0,1006.7,16,1,3,0,0.4999999999999999,0.8660254037844387,11.625,853.55
2025-01-17,65.0,69825.0,138.79,156.0,0,0,0,0,1,5.41,0.0,854.0,12.75,0.0,873.75,0.0,16.5,0.0,1004.35,17,1,4,0,0.4999999999999999,0.8660254037844387,11.95,852.425
2025-01-18,65.0,74850.0,138.88,156.0,0,0,0,0,1,5.41,0.0,852.3,12.95,0.0,872.95,0.0,15.95,0.0,1004.05,18,1,5,1,0.4999999999999999,0.8660254037844387,11.149999999999999,850.95
2025-01-19,65.0,89290.0,138.88,156.0,0,0,0,0,1,5.41,0.0,851.15,14.95,0.0,871.4000000000001,0.0,15.0,0.0,1002.65,19,1,6,0,0.4999999999999999,0.8660254037844387,13.55,849.675
2025-01-20,65.0,92053.0,138.88,156.0,0,0,0,0,1,5.41,0.0,849.4000000000001,14.35,0.0,868.8499999999999,0.0,15.0,0.0,1000.75,20,1,0,0,0.4999999999999999,0.8660254037844387,14.0,848.225
2025-01-21,65.0,103050.0,138.82,156.0,0,0,0,0,1,5.41,0.0,849.2,16.2,0.0,869.5,0.0,15.2,0.0,999.85,21,1,1,0,0.4999999999999999,0.8660254037844387,14.925,848.05
2025-01-22,65.0,75575.0,138.83,156.0,0,0,0,0,1,5.41,0.0,850.25,16.85,0.0,870.6,0.0,15.7,0.0,1000.85,22,1,2,0,0.4999999999999999,0.8660254037844387,15.2,849.15
2025-01-23,65.0,77675.0,138.42,156.0,0,0,0,0,1,5.41,0.0,850.5999999999999,15.4,0.0,870.7,0.0,15.85,0.0,1001.55,23,1,3,0,0.4999999999999999,0.8660254037844387,13.975,849.375
2025-01-24,65.0,66475.0,138.64,156.0,0,0,0,0,1,5.41,0.0,848.75,12.95,0.0,869.3499999999999,0.0,15.25,0.0,999.95,24,1,4,0,0.4999999999999999,0.8660254037844387,11.65,847.375
2025-01-25,65.0,78925.0,138.24,156.0,0,0,0,0,1,5.41,0.0,848.3,12.5,0.0,868.75,0.0,15.75,0.0,1002.0,25,1,5,1,0.4999999999999999,0.8660254037844387,10.125,846.925
2025-01-26,65.0,79650.0,138.24,156.0,0,0,0,0,1,5.41,0.0,850.9000000000001,13.3,0.0,870.5999999999999,0.0,16.85,0.0,1002.35,26,1,6,0,0.4999999999999999,0.8660254037844387,10.850000000000001,849.4000000000001
2025-01-27,65.0,86175.0,138.24,156.0,0,0,0,0,1,5.41,0.0,848.55,13.1,0.0,868.6500000000001,0.0,16.45,0.0,999.65,27,1,0,0,0.4999999999999999,0.8660254037844387,11.3,847.325
2025-01-28,65.0,90162.0,138.46,156.0,0,0,0,0,1,5.41,0.0,848.25,12.7,0.2,868.9,0.0,17.05,0.0,1000.5,28,1,1,0,0.4999999999999999,0.8660254037844387,10.525,847.125
2025-01-29,65.0,94675.0,138.74,156.0,0,0,0,0,1,5.41,0.0,852.5,13.3,0.0,872.15,0.1,16.8,0.0,1003.3,29,1,2,0,0.4999999999999999,0.8660254037844387,11.275,850.6
2025-01-30,65.0,63250.0,138.77,156.0,0,0,0,0,1,5.41,0.0,848.45,13.4,0.0,868.3499999999999,0.2,16.8,0.0,998.65,30,1,3,0,0.4999999999999999,0.8660254037844387,11.899999999999999,846.85
2025-01-31,65.0,76750.0,138.91,160.0,0,0,0,0,1,5.41,0.0,847.1,13.5,0.0,867.25,0.0,16.75,0.0,998.6,31,1,4,0,0.4999999999999999,0.8660254037844387,11.8,846.0
2025-02-01,65.0,72975.0,138.88,160.0,0,0,0,0,1,4.16,0.0,849.75,13.8,0.0,869.4,0.0,16.45,0.0,1000.95,1,2,5,1,0.8660254037844386,0.5000000000000001,12.850000000000001,848.375
2025-02-02,65.0,73461.0,138.88,160.0,0,0,0,0,1,4.16,0.0,849.95,14.55,0.0,870.2,0.0,16.6,0.0,1000.25,2,2,6,0,0.8660254037844386,0.5000000000000001,12.725,848.5
2025-02-03,65.0,90275.0,138.88,160.0,0,0,0,0,1,4.16,0.0,849.2,13.6,0.0,868.6500000000001,0.0,16.4,0.0,1000.55,3,2,0,0,0.8660254037844386,0.5000000000000001,13.05,847.9000000000001
2025-02-04,65.0,87587.0,139.8,160.0,0,0,0,0,1,4.16,0.0,851.45,14.25,0.0,871.05,0.0,17.0,0.0,1001.3,4,2,1,0,0.8660254037844386,0.5000000000000001,13.175,849.9000000000001
2025-02-05,65.0,74175.0,139.62,160.0,0,0,0,0,1,4.16,0.0,850.3,16.05,0.1,870.5,0.6,18.25,0.0,998.6,5,2,2,0,0.8660254037844386,0.5000000000000001,14.85,848.9499999999999
2025-02-06,55.0,103850.0,140.25,160.0,0,0,0,0,1,4.16,0.0,849.1500000000001,15.2,0.0,868.95,0.3,17.5,0.0,999.5,6,2,3,0,0.8660254037844386,0.5000000000000001,13.8,847.8000000000001
2025-02-07,55.0,79281.0,140.43,160.0,0,0,0,0,1,4.16,0.0,848.95,14.9,0.0,869.3,0.0,15.5,0.0,1000.9,7,2,4,0,0.8660254037844386,0.5000000000000001,12.875,847.7
2025-02-08,55.0,56000.0,140.19,160.0,0,0,0,0,1,4.16,0.0,849.65,13.3,0.0,869.45,0.0,15.25,0.0,1002.45,8,2,5,1,0.8660254037844386,0.5000000000000001,11.775,848.3
2025-02-09,55.0,92950.0,140.19,160.0,0,0,0,0,1,4.16,0.0,849.8,12.65,0.0,869.5999999999999,0.6,16.65,0.0,1001.05,9,2,6,0,0.8660254037844386,0.5000000000000001,11.425,848.3249999999999
2025-02-10,55.0,86800.0,140.19,160.0,0,0,0,0,1,4.16,0.0,850.45,13.15,0.0,870.2,0.1,17.9,0.0,1001.3,10,2,0,0,0.8660254037844386,0.5000000000000001,12.275,849.1
2025-02-11,55.0,85550.0,140.27,160.0,0,0,0,0,1,4.16,0.0,849.3,14.55,0.0,869.15,0.1,17.8,0.0,999.0,11,2,1,0,0.8660254037844386,0.5000000000000001,12.925,847.775
2025-02-12,55.0,100474.0,139.23,160.0,0,0,0,0,1,4.16,0.3,848.8,13.3,0.5,868.3499999999999,1.2,17.55,0.0,999.25,12,2,2,0,0.8660254037844386,0.5000000000000001,12.3,847.3499999999999
2025-02-13,55.0,101775.0,139.34,160.0,0,0,0,0,1,4.16,0.0,847.25,13.45,0.0,867.25,0.0,16.8,0.0,998.9,13,2,3,0,0.8660254037844386,0.5000000000000001,11.35,845.825
2025-02-14,55.0,77451.0,139.34,160.0,0,0,0,0,1,4.16,0.0,846.6,12.75,0.0,866.25,0.0,15.55,0.0,998.9,14,2,4,0,0.8660254037844386,0.5000000000000001,11.125,845.0
2025-02-15,55.0,98375.0,139.22,160.0,0,0,0,0,1,4.16,0.0,848.0,12.35,0.1,867.9,0.0,16.15,0.0,1000.2,15,2,5,1,0.8660254037844386,0.5000000000000001,10.25,846.4
2025-02-16,55.0,95775.0,139.22,156.0,0,0,0,0,1,4.16,0.0,848.95,12.8,0.2,868.7,1.2,17.05,0.0,1000.05,16,2,6,0,0.8660254037844386,0.5000000000000001,11.525,847.45
2025-02-17,55.0,88075.0,139.22,156.0,0,0,0,0,1,4.16,0.0,852.4,11.85,1.5,871.7,1.9,19.1,0.0,1003.05,17,2,0,0,0.8660254037844386,0.5000000000000001,11.25,850.675
2025-02-18,55.0,94375.0,139.31,156.0,0,0,0,0,1,4.16,5.4,851.35,12.55,3.7,870.9,5.1,18.450000000000003,0.1,1001.9,18,2,1,0,0.8660254037844386,0.5000000000000001,11.75,849.9749999999999
2025-02-19,55.0,82800.0,139.43,156.0,0,0,0,0,1,4.16,0.0,850.65,13.0,0.2,870.55,0.9,18.9,0.0,1000.65,19,2,2,0,0.8660254037844386,0.5000000000000001,11.35,849.25
2025-02-20,55.0,58105.0,139.43,156.0,0,0,0,0,1,4.16,0.0,852.5999999999999,14.1,0.8,872.6,0.3,19.8,0.0,1002.65,20,2,3,0,0.8660254037844386,0.5000000000000001,12.6,851.3
2025-02-21,55.0,80350.0,138.96,156.0,0,0,0,0,1,4.16,0.5,853.6,13.35,3.1,873.45,0.1,19.85,0.0,1002.15,21,2,4,0,0.8660254037844386,0.5000000000000001,12.125,852.075
2025-02-22,45.0,98075.0,139.05,156.0,0,0,0,0,1,4.16,0.0,852.0999999999999,14.25,0.4,872.0,0.1,19.6,0.0,1002.2,22,2,5,1,0.8660254037844386,0.5000000000000001,13.0,850.875
2025-02-23,45.0,105700.0,139.05,156.0,0,0,0,0,1,4.16,0.0,853.2,13.15,1.4,873.25,1.8,19.3,0.0,1004.1,23,2,6,0,0.8660254037844386,0.5000000000000001,11.875,852.05
2025-02-24,45.0,74208.0,139.05,156.0,0,0,0,0,1,4.16,0.8,854.65,12.25,1.3,874.55,0.9,19.45,0.0,1005.25,24,2,0,0,0.8660254037844386,0.5000000000000001,11.25,853.275
2025-02-25,45.0,70225.0,139.02,156.0,0,0,0,0,1,4.16,0.0,854.8499999999999,14.25,0.0,874.8499999999999,0.0,19.35,0.0,1005.55,25,2,1,0,0.8660254037844386,0.5000000000000001,12.55,853.275
2025-02-26,50.0,78706.0,139.84,156.0,0,0,0,0,1,4.16,0.0,855.8,15.35,0.0,876.55,0.2,20.15,0.0,1005.85,26,2,2,0,0.8660254037844386,0.5000000000000001,13.45,854.75
2025-02-27,50.0,92675.0,139.84,156.0,0,0,0,0,1,4.16,0.0,854.35,14.3,0.5,874.25,3.6,20.95,0.0,1003.1,27,2,3,0,0.8660254037844386,0.5000000000000001,13.274999999999999,852.825
2025-02-28,50.0,86635.0,139.83,156.0,0,0,0,0,1,4.16,11.8,852.9,14.1,0.3,872.7,1.6,20.65,0.0,1001.7,28,2,4,0,0.8660254037844386,0.5000000000000001,13.0,851.5250000000001
2025-03-01,50.0,93925.0,140.3,155.0,1,0,0,1,0,3.75,0.5,851.4000000000001,15.5,0.0,871.45,0.4,21.85,0.0,998.55,1,3,5,1,1.0,6.123233995736766e-17,14.0,850.1750000000001
2025-03-02,50.0,76125.0,140.3,155.0,1,0,0,1,0,3.75,0.0,847.2,16.5,0.0,867.6500000000001,0.0,21.95,0.0,994.7,2,3,6,0,1.0,6.123233995736766e-17,14.100000000000001,846.15
2025-03-03,50.0,68625.0,140.3,155.0,1,0,0,1,0,3.75,0.0,847.95,16.6,0.0,868.3,0.0,20.35,0.0,997.2,3,3,0,0,1.0,6.123233995736766e-17,14.725,846.975
2025-03-05,45.0,24950.0,139.93,155.0,1,0,0,1,0,3.75,0.0,845.9,15.95,0.0,866.05,0.0,19.75,0.0,995.55,5,3,2,0,1.0,6.123233995736766e-17,13.825,844.7
2025-03-06,33.665,126650.0,139.44,155.0,1,0,0,1,0,3.75,0.0,848.0,15.7,0.0,867.95,0.1,18.8,0.0,999.0,6,3,3,0,1.0,6.123233995736766e-17,13.45,846.7
2025-03-07,33.665,116125.0,139.69,155.0,1,0,0,1,0,3.75,0.8,848.5,14.4,5.1,868.8,8.3,20.450000000000003,0.0,997.45,7,3,4,0,1.0,6.123233995736766e-17,12.35,847.125
2025-03-08,33.665,100450.0,139.3,155.0,1,0,0,1,0,3.75,4.0,848.0999999999999,14.55,1.3,867.6500000000001,1.4,20.85,0.0,996.7,8,3,5,1,1.0,6.123233995736766e-17,13.149999999999999,846.3499999999999
2025-03-09,33.665,93875.0,139.3,155.0,1,0,0,1,0,3.75,0.0,851.55,14.15,1.9,871.55,2.1,21.8,0.0,1001.1,9,3,6,0,1.0,6.123233995736766e-17,13.0,850.25
2025-03-10,33.665,89725.0,139.3,155.0,1,0,0,1,0,3.75,0.3,855.55,15.7,4.3,875.7,1.5,22.35,0.0,1003.45,10,3,0,0,1.0,6.123233995736766e-17,14.1,854.25
2025-03-11,33.665,94425.0,140.04,155.0,1,0,0,1,0,3.75,1.4,852.9,16.2,1.8,872.65,7.1,23.2,0.0,1000.5,11,3,1,0,1.0,6.123233995736766e-17,14.75,851.675
2025-03-12,33.665,100920.0,139.85,155.0,1,0,0,1,0,3.75,5.1,849.4,16.35,4.0,868.9000000000001,3.4,23.6,0.0,995.45,12,3,2,0,1.0,6.123233995736766e-17,15.25,848.075
2025-03-13,33.665,82925.0,139.84,155.0,1,0,0,1,0,3.75,0.4,848.2,15.95,2.3,867.85,1.4,24.35,0.4,995.0,13,3,3,0,1.0,6.123233995736766e-17,15.0,847.05
2025-03-14,33.665,108088.0,139.5,155.0,1,0,0,1,0,3.75,0.0,848.9,16.75,0.1,868.3499999999999,0.0,23.75,0.0,996.15,14,3,4,0,1.0,6.123233995736766e-17,16.35,847.775
2025-03-15,33.665,72850.0,139.5,155.0,1,0,0,1,0,3.75,0.0,851.2,18.5,0.3,870.85,0.0,24.9,0.0,997.2,15,3,5,1,1.0,6.123233995736766e-17,17.375,850.0250000000001
2025-03-16,33.665,66633.0,139.5,151.0,1,0,0,1,0,3.75,1.9,851.7,18.5,3.9,871.65,1.0,24.5,0.0,996.6,16,3,6,0,1.0,6.123233995736766e-17,17.375,850.6
2025-03-17,33.665,71900.0,139.5,151.0,1,0,0,1,0,3.75,0.0,850.2,18.3,0.1,870.3,0.8,24.25,0.0,995.5,17,3,0,0,1.0,6.123233995736766e-17,16.625,849.1750000000001
2025-03-18,33.665,117800.0,139.19,151.0,1,0,0,1,0,3.75,0.0,849.05,17.25,0.0,869.1,0.0,22.9,0.0,996.7,18,3,1,0,1.0,6.123233995736766e-17,15.925,847.85
2025-03-19,31.335,99855.0,138.82,151.0,1,0,0,1,0,3.75,0.0,851.55,18.7,0.0,871.75,0.0,23.4,0.0,999.55,19,3,2,0,1.0,6.123233995736766e-17,16.924999999999997,850.425
2025-03-20,31.665,110875.0,138.62,151.0,1,0,0,1,0,3.75,0.0,854.4,19.25,0.0,874.95,0.2,23.2,0.0,1001.1,20,3,3,0,1.0,6.123233995736766e-17,17.125,853.175
2025-03-21,31.665,91325.0,138.5,151.0,0,0,0,1,0,3.75,0.9,853.65,17.3,1.0,874.0,1.5,22.85,14.0,1001.2,21,3,4,0,1.0,6.123233995736766e-17,15.625,852.425
2025-03-22,33.665,89625.0,137.86,151.0,0,0,0,1,0,3.75,0.5,852.55,17.0,1.4,872.85,5.2,23.05,12.7,1001.65,22,3,5,1,1.0,6.123233995736766e-17,14.8,851.425
2025-03-23,33.665,90825.0,137.86,151.0,0,0,0,1,0,3.75,0.0,853.8,15.5,0.1,873.6,0.7,23.450000000000003,0.0,1002.45,23,3,6,0,1.0,6.123233995736766e-17,13.899999999999999,852.575
2025-03-24,40.0,121575.0,137.86,151.0,0,0,0,1,0,3.75,0.0,853.8499999999999,17.1,0.0,874.5999999999999,0.0,24.1,0.0,1002.0,24,3,0,0,1.0,6.123233995736766e-17,14.85,852.75
2025-03-25,40.0,123800.0,137.32,151.0,0,0,0,1,0,3.75,0.0,850.55,18.95,0.0,871.3499999999999,0.0,23.95,0.0,996.55,25,3,1,0,1.0,6.123233995736766e-17,17.25,849.375
2025-03-26,40.0,108150.0,137.52,151.0,0,0,0,1,0,3.75,0.0,848.5,20.2,0.0,869.2,0.0,24.700000000000003,0.0,994.4,26,3,2,0,1.0,6.123233995736766e-17,17.65,847.6
2025-03-27,40.0,116500.0,137.44,151.0,0,0,0,1,0,3.75,0.0,847.4000000000001,21.5,0.0,867.85,0.0,26.0,0.0,991.7,27,3,3,0,1.0,6.123233995736766e-17,19.525,846.575
2025-03-28,40.0,94225.0,137.56,151.0,0,0,0,1,0,3.75,0.0,847.75,20.85,0.0,867.15,0.0,27.3,0.0,991.35,28,3,4,0,1.0,6.123233995736766e-17,20.325,846.55
2025-03-29,40.0,101325.0,137.06,151.0,0,0,0,1,0,3.75,0.0,847.1,21.55,0.0,866.9,0.0,24.1,0.0,992.65,29,3,5,1,1.0,6.123233995736766e-17,19.825,846.1500000000001
2025-03-30,40.0,72700.0,137.06,151.0,0,0,0,1,0,3.75,0.0,850.0,21.15,0.0,869.85,0.0,23.45,0.0,996.1,30,3,6,0,1.0,6.123233995736766e-17,19.4,848.875
2025-03-31,40.0,110750.0,137.06,149.0,0,0,0,1,0,3.75,0.0,851.6,20.25,0.0,870.95,0.1,24.1,0.0,996.55,31,3,0,0,1.0,6.123233995736766e-17,19.575,850.175
2025-04-01,45.0,73250.0,137.06,149.0,0,0,0,1,0,3.39,0.0,850.05,21.05,0.0,870.45,0.0,24.25,0.0,995.6,1,4,1,0,0.8660254037844387,-0.4999999999999998,18.725,849.0999999999999
2025-04-02,40.0,122325.0,137.06,149.0,0,0,0,1,0,3.39,0.0,851.7,20.85,0.0,871.7,0.0,23.35,0.0,997.15,2,4,2,0,0.8660254037844387,-0.4999999999999998,18.9,850.575
2025-04-03,40.0,102700.0,137.1,149.0,0,0,0,1,0,3.39,0.0,852.6,20.5,0.0,872.95,0.0,23.95,0.0,997.95,3,4,3,0,0.8660254037844387,-0.4999999999999998,18.5,851.5
2025-04-04,40.0,101625.0,137.0,149.0,0,0,0,1,0,3.39,0.0,851.95,20.05,0.0,872.2,0.0,25.15,0.0,996.2,4,4,4,0,0.8660254037844387,-0.4999999999999998,18.85,850.575
2025-04-05,40.0,128225.0,136.68,149.0,0,0,0,1,0,3.39,0.0,850.35,20.2,0.0,870.45,0.0,24.3,0.0,994.65,5,4,5,1,0.8660254037844387,-0.4999999999999998,18.6,849.2249999999999
2025-04-06,40.0,113475.0,136.68,149.0,0,0,0,1,0,3.39,0.0,850.65,21.95,0.0,871.05,0.0,26.1,0.0,994.85,6,4,6,0,0.8660254037844387,-0.4999999999999998,19.425,849.75
2025-04-07,40.0,116750.0,136.68,149.0,0,0,0,1,0,3.39,0.0,852.9,21.45,0.0,873.3,0.0,27.75,0.0,998.25,7,4,0,0,0.8660254037844387,-0.4999999999999998,19.2,851.9749999999999
2025-04-08,40.0,93625.0,137.64,149.0,0,0,0,1,0,3.39,0.0,855.75,20.05,6.9,876.05,3.4,29.15,0.2,1000.75,8,4,1,0,0.8660254037844387,-0.4999999999999998,18.174999999999997,854.625
2025-04-09,40.0,113820.0,138.33,149.0,0,0,0,1,0,3.39,1.1,853.5,21.1,0.5,873.8,1.1,28.4,0.4,997.75,9,4,2,0,0.8660254037844387,-0.4999999999999998,19.4,852.275
2025-04-10,40.0,117850.0,139.01,149.0,1,0,0,1,0,3.39,11.3,848.6500000000001,19.4,20.8,868.65,10.7,25.85,5.4,994.35,10,4,3,0,0.8660254037844387,-0.4999999999999998,17.125,847.45
2025-04-11,40.0,109935.0,139.01,149.0,1,0,0,1,0,3.39,11.6,847.65,18.05,22.3,867.6500000000001,20.7,25.1,14.5,992.9,11,4,4,0,0.8660254037844387,-0.4999999999999998,16.225,846.425
2025-04-12,40.0,84050.0,137.97,149.0,1,0,0,1,0,3.39,0.1,848.95,18.5,0.5,869.2,1.5,26.7,0.8,994.3,12,4,5,1,0.8660254037844387,-0.4999999999999998,16.775,847.95
2025-04-13,40.0,140205.0,137.97,149.0,1,0,0,1,0,3.39,0.0,851.4000000000001,19.15,2.4,871.75,2.3,26.8,0.6,996.8,13,4,6,0,0.8660254037844387,-0.4999999999999998,17.875,850.45
2025-04-14,40.0,122550.0,137.97,149.0,1,0,0,1,0,3.39,0.6,851.85,18.85,2.7,871.8499999999999,0.8,25.65,1.0,997.45,14,4,0,0,0.8660254037844387,-0.4999999999999998,16.725,850.875
2025-04-15,40.0,126250.0,137.97,146.0,1,0,0,1,0,3.39,0.0,852.95,19.55,2.9,872.8499999999999,2.1,26.05,0.0,997.35,15,4,1,0,0.8660254037844387,-0.4999999999999998,18.425,851.875
2025-04-16,40.0,77600.0,137.54,146.0,1,0,0,1,0,3.39,0.0,851.8499999999999,19.700000000000003,0.7,871.6,0.7,27.0,0.0,995.45,16,4,2,0,0.8660254037844387,-0.4999999999999998,18.325,850.525
2025-04-17,40.0,109875.0,137.39,146.0,1,0,0,1,0,3.39,5.9,850.15,19.55,6.4,870.0,9.4,26.75,0.7,994.4,17,4,3,0,0.8660254037844387,-0.4999999999999998,17.950000000000003,848.825
2025-04-18,40.0,111750.0,136.9,146.0,1,0,0,1,0,3.39,1.3,849.0,19.4,7.5,868.75,1.0,25.700000000000003,16.5,994.25,18,4,4,0,0.8660254037844387,-0.4999999999999998,18.075,847.825
2025-04-19,40.0,151025.0,136.9,146.0,1,0,0,1,0,3.39,13.3,849.85,19.5,9.6,870.3,17.1,27.2,0.5,994.35,19,4,5,1,0.8660254037844387,-0.4999999999999998,17.25,848.75
2025-04-20,45.0,140512.0,136.9,146.0,1,0,0,1,0,3.39,0.5,849.45,20.2,1.5,869.4,1.9,27.950000000000003,0.0,993.0,20,4,6,0,0.8660254037844387,-0.4999999999999998,19.05,848.425
2025-04-21,45.0,79925.0,136.9,146.0,0,0,0,1,0,3.39,0.0,850.75,21.9,0.0,870.95,1.0,29.7,0.0,994.1,21,4,0,0,0.8660254037844387,-0.4999999999999998,20.825000000000003,849.875
2025-04-22,45.0,122565.0,136.51,146.0,0,0,0,1,0,3.39,0.0,850.95,23.65,0.0,871.3,0.2,30.55,0.0,993.15,22,4,1,0,0.8660254037844387,-0.4999999999999998,21.95,850.05
2025-04-23,45.0,96075.0,136.61,146.0,0,0,0,1,0,3.39,0.0,847.65,22.450000000000003,0.0,867.8,0.0,29.55,0.0,989.8,23,4,2,0,0.8660254037844387,-0.4999999999999998,22.125,846.7249999999999
2025-04-24,45.0,114125.0,136.98,146.0,0,0,0,1,0,3.39,0.0,846.55,23.0,0.0,866.25,0.0,27.7,0.0,990.0,24,4,3,0,0.8660254037844387,-0.4999999999999998,22.0,845.8
2025-04-25,45.0,98010.0,136.72,146.0,0,0,0,1,0,3.39,0.0,848.7,21.55,0.0,868.25,0.0,27.65,0.0,991.45,25,4,4,0,0.8660254037844387,-0.4999999999999998,21.375,847.925
2025-04-26,45.0,105640.0,137.03,146.0,0,0,0,1,0,3.39,0.0,848.4,21.75,0.0,868.3499999999999,0.2,27.6,0.0,991.6,26,4,5,1,0.8660254037844387,-0.4999999999999998,21.475,847.825
2025-04-27,45.0,88525.0,137.03,146.0,0,0,0,1,0,3.39,0.2,850.75,21.4,0.6,870.8499999999999,6.1,28.55,4.0,994.85,27,4,6,0,0.8660254037844387,-0.4999999999999998,20.025,850.175
2025-04-28,55.0,95950.0,137.03,146.0,0,0,0,1,0,3.39,2.2,850.4,18.2,5.1,870.45,2.7,24.45,5.4,996.8,28,4,0,0,0.8660254037844387,-0.4999999999999998,15.900000000000002,849.0999999999999
2025-04-29,45.0,100200.0,136.36,146.0,0,0,0,1,0,3.39,0.0,850.6,17.85,0.6,870.55,0.4,24.6,6.0,996.15,29,4,1,0,0.8660254037844387,-0.4999999999999998,16.425,849.4000000000001
2025-04-30,45.0,113325.0,136.73,145.0,0,0,0,1,0,3.39,3.0,852.1,18.9,2.1,872.0,1.5,26.0,0.0,997.7,30,4,2,0,0.8660254037844387,-0.4999999999999998,17.775,851.0
2025-05-01,45.0,111600.0,135.49,145.0,0,0,0,1,0,2.77,8.5,853.3,18.6,6.4,873.35,1.8,26.3,0.1,998.75,1,5,3,0,0.4999999999999999,-0.8660254037844387,16.799999999999997,852.3
2025-05-02,45.0,104260.0,135.49,145.0,0,0,0,1,0,2.77,0.8,852.05,19.7,2.0,872.25,1.5,26.75,0.0,997.5,2,5,4,0,0.4999999999999999,-0.8660254037844387,17.775,850.875
2025-05-03,45.0,125300.0,135.64,145.0,0,0,0,1,0,2.77,2.3,849.9,19.55,1.8,869.9,5.9,27.35,0.0,994.15,3,5,5,1,0.4999999999999999,-0.8660254037844387,18.025,848.575
2025-05-04,45.0,74150.0,135.64,145.0,0,0,0,1,0,2.77,4.9,849.5,19.65,9.8,869.4,10.2,26.65,3.0,994.35,4,5,6,0,0.4999999999999999,-0.8660254037844387,18.1,848.45
2025-05-05,65.0,75500.0,135.64,145.0,0,0,0,1,0,2.77,2.6,849.8,19.9,6.9,869.5999999999999,5.2,27.35,0.2,994.25,5,5,0,0,0.4999999999999999,-0.8660254037844387,18.45,848.65
2025-05-06,65.0,90825.0,135.11,145.0,0,0,0,1,0,2.77,1.0,849.6500000000001,18.55,9.5,870.05,11.5,25.85,2.5,994.75,6,5,1,0,0.4999999999999999,-0.8660254037844387,17.299999999999997,848.6750000000001
2025-05-07,65.0,81285.0,135.4,145.0,0,0,0,1,0,2.77,0.2,849.45,19.9,1.0,869.05,1.0,27.55,0.0,992.35,7,5,2,0,0.4999999999999999,-0.8660254037844387,18.549999999999997,848.2
2025-05-08,65.0,94550.0,136.03,145.0,0,0,0,1,0,2.77,0.0,849.6500000000001,22.1,0.1,870.0,0.2,29.2,0.0,992.35,8,5,3,0,0.4999999999999999,-0.8660254037844387,20.325,848.7
2025-05-09,65.0,97800.0,137.44,145.0,0,0,0,1,0,2.77,0.0,850.95,22.55,0.0,871.0999999999999,0.2,29.4,0.0,993.45,9,5,4,0,0.4999999999999999,-0.8660254037844387,21.5,850.0
2025-05-10,65.0,99950.0,136.9,145.0,0,0,0,1,0,2.77,0.1,850.8,23.55,0.6,871.1500000000001,0.1,30.0,0.5,992.65,10,5,5,1,0.4999999999999999,-0.8660254037844387,21.825000000000003,849.725
2025-05-11,65.0,80700.0,136.9,145.0,0,0,0,1,0,2.77,11.8,849.4,22.3,8.0,869.45,16.3,29.75,1.4,991.15,11,5,6,0,0.4999999999999999,-0.8660254037844387,21.15,848.275
2025-05-12,65.0,59000.0,136.9,145.0,0,0,0,1,0,2.77,3.0,848.2,22.200000000000003,6.9,868.2,9.1,31.05,0.0,989.8,12,5,0,0,0.4999999999999999,-0.8660254037844387,20.65,847.1
2025-05-13,65.0,73975.0,136.9,145.0,0,0,0,1,0,2.77,11.9,848.15,22.4,4.9,868.25,5.7,30.4,0.4,989.8,13,5,1,0,0.4999999999999999,-0.8660254037844387,20.575,847.0250000000001
2025-05-14,65.0,100151.0,136.84,145.0,0,0,0,1,0,2.77,0.3,848.8,23.3,0.7,869.05,5.8,30.8,0.0,991.1,14,5,2,0,0.4999999999999999,-0.8660254037844387,21.575,847.85
2025-05-15,65.0,80525.0,136.74,142.0,0,0,0,1,0,2.77,0.0,849.4,22.75,1.9,869.3,0.8,31.5,0.0,990.9,15,5,3,0,0.4999999999999999,-0.8660254037844387,21.375,848.325
2025-05-16,65.0,83375.0,137.19,142.0,0,0,0,1,0,2.77,6.2,849.15,23.7,2.2,869.4,0.8,30.95,1.5,991.3,16,5,4,0,0.4999999999999999,-0.8660254037844387,21.15,848.3
2025-05-17,65.0,66537.0,137.12,142.0,0,0,0,1,0,2.77,25.9,848.95,21.5,3.4,868.95,10.4,29.35,1.0,991.8,17,5,5,1,0.4999999999999999,-0.8660254037844387,19.700000000000003,847.95
2025-05-18,65.0,71745.0,137.12,142.0,0,0,0,1,0,2.77,6.8,849.75,22.0,18.2,870.0,13.3,28.3,8.0,993.1,18,5,6,0,0.4999999999999999,-0.8660254037844387,20.1,848.725
2025-05-19,55.0,44545.0,137.12,142.0,0,0,0,1,0,2.77,10.9,849.15,22.450000000000003,15.1,869.3,10.2,28.15,1.4,993.1,19,5,0,0,0.4999999999999999,-0.8660254037844387,20.05,848.1500000000001
2025-05-20,55.0,80200.0,136.95,142.0,0,0,0,1,0,2.77,33.5,847.6,22.05,19.3,867.6,19.3,28.4,4.0,991.05,20,5,1,0,0.4999999999999999,-0.8660254037844387,19.9,846.55
2025-05-21,46.335,82838.0,137.32,142.0,0,0,0,1,0,2.77,8.7,848.55,21.3,14.1,868.9,10.3,27.7,1.4,992.4,21,5,2,0,0.4999999999999999,-0.8660254037844387,19.3,847.675
2025-05-22,46.335,50050.0,137.33,142.0,0,0,0,1,0,2.77,3.0,848.9000000000001,21.15,2.0,869.0,5.2,28.0,3.4,992.4,22,5,3,0,0.4999999999999999,-0.8660254037844387,19.5,847.8000000000001
2025-05-23,37.67,33075.0,137.91,142.0,0,0,0,1,0,2.77,5.5,847.75,22.0,1.7,867.8,1.9,27.85,9.1,990.45,23,5,4,0,0.4999999999999999,-0.8660254037844387,20.05,846.85
2025-05-24,37.5,54625.0,136.65,142.0,0,0,0,1,0,2.77,0.5,848.0,21.75,0.6,867.95,0.8,29.25,0.8,991.55,24,5,5,1,0.4999999999999999,-0.8660254037844387,20.049999999999997,847.05
2025-05-25,46.335,45900.0,136.65,142.0,0,0,0,1,0,2.77,1.3,849.45,22.3,6.1,869.5,5.8,29.35,0.0,991.8,25,5,6,0,0.4999999999999999,-0.8660254037844387,21.275000000000002,848.5250000000001
2025-05-26,42.5,62000.0,136.65,142.0,0,0,0,1,0,2.77,6.9,848.05,22.55,11.3,868.1,10.2,29.7,0.7,990.75,26,5,0,0,0.4999999999999999,-0.8660254037844387,20.75,847.0999999999999
2025-05-27,45.0,68575.0,136.44,142.0,0,0,0,1,0,2.77,0.9,846.0999999999999,22.85,5.2,866.3,3.3,29.9,0.0,988.05,27,5,1,0,0.4999999999999999,-0.8660254037844387,21.3,845.1999999999999
2025-05-28,45.0,47375.0,136.84,142.0,0,0,0,1,0,2.77,5.0,845.0,22.9,5.4,865.1500000000001,8.7,31.1,0.0,986.05,28,5,2,0,0.4999999999999999,-0.8660254037844387,21.375,844.075
2025-05-29,50.0,39300.0,136.88,142.0,0,0,0,1,0,2.77,11.0,843.8,23.5,8.9,863.85,11.6,31.5,2.0,984.45,29,5,3,0,0.4999999999999999,-0.8660254037844387,22.125,842.825
2025-05-30,50.0,56650.0,137.12,142.0,0,0,0,1,0,2.77,0.5,841.8,23.6,0.9,862.0,6.1,31.15,0.8,982.9,30,5,4,0,0.4999999999999999,-0.8660254037844387,21.924999999999997,840.8499999999999
2025-05-31,50.0,42021.0,137.23,143.0,0,0,0,1,0,2.77,9.9,844.25,23.8,5.0,864.35,14.0,30.95,14.5,984.45,31,5,5,1,0.4999999999999999,-0.8660254037844387,22.225,843.4
2025-06-01,52.5,61350.0,137.23,145.0,0,0,1,0,0,2.72,27.0,843.8,23.15,3.2,863.85,7.7,30.3,16.7,985.1,1,6,6,0,1.2246467991473532e-16,-1.0,21.525,842.8499999999999
2025-06-02,55.0,78750.0,137.23,145.0,0,0,1,0,0,2.72,23.1,844.05,21.7,4.6,864.35,4.1,29.65,1.6,986.3,2,6,0,0,1.2246467991473532e-16,-1.0,20.2,843.375
2025-06-03,62.5,71788.0,136.92,145.0,0,0,1,0,0,2.72,2.5,845.2,21.35,0.5,865.45,16.0,30.35,1.9,988.3,3,6,1,0,1.2246467991473532e-16,-1.0,20.3,844.725
2025-06-04,62.5,46175.0,137.25,145.0,0,0,1,0,0,2.72,11.3,847.55,21.6,17.8,868.0,13.3,26.95,12.7,992.4,4,6,2,0,1.2246467991473532e-16,-1.0,19.924999999999997,846.675
2025-06-05,65.0,46825.0,137.75,145.0,0,0,1,0,0,2.72,5.6,850.0999999999999,20.15,7.0,869.95,0.9,27.6,0.3,994.15,5,6,3,0,1.2246467991473532e-16,-1.0,19.2,848.8499999999999
2025-06-06,72.75,43225.0,137.57,145.0,0,0,1,0,0,2.72,0.3,850.3,21.25,0.3,870.5,1.7,27.95,7.1,994.15,6,6,4,0,1.2246467991473532e-16,-1.0,19.7,849.275
2025-06-07,72.5,38135.0,137.31,145.0,0,0,1,0,0,2.72,0.0,850.1500000000001,21.75,1.6,870.05,1.4,29.35,0.0,992.55,7,6,5,1,1.2246467991473532e-16,-1.0,20.4,849.0
2025-06-08,75.2,33325.0,137.31,145.0,0,0,1,0,0,2.72,0.0,849.2,22.35,0.0,869.3499999999999,0.0,31.1,0.2,990.55,8,6,6,0,1.2246467991473532e-16,-1.0,21.35,848.125
2025-06-09,80.125,33050.0,137.31,145.0,0,0,1,0,0,2.72,0.0,848.0999999999999,23.75,0.0,868.3499999999999,0.3,32.2,0.3,988.95,9,6,0,0,1.2246467991473532e-16,-1.0,22.575000000000003,847.175
2025-06-10,90.25,36298.0,137.3,145.0,0,0,1,0,0,2.72,0.1,848.1500000000001,24.8,2.5,868.1500000000001,6.7,33.0,0.0,988.35,10,6,1,0,1.2246467991473532e-16,-1.0,23.450000000000003,847.25
2025-06-11,104.25,48100.0,137.27,145.0,0,0,1,0,0,2.72,2.6,849.1,24.450000000000003,5.0,869.0,5.1,33.35,0.7,989.75,11,6,2,0,1.2246467991473532e-16,-1.0,23.05,848.2
2025-06-12,96.3,61675.0,137.12,145.0,0,0,1,0,0,2.72,6.1,848.8,23.55,4.6,868.75,8.3,31.200000000000003,7.6,990.3,12,6,3,0,1.2246467991473532e-16,-1.0,22.225,847.975
2025-06-13,73.69999999999999,57925.0,137.27,145.0,0,0,1,0,0,2.72,4.2,849.05,24.05,18.2,869.3,23.9,31.1,8.7,989.95,13,6,4,0,1.2246467991473532e-16,-1.0,22.8,848.15
2025-06-14,71.6,49125.0,138.04,145.0,0,0,1,0,0,2.72,3.7,846.8,23.6,11.7,867.1,20.3,32.15,19.1,987.5,14,6,5,1,1.2246467991473532e-16,-1.0,23.049999999999997,845.9749999999999
2025-06-15,79.625,51901.0,138.04,145.0,0,0,1,0,0,2.72,7.8,846.3,23.5,27.4,866.45,18.7,28.8,6.3,988.0,15,6,6,0,1.2246467991473532e-16,-1.0,21.75,845.45
2025-06-16,82.2,50325.0,138.04,145.0,0,0,1,0,0,2.72,5.0,845.95,24.1,13.1,866.05,27.8,32.099999999999994,0.0,986.9,16,6,0,0,1.2246467991473532e-16,-1.0,22.0,845.0500000000001
2025-06-17,83.0,43200.0,138.01,145.0,0,0,1,0,0,2.72,14.7,845.85,23.55,24.2,866.0,23.4,30.8,16.9,987.05,17,6,1,0,1.2246467991473532e-16,-1.0,22.200000000000003,844.975
2025-06-18,79.4,34476.0,138.29,145.0,0,0,1,0,0,2.72,13.2,844.2,23.65,27.2,864.45,38.9,30.0,15.3,985.9,18,6,2,0,1.2246467991473532e-16,-1.0,21.625,843.225
2025-06-19,76.7,51825.0,138.67,145.0,0,0,1,0,0,2.72,24.3,843.1,23.45,50.0,863.55,60.8,29.05,9.4,986.6,19,6,3,0,1.2246467991473532e-16,-1.0,21.825000000000003,842.425
2025-06-20,77.5,39600.0,139.06,145.0,0,0,1,0,0,2.72,14.1,845.45,24.05,24.5,866.0,25.4,29.85,0.1,987.3,20,6,4,0,1.2246467991473532e-16,-1.0,22.175,844.7
2025-06-21,76.25,46225.0,138.84,145.0,0,0,1,0,0,2.72,1.3,846.05,23.75,11.6,866.25,6.8,30.85,1.0,987.35,21,6,5,1,1.2246467991473532e-16,-1.0,22.525,845.225
2025-06-22,75.69999999999999,41131.0,138.84,145.0,0,0,1,0,0,2.72,8.9,846.0,24.35,10.7,866.25,6.8,29.8,15.6,987.2,22,6,6,0,1.2246467991473532e-16,-1.0,22.8,845.2
2025-06-23,75.0,44400.0,138.84,145.0,0,0,1,0,0,2.72,4.6,843.8,24.3,23.0,864.25,63.6,28.9,27.0,985.75,23,6,0,0,1.2246467991473532e-16,-1.0,21.9,843.0749999999999
2025-06-24,73.0,39025.0,139.11,145.0,0,0,1,0,0,2.72,10.8,843.95,23.4,32.3,864.3499999999999,8.8,29.15,10.3,986.35,24,6,1,0,1.2246467991473532e-16,-1.0,21.65,843.1
2025-06-25,71.5,48300.0,137.87,145.0,0,0,1,0,0,2.72,9.9,846.6500000000001,23.8,9.2,867.2,4.3,30.1,1.3,988.6,25,6,2,0,1.2246467991473532e-16,-1.0,21.525,845.7750000000001
2025-06-26,64.0,40950.0,138.03,145.0,0,0,1,0,0,2.72,12.8,848.0999999999999,24.0,7.7,868.35,10.1,30.7,0.1,989.0,26,6,3,0,1.2246467991473532e-16,-1.0,22.7,847.3
2025-06-27,69.0,41025.0,137.44,145.0,0,0,1,0,0,2.72,19.9,846.55,23.9,14.1,866.95,16.3,31.0,0.3,987.75,27,6,4,0,1.2246467991473532e-16,-1.0,22.35,845.8
2025-06-28,65.0,39200.0,137.07,145.0,0,0,1,0,0,2.72,2.4,844.8,23.65,21.3,865.2,34.0,30.0,1.6,986.5,28,6,5,1,1.2246467991473532e-16,-1.0,21.6,844.025
2025-06-29,66.0,39137.0,137.07,145.0,0,0,1,0,0,2.72,12.6,843.45,23.3,31.1,863.6,41.1,28.700000000000003,18.3,985.05,29,6,6,0,1.2246467991473532e-16,-1.0,21.425,842.525
2025-06-30,65.8,44950.0,137.07,149.0,0,0,1,0,0,2.72,4.0,844.0,23.2,4.9,864.25,21.1,28.4,19.1,985.35,30,6,0,0,1.2246467991473532e-16,-1.0,21.15,843.225
2025-07-01,63.2,44750.0,137.52,149.0,0,0,1,0,0,2.2,6.4,844.95,23.6,26.9,865.0,7.9,29.75,2.9,986.1,1,7,1,0,-0.4999999999999997,-0.8660254037844388,22.65,844.1
2025-07-02,70.0,50750.0,137.14,149.0,0,0,1,0,0,2.2,7.1,845.65,23.85,32.7,865.5999999999999,19.0,30.0,10.7,987.4,2,7,2,0,-0.4999999999999997,-0.8660254037844388,21.975,844.75
2025-07-03,70.0,26025.0,137.43,149.0,0,0,1,0,0,2.2,6.5,845.95,24.2,34.7,866.05,18.5,29.6,6.9,987.5,3,7,3,0,-0.4999999999999997,-0.8660254037844388,22.35,845.125
2025-07-04,68.33,53250.0,136.8,149.0,0,0,1,0,0,2.2,17.7,845.6500000000001,23.8,27.5,865.95,10.8,29.65,5.3,987.3,4,7,4,0,-0.4999999999999997,-0.8660254037844388,21.700000000000003,844.9000000000001
2025-07-05,65.0,29500.0,136.94,149.0,0,0,1,0,0,2.2,4.2,844.55,23.35,3.6,864.9000000000001,4.3,29.4,6.1,985.75,5,7,5,1,-0.4999999999999997,-0.8660254037844388,20.875,843.675
2025-07-06,65.0,37400.0,136.94,149.0,0,0,1,0,0,2.2,14.0,844.5999999999999,23.25,4.7,864.8499999999999,2.9,30.1,1.4,985.7,6,7,6,0,-0.4999999999999997,-0.8660254037844388,20.875,843.65
2025-07-07,69.0,32050.0,136.94,149.0,0,0,1,0,0,2.2,1.3,844.85,23.55,0.9,865.15,16.4,30.8,2.3,986.0,7,7,0,0,-0.4999999999999997,-0.8660254037844388,21.75,843.95
2025-07-08,69.0,49025.0,137.67,149.0,0,0,1,0,0,2.2,1.7,844.8499999999999,23.05,9.7,865.25,21.7,29.700000000000003,4.7,986.4,8,7,1,0,-0.4999999999999997,-0.8660254037844388,21.35,843.925
2025-07-09,68.0,42608.0,137.42,149.0,0,0,1,0,0,2.2,14.1,846.25,22.8,27.9,866.3,94.2,30.55,3.1,988.25,9,7,2,0,-0.4999999999999997,-0.8660254037844388,21.175,845.25
2025-07-10,65.0,42900.0,137.38,149.0,0,0,1,0,0,2.2,8.7,846.9,23.15,6.5,867.25,40.7,30.45,0.3,988.55,10,7,3,0,-0.4999999999999997,-0.8660254037844388,21.5,846.0999999999999
2025-07-11,70.0,27800.0,137.32,149.0,0,0,1,0,0,2.2,8.5,846.8,23.8,16.7,866.9000000000001,5.2,30.8,2.8,988.25,11,7,4,0,-0.4999999999999997,-0.8660254037844388,21.6,845.9749999999999
2025-07-12,65.0,44100.0,137.59,149.0,0,0,1,0,0,2.2,3.4,847.25,23.05,18.3,867.3,4.4,31.6,0.3,988.3,12,7,5,1,-0.4999999999999997,-0.8660254037844388,21.975,846.45
2025-07-13,65.0,46680.0,137.59,149.0,0,0,1,0,0,2.2,12.8,847.95,24.3,8.8,868.25,3.2,32.9,4.5,988.7,13,7,6,0,-0.4999999999999997,-0.8660254037844388,22.8,847.175
2025-07-14,65.0,44075.0,137.59,149.0,0,0,1,0,0,2.2,3.1,847.8,24.2,9.9,867.9000000000001,22.8,31.15,11.1,989.15,14,7,0,0,-0.4999999999999997,-0.8660254037844388,22.6,846.9
2025-07-15,65.0,45965.0,137.88,148.0,0,0,1,0,0,2.2,0.8,845.7,23.5,6.3,865.9,19.2,29.7,0.9,987.45,15,7,1,0,-0.4999999999999997,-0.8660254037844388,21.825,844.85
2025-07-16,65.0,52450.0,137.6,148.0,0,0,1,0,0,2.2,3.8,846.55,23.85,4.8,866.95,1.5,28.85,3.9,989.75,16,7,2,0,-0.4999999999999997,-0.8660254037844388,21.1,845.575
2025-07-17,65.0,37550.0,137.81,148.0,0,0,1,0,0,2.2,1.4,849.0,24.2,5.9,869.4,1.9,30.0,7.1,991.0,17,7,3,0,-0.4999999999999997,-0.8660254037844388,21.55,848.225
2025-07-18,65.0,44325.0,138.03,148.0,0,0,1,0,0,2.2,1.9,848.35,22.85,6.6,868.5,4.3,31.3,2.4,989.6,18,7,4,0,-0.4999999999999997,-0.8660254037844388,21.75,847.4749999999999
2025-07-19,65.0,31875.0,138.14,148.0,0,0,1,0,0,2.2,3.2,844.7,24.6,3.7,864.9,4.7,32.15,0.0,985.45,19,7,5,1,-0.4999999999999997,-0.8660254037844388,23.025000000000002,843.9000000000001
2025-07-20,65.0,39250.0,138.14,148.0,0,0,1,0,0,2.2,14.3,845.25,23.75,8.7,865.55,7.5,29.1,5.1,987.35,20,7,6,0,-0.4999999999999997,-0.8660254037844388,22.125,844.475
2025-07-21,60.0,32625.0,138.14,148.0,0,0,1,0,0,2.2,0.0,846.5999999999999,23.700000000000003,1.2,866.75,7.5,30.65,0.0,987.7,21,7,0,0,-0.4999999999999997,-0.8660254037844388,22.700000000000003,845.65
2025-07-22,60.0,42075.0,138.38,148.0,0,0,1,0,0,2.2,6.3,844.6,24.35,13.8,865.05,39.0,30.8,1.3,986.3,22,7,1,0,-0.4999999999999997,-0.8660254037844388,22.35,843.9000000000001
2025-07-23,58.5,29275.0,138.5,148.0,0,0,1,0,0,2.2,5.5,842.75,24.85,9.7,862.8,27.1,31.55,0.0,983.0,23,7,2,0,-0.4999999999999997,-0.8660254037844388,23.1,841.925
2025-07-24,55.0,46260.0,138.56,148.0,0,0,1,0,0,2.2,2.8,842.25,24.7,6.7,862.3,9.8,33.05,0.0,980.75,24,7,3,0,-0.4999999999999997,-0.8660254037844388,23.275,841.525
2025-07-25,55.0,29935.0,138.56,148.0,0,0,1,0,0,2.2,4.3,842.2,24.6,8.1,862.1,7.3,31.6,5.8,982.55,25,7,4,0,-0.4999999999999997,-0.8660254037844388,23.25,841.375
2025-07-26,55.0,40503.0,138.73,148.0,0,0,1,0,0,2.2,8.7,843.3499999999999,23.4,34.9,863.55,15.3,31.4,1.2,984.9,26,7,5,1,-0.4999999999999997,-0.8660254037844388,22.375,842.525
2025-07-27,55.0,28875.0,138.73,148.0,0,0,1,0,0,2.2,9.4,843.2,24.55,26.5,863.7,6.7,31.65,5.9,984.5,27,7,6,0,-0.4999999999999997,-0.8660254037844388,23.0,842.575
2025-07-28,55.0,45200.0,138.73,148.0,0,0,1,0,0,2.2,50.2,843.25,23.0,63.0,863.8,34.0,28.8,33.2,985.7,28,7,0,0,-0.4999999999999997,-0.8660254037844388,21.05,842.6
2025-07-29,55.6,24850.0,138.97,148.0,0,0,1,0,0,2.2,13.9,844.4,22.35,16.8,864.75,18.7,29.4,6.8,986.4,29,7,1,0,-0.4999999999999997,-0.8660254037844388,20.925,843.7
2025-07-30,55.0,39925.0,139.21,148.0,0,0,1,0,0,2.2,13.7,845.55,23.2,31.3,865.6500000000001,6.8,29.4,4.5,987.35,30,7,2,0,-0.4999999999999997,-0.8660254037844388,21.775,844.7249999999999
2025-07-31,55.4,30425.0,140.18,150.0,0,0,1,0,0,2.2,7.0,845.65,23.15,7.9,865.75,27.9,30.1,7.9,987.2,31,7,3,0,-0.4999999999999997,-0.8660254037844388,21.825000000000003,844.675
2025-08-01,55.75,30550.0,140.46,150.0,0,0,1,0,0,1.68,5.1,845.5,22.75,18.2,865.75,24.1,29.25,13.7,987.4,1,8,4,0,-0.8660254037844385,-0.5000000000000004,21.525,844.575
2025-08-02,55.0,32890.0,140.37,150.0,0,0,1,0,0,1.68,41.5,845.8,24.0,30.4,866.15,25.5,28.85,5.2,988.5,2,8,5,1,-0.8660254037844385,-0.5000000000000004,22.225,845.025
2025-08-03,55.6,39900.0,140.37,150.0,0,0,1,0,0,1.68,33.2,847.0,22.8,43.3,867.45,24.6,27.45,44.4,991.0,3,8,6,0,-0.8660254037844385,-0.5000000000000004,19.9,846.15
2025-08-04,55.725,30900.0,140.37,150.0,0,0,1,0,0,1.68,13.0,848.25,23.25,12.1,868.85,8.2,26.35,44.7,992.1,4,8,0,0,-0.8660254037844385,-0.5000000000000004,21.025000000000002,847.475
2025-08-05,55.0,40350.0,140.56,150.0,0,0,1,0,0,1.68,15.2,848.8,21.25,36.5,869.3,33.6,27.75,1.6,992.3,5,8,1,0,-0.8660254037844385,-0.5000000000000004,19.450000000000003,847.9
2025-08-06,56.0,45450.0,140.79,150.0,0,0,1,0,0,1.68,1.7,848.05,21.95,10.2,868.25,12.4,28.5,0.9,990.4,6,8,2,0,-0.8660254037844385,-0.5000000000000004,20.8,847.15
2025-08-07,55.0,28450.0,140.68,150.0,0,0,1,0,0,1.68,5.2,846.5,23.8,6.3,867.0,15.3,29.5,12.5,989.2,7,8,3,0,-0.8660254037844385,-0.5000000000000004,22.35,845.75
2025-08-08,55.0,36400.0,140.63,150.0,0,0,1,0,0,1.68,12.7,848.8,23.25,35.8,869.1500000000001,8.0,27.75,16.7,993.3,8,8,4,0,-0.8660254037844385,-0.5000000000000004,21.225,848.125
2025-08-09,59.625,43911.0,140.56,150.0,0,0,1,0,0,1.68,5.2,850.2,23.0,35.5,870.8499999999999,14.3,28.1,3.2,993.5,9,8,5,1,-0.8660254037844385,-0.5000000000000004,20.95,849.375
2025-08-10,55.0,16500.0,140.56,150.0,0,0,1,0,0,1.68,1.8,848.75,22.950000000000003,14.7,869.1,27.0,28.450000000000003,7.6,991.4,10,8,6,0,-0.8660254037844385,-0.5000000000000004,21.25,847.9
2025-08-11,65.0,38050.0,140.56,150.0,0,0,1,0,0,1.68,8.0,847.7,23.35,10.5,868.05,14.2,28.0,10.1,990.05,11,8,0,0,-0.8660254037844385,-0.5000000000000004,21.275,846.825
2025-08-12,64.0,42925.0,140.56,150.0,0,0,1,0,0,1.68,10.5,846.3,23.85,7.5,866.7,22.3,28.95,3.5,988.0,12,8,1,0,-0.8660254037844385,-0.5000000000000004,22.875,845.5999999999999
2025-08-13,63.6,39323.0,140.65,150.0,0,0,1,0,0,1.68,43.0,847.3499999999999,23.0,52.6,868.05,42.9,27.25,20.1,992.1,13,8,2,0,-0.8660254037844385,-0.5000000000000004,20.799999999999997,846.775
2025-08-14,65.6,33291.0,140.21,150.0,0,0,1,0,0,1.68,27.5,849.7,21.9,11.7,870.1,7.2,28.4,1.2,993.0,14,8,3,0,-0.8660254037844385,-0.5000000000000004,20.525,848.875
2025-08-15,65.0,33775.0,140.39,149.0,0,0,1,0,0,1.68,0.8,847.8,22.7,5.2,868.1500000000001,5.2,28.75,1.3,989.85,15,8,4,0,-0.8660254037844385,-0.5000000000000004,20.9,846.925
2025-08-16,65.0,29075.0,140.39,149.0,0,0,1,0,0,1.68,12.0,847.4000000000001,24.0,10.3,867.75,23.6,29.6,1.2,989.05,16,8,5,1,-0.8660254037844385,-0.5000000000000004,21.825,846.625
2025-08-17,65.0,30070.0,140.39,149.0,0,0,1,0,0,1.68,10.7,848.9,23.55,9.4,869.1,6.8,29.55,9.5,991.35,17,8,6,0,-0.8660254037844385,-0.5000000000000004,22.175,847.95
2025-08-18,74.4,34975.0,140.39,149.0,0,0,1,0,0,1.68,6.8,850.0,23.4,6.9,870.3499999999999,1.8,29.4,8.3,992.0,18,8,0,0,-0.8660254037844385,-0.5000000000000004,21.775,849.25
2025-08-19,75.6,33650.0,140.07,149.0,0,0,1,0,0,1.68,10.5,848.55,23.35,13.2,868.9000000000001,3.0,29.55,8.8,990.8,19,8,1,0,-0.8660254037844385,-0.5000000000000004,22.125,847.8499999999999
2025-08-20,84.0,39875.0,139.43,149.0,0,0,1,0,0,1.68,10.6,848.2,23.0,10.5,868.55,1.6,28.950000000000003,0.1,990.65,20,8,2,0,-0.8660254037844385,-0.5000000000000004,20.575000000000003,847.5
2025-08-21,85.0,50619.0,139.61,149.0,0,0,1,0,0,1.68,4.1,847.6,23.15,9.3,868.1,19.3,28.65,11.9,990.05,21,8,3,0,-0.8660254037844385,-0.5000000000000004,21.25,846.7750000000001
2025-08-22,85.0,26600.0,139.94,149.0,0,0,1,0,0,1.68,19.9,845.8,23.200000000000003,19.0,866.25,11.3,27.9,3.9,988.8,22,8,4,0,-0.8660254037844385,-0.5000000000000004,21.125,845.075
2025-08-23,86.25,48997.0,140.36,149.0,0,0,1,0,0,1.68,4.8,846.0999999999999,23.05,5.1,866.3499999999999,6.6,28.55,2.9,987.95,23,8,5,1,-0.8660254037844385,-0.5000000000000004,21.75,845.3
2025-08-24,86.25,35550.0,140.36,149.0,0,0,1,0,0,1.68,12.3,847.3,23.35,17.4,867.55,2.5,29.0,1.2,990.25,24,8,6,0,-0.8660254037844385,-0.5000000000000004,21.075,846.5
2025-08-25,82.6,49670.0,140.36,149.0,0,0,1,0,0,1.68,14.6,848.05,22.5,12.3,868.55,3.0,28.75,1.1,990.75,25,8,0,0,-0.8660254037844385,-0.5000000000000004,20.575000000000003,847.35
2025-08-26,82.0,35625.0,140.44,149.0,0,0,1,0,0,1.68,10.7,849.3,22.5,13.4,869.6500000000001,23.6,29.5,3.2,991.7,26,8,1,0,-0.8660254037844385,-0.5000000000000004,21.15,848.475
2025-08-27,76.25,27179.0,140.6,149.0,0,0,1,0,0,1.68,6.5,848.25,22.950000000000003,17.3,868.7,30.3,28.4,10.0,990.9,27,8,2,0,-0.8660254037844385,-0.5000000000000004,21.5,847.4
2025-08-28,80.0,36151.0,140.6,149.0,0,0,1,0,0,1.68,18.1,847.8,22.700000000000003,19.2,868.1500000000001,21.7,28.4,1.9,990.7,28,8,3,0,-0.8660254037844385,-0.5000000000000004,20.9,846.975
2025-08-29,77.0,39600.0,140.51,149.0,0,0,1,0,0,1.68,9.3,849.45,22.5,22.5,869.65,6.7,28.1,14.6,992.55,29,8,4,0,-0.8660254037844385,-0.5000000000000004,20.5,848.65
2025-08-30,77.5,37809.0,141.42,149.0,0,0,1,0,0,1.68,10.2,850.25,22.85,14.0,870.65,8.4,29.1,2.5,993.3,30,8,5,1,-0.8660254037844385,-0.5000000000000004,20.925,849.35
2025-08-31,77.5,20511.0,141.42,145.0,0,0,1,0,0,1.68,4.2,849.0,22.3,24.9,869.35,21.2,28.35,12.9,992.0,31,8,6,0,-0.8660254037844385,-0.5000000000000004,20.425,848.15
2025-09-01,71.0,29330.0,141.42,145.0,0,0,1,0,0,1.87,16.3,847.3,23.6,7.4,867.6500000000001,6.2,29.35,0.0,988.85,1,9,0,0,-1.0,-1.8369701987210294e-16,20.975,846.525
2025-09-02,73.0,37550.0,141.42,145.0,0,0,1,0,0,,6.1,847.8499999999999,22.55,5.7,867.9,1.9,29.15,0.5,990.65,2,9,1,0,-1.0,-1.8369701987210294e-16,21.575000000000003,847.15
2025-09-03,70.15,22700.0,141.36,145.0,0,0,1,0,0,,6.4,848.85,22.75,8.8,869.2,1.3,29.85,0.3,991.0,3,9,2,0,-1.0,-1.8369701987210294e-16,21.55,848.1
2025-09-04,70.25,28400.0,141.22,145.0,0,0,1,0,0,,8.1,849.45,23.1,5.2,869.85,1.1,29.9,0.0,991.8,4,9,3,0,-1.0,-1.8369701987210294e-16,21.35,848.7750000000001
2025-09-05,73.5,20625.0,141.34,145.0,0,0,1,0,0,,2.1,850.0999999999999,22.25,10.7,870.55,7.4,29.25,1.5,992.35,5,9,4,0,-1.0,-1.8369701987210294e-16,21.25,849.4
2025-09-06,72.5,36925.0,141.53,145.0,0,0,1,0,0,,4.4,850.7,22.75,10.4,871.15,22.5,28.9,5.6,993.4,6,9,5,1,-1.0,-1.8369701987210294e-16,20.900000000000002,849.875
2025-09-07,70.175,37775.0,141.53,145.0,0,0,1,0,0,,3.2,849.8,22.55,22.7,870.2,27.1,28.5,6.8,992.85,7,9,6,0,-1.0,-1.8369701987210294e-16,20.85,848.95
2025-09-08,69.375,33825.0,141.53,145.0,0,0,1,0,0,,9.8,849.75,22.6,4.4,870.25,13.2,28.3,5.4,992.75,8,9,0,0,-1.0,-1.8369701987210294e-16,20.75,848.825
2025-09-09,70.0,32900.0,141.53,145.0,0,0,1,0,0,,5.7,850.5,22.45,3.7,870.85,9.9,28.8,2.5,993.4,9,9,1,0,-1.0,-1.8369701987210294e-16,21.05,849.65
2025-09-11,70.0,28317.0,141.27,145.0,0,0,1,0,0,,7.3,848.7,23.25,24.4,869.15,11.1,27.6,21.2,992.3,11,9,3,0,-1.0,-1.8369701987210294e-16,21.049999999999997,847.95
2025-09-12,69.5,23734.0,141.82,145.0,0,0,1,0,0,,6.0,850.35,22.45,17.6,870.85,9.4,28.35,5.1,993.65,12,9,4,0,-1.0,-1.8369701987210294e-16,20.925,849.675
2025-09-13,65.5,19151.0,141.55,145.0,0,0,1,0,0,,13.0,850.8499999999999,22.15,7.8,871.35,17.6,28.5,6.4,994.3,13,9,5,1,-1.0,-1.8369701987210294e-16,20.725,850.0999999999999
2025-09-14,66.5,25825.0,141.55,145.0,0,0,1,0,0,,14.4,850.6,22.25,43.5,871.2,36.0,26.8,19.2,994.8,14,9,6,0,-1.0,-1.8369701987210294e-16,19.875,849.75
2025-09-15,65.0,30150.0,141.55,142.5,0,0,1,0,0,,35.2,849.4000000000001,22.7,30.4,869.9,18.3,27.450000000000003,17.5,993.5,15,9,0,0,-1.0,-1.8369701987210294e-16,20.125,848.6750000000001
2025-09-16,65.0,45175.0,141.44,142.5,0,0,1,0,0,,16.6,849.6500000000001,21.05,39.8,870.1500000000001,28.0,26.45,31.1,993.9,16,9,1,0,-1.0,-1.8369701987210294e-16,19.15,848.8000000000001
2025-09-17,65.0,23850.0,141.19,142.5,0,0,1,0,0,,18.4,849.8,21.55,17.2,870.4000000000001,10.4,26.65,10.0,993.7,17,9,2,0,-1.0,-1.8369701987210294e-16,19.7,849.0
2025-09-18,65.0,28350.0,140.81,142.5,0,0,1,0,0,,2.6,849.85,23.0,15.4,870.15,14.5,27.65,6.8,993.25,18,9,3,0,-1.0,-1.8369701987210294e-16,20.0,848.95
2025-09-19,69.7,43175.0,141.31,142.5,0,0,1,0,0,,5.7,850.3499999999999,21.7,17.2,870.7,32.6,27.95,9.1,993.9,19,9,4,0,-1.0,-1.8369701987210294e-16,20.1,849.4749999999999
2025-09-20,70.0,30440.0,141.25,142.5,0,0,1,0,0,,3.9,848.9000000000001,21.9,11.8,869.3499999999999,22.4,27.65,3.4,992.2,20,9,5,1,-1.0,-1.8369701987210294e-16,20.275000000000002,848.0250000000001
2025-09-21,66.4,27145.0,141.25,142.5,0,0,1,0,0,,2.9,848.2,21.6,6.7,868.8,9.2,28.4,0.7,991.0,21,9,6,0,-1.0,-1.8369701987210294e-16,20.5,847.375
2025-09-22,68.0,33175.0,141.25,142.5,0,0,1,0,0,,0.1,849.05,22.15,2.6,869.4000000000001,3.4,28.55,0.0,991.3,22,9,0,0,-1.0,-1.8369701987210294e-16,20.925,848.3249999999999
2025-09-23,66.0,17850.0,141.6,142.5,0,0,1,0,0,,0.8,849.45,23.15,3.1,869.7,3.7,29.05,2.6,991.15,23,9,1,0,-1.0,-1.8369701987210294e-16,21.475,848.625
2025-09-24,65.2,37479.0,142.32,142.5,0,0,1,0,0,,1.8,847.6500000000001,22.95,4.1,868.0999999999999,6.1,28.5,4.6,989.75,24,9,2,0,-1.0,-1.8369701987210294e-16,21.525,846.8000000000001
2025-09-25,65.0,26788.0,142.21,142.5,1,0,1,0,0,,9.7,848.5,22.35,7.3,868.55,6.6,29.5,0.0,990.4,25,9,3,0,-1.0,-1.8369701987210294e-16,21.025000000000002,847.65
2025-09-26,62.8,21625.0,142.17,142.5,1,0,1,0,0,,6.2,849.75,23.6,5.8,870.2,13.4,30.25,0.4,992.3,26,9,4,0,-1.0,-1.8369701987210294e-16,22.325,849.125
2025-09-27,65.0,32922.0,142.26,142.5,1,0,1,0,0,,1.1,852.65,23.0,2.7,872.75,1.1,30.3,0.0,994.7,27,9,5,1,-1.0,-1.8369701987210294e-16,21.625,851.925
2025-09-28,75.0,28800.0,142.26,142.5,1,0,1,0,0,,0.1,852.2,22.75,8.1,872.7,2.5,28.950000000000003,2.8,994.95,28,9,6,0,-1.0,-1.8369701987210294e-16,20.55,851.375
2025-09-29,75.0,45115.0,142.26,142.5,1,0,1,0,0,,6.7,849.95,23.0,15.3,870.4000000000001,16.8,29.15,0.0,992.8,29,9,0,0,-1.0,-1.8369701987210294e-16,21.025,849.075
2025-09-30,75.0,31058.0,142.32,145.0,1,0,1,0,0,,1.2,848.05,22.75,13.8,868.35,24.7,28.85,0.2,990.1,30,9,1,0,-1.0,-1.8369701987210294e-16,20.924999999999997,847.125
2025-10-01,75.0,18889.0,142.37,,1,1,0,0,0,,5.0,847.2,21.5,12.4,867.55,13.4,28.15,22.4,992.35,1,10,2,0,-0.8660254037844386,0.5000000000000001,19.975,846.45
2025-10-02,75.0,10655.0,142.21,,1,1,0,0,0,,15.1,851.4000000000001,20.4,13.4,871.85,9.2,27.1,10.5,996.45,2,10,3,0,-0.8660254037844386,0.5000000000000001,18.7,850.6
2025-10-03,75.0,3098.0,142.21,,1,1,0,0,0,,4.4,853.5,21.65,8.7,873.95,2.4,27.7,0.1,997.7,3,10,4,0,-0.8660254037844386,0.5000000000000001,19.525000000000002,852.575
2025-10-04,75.0,26635.0,142.34,,1,1,0,0,0,,98.9,848.8,18.7,100.0,869.2,86.7,25.15,61.7,993.05,4,10,5,1,-0.8660254037844386,0.5000000000000001,16.525,848.025
2025-10-05,75.0,23625.0,142.34,,1,1,0,0,0,,1.0,849.45,20.8,15.4,870.0999999999999,39.9,25.35,18.1,995.3,5,10,6,0,-0.8660254037844386,0.5000000000000001,18.200000000000003,848.375
2025-10-06,75.0,33455.0,142.34,,1,1,0,0,0,,1.3,852.15,20.85,1.6,872.3,1.0,26.1,0.0,996.75,6,10,0,0,-0.8660254037844386,0.5000000000000001,19.075000000000003,851.0
2025-10-07,75.0,24190.0,142.36,,1,1,0,0,0,,5.7,851.7,20.7,12.1,872.25,2.3,26.45,0.6,997.1,7,10,1,0,-0.8660254037844386,0.5000000000000001,18.225,850.75
2025-10-08,73.0,32475.0,142.34,,1,1,0,0,0,,0.0,852.45,20.4,5.6,872.6,5.8,26.700000000000003,0.2,996.55,8,10,2,0,-0.8660254037844386,0.5000000000000001,18.674999999999997,851.375
2025-10-09,75.0,41650.0,142.38,,1,1,0,0,0,,0.0,853.05,19.7,0.5,873.3,0.1,27.05,0.0,997.55,9,10,3,0,-0.8660254037844386,0.5000000000000001,18.325000000000003,851.9
2025-10-10,75.0,20150.0,142.36,,1,1,0,0,0,,0.0,852.4,19.0,0.0,872.55,0.6,26.35,0.0,997.15,10,10,4,0,-0.8660254037844386,0.5000000000000001,17.424999999999997,851.25
2025-10-11,75.0,26049.0,142.2,,1,1,0,0,0,,0.0,852.15,19.55,0.0,872.4000000000001,0.3,25.2,0.0,997.1,11,10,5,1,-0.8660254037844386,0.5000000000000001,18.025,851.0250000000001
2025-10-12,75.0,30975.0,142.2,,1,1,0,0,0,,0.0,851.3,19.450000000000003,0.0,872.15,0.4,24.7,0.0,997.95,12,10,6,0,-0.8660254037844386,0.5000000000000001,17.35,850.55
2025-10-13,73.6,33600.0,142.2,,1,1,0,0,0,,0.0,852.8,19.2,0.4,873.25,0.4,24.65,0.0,999.45,13,10,0,0,-0.8660254037844386,0.5000000000000001,17.35,851.75
2025-10-14,73.75,32275.0,142.18,,1,1,0,0,0,,0.0,851.8499999999999,19.6,1.2,872.25,0.2,24.0,0.0,998.9,14,10,1,0,-0.8660254037844386,0.5000000000000001,17.35,851.05
2025-10-15,67.4,39226.0,142.38,,1,1,0,0,0,,0.0,852.0,19.200000000000003,0.6,872.6,1.5,25.25,0.0,997.85,15,10,2,0,-0.8660254037844386,0.5000000000000001,17.85,851.25
2025-10-16,64.4,49155.0,141.23,,0,1,0,0,0,,0.0,852.1500000000001,19.45,0.3,872.55,0.0,25.35,0.0,998.1,16,10,3,0,-0.8660254037844386,0.5000000000000001,17.85,851.475
2025-10-17,62.8,32550.0,140.82,,0,1,0,0,0,,0.7,853.85,19.450000000000003,0.9,874.5,0.2,25.7,0.1,999.7,17,10,4,0,-0.8660254037844386,0.5000000000000001,17.950000000000003,852.975
2025-10-18,62.8,36600.0,141.07,,0,1,0,0,0,,0.0,854.05,19.55,0.9,874.3499999999999,0.0,26.200000000000003,0.0,999.25,18,10,5,1,-0.8660254037844386,0.5000000000000001,17.85,852.9499999999999
2025-10-19,52.25,29550.0,141.07,,0,1,0,0,0,,0.0,853.4,19.1,0.4,873.8499999999999,0.1,26.05,0.0,998.7,19,10,6,0,-0.8660254037844386,0.5000000000000001,17.55,852.4749999999999
2025-10-20,52.5,25525.0,141.07,,0,1,0,0,0,,0.0,853.4,19.6,0.0,874.1,0.6,25.75,0.0,999.3,20,10,0,0,-0.8660254037844386,0.5000000000000001,17.75,852.65
2025-10-21,54.575,33176.0,140.99,,0,1,0,0,0,,0.0,854.75,19.9,0.0,874.95,0.0,25.4,0.0,999.9,21,10,1,0,-0.8660254037844386,0.5000000000000001,18.3,853.775
2025-10-22,55.475,23725.0,140.99,,0,1,0,0,0,,0.0,854.65,20.1,0.0,875.2,0.0,24.85,0.0,999.9,22,10,2,0,-0.8660254037844386,0.5000000000000001,18.15,853.525
2025-10-23,54.875,10764.0,140.99,,0,1,0,0,0,,0.0,853.8,19.75,0.0,874.3,5.3,25.65,0.0,999.3,23,10,3,0,-0.8660254037844386,0.5000000000000001,17.525,852.7249999999999
2025-10-24,55.375,2750.0,140.85,,0,1,0,0,0,,0.0,853.65,18.6,0.2,874.1,0.3,25.85,0.0,998.8,24,10,4,0,-0.8660254037844386,0.5000000000000001,17.3,852.375
2025-10-25,60.375,24756.0,140.86,,0,1,0,0,0,,0.0,852.85,18.3,0.0,873.4,0.9,25.5,0.0,998.7,25,10,5,1,-0.8660254037844386,0.5000000000000001,16.9,851.85
2025-10-26,60.375,28900.0,140.86,,0,1,0,0,0,,0.0,853.3,18.7,0.0,873.9,0.0,25.0,0.0,998.95,26,10,6,0,-0.8660254037844386,0.5000000000000001,16.375,852.3
2025-10-27,61.165,43004.0,140.86,,0,1,0,0,0,,0.0,853.4,18.8,0.0,874.5,0.0,24.85,0.0,1000.85,27,10,0,0,-0.8660254037844386,0.5000000000000001,15.675,852.825
2025-10-28,59.165,30125.0,141.5,,0,1,0,0,0,,3.5,854.5999999999999,15.9,8.1,874.8,8.9,25.8,1.7,1000.8,28,10,1,0,-0.8660254037844386,0.5000000000000001,14.3,853.4749999999999
2025-10-29,60.0,47125.0,141.53,,0,1,0,0,0,,1.9,853.4,18.950000000000003,1.1,874.0,5.7,24.65,3.4,999.4,29,10,2,0,-0.8660254037844386,0.5000000000000001,16.075,852.3499999999999
2025-10-30,67.2,44043.0,141.42,,0,1,0,0,0,,19.5,853.2,18.3,25.2,873.9,13.3,23.2,5.6,1000.55,30,10,3,0,-0.8660254037844386,0.5000000000000001,15.825,852.3
2025-10-31,70.0,8825.0,142.22,,0,1,0,0,0,,19.2,850.95,19.25,19.0,871.8,40.8,22.4,44.8,997.85,31,10,4,0,-0.8660254037844386,0.5000000000000001,15.475000000000001,849.875
2025-11-01,72.3,22300.0,142.33,,1,1,0,0,0,,11.5,851.7,19.15,11.5,871.85,19.4,23.1,1.0,998.1,1,11,5,1,-0.5000000000000004,0.8660254037844384,16.5,850.475
2025-11-02,70.0,46502.0,142.33,,1,1,0,0,0,,3.5,851.1500000000001,18.75,1.1,871.5,13.0,24.25,0.0,997.5,2,11,6,0,-0.5000000000000004,0.8660254037844384,17.375,850.0500000000001
2025-11-03,75.0,92925.0,142.33,,1,1,0,0,0,,0.1,849.8,18.7,0.5,870.0999999999999,9.1,23.9,0.0,996.25,3,11,0,0,-0.5000000000000004,0.8660254037844384,16.925,848.825
2025-11-05,75.0,29725.0,142.16,,1,1,0,0,0,,0.2,850.2,18.4,0.0,870.4000000000001,6.0,24.5,0.0,994.95,5,11,2,0,-0.5000000000000004,0.8660254037844384,16.925,849.15
2025-11-06,85.0,40575.0,142.16,,1,1,0,0,0,,0.0,850.6,18.2,0.0,871.0,0.2,24.700000000000003,0.0,996.95,6,11,3,0,-0.5000000000000004,0.8660254037844384,16.525,849.75
2025-11-07,95.0,51925.0,142.09,,1,1,0,0,0,,0.0,852.1,18.4,0.0,873.0,0.6,23.55,0.0,1000.05,7,11,4,0,-0.5000000000000004,0.8660254037844384,15.5,851.2750000000001
2025-11-08,95.0,50870.0,142.16,,1,1,0,0,0,,0.0,852.9000000000001,17.1,0.1,873.5,1.0,22.4,0.0,1001.0,8,11,5,1,-0.5000000000000004,0.8660254037844384,14.925,852.0
2025-11-09,95.0,76200.0,142.16,,1,1,0,0,0,,0.0,851.6,16.25,0.0,871.6500000000001,0.4,22.3,0.0,999.7,9,11,6,0,-0.5000000000000004,0.8660254037844384,15.025,850.625
