Date,Average_Price,Supply_Volume,USD_TO_NPR,Diesel,is_festival,Season_Autumn,Season_Monsoon,Season_Spring,Season_Winter,Inflation,Dhading_Rainfall_MM,Dhading_Air_Pressure,Kathmandu_Temperature,Kathmandu_Rainfall_MM,Kathmandu_Air_Pressure,Kavre_Rainfall_MM,Sarlahi_Temperature,Sarlahi_Rainfall_MM,Sarlahi_Air_Pressure,Hilly_Temperature,Hilly_Air_Pressure,day_of_month,is_weekend,month_sin,month_cos,dow_sin,dow_cos
2022-01-01,115.0,8000.0,119.24,119.0,0,False,False,False,True,6.03,0.0,1020.72504,9.994416,0.0,1021.24994,0.0,13.361168,0.0,1020.31244,10.19358325,1021.024995,1,1,0.49999999999999994,0.8660254037844387,-0.9749279121818236,-0.2225209339563146
2022-01-02,115.0,8000.0,119.24,119.0,0,False,False,False,True,6.03,0.0,1019.35425,9.85275,0.0,1020.10834,0.0,12.967416,0.0,1018.67505,10.6810825,1019.74585,2,1,0.49999999999999994,0.8660254037844387,-0.7818314824680299,0.6234898018587334
2022-01-03,95.0,22375.0,119.24,119.0,0,False,False,False,True,6.03,0.0,1017.4751,10.542335,0.0,1018.23737,0.0,12.807,0.0,1017.0041,11.019625000000001,1017.84177,3,0,0.49999999999999994,0.8660254037844387,0.0,1.0
2022-01-04,96.67,8000.0,119.12,119.0,0,False,False,False,True,6.03,0.0,1017.69165,11.431915,0.0,1018.304,0.0,12.7611685,0.0,1017.6418,10.98420875,1018.02295,4,0,0.49999999999999994,0.8660254037844387,0.7818314824680298,0.6234898018587336
2022-01-05,86.67,32500.0,119.59,119.0,0,False,False,False,True,6.03,0.0,1017.7209,10.334001,0.0,1018.2417,0.0,13.6778345,0.0,1017.0793,11.43420875,1017.94373,5,0,0.49999999999999994,0.8660254037844387,0.9749279121818236,-0.22252093395631434
2022-01-06,96.67,11250.0,119.28,119.0,0,False,False,False,True,6.03,1.3000001,1017.3957,11.661084,1.8000001,1017.96246,1.4000001,15.384083,1.7,1016.4458,12.535251500000001,1017.5541499999999,6,0,0.49999999999999994,0.8660254037844387,0.43388373911755823,-0.900968867902419
2022-01-07,96.67,32500.0,119.49,119.0,0,False,False,False,True,6.03,0.1,1017.90826,12.550668,0.6,1018.68756,0.0,15.800751,0.1,1017.2668,13.4362905,1018.077055,7,0,0.49999999999999994,0.8660254037844387,-0.433883739117558,-0.9009688679024191
2022-01-08,76.67,33500.0,119.2,119.0,0,False,False,False,True,6.03,1.4000001,1017.7292,13.061084,1.5,1018.57916,0.2,16.029917,0.0,1016.44586,13.702959,1017.88123,8,1,0.49999999999999994,0.8660254037844387,-0.9749279121818236,-0.2225209339563146
2022-01-09,75.0,34500.0,119.2,119.0,0,False,False,False,True,6.03,0.0,1015.4333,12.521501,0.0,1016.30005,0.0,16.115335,0.0,1014.3835,13.621709,1015.63117,9,1,0.49999999999999994,0.8660254037844387,-0.7818314824680299,0.6234898018587334
2022-01-10,76.67,14000.0,119.2,119.0,0,False,False,False,True,6.03,0.0,1016.28345,10.967332,5.2,1017.5833,0.6,16.696585,0.0,1015.07916,13.1685835,1016.64795,10,0,0.49999999999999994,0.8660254037844387,0.0,1.0
2022-01-11,76.67,25000.0,118.77,119.0,0,False,False,False,True,6.03,0.0,1016.39996,11.454834,0.4,1017.2957,0.8,17.129915,0.1,1014.96674,12.1206665,1016.756255,11,0,0.49999999999999994,0.8660254037844387,0.7818314824680298,0.6234898018587336
2022-01-12,76.67,12000.0,118.56,119.0,0,False,False,False,True,6.03,3.8,1016.1458,9.788167,2.8000002,1017.0417,3.1000001,15.204919,3.0,1015.1292,10.4050405,1016.4208,12,0,0.49999999999999994,0.8660254037844387,0.9749279121818236,-0.22252093395631434
2022-01-13,76.67,12000.0,118.56,119.0,0,False,False,False,True,6.03,0.0,1016.70404,8.038167,4.2000003,1017.5374,4.8999996,14.6945,0.9,1015.93335,9.1112915,1017.1728499999999,13,0,0.49999999999999994,0.8660254037844387,0.43388373911755823,-0.900968867902419
2022-01-14,76.67,11812.5,118.52,119.0,0,False,False,False,True,6.03,0.0,1017.0251,8.527749,0.0,1017.3916,0.0,13.8965845,0.0,1016.61255,9.4206665,1017.31665,14,0,0.49999999999999994,0.8660254037844387,-0.433883739117558,-0.9009688679024191
2022-01-15,76.67,11625.0,118.95,119.0,0,False,False,False,True,6.03,0.0,1017.575,8.363167,0.0,1017.75,0.0,12.627834,0.0,1017.28754,9.1998335,1017.71038,15,1,0.49999999999999994,0.8660254037844387,-0.9749279121818236,-0.2225209339563146
2022-01-16,66.67,11437.5,118.95,119.0,0,False,False,False,True,6.03,0.0,1018.6333,8.981916,0.0,1019.11664,0.0,12.609082,0.0,1018.7,10.1737915,1018.98538,16,1,0.49999999999999994,0.8660254037844387,-0.7818314824680299,0.6234898018587334
2022-01-17,66.67,11250.0,118.95,119.0,0,False,False,False,True,6.03,0.0,1019.32495,10.7965,0.0,1020.00836,0.0,12.384083,0.0,1019.3042,11.21233325,1019.658325,17,0,0.49999999999999994,0.8660254037844387,0.0,1.0
2022-01-18,66.67,22500.0,119.09,119.0,0,False,False,False,True,6.03,0.0,1016.68353,11.652751,0.0,1017.5542,0.0,11.821584,0.0,1016.85004,11.2842085,1017.1104399999999,18,0,0.49999999999999994,0.8660254037844387,0.7818314824680298,0.6234898018587336
2022-01-19,66.67,24250.0,119.62,122.0,0,False,False,False,True,6.03,0.0,1014.55835,11.079833,0.0,1015.3582,0.0,12.238251,0.0,1014.4626,10.647748750000002,1014.866675,19,0,0.49999999999999994,0.8660254037844387,0.9749279121818236,-0.22252093395631434
2022-01-20,55.0,10625.0,119.39,122.0,0,False,False,False,True,6.03,0.1,1011.93335,9.561084,1.5000001,1013.0083,0.90000004,13.136166,0.5,1011.9792,9.860249,1012.329195,20,0,0.49999999999999994,0.8660254037844387,0.43388373911755823,-0.900968867902419
2022-01-21,56.67,23250.0,119.51,122.0,0,False,False,False,True,6.03,0.2,1013.04175,8.423583,6.8999996,1013.55005,4.2999997,14.71325,0.0,1011.97925,8.786291,1013.197975,21,0,0.49999999999999994,0.8660254037844387,-0.433883739117558,-0.9009688679024191
2022-01-22,56.67,17625.0,119.37,122.0,0,False,False,False,True,6.03,0.0,1011.7459,8.092334,0.90000004,1012.2376,1.1,14.248665,0.0,1010.7874,9.22795775,1011.9104500000001,22,1,0.49999999999999994,0.8660254037844387,-0.9749279121818236,-0.2225209339563146
2022-01-23,56.67,12000.0,119.37,122.0,0,False,False,False,True,6.03,0.0,1012.1584,9.209001,4.2999997,1012.7459,3.6,14.9799185,0.0,1011.70416,10.389416749999999,1012.358375,23,1,0.49999999999999994,0.8660254037844387,-0.7818314824680299,0.6234898018587334
2022-01-24,56.67,16625.0,119.37,122.0,0,False,False,False,True,6.03,0.0,1013.16254,7.825666,1.9,1013.30835,4.8,14.836167,0.0,1011.94165,9.673791999999999,1013.09589,24,0,0.49999999999999994,0.8660254037844387,0.0,1.0
2022-01-25,55.0,16312.5,119.6,122.0,0,False,False,False,True,6.03,0.0,1013.01263,8.929833,4.5,1013.2417,1.0000001,14.959084,0.4,1012.55005,9.6342085,1013.0563649999999,25,0,0.49999999999999994,0.8660254037844387,0.7818314824680298,0.6234898018587336
2022-01-26,56.67,16000.0,119.95,122.0,0,False,False,False,True,6.03,0.3,1013.9124,6.7465,0.90000004,1014.0708,0.6,13.111167,0.1,1013.8999,8.351916750000001,1013.8958,26,0,0.49999999999999994,0.8660254037844387,0.9749279121818236,-0.22252093395631434
2022-01-27,55.0,10000.0,119.95,122.0,0,False,False,False,True,6.03,0.0,1014.26245,6.3819156,1.7,1014.4375,0.2,11.952834,0.0,1014.25415,7.4904588,1014.25839,27,0,0.49999999999999994,0.8660254037844387,0.43388373911755823,-0.900968867902419
2022-01-28,56.67,14416.666666666668,120.42,122.0,0,False,False,False,True,6.03,0.0,1015.15424,7.0215,0.2,1015.0833,0.2,11.554917,0.0,1015.41254,6.454000199999999,1015.2958699999999,28,0,0.49999999999999994,0.8660254037844387,-0.433883739117558,-0.9009688679024191
2022-01-29,66.67,18833.333333333336,120.37,122.0,0,False,False,False,True,6.03,0.0,1015.5417,7.8735833,0.0,1015.17084,0.0,11.859084,0.0,1015.62085,7.5977491,1015.65418,29,1,0.49999999999999994,0.8660254037844387,-0.9749279121818236,-0.2225209339563146
2022-01-30,65.0,23250.0,120.37,122.0,0,False,False,False,True,6.03,0.0,1011.6252,8.288166,0.4,1011.71674,0.0,11.952834,0.0,1012.2083,8.17899935,1011.9543249999999,30,1,0.49999999999999994,0.8660254037844387,-0.7818314824680299,0.6234898018587334
2022-01-31,66.67,18000.0,120.37,122.0,0,False,False,False,True,6.03,0.0,1012.4626,9.688167,0.0,1012.25,0.0,13.7445,0.0,1011.81244,9.56962575,1012.44175,31,0,0.49999999999999994,0.8660254037844387,0.0,1.0
2022-02-01,69.17,25500.0,119.68,122.0,0,False,False,False,True,6.23,0.0,1009.9875,7.717333,0.6,1010.23334,2.1999998,12.907001,0.3,1009.5957,8.6081675,1009.9875,1,0,0.8660254037844386,0.5000000000000001,0.7818314824680298,0.6234898018587336
2022-02-02,71.67,33000.0,119.97,122.0,0,False,False,False,True,6.23,0.0,1012.9333,7.6652493,0.0,1013.25824,0.2,13.727834,0.0,1012.8042,8.3915005,1013.20825,2,0,0.8660254037844386,0.5000000000000001,0.9749279121818236,-0.22252093395631434
2022-02-03,74.17,40500.0,120.05,122.0,0,False,False,False,True,6.23,1.2,1013.63336,8.906916,3.3000002,1014.175,0.2,15.223667,3.3,1012.9209,9.86025,1013.8812800000001,3,0,0.8660254037844386,0.5000000000000001,0.43388373911755823,-0.900968867902419
2022-02-04,76.67,48000.0,120.08,122.0,0,False,False,False,True,6.23,30.000004,1011.3125,7.192333,22.900003,1012.32495,23.700003,14.613252,28.8,1010.27905,8.06754205,1011.662475,4,0,0.8660254037844386,0.5000000000000001,-0.433883739117558,-0.9009688679024191
2022-02-05,76.67,5000.0,119.82,122.0,0,False,False,False,True,6.23,5.3,1012.675,5.8381667,4.0999994,1013.01666,14.000002,13.661167,8.6,1012.10834,6.958168049999999,1012.78955,5,1,0.8660254037844386,0.5000000000000001,-0.9749279121818236,-0.2225209339563146
2022-02-06,75.0,27200.0,119.82,122.0,0,False,False,False,True,6.23,0.0,1015.67914,7.0027504,0.0,1015.6541,0.0,12.779916,0.0,1015.67084,7.77275,1016.03754,6,1,0.8660254037844386,0.5000000000000001,-0.7818314824680299,0.6234898018587334
2022-02-07,76.67,12000.0,119.82,122.0,0,False,False,False,True,6.23,0.0,1015.33344,8.683999,0.0,1015.00415,0.0,13.757,0.0,1015.24585,8.940458,1015.3021200000001,7,0,0.8660254037844386,0.5000000000000001,0.0,1.0
2022-02-08,76.67,36000.0,119.82,122.0,0,False,False,False,True,6.23,0.0,1014.5374,9.70275,0.0,1014.07495,0.90000004,13.436168,0.0,1014.19586,8.982125,1014.427,8,0,0.8660254037844386,0.5000000000000001,0.7818314824680298,0.6234898018587336
2022-02-09,86.67,58450.0,119.9,122.0,0,False,False,False,True,6.23,4.1,1015.81256,8.658999,0.1,1015.98737,0.1,14.761167,0.0,1014.83344,10.352958000000001,1015.71253,9,0,0.8660254037844386,0.5000000000000001,0.9749279121818236,-0.22252093395631434
2022-02-10,76.67,11250.0,120.0,122.0,0,False,False,False,True,6.23,0.4,1014.7541,9.223582,0.5,1015.125,0.3,15.3695,0.0,1013.52496,10.831082,1014.70618,10,0,0.8660254037844386,0.5000000000000001,0.43388373911755823,-0.900968867902419
2022-02-11,76.67,12125.0,120.21,122.0,0,False,False,False,True,6.23,0.9000001,1013.2251,8.781918,0.70000005,1013.56665,2.5,14.1945,0.0,1013.41254,9.32587475,1013.44382,11,0,0.8660254037844386,0.5000000000000001,-0.433883739117558,-0.9009688679024191
2022-02-12,76.67,19166.666666666668,120.92,122.0,0,False,False,False,True,6.23,0.0,1013.9084,9.665251,0.0,1013.9167,0.0,14.3965845,0.0,1013.7959,9.246709,1014.2146,12,1,0.8660254037844386,0.5000000000000001,-0.9749279121818236,-0.2225209339563146
2022-02-13,65.0,26208.333333333336,120.92,122.0,0,False,False,False,True,6.23,0.0,1014.0833,9.600666,0.0,1014.0874,0.1,14.513251,0.0,1013.57495,10.06649975,1014.1958,13,1,0.8660254037844386,0.5000000000000001,-0.7818314824680299,0.6234898018587334
2022-02-14,76.67,33250.0,120.92,122.0,0,False,False,False,True,6.23,0.0,1013.7708,10.608998,0.0,1013.89594,0.0,15.154916,0.0,1013.10406,11.0581675,1014.0208,14,0,0.8660254037844386,0.5000000000000001,0.0,1.0
2022-02-15,76.67,85375.0,121.28,122.0,0,False,False,False,True,6.23,0.0,1013.02075,10.45275,1.1,1013.5083,0.8,15.179916,0.0,1011.92914,11.37275,1013.2082250000001,15,0,0.8660254037844386,0.5000000000000001,0.7818314824680298,0.6234898018587336
2022-02-16,76.67,55250.0,120.84,122.0,0,False,False,False,True,6.23,0.0,1010.5374,10.425667,0.3,1010.89575,1.5,15.827832,0.0,1009.53345,11.737334,1010.58745,16,0,0.8660254037844386,0.5000000000000001,0.9749279121818236,-0.22252093395631434
2022-02-17,76.67,11250.0,120.42,122.0,0,False,False,False,True,6.23,0.0,1010.2334,10.888168,0.0,1010.6667,0.0,16.117416,0.0,1009.6667,11.7487915,1010.40842,17,0,0.8660254037844386,0.5000000000000001,0.43388373911755823,-0.900968867902419
2022-02-18,76.67,66250.0,120.48,122.0,0,False,False,False,True,6.23,0.0,1011.76245,11.317333,0.0,1012.10425,0.0,16.504915,0.0,1011.1834,12.12066575,1012.006125,18,0,0.8660254037844386,0.5000000000000001,-0.433883739117558,-0.9009688679024191
2022-02-19,76.67,36750.0,119.76,128.0,0,False,False,False,True,6.23,0.5,1011.54987,10.254833,0.0,1011.9793,0.0,15.819501,0.0,1010.54987,11.91441625,1011.624935,19,1,0.8660254037844386,0.5000000000000001,-0.9749279121818236,-0.2225209339563146
2022-02-20,75.0,48955.0,119.76,128.0,0,False,False,False,True,6.23,2.8999999,1007.90405,8.836082,2.6999998,1008.5291,0.70000005,15.082002,0.4,1006.96265,9.5529575,1008.183325,20,1,0.8660254037844386,0.5000000000000001,-0.7818314824680299,0.6234898018587334
2022-02-21,75.0,65500.0,119.76,128.0,0,False,False,False,True,6.23,0.0,1009.07916,8.665251,7.6,1010.2791,0.8,15.252833,0.0,1008.25415,9.501916999999999,1009.58331,21,0,0.8660254037844386,0.5000000000000001,0.0,1.0
2022-02-22,65.0,67375.0,119.52,128.0,0,False,False,False,True,6.23,0.0,1015.6792,9.611083,0.70000005,1016.16675,0.2,16.473667,0.0,1014.83746,10.093582999999999,1015.922975,22,0,0.8660254037844386,0.5000000000000001,0.7818314824680298,0.6234898018587336
2022-02-23,65.0,54000.0,120.11,128.0,0,False,False,False,True,6.23,0.0,1017.93335,10.700667,0.2,1018.5625,0.0,17.398668,0.0,1016.5083,12.4050415,1018.077055,23,0,0.8660254037844386,0.5000000000000001,0.9749279121818236,-0.22252093395631434
2022-02-24,65.0,89200.0,119.6,128.0,0,False,False,False,True,6.23,0.8,1017.21265,13.242332,0.2,1017.9958,2.6000001,19.323668,0.0,1015.4041,13.508166,1017.4834000000001,24,0,0.8660254037844386,0.5000000000000001,0.43388373911755823,-0.900968867902419
2022-02-25,65.0,44750.0,121.35,128.0,0,False,False,False,True,6.23,0.70000005,1018.1667,10.486083,5.4,1019.07513,1.3000001,18.256998,3.8,1016.00415,12.04879175,1018.343725,25,0,0.8660254037844386,0.5000000000000001,-0.433883739117558,-0.9009688679024191
2022-02-26,60.0,64875.0,120.77,128.0,0,False,False,False,True,6.23,0.0,1018.8208,11.142334,0.3,1019.64996,2.0,18.302834,0.0,1017.04175,12.711291,1019.131225,26,1,0.8660254037844386,0.5000000000000001,-0.9749279121818236,-0.2225209339563146
2022-02-27,55.0,85000.0,120.77,128.0,0,False,False,False,True,6.23,0.0,1016.67487,12.30275,0.4,1017.75415,0.2,18.275751,0.0,1014.66254,13.918585,1016.943665,27,1,0.8660254037844386,0.5000000000000001,-0.7818314824680299,0.6234898018587334
2022-02-28,66.67,41050.0,120.77,128.0,0,False,False,False,True,6.23,0.0,1015.06244,12.752751,0.0,1016.0208,0.0,18.698668,0.0,1013.5457,13.767542500000001,1015.40625,28,0,0.8660254037844386,0.5000000000000001,0.0,1.0
2022-03-01,66.67,86640.0,120.85,128.0,0,False,False,True,False,7.14,0.0,1016.66675,13.323585,0.1,1017.6375,0.2,18.550749,0.0,1015.23755,14.541501,1016.93344,1,0,1.0,6.123233995736766e-17,0.7818314824680298,0.6234898018587336
2022-03-02,56.67,62800.0,120.85,128.0,0,False,False,True,False,7.14,0.0,1016.49164,13.311084,0.4,1017.4458,3.3999999,18.648666,0.0,1014.85016,14.4842095,1016.8124399999999,2,0,1.0,6.123233995736766e-17,0.9749279121818236,-0.22252093395631434
2022-03-03,56.67,23750.0,121.43,133.0,0,False,False,True,False,7.14,0.0,1015.8376,14.029832,3.8000002,1016.71655,0.0,19.434084,0.0,1014.0208,15.140459,1016.15425,3,0,1.0,6.123233995736766e-17,0.43388373911755823,-0.900968867902419
2022-03-04,60.84,35600.0,121.76,133.0,0,False,False,True,False,7.14,0.0,1014.12915,13.356915,0.0,1015.12085,0.0,20.063248,0.0,1011.78326,15.4737915,1014.356225,4,0,1.0,6.123233995736766e-17,-0.433883739117558,-0.9009688679024191
2022-03-05,65.0,47450.0,122.16,133.0,1,False,False,True,False,7.14,0.0,1012.5125,14.629836,0.0,1013.62085,0.1,19.25492,0.0,1010.92084,15.0633755,1013.0479700000001,5,1,1.0,6.123233995736766e-17,-0.9749279121818236,-0.2225209339563146
2022-03-06,65.0,65425.0,122.16,133.0,1,False,False,True,False,7.14,0.0,1014.7083,16.398582,0.0,1015.7502,0.0,20.536167,0.0,1012.77496,16.437334,1015.1833750000001,6,1,1.0,6.123233995736766e-17,-0.7818314824680299,0.6234898018587334
2022-03-07,65.0,84650.0,122.16,133.0,1,False,False,True,False,7.14,0.0,1015.56665,17.419416,0.0,1016.92914,0.0,21.792418,0.0,1012.91254,18.0717115,1016.0271,7,0,1.0,6.123233995736766e-17,0.0,1.0
2022-03-08,55.0,42975.0,123.44,133.0,1,False,False,True,False,7.14,0.0,1013.2375,18.175669,0.0,1014.84174,0.0,21.919502,0.0,1010.83344,18.7331655,1013.80213,8,0,1.0,6.123233995736766e-17,0.7818314824680298,0.6234898018587336
2022-03-09,56.67,81950.0,123.36,133.0,1,False,False,True,False,7.14,0.0,1012.4417,18.198584,0.0,1013.94183,0.0,22.894499,0.0,1010.3916,18.665460500000002,1013.0208,9,0,1.0,6.123233995736766e-17,0.9749279121818236,-0.22252093395631434
2022-03-10,56.67,65700.0,122.8,133.0,1,False,False,True,False,7.14,0.0,1012.65424,17.769417,0.0,1014.10406,0.0,23.16117,0.0,1010.1084,18.4540005,1013.14374,10,0,1.0,6.123233995736766e-17,0.43388373911755823,-0.900968867902419
2022-03-11,46.67,47500.0,122.4,133.0,1,False,False,True,False,7.14,0.0,1012.04156,17.02775,1.7,1013.5166,0.1,22.686167,0.0,1009.42487,18.044625,1012.4728299999999,11,0,1.0,6.123233995736766e-17,-0.433883739117558,-0.9009688679024191
2022-03-12,46.67,69250.0,122.85,133.0,1,False,False,True,False,7.14,0.0,1011.2917,17.844416,0.0,1012.76245,0.0,23.134087,0.0,1008.89154,18.651916999999997,1011.7771,12,1,1.0,6.123233995736766e-17,-0.9749279121818236,-0.2225209339563146
2022-03-13,45.0,88375.0,122.85,133.0,1,False,False,True,False,7.14,0.0,1012.01666,17.906914,0.0,1013.52905,0.0,23.667418,0.0,1009.52924,19.126918000000003,1012.57916,13,1,1.0,6.123233995736766e-17,-0.7818314824680299,0.6234898018587334
2022-03-14,56.67,35506.0,122.85,133.0,1,False,False,True,False,7.14,0.0,1011.7751,19.258999,0.0,1013.4168,0.0,23.738253,0.0,1009.2791,20.0092085,1012.3668,14,0,1.0,6.123233995736766e-17,0.0,1.0
2022-03-15,61.0,56500.0,122.8,133.0,1,False,False,True,False,7.14,0.0,1009.01263,20.081919,0.0,1010.64166,0.0,24.132002,0.0,1006.27496,20.699836,1009.554265,15,0,1.0,6.123233995736766e-17,0.7818314824680298,0.6234898018587336
2022-03-16,55.0,93695.0,122.88,138.0,1,False,False,True,False,7.14,1.4000001,1007.87085,19.113169,2.1,1009.7458,1.9,25.62992,0.0,1004.87085,20.334209,1008.435425,16,0,1.0,6.123233995736766e-17,0.9749279121818236,-0.22252093395631434
2022-03-17,65.0,107243.0,122.33,138.0,1,False,False,True,False,7.14,0.0,1009.90424,19.01525,0.0,1011.7583,0.0,27.14033,0.0,1006.48737,21.2904595,1010.4896200000001,17,0,1.0,6.123233995736766e-17,0.43388373911755823,-0.900968867902419
2022-03-18,65.0,93260.0,121.58,138.0,1,False,False,True,False,7.14,0.0,1010.3667,21.352747,0.1,1012.16254,0.0,28.23825,0.0,1006.55426,22.2998335,1010.935515,18,0,1.0,6.123233995736766e-17,-0.433883739117558,-0.9009688679024191
2022-03-19,57.5,97000.0,121.58,138.0,1,False,False,True,False,7.14,0.0,1007.78735,21.554832,0.0,1009.5417,0.0,27.932001,0.0,1004.29584,22.480041,1008.391575,19,1,1.0,6.123233995736766e-17,-0.9749279121818236,-0.2225209339563146
2022-03-20,60.0,50625.0,121.58,138.0,1,False,False,True,False,7.14,0.0,1006.47504,21.375666,0.0,1008.0999,0.0,27.271582,0.0,1003.14575,22.396711,1007.0146500000001,20,1,1.0,6.123233995736766e-17,-0.7818314824680299,0.6234898018587334
2022-03-21,65.0,55575.0,121.58,138.0,1,False,False,True,False,7.14,0.3,1007.7917,20.329832,0.0,1009.6541,0.0,27.069502,0.4,1004.42914,21.7425425,1008.312475,21,0,1.0,6.123233995736766e-17,0.0,1.0
2022-03-22,65.0,97350.0,122.09,138.0,1,False,False,True,False,7.14,0.2,1008.83325,19.954832,0.2,1010.50433,6.2999997,27.540335,0.0,1005.39996,20.91442,1009.3811949999999,22,0,1.0,6.123233995736766e-17,0.7818314824680298,0.6234898018587336
2022-03-23,70.0,132595.0,122.19,138.0,1,False,False,True,False,7.14,4.1,1009.63745,18.011084,11.4,1011.4375,5.4,26.979918,0.0,1005.86646,19.260252,1010.208345,23,0,1.0,6.123233995736766e-17,0.9749279121818236,-0.22252093395631434
2022-03-24,67.5,159257.5,122.39,138.0,1,False,False,True,False,7.14,14.700001,1008.0124,17.234,2.6000001,1009.44995,0.8000001,26.188253,0.1,1003.78754,18.8185845,1008.34785,24,0,1.0,6.123233995736766e-17,0.43388373911755823,-0.900968867902419
2022-03-25,65.0,185920.0,122.49,138.0,1,False,False,True,False,7.14,0.0,1006.8418,19.029833,0.0,1008.52075,0.0,26.42367,0.0,1003.51666,20.694625000000002,1007.2688,25,0,1.0,6.123233995736766e-17,-0.433883739117558,-0.9009688679024191
2022-03-26,65.0,85960.0,122.22,138.0,0,False,False,True,False,7.14,0.0,1007.6792,19.236084,0.0,1009.57916,0.0,25.569498,0.0,1005.1584,20.636294499999998,1008.348,26,1,1.0,6.123233995736766e-17,-0.9749279121818236,-0.2225209339563146
2022-03-27,65.0,59825.0,122.22,138.0,0,False,False,True,False,7.14,0.0,1010.3416,19.596502,0.0,1012.5625,0.0,26.13617,0.0,1007.87933,21.1883755,1011.0917,27,1,1.0,6.123233995736766e-17,-0.7818314824680299,0.6234898018587334
2022-03-28,60.0,52662.5,122.22,138.0,0,False,False,True,False,7.14,0.0,1009.8791,18.313164,0.70000005,1011.8625,0.1,27.752836,0.0,1006.81683,21.107125,1010.39375,28,0,1.0,6.123233995736766e-17,0.0,1.0
2022-03-29,55.0,45500.0,122.16,138.0,0,False,False,True,False,7.14,1.6000001,1008.8459,19.333998,0.1,1010.41675,0.1,27.419502,0.1,1006.1458,20.630043,1009.22498,29,0,1.0,6.123233995736766e-17,0.7818314824680298,0.6234898018587336
2022-03-30,55.0,76280.0,121.88,138.0,0,False,False,True,False,7.14,17.9,1010.3416,18.146498,6.7999997,1011.65424,7.5,27.432001,0.2,1007.09595,18.7487925,1010.65618,30,0,1.0,6.123233995736766e-17,0.9749279121818236,-0.22252093395631434
2022-03-31,55.0,107060.0,121.76,138.0,0,False,False,True,False,7.14,27.699999,1010.5,18.07775,12.000001,1011.58746,10.5,26.065332,3.3000002,1007.35004,18.307127,1010.720915,31,0,1.0,6.123233995736766e-17,0.43388373911755823,-0.900968867902419
2022-04-01,56.67,110200.0,121.57,138.0,0,False,False,True,False,7.61,7.499999,1009.48334,19.556915,1.5000002,1010.7458,3.3000002,27.111168,0.0,1006.3125,19.991500000000002,1009.78339,1,0,0.8660254037844387,-0.4999999999999998,-0.433883739117558,-0.9009688679024191
2022-04-02,56.67,106650.0,121.57,138.0,0,False,False,True,False,7.61,14.800001,1012.7083,18.934002,13.900002,1014.07086,6.799999,27.734085,0.8,1009.14166,19.849836,1013.00207,2,1,0.8660254037844387,-0.4999999999999998,-0.9749279121818236,-0.2225209339563146
2022-04-03,55.0,141475.0,121.57,138.0,0,False,False,True,False,7.61,5.7999997,1011.14166,19.206915,0.1,1012.33746,2.4999998,26.929918,1.5,1007.9792,20.164417999999998,1011.38543,3,1,0.8660254037844387,-0.4999999999999998,-0.7818314824680299,0.6234898018587334
2022-04-04,55.0,105025.0,121.57,138.0,0,False,False,True,False,7.61,0.0,1009.57495,20.261084,0.0,1011.1541,0.70000005,27.606997,0.0,1006.3916,21.181086,1010.03955,4,0,0.8660254037844387,-0.4999999999999998,0.0,1.0
2022-04-05,55.0,72750.0,121.18,143.0,0,False,False,True,False,7.61,0.0,1012.6875,20.554832,1.4000001,1014.3791,0.90000004,28.834082,0.0,1009.1792,21.879001,1013.154175,5,0,0.8660254037844387,-0.4999999999999998,0.7818314824680298,0.6234898018587336
2022-04-06,65.0,80900.0,120.88,143.0,0,False,False,True,False,7.61,0.2,1012.38745,20.821499,0.0,1014.27496,0.1,28.819502,0.0,1009.3542,22.0654595,1012.9978249999999,6,0,0.8660254037844387,-0.4999999999999998,0.9749279121818236,-0.22252093395631434
2022-04-07,65.0,125650.0,121.52,143.0,0,False,False,True,False,7.61,5.9999995,1013.34595,19.275665,2.5,1014.90826,2.8,27.434082,0.6,1010.17926,20.232127,1013.743875,7,0,0.8660254037844387,-0.4999999999999998,0.43388373911755823,-0.900968867902419
2022-04-08,65.0,78285.0,121.84,143.0,0,False,False,True,False,7.61,3.8999999,1011.15424,19.09233,5.9,1012.75006,1.5999999,28.175749,0.1,1007.75836,20.02796,1011.53757,8,0,0.8660254037844387,-0.4999999999999998,-0.433883739117558,-0.9009688679024191
2022-04-09,65.0,72385.0,121.74,143.0,0,False,False,True,False,7.61,19.400002,1010.23334,18.948584,3.6999998,1011.5666,5.899999,27.979918,0.0,1006.65424,19.5925425,1010.47297,9,1,0.8660254037844387,-0.4999999999999998,-0.9749279121818236,-0.2225209339563146
2022-04-10,75.0,79875.0,121.74,143.0,0,False,False,True,False,7.61,5.1999993,1008.6458,18.411081,1.2,1009.90015,0.9000001,26.021584,2.9,1005.7126,19.4050425,1008.91875,10,1,0.8660254037844387,-0.4999999999999998,-0.7818314824680299,0.6234898018587334
2022-04-11,75.0,121975.0,121.74,143.0,0,False,False,True,False,7.61,0.1,1007.6375,20.15275,0.2,1009.1084,0.1,27.052835,0.1,1005.12506,21.117542999999998,1008.039485,11,0,0.8660254037844387,-0.4999999999999998,0.0,1.0
2022-04-12,75.0,57350.0,121.83,143.0,0,False,False,True,False,7.61,10.4,1009.0293,19.740248,1.7000002,1010.30414,1.2000002,28.161165,0.0,1005.44586,20.275875,1009.33133,12,0,0.8660254037844387,-0.4999999999999998,0.7818314824680298,0.6234898018587336
2022-04-13,55.0,82450.0,122.12,143.0,1,False,False,True,False,7.61,10.5,1007.25,19.99025,5.4000006,1008.63336,4.0,28.517418,0.0,1003.11255,20.743585500000002,1007.5041200000001,13,0,0.8660254037844387,-0.4999999999999998,0.9749279121818236,-0.22252093395631434
2022-04-14,66.67,107950.0,122.19,143.0,1,False,False,True,False,7.61,0.1,1004.86237,21.165249,0.0,1006.50006,0.0,28.467415,0.0,1000.63336,22.312334999999997,1005.324885,14,0,0.8660254037844387,-0.4999999999999998,0.43388373911755823,-0.900968867902419
2022-04-15,56.67,93750.0,122.19,143.0,0,False,False,True,False,7.61,0.0,1004.3584,22.256912,0.0,1006.2249,0.4,27.542418,0.0,1000.63745,22.544626,1004.97925,15,0,0.8660254037844387,-0.4999999999999998,-0.433883739117558,-0.9009688679024191
2022-04-16,56.67,77935.0,122.19,143.0,0,False,False,True,False,7.61,0.0,1004.6125,21.756918,0.0,1006.71655,0.0,27.479914,0.0,1000.5208,22.7550435,1005.206275,16,1,0.8660254037844387,-0.4999999999999998,-0.9749279121818236,-0.2225209339563146
2022-04-17,55.0,40075.0,122.19,143.0,0,False,False,True,False,7.61,0.0,1005.60016,22.325666,0.0,1007.575,0.0,28.261168,0.0,1002.06665,22.9998335,1006.23758,17,1,0.8660254037844387,-0.4999999999999998,-0.7818314824680299,0.6234898018587334
2022-04-18,55.0,76885.0,122.19,143.0,0,False,False,True,False,7.61,0.0,1008.1165,22.448584,0.0,1010.0542,0.0,29.72783,0.0,1005.0208,23.0977515,1008.80825,18,0,0.8660254037844387,-0.4999999999999998,0.0,1.0
2022-04-19,56.67,64475.0,122.32,143.0,0,False,False,True,False,7.61,2.0,1010.3708,20.869417,1.4,1011.7292,4.0,29.671587,0.7,1006.8709,21.598792500000002,1010.75415,19,0,0.8660254037844387,-0.4999999999999998,0.7818314824680298,0.6234898018587336
2022-04-20,56.67,48450.0,122.72,143.0,0,False,False,True,False,7.61,23.599998,1010.20416,19.03192,12.3,1011.64996,9.6,28.034082,0.0,1006.8459,19.998794500000002,1010.48126,20,0,0.8660254037844387,-0.4999999999999998,0.9749279121818236,-0.22252093395631434
2022-04-21,55.0,46575.0,122.24,143.0,0,False,False,True,False,7.61,4.8999996,1010.25836,19.513166,3.2999997,1011.6875,2.4,28.461166,0.0,1006.51245,20.350876,1010.564515,21,0,0.8660254037844387,-0.4999999999999998,0.43388373911755823,-0.900968867902419
2022-04-22,56.67,59156.0,122.14,143.0,0,False,False,True,False,7.61,3.9,1010.05005,19.556915,1.0,1011.2835,1.2,28.211168,1.0000001,1006.05414,20.6362925,1010.193755,22,0,0.8660254037844387,-0.4999999999999998,-0.433883739117558,-0.9009688679024191
2022-04-23,56.67,48750.0,122.68,143.0,0,False,False,True,False,7.61,0.0,1008.05,21.006918,0.0,1009.68756,0.0,28.732,0.0,1004.7083,22.4665,1008.43958,23,1,0.8660254037844387,-0.4999999999999998,-0.9749279121818236,-0.2225209339563146
2022-04-24,55.0,47700.0,122.68,143.0,0,False,False,True,False,7.61,0.0,1005.3374,22.294416,0.0,1007.1667,0.0,27.892416,0.0,1002.0708,23.3269185,1005.9540999999999,24,1,0.8660254037844387,-0.4999999999999998,-0.7818314824680299,0.6234898018587334
2022-04-25,65.0,39500.0,122.68,143.0,0,False,False,True,False,7.61,0.0,1005.4875,22.475662,0.0,1007.67084,0.2,28.082,0.0,1002.36255,23.484209,1006.26045,25,0,0.8660254037844387,-0.4999999999999998,0.0,1.0
2022-04-26,56.67,16500.0,123.01,143.0,0,False,False,True,False,7.61,0.1,1007.41254,22.336082,0.5,1009.11664,0.0,29.002832,0.0,1003.5583,23.247752,1007.84797,26,0,0.8660254037844387,-0.4999999999999998,0.7818314824680298,0.6234898018587336
2022-04-27,55.0,22200.0,122.84,143.0,0,False,False,True,False,7.61,0.0,1006.9499,23.163164,0.0,1008.63745,0.0,29.279913,0.4,1003.72906,23.239418,1007.5083649999999,27,0,0.8660254037844387,-0.4999999999999998,0.9749279121818236,-0.22252093395631434
2022-04-28,66.67,27050.0,122.76,143.0,0,False,False,True,False,7.61,2.9,1009.15424,22.013168,0.0,1010.68335,0.5,30.332,0.0,1005.5125,22.8081665,1009.51037,28,0,0.8660254037844387,-0.4999999999999998,0.43388373911755823,-0.900968867902419
2022-04-29,66.67,49650.0,122.68,143.0,0,False,False,True,False,7.61,1.9000002,1008.09985,20.373583,6.0,1009.9209,2.5,28.973665,6.7,1004.4334,21.879004,1008.599875,29,0,0.8660254037844387,-0.4999999999999998,-0.433883739117558,-0.9009688679024191
2022-04-30,66.67,8450.0,122.59,143.0,0,False,False,True,False,7.61,11.2,1007.7583,18.625666,17.7,1009.66254,5.2999997,27.729914,0.5,1004.375,19.904000500000002,1008.27085,30,1,0.8660254037844387,-0.4999999999999998,-0.9749279121818236,-0.2225209339563146
2022-05-01,66.67,40175.0,122.59,143.0,0,False,False,True,False,7.04,23.500002,1007.97504,17.934,30.799997,1009.9209,3.5,26.550749,9.3,1004.4458,19.3394165,1008.47912,1,1,0.49999999999999994,-0.8660254037844387,-0.7818314824680299,0.6234898018587334
2022-05-02,66.67,35700.0,122.59,143.0,0,False,False,True,False,7.04,14.000001,1007.9207,18.748583,13.0,1009.92914,5.6,26.05075,10.3,1004.70416,19.7685855,1008.56665,2,0,0.49999999999999994,-0.8660254037844387,0.0,1.0
2022-05-03,85.0,42375.0,122.73,143.0,0,False,False,True,False,7.04,0.8,1008.1833,19.61733,2.0,1009.89996,3.0999997,26.30075,0.0,1005.70844,20.6373345,1008.82295,3,0,0.49999999999999994,-0.8660254037844387,0.7818314824680298,0.6234898018587336
2022-05-04,76.67,33470.0,122.73,143.0,0,False,False,True,False,7.04,17.5,1010.90826,18.731916,18.300001,1012.27075,18.6,26.471582,2.0,1007.7166,19.3123345,1011.27081,4,0,0.49999999999999994,-0.8660254037844387,0.9749279121818236,-0.22252093395631434
2022-05-05,76.67,18125.0,122.57,143.0,0,False,False,True,False,7.04,21.800001,1010.32074,18.592333,14.700001,1011.5583,7.4999995,26.319502,2.1,1007.02496,18.965457999999998,1010.6249399999999,5,0,0.49999999999999994,-0.8660254037844387,0.43388373911755823,-0.900968867902419
2022-05-06,66.67,29450.0,122.32,143.0,0,False,False,True,False,7.04,10.099999,1010.2292,18.6965,30.800001,1011.7126,5.1,27.15908,0.5,1006.36237,19.460249,1010.52918,6,0,0.49999999999999994,-0.8660254037844387,-0.433883739117558,-0.9009688679024191
2022-05-07,66.67,28250.0,123.37,143.0,0,False,False,True,False,7.04,4.9,1010.0,19.327747,11.6,1011.51666,8.499999,27.00075,0.8,1006.2,20.0029595,1010.360475,7,1,0.49999999999999994,-0.8660254037844387,-0.9749279121818236,-0.2225209339563146
2022-05-08,65.0,31000.0,123.37,143.0,0,False,False,True,False,7.04,2.0,1009.2834,19.852753,5.7,1010.83325,2.6999998,27.615332,0.6,1005.30414,20.527957999999998,1009.66053,8,1,0.49999999999999994,-0.8660254037844387,-0.7818314824680299,0.6234898018587334
2022-05-09,75.0,48675.0,123.37,143.0,0,False,False,True,False,7.04,0.5,1008.7166,20.661085,0.2,1010.2751,0.0,28.277834,0.0,1004.8665,21.343586000000002,1009.110375,9,0,0.49999999999999994,-0.8660254037844387,0.0,1.0
2022-05-10,76.67,16250.0,124.25,143.0,0,False,False,True,False,7.04,3.3999999,1007.99164,20.836082,5.4,1009.88336,5.1,28.694502,0.0,1004.675,21.9362915,1008.4937199999999,10,0,0.49999999999999994,-0.8660254037844387,0.7818314824680298,0.6234898018587336
2022-05-11,66.67,22000.0,124.04,143.0,0,False,False,True,False,7.04,0.5,1006.35004,21.073584,6.2999997,1008.175,1.4000001,29.077835,0.0,1002.69183,22.020666499999997,1006.80835,11,0,0.49999999999999994,-0.8660254037844387,0.9749279121818236,-0.22252093395631434
2022-05-12,65.0,11250.0,123.89,143.0,0,False,False,True,False,7.04,0.7,1004.86676,21.240252,4.4,1006.7126,1.4000001,29.231997,2.4,1001.2957,22.299835,1005.35425,12,0,0.49999999999999994,-0.8660254037844387,0.43388373911755823,-0.900968867902419
2022-05-13,73.61,12958.33,124.17,143.0,0,False,False,True,False,7.04,7.6999993,1002.2209,20.984,7.7,1003.9084,5.2999997,28.563253,1.1,998.5417,21.804001,1002.61048,13,0,0.49999999999999994,-0.8660254037844387,-0.433883739117558,-0.9009688679024191
2022-05-14,82.22,14666.67,124.23,143.0,0,False,False,True,False,7.04,2.8999999,1002.56647,21.652748,5.0,1004.3709,1.9000001,26.859085,19.800001,999.68353,22.304,1003.0415049999999,14,1,0.49999999999999994,-0.8660254037844387,-0.9749279121818236,-0.2225209339563146
2022-05-15,90.84,16375.0,124.23,143.0,0,False,False,True,False,7.04,9.900001,1005.06256,21.423584,26.9,1006.99176,7.8,29.261164,5.7,1000.9084,21.991502,1005.6291799999999,15,1,0.49999999999999994,-0.8660254037844387,-0.7818314824680299,0.6234898018587334
2022-05-16,99.45,18083.33,124.23,143.0,0,False,False,True,False,7.04,22.500002,1005.1917,21.554832,6.9,1006.91675,8.400001,28.798662,4.3,1001.14594,21.959209,1005.62713,16,0,0.49999999999999994,-0.8660254037844387,0.0,1.0
2022-05-17,108.06,19791.67,124.23,143.0,0,False,False,True,False,7.04,1.6,1004.12915,22.631918,0.3,1005.7292,1.5,28.944498,0.0,1000.65826,23.2571255,1004.506225,17,0,0.49999999999999994,-0.8660254037844387,0.7818314824680298,0.6234898018587336
2022-05-18,116.67,21500.0,124.41,143.0,0,False,False,True,False,7.04,1.5,1005.6375,21.963167,1.0,1007.39575,2.6999998,29.879913,0.0,1001.51245,22.6623345,1006.15002,18,0,0.49999999999999994,-0.8660254037844387,0.9749279121818236,-0.22252093395631434
2022-05-19,115.0,4400.0,124.44,143.0,0,False,False,True,False,7.04,1.4,1005.5791,21.921503,2.2,1007.3582,2.9,29.117414,0.8000001,1001.7,22.474833,1006.1146,19,0,0.49999999999999994,-0.8660254037844387,0.43388373911755823,-0.900968867902419
2022-05-20,115.0,2200.0,124.67,143.0,0,False,False,True,False,7.04,38.000004,1005.0168,20.744417,15.6,1006.57086,24.5,28.940332,1.2,1001.02905,21.4956685,1005.3688500000001,20,0,0.49999999999999994,-0.8660254037844387,-0.433883739117558,-0.9009688679024191
2022-05-21,115.0,11600.0,124.38,143.0,0,False,False,True,False,7.04,25.4,1002.12085,20.413166,8.199999,1003.29584,14.900001,27.16742,14.0,998.64594,20.463377,1002.3938,21,1,0.49999999999999994,-0.8660254037844387,-0.9749279121818236,-0.2225209339563146
2022-05-22,95.0,21000.0,124.38,163.0,0,False,False,True,False,7.04,2.1,1001.0168,19.667334,1.9,1002.49585,1.4000001,26.427834,7.7000003,998.1167,20.369624,1001.3875800000001,22,1,0.49999999999999994,-0.8660254037844387,-0.7818314824680299,0.6234898018587334
2022-05-23,125.0,11900.0,124.38,163.0,0,False,False,True,False,7.04,5.7999997,1003.60815,19.002748,13.4,1005.44586,8.0,26.9945,3.0,999.91254,19.864420000000003,1004.112395,23,0,0.49999999999999994,-0.8660254037844387,0.0,1.0
2022-05-24,115.0,11500.0,124.33,163.0,0,False,False,True,False,7.04,0.0,1006.9167,19.092333,10.8,1008.77924,0.5,27.69242,0.0,1003.24164,21.1185835,1007.3562999999999,24,0,0.49999999999999994,-0.8660254037844387,0.7818314824680298,0.6234898018587336
2022-05-25,105.0,11400.0,124.44,163.0,0,False,False,True,False,7.04,1.9000001,1007.875,18.758999,0.8,1009.82086,1.2,26.846586,0.0,1003.85425,20.114417,1008.42502,25,0,0.49999999999999994,-0.8660254037844387,0.9749279121818236,-0.22252093395631434
2022-05-26,108.89,11300.0,124.35,163.0,0,False,False,True,False,7.04,3.6000001,1005.9168,19.050667,2.5,1007.6834,2.6,27.446589,0.0,1002.33344,20.530041500000003,1006.366725,26,0,0.49999999999999994,-0.8660254037844387,0.43388373911755823,-0.900968867902419
2022-05-27,112.78,11200.0,124.43,163.0,0,False,False,True,False,7.04,0.6,1003.61664,20.27775,1.6,1005.3916,3.9999998,29.309082,0.2,999.7959,21.6915015,1004.1124199999999,27,0,0.49999999999999994,-0.8660254037844387,-0.433883739117558,-0.9009688679024191
2022-05-28,116.67,11100.0,124.41,163.0,0,False,False,True,False,7.04,12.300001,1003.35004,20.031916,1.6000001,1004.8333,1.2,29.3445,21.0,999.52924,20.982127,1003.69794,28,1,0.49999999999999994,-0.8660254037844387,-0.9749279121818236,-0.2225209339563146
2022-05-29,125.0,11000.0,124.41,163.0,0,False,False,True,False,7.04,10.5,1003.95416,20.504835,18.5,1005.52924,7.7,27.448668,12.6,1000.5791,21.260249,1004.30206,29,1,0.49999999999999994,-0.8660254037844387,-0.7818314824680299,0.6234898018587334
2022-05-30,115.0,2400.0,124.41,163.0,0,False,False,True,False,7.04,3.6,1004.57495,20.852753,20.500002,1006.175,5.0999994,27.102835,13.0,1000.9751,21.562336000000002,1004.960325,30,0,0.49999999999999994,-0.8660254037844387,0.0,1.0
2022-05-31,140.0,1875.0,124.37,163.0,0,False,False,True,False,7.04,1.9000001,1003.8708,21.2465,1.6000001,1005.6209,2.4,29.05908,0.6,1000.0542,22.3008755,1004.3208,31,0,0.49999999999999994,-0.8660254037844387,0.7818314824680298,0.6234898018587336
2022-06-01,150.0,3726.0,124.53,163.0,0,False,True,False,False,6.71,6.6,1004.17505,21.498583,4.8,1005.929,2.3,29.690338,0.1,1000.1709,22.336295,1004.6125750000001,1,0,1.2246467991473532e-16,-1.0,0.9749279121818236,-0.22252093395631434
2022-06-02,147.11,3766.74,124.34,163.0,0,False,True,False,False,6.71,2.1000001,1003.7124,21.725668,2.6999998,1005.425,16.0,29.421585,7.7999997,1000.0042,22.5706675,1004.13535,2,0,1.2246467991473532e-16,-1.0,0.43388373911755823,-0.900968867902419
2022-06-03,144.21,3807.47,124.48,163.0,0,False,True,False,False,6.71,1.7,1003.12494,21.959,2.5,1004.9207,1.5000001,29.313248,3.3999999,999.55414,22.772751999999997,1003.61667,3,0,1.2246467991473532e-16,-1.0,-0.433883739117558,-0.9009688679024191
2022-06-04,141.32,3848.21,124.5,163.0,0,False,True,False,False,6.71,4.2,1003.76666,22.394417,0.5,1005.5374,10.0,30.000753,0.6,999.94586,22.888376,1004.25208,4,1,1.2246467991473532e-16,-1.0,-0.9749279121818236,-0.2225209339563146
2022-06-05,138.42,3888.95,124.5,163.0,0,False,True,False,False,6.71,12.0,1004.3542,21.750666,2.9,1006.02924,10.1,29.965332,0.0,1000.7085,22.539417,1004.8041499999999,5,1,1.2246467991473532e-16,-1.0,-0.7818314824680299,0.6234898018587334
2022-06-06,135.53,3929.68,124.5,163.0,0,False,True,False,False,6.71,4.8,1004.13745,21.681921,2.0,1005.7834,12.700001,29.357,1.3,1000.52924,22.2071255,1004.608275,6,0,1.2246467991473532e-16,-1.0,0.0,1.0
2022-06-07,132.63,3970.42,124.52,163.0,0,False,True,False,False,6.71,18.5,1003.50415,22.242332,7.499998,1005.1751,18.800001,29.5195,0.4,999.71265,22.755043,1003.935425,7,0,1.2246467991473532e-16,-1.0,0.7818314824680298,0.6234898018587336
2022-06-08,129.74,4011.16,124.64,163.0,0,False,True,False,False,6.71,16.500002,1002.6792,21.963163,6.4,1004.425,18.7,29.619501,18.0,998.84576,22.486291,1003.110475,8,0,1.2246467991473532e-16,-1.0,0.9749279121818236,-0.22252093395631434
2022-06-09,126.84,4051.89,124.68,163.0,0,False,True,False,False,6.71,19.000002,1002.44183,22.215248,16.800001,1003.86255,20.599998,28.7195,5.7,998.76245,22.301917,1002.773015,9,0,1.2246467991473532e-16,-1.0,0.43388373911755823,-0.900968867902419
2022-06-10,123.95,4092.63,124.73,163.0,0,False,True,False,False,6.71,13.800001,1002.6584,22.934,6.199999,1004.0667,23.700003,29.721588,3.3,998.89996,22.967542,1003.0105000000001,10,0,1.2246467991473532e-16,-1.0,-0.433883739117558,-0.9009688679024191
2022-06-11,121.05,4133.37,124.84,163.0,0,False,True,False,False,6.71,9.400001,1002.7292,22.61525,3.8,1004.4875,10.299999,29.242416,8.7,999.27924,22.9675425,1003.20835,11,1,1.2246467991473532e-16,-1.0,-0.9749279121818236,-0.2225209339563146
2022-06-12,118.16,4174.11,124.84,163.0,0,False,True,False,False,6.71,2.8000002,1004.01666,21.971498,3.8,1005.99585,5.3000007,27.657,37.1,1000.81665,22.8060835,1004.56036,12,1,1.2246467991473532e-16,-1.0,-0.7818314824680299,0.6234898018587334
2022-06-13,115.26,4214.84,124.84,163.0,0,False,True,False,False,6.71,11.000001,1005.00824,22.421501,4.2,1006.6291,2.4,29.292414,2.0,1000.9499,23.0081665,1005.3166200000001,13,0,1.2246467991473532e-16,-1.0,0.0,1.0
2022-06-14,112.37,4255.58,125.16,163.0,0,False,True,False,False,6.71,20.5,1004.05005,22.721502,8.8,1005.5457,16.5,29.042414,0.3,1000.3166,22.982122500000003,1004.327055,14,0,1.2246467991473532e-16,-1.0,0.7818314824680298,0.6234898018587336
2022-06-15,109.47,4296.32,125.08,163.0,0,False,True,False,False,6.71,26.199999,1003.3999,22.275667,17.800001,1005.01666,17.800001,28.461166,17.8,999.72504,22.3685845,1003.7833,15,0,1.2246467991473532e-16,-1.0,0.9749279121818236,-0.22252093395631434
2022-06-16,106.58,4337.05,125.21,163.0,0,False,True,False,False,6.71,37.5,1004.23755,22.192335,17.1,1005.58746,13.700001,28.082,14.099999,1000.6792,22.308169499999998,1004.4749750000001,16,0,1.2246467991473532e-16,-1.0,0.43388373911755823,-0.900968867902419
2022-06-17,103.68,4377.79,125.22,163.0,0,False,True,False,False,6.71,12.500002,1003.9541,21.808998,21.9,1005.4749,18.300001,27.700752,15.700003,1000.37103,22.2008765,1004.2479000000001,17,0,1.2246467991473532e-16,-1.0,-0.433883739117558,-0.9009688679024191
2022-06-18,100.79,4418.53,125.22,163.0,0,False,True,False,False,6.71,24.200003,1004.1458,21.76525,6.5999994,1005.62494,8.3,27.702833,21.1,1000.9167,22.317542,1004.47497,18,1,1.2246467991473532e-16,-1.0,-0.9749279121818236,-0.2225209339563146
2022-06-19,97.89,4459.26,125.22,163.0,0,False,True,False,False,6.71,14.7,1003.4292,22.181915,4.2000003,1004.9209,2.8999999,27.475748,17.5,1000.25415,22.4362935,1003.7646500000001,19,1,1.2246467991473532e-16,-1.0,-0.7818314824680299,0.6234898018587334
2022-06-20,95.0,4500.0,125.22,163.0,0,False,True,False,False,6.71,7.499999,1002.1833,22.036081,3.8999999,1003.61237,5.2999997,27.065332,7.3999996,999.1082,22.207126000000002,1002.5249,20,0,1.2246467991473532e-16,-1.0,0.0,1.0
2022-06-21,86.67,14450.0,125.07,163.0,0,False,True,False,False,6.71,2.6999996,1002.625,22.011086,2.4,1004.11664,3.7000003,27.327833,3.1999996,999.72504,22.161294,1003.0354,21,0,1.2246467991473532e-16,-1.0,0.7818314824680298,0.6234898018587336
2022-06-22,86.39,12041.67,125.22,163.0,0,False,True,False,False,6.71,3.6,1006.1624,22.200663,2.9,1007.7791,11.5,28.213247,3.2,1002.6292,22.763376,1006.5479,22,0,1.2246467991473532e-16,-1.0,0.9749279121818236,-0.22252093395631434
2022-06-23,86.11,9633.33,125.72,163.0,0,False,True,False,False,6.71,3.2999997,1006.66675,22.623583,6.4,1008.2,14.7,28.61325,10.5,1003.07086,23.032124500000002,1007.045925,23,0,1.2246467991473532e-16,-1.0,0.43388373911755823,-0.900968867902419
2022-06-24,85.84,7225.0,125.59,163.0,0,False,True,False,False,6.71,6.6,1004.92926,22.754831,34.899998,1006.75836,21.4,28.242418,27.0,1001.69586,23.202959,1005.4292,24,0,1.2246467991473532e-16,-1.0,-0.433883739117558,-0.9009688679024191
2022-06-25,85.56,4816.67,125.66,163.0,0,False,True,False,False,6.71,6.7,1004.53754,22.461082,15.099999,1006.17914,13.8,28.692413,1.4000001,1000.92505,22.748790999999997,1004.94159,25,1,1.2246467991473532e-16,-1.0,-0.9749279121818236,-0.2225209339563146
2022-06-26,85.28,2408.33,125.66,163.0,0,False,True,False,False,6.71,27.800003,1006.02094,22.644417,9.4,1007.70844,4.2,28.657,3.9999998,1002.52075,22.916501500000003,1006.45432,26,1,1.2246467991473532e-16,-1.0,-0.7818314824680299,0.6234898018587334
2022-06-27,85.0,1983.33,125.66,163.0,0,False,True,False,False,6.71,24.9,1006.4624,22.279833,13.900001,1008.17914,6.0999994,27.36117,40.599995,1003.1875,22.9175415,1006.8603499999999,27,0,1.2246467991473532e-16,-1.0,0.0,1.0
2022-06-28,88.89,1558.33,125.65,163.0,0,False,True,False,False,6.71,70.3,1003.54175,22.344414,44.7,1005.31665,38.5,25.990334,86.8,1001.125,22.5862915,1004.064675,28,0,1.2246467991473532e-16,-1.0,0.7818314824680298,0.6234898018587336
2022-06-29,92.78,3116.67,126.34,163.0,0,False,True,False,False,6.71,59.1,1002.81244,20.733995,90.00001,1005.15424,120.19998,24.977837,123.40001,1000.4876,21.426917500000002,1003.59997,29,0,1.2246467991473532e-16,-1.0,0.9749279121818236,-0.22252093395631434
2022-06-30,96.67,4675.0,126.65,163.0,0,False,True,False,False,6.71,8.400001,1003.71246,22.156916,9.799999,1005.4084,0.6,26.486168,28.500002,1000.72906,22.5748345,1004.11028,30,0,1.2246467991473532e-16,-1.0,0.43388373911755823,-0.900968867902419
2022-07-01,96.67,5500.0,126.66,163.0,0,False,True,False,False,6.71,4.7999997,1002.80426,23.079834,4.2,1004.34576,9.2,27.971582,20.0,999.5083,23.1248335,1003.24173,1,0,-0.4999999999999997,-0.8660254037844388,-0.433883739117558,-0.9009688679024191
2022-07-02,96.67,2500.0,126.78,163.0,0,False,True,False,False,6.71,10.2,1002.3459,22.481918,14.700001,1004.1082,14.700001,28.00492,1.0000001,998.875,22.942541499999997,1002.8208,2,1,-0.4999999999999997,-0.8660254037844388,-0.9749279121818236,-0.2225209339563146
2022-07-03,95.0,9425.0,126.78,163.0,0,False,True,False,False,6.71,17.100002,1002.93756,22.361084,20.0,1004.76666,9.099999,29.07367,5.7000003,998.9626,23.210251,1003.34583,3,1,-0.4999999999999997,-0.8660254037844388,-0.7818314824680299,0.6234898018587334
2022-07-04,85.0,22500.0,126.78,172.0,0,False,True,False,False,6.71,2.8999999,1002.42505,23.800667,7.3999996,1004.11676,8.499999,29.717417,0.6,998.7585,24.081084,1002.875,4,0,-0.4999999999999997,-0.8660254037844388,0.0,1.0
2022-07-05,75.0,2750.0,126.63,172.0,0,False,True,False,False,6.71,24.300001,1003.36676,23.72775,21.9,1005.1375,18.2,30.248663,0.8,999.08344,24.106084000000003,1003.73755,5,0,-0.4999999999999997,-0.8660254037844388,0.7818314824680298,0.6234898018587336
2022-07-06,86.67,5150.0,127.3,172.0,0,False,True,False,False,6.71,5.7999997,1006.2749,23.613165,6.6,1008.1541,10.400001,30.359085,0.9,1002.3582,23.8581675,1006.7916250000001,6,0,-0.4999999999999997,-0.8660254037844388,0.9749279121818236,-0.22252093395631434
2022-07-07,76.67,1825.0,127.19,172.0,0,False,True,False,False,6.71,2.6999998,1007.2209,24.269417,3.9999995,1008.90826,7.5,29.986166,0.0,1003.41675,24.151919499999998,1007.65425,7,0,-0.4999999999999997,-0.8660254037844388,0.43388373911755823,-0.900968867902419
2022-07-08,66.67,25750.0,126.99,172.0,0,False,True,False,False,6.71,23.2,1005.35004,23.184,19.800003,1007.12506,10.5,29.513247,3.7,1001.26666,23.5321255,1005.762545,8,0,-0.4999999999999997,-0.8660254037844388,-0.433883739117558,-0.9009688679024191
2022-07-09,66.67,7750.0,127.11,172.0,0,False,True,False,False,6.71,17.800001,1003.97925,22.694414,19.2,1005.7917,7.5999994,28.902834,10.800001,1000.1709,23.193587,1004.414675,9,1,-0.4999999999999997,-0.8660254037844388,-0.9749279121818236,-0.2225209339563146
2022-07-10,60.0,3350.0,127.11,172.0,0,False,True,False,False,6.71,6.1999993,1003.8084,22.694418,13.100001,1005.5916,3.8999999,29.763254,4.5,999.6792,23.638375500000002,1004.2084,10,1,-0.4999999999999997,-0.8660254037844388,-0.7818314824680299,0.6234898018587334
2022-07-11,65.0,2455.5566666666664,127.11,172.0,0,False,True,False,False,6.71,10.4,1004.27496,22.969416,20.1,1006.0959,8.1,30.098665,0.2,1000.27094,23.812334999999997,1004.7082499999999,11,0,-0.4999999999999997,-0.8660254037844388,0.0,1.0
2022-07-12,65.0,1561.1133333333332,127.41,172.0,0,False,True,False,False,6.71,15.800001,1004.07495,22.773584,7.2,1006.01666,2.8,30.402832,0.0,999.73334,23.486293,1004.533325,12,0,-0.4999999999999997,-0.8660254037844388,0.7818314824680298,0.6234898018587336
2022-07-13,61.67,666.67,127.66,172.0,0,False,True,False,False,6.71,3.6000001,1002.0249,23.227747,2.3,1004.08746,1.9000002,30.623667,0.0,997.88336,23.97796,1002.5979,13,0,-0.4999999999999997,-0.8660254037844388,0.9749279121818236,-0.22252093395631434
2022-07-14,58.33,1333.33,127.72,172.0,0,False,True,False,False,6.71,11.400001,1002.64575,23.481913,0.6,1004.4375,4.6999993,30.54242,0.70000005,998.22925,24.267544,1003.0249249999999,14,0,-0.4999999999999997,-0.8660254037844388,0.43388373911755823,-0.900968867902419
2022-07-15,55.0,2000.0,128.11,172.0,0,False,True,False,False,6.71,5.6,1004.2166,23.798584,4.8999996,1006.2375,9.500001,30.7945,1.4000001,999.9417,24.7217085,1004.731135,15,0,-0.4999999999999997,-0.8660254037844388,-0.433883739117558,-0.9009688679024191
2022-07-16,56.0,1800.0,128.11,172.0,0,False,True,False,False,6.71,6.2,1005.19165,23.625666,5.4,1007.12085,7.7999997,30.531998,1.1,1001.0083,24.1217105,1005.681245,16,1,-0.4999999999999997,-0.8660254037844388,-0.9749279121818236,-0.2225209339563146
2022-07-17,57.0,1600.0,128.11,172.0,0,False,True,False,False,6.71,2.1000001,1006.47064,23.815252,11.200002,1008.4333,10.400001,31.054916,0.1,1002.2917,24.398789999999998,1006.9832200000001,17,1,-0.4999999999999997,-0.8660254037844388,-0.7818314824680299,0.6234898018587334
2022-07-18,58.0,1400.0,128.11,172.0,0,False,True,False,False,6.71,16.5,1005.7874,23.57775,24.900003,1007.42487,11.3,30.361168,0.6,1001.7249,23.586292999999998,1006.2124249999999,18,0,-0.4999999999999997,-0.8660254037844388,0.0,1.0
2022-07-19,59.0,1200.0,128.26,172.0,0,False,True,False,False,6.71,25.799997,1003.875,22.99025,32.0,1005.554,11.000002,29.457,2.4,1000.0876,23.176918,1004.3353500000001,19,0,-0.4999999999999997,-0.8660254037844388,0.7818314824680298,0.6234898018587336
2022-07-20,60.0,1000.0,128.21,172.0,0,False,True,False,False,6.71,8.8,1004.12915,22.563164,34.0,1005.81665,8.2,28.119501,31.500006,1000.64154,22.8779575,1004.552095,20,0,-0.4999999999999997,-0.8660254037844388,0.9749279121818236,-0.22252093395631434
2022-07-21,61.0,800.0,128.29,172.0,0,False,True,False,False,6.71,9.100002,1005.75415,21.963165,20.299997,1007.62506,12.0,27.175749,25.6,1002.2375,22.575876,1006.200045,21,0,-0.4999999999999997,-0.8660254037844388,0.43388373911755823,-0.900968867902419
2022-07-22,62.0,600.0,128.22,172.0,0,False,True,False,False,6.71,23.300001,1007.41675,22.7965,15.900002,1009.14996,12.4,28.648666,18.2,1003.54156,23.098793,1007.8021249999999,22,0,-0.4999999999999997,-0.8660254037844388,-0.433883739117558,-0.9009688679024191
2022-07-23,63.0,400.0,128.08,172.0,0,False,True,False,False,6.71,17.9,1006.7625,23.315247,7.399999,1008.54175,19.999998,29.396582,4.9,1002.7375,23.4592105,1007.2688,23,1,-0.4999999999999997,-0.8660254037844388,-0.9749279121818236,-0.2225209339563146
2022-07-24,64.0,200.0,128.08,172.0,0,False,True,False,False,6.71,12.099999,1007.4707,22.01525,32.699997,1009.34155,12.7,26.784086,11.8,1004.2292,22.701919,1007.93747,24,1,-0.4999999999999997,-0.8660254037844388,-0.7818314824680299,0.6234898018587334
2022-07-25,65.0,2725.0,128.08,172.0,0,False,True,False,False,6.71,18.400002,1009.4834,22.296495,11.600002,1011.1541,14.400001,28.096582,1.1,1006.19574,22.4612915,1009.94803,25,0,-0.4999999999999997,-0.8660254037844388,0.0,1.0
2022-07-26,66.67,5250.0,127.88,172.0,0,False,True,False,False,6.71,21.499998,1010.2541,21.87358,25.100002,1011.9417,10.800001,26.796585,20.800001,1007.2541,22.264418,1010.6645249999999,26,0,-0.4999999999999997,-0.8660254037844388,0.7818314824680298,0.6234898018587336
2022-07-27,67.5,3339.285,127.96,172.0,0,False,True,False,False,6.71,23.300001,1009.30835,22.290247,15.200001,1010.9666,7.1999993,27.329918,21.400003,1006.19586,22.6696265,1009.699975,27,0,-0.4999999999999997,-0.8660254037844388,0.9749279121818236,-0.22252093395631434
2022-07-28,63.93,1428.57,128.14,172.0,0,False,True,False,False,6.71,3.9999998,1009.38336,22.238167,12.200001,1010.9084,2.0,27.461166,9.7,1006.23755,22.582127,1009.729155,28,0,-0.4999999999999997,-0.8660254037844388,0.43388373911755823,-0.900968867902419
2022-07-29,60.36,2857.14,127.92,172.0,0,False,True,False,False,6.71,9.300002,1008.25,22.004831,30.100002,1009.90826,5.299999,26.998665,13.1,1005.1833,22.458168,1008.6457800000001,29,0,-0.4999999999999997,-0.8660254037844388,-0.433883739117558,-0.9009688679024191
2022-07-30,56.79,4285.71,127.11,172.0,0,False,True,False,False,6.71,12.400001,1006.02075,22.256914,25.300001,1007.6792,7.199999,26.990334,17.600002,1003.09174,22.568585,1006.425025,30,1,-0.4999999999999997,-0.8660254037844388,-0.9749279121818236,-0.2225209339563146
2022-07-31,53.21,5714.29,127.11,172.0,0,False,True,False,False,6.71,30.600002,1003.52496,21.7715,49.000004,1005.1626,6.4,26.179922,34.9,1000.87915,22.0175435,1003.95425,31,1,-0.4999999999999997,-0.8660254037844388,-0.7818314824680299,0.6234898018587334
2022-08-01,49.64,7142.86,127.11,172.0,0,False,True,False,False,8.26,78.299995,1003.67084,21.719416,30.400002,1005.46246,20.800001,26.079912,37.90001,1001.3708,22.029000500000002,1004.18957,1,0,-0.8660254037844385,-0.5000000000000004,0.0,1.0
2022-08-02,46.07,8571.43,126.74,172.0,0,False,True,False,False,8.26,39.9,1004.5085,21.840248,34.100002,1006.2124,15.299999,26.407003,9.6,1001.7458,22.015461000000002,1004.9459300000001,2,0,-0.8660254037844385,-0.5000000000000004,0.7818314824680298,0.6234898018587336
2022-08-03,42.5,10000.0,126.25,172.0,0,False,True,False,False,8.26,23.699999,1006.48737,22.34025,13.500001,1008.1624,12.200001,27.477837,30.199999,1003.075,22.642542499999998,1006.891605,3,0,-0.8660254037844385,-0.5000000000000004,0.9749279121818236,-0.22252093395631434
2022-08-04,42.5,7500.0,126.96,172.0,0,False,True,False,False,8.26,8.7,1007.14996,23.013163,9.900001,1008.571,3.1,28.113253,17.9,1003.3875,22.8446265,1007.466705,4,0,-0.8660254037844385,-0.5000000000000004,0.43388373911755823,-0.900968867902419
2022-08-05,47.5,5000.0,127.45,172.0,0,False,True,False,False,8.26,2.3000002,1005.0166,23.171501,12.699999,1006.8584,23.800001,28.863249,25.9,1001.28326,23.373792,1005.55835,5,0,-0.8660254037844385,-0.5000000000000004,-0.433883739117558,-0.9009688679024191
2022-08-06,57.5,750.0,127.08,172.0,0,False,True,False,False,8.26,28.8,1003.24176,23.061079,18.5,1004.97504,20.3,28.02992,42.4,999.78754,23.119625,1003.73758,6,1,-0.8660254037844385,-0.5000000000000004,-0.9749279121818236,-0.2225209339563146
2022-08-07,55.0,6050.0,127.08,172.0,0,False,True,False,False,8.26,4.4,1003.06256,23.096498,14.100001,1005.05414,10.599999,28.800749,5.5,999.10004,23.7665005,1003.60418,7,1,-0.8660254037844385,-0.5000000000000004,-0.7818314824680299,0.6234898018587334
2022-08-08,57.5,11350.0,127.08,172.0,0,False,True,False,False,8.26,14.7,1002.4126,23.421495,1.7,1004.2583,12.099999,29.006996,5.2000003,998.33325,24.154002,1002.8458499999999,8,0,-0.8660254037844385,-0.5000000000000004,0.0,1.0
2022-08-09,60.0,6000.0,127.76,172.0,0,False,True,False,False,8.26,15.6,1002.02496,24.190247,2.5,1003.97504,11.699999,29.819502,0.1,998.3542,24.2685835,1002.608305,9,0,-0.8660254037844385,-0.5000000000000004,0.7818314824680298,0.6234898018587336
2022-08-10,57.5,12125.0,127.76,172.0,0,False,True,False,False,8.26,42.500004,1001.81244,23.281914,5.3,1003.55005,13.599999,29.552832,0.0,997.94574,23.4467095,1002.2187200000001,10,0,-0.8660254037844385,-0.5000000000000004,0.9749279121818236,-0.22252093395631434
2022-08-11,65.0,18250.0,127.54,172.0,0,False,True,False,False,8.26,23.199999,1003.7334,23.352753,9.100001,1005.50415,13.500001,29.636168,0.0,999.9832,23.451919500000002,1004.2146,11,0,-0.8660254037844385,-0.5000000000000004,0.43388373911755823,-0.900968867902419
2022-08-12,67.0,15216.666666666666,127.72,172.0,0,False,True,False,False,8.26,1.2,1003.63745,23.436087,2.0,1005.22906,3.7,29.1695,0.2,1000.1208,23.506083500000003,1004.0895049999999,12,0,-0.8660254037844385,-0.5000000000000004,-0.433883739117558,-0.9009688679024191
2022-08-13,53.0,12183.333333333332,127.76,172.0,0,False,True,False,False,8.26,23.7,1003.04175,23.423582,23.9,1004.69574,34.2,29.961166,0.0,998.89575,23.4373355,1003.4750750000001,13,1,-0.8660254037844385,-0.5000000000000004,-0.9749279121818236,-0.2225209339563146
2022-08-14,51.67,9150.0,127.76,172.0,0,False,True,False,False,8.26,5.299999,1005.354,22.650665,12.600001,1007.20825,21.9,29.01325,6.4,1001.54175,22.830042499999998,1005.88327,14,1,-0.8660254037844385,-0.5000000000000004,-0.7818314824680299,0.6234898018587334
2022-08-15,55.0,13875.0,127.76,172.0,0,False,True,False,False,8.26,2.5,1007.43335,22.609001,5.0,1009.56665,1.9,29.148664,0.0,1003.89575,23.354002,1007.981225,15,0,-0.8660254037844385,-0.5000000000000004,0.0,1.0
2022-08-16,52.5,10962.5,127.76,172.0,0,False,True,False,False,8.26,3.4999998,1007.93317,22.45275,3.3999999,1009.73334,4.5999994,29.154915,1.5000001,1004.40015,23.1915015,1008.329105,16,0,-0.8660254037844385,-0.5000000000000004,0.7818314824680298,0.6234898018587336
2022-08-17,52.5,8050.0,127.76,172.0,0,False,True,False,False,8.26,1.9000002,1006.10004,22.754831,2.5,1007.72504,2.8,29.20075,0.9000001,1002.2708,23.54775,1006.35627,17,0,-0.8660254037844385,-0.5000000000000004,0.9749279121818236,-0.22252093395631434
2022-08-18,53.75,16750.0,127.42,172.0,0,False,True,False,False,8.26,7.6,1003.5457,22.948584,10.1,1005.43353,6.9,29.61325,0.0,999.6665,23.7685825,1003.96865,18,0,-0.8660254037844385,-0.5000000000000004,0.43388373911755823,-0.900968867902419
2022-08-19,47.5,12750.0,127.78,172.0,0,False,True,False,False,8.26,25.500002,1004.87085,22.644417,4.3,1006.7834,26.700003,28.084085,22.1,1000.8625,22.9342115,1005.343775,19,0,-0.8660254037844385,-0.5000000000000004,-0.433883739117558,-0.9009688679024191
2022-08-20,48.33,8750.0,127.95,172.0,0,False,True,False,False,8.26,1.0,1004.6875,22.804834,4.4,1006.86255,5.6,29.265337,0.1,1000.9207,23.473792000000003,1005.341585,20,1,-0.8660254037844385,-0.5000000000000004,-0.9749279121818236,-0.2225209339563146
2022-08-21,47.67,4750.0,127.95,172.0,0,False,True,False,False,8.26,8.4,1004.4126,22.554832,5.5,1006.3042,3.5,29.438248,0.0,1000.69165,23.085250000000002,1004.9105,21,1,-0.8660254037844385,-0.5000000000000004,-0.7818314824680299,0.6234898018587334
2022-08-22,47.5,4000.0,127.95,172.0,0,False,True,False,False,8.26,1.1,1004.1125,22.588167,2.2,1006.10004,3.8999999,29.225748,7.0,1000.45,23.251919,1004.66248,22,0,-0.8660254037844385,-0.5000000000000004,0.0,1.0
2022-08-23,42.5,3250.0,128.1,172.0,0,False,True,False,False,8.26,5.799999,1006.65424,22.794418,18.0,1008.53735,12.599999,28.317415,5.3,1002.9417,23.310249499999998,1007.19172,23,0,-0.8660254037844385,-0.5000000000000004,0.7818314824680298,0.6234898018587336
2022-08-24,47.5,14625.0,128.09,172.0,0,False,True,False,False,8.26,5.0,1008.81244,22.823584,1.7,1010.4792,8.599999,28.231997,7.5,1005.05426,23.449836,1009.17499,24,0,-0.8660254037844385,-0.5000000000000004,0.9749279121818236,-0.22252093395631434
2022-08-25,47.5,24775.0,128.0,172.0,0,False,True,False,False,8.26,2.4,1006.8,23.519417,4.2,1008.1584,3.1999998,28.902832,0.2,1003.45844,23.510252,1007.2229,25,0,-0.8660254037844385,-0.5000000000000004,0.43388373911755823,-0.900968867902419
2022-08-26,57.5,1075.0,128.12,172.0,0,False,True,False,False,8.26,9.4,1005.9666,22.871498,7.4999995,1007.5833,4.8999996,29.77575,0.6,1001.9875,23.157125999999998,1006.28125,26,0,-0.8660254037844385,-0.5000000000000004,-0.433883739117558,-0.9009688679024191
2022-08-27,65.0,4000.0,128.09,172.0,0,False,True,False,False,8.26,30.6,1004.8874,22.481918,16.0,1006.67914,11.700001,28.640335,10.400001,1001.28326,23.0821265,1005.2978499999999,27,1,-0.8660254037844385,-0.5000000000000004,-0.9749279121818236,-0.2225209339563146
2022-08-28,65.0,2791.666666666667,128.09,172.0,0,False,True,False,False,8.26,18.000002,1007.2,21.283998,18.100002,1009.12915,22.7,26.400751,20.500002,1004.29584,21.877961,1007.7083700000001,28,1,-0.8660254037844385,-0.5000000000000004,-0.7818314824680299,0.6234898018587334
2022-08-29,68.33,1583.3333333333335,128.09,172.0,0,False,True,False,False,8.26,2.4000003,1010.13336,22.163168,14.4,1011.93744,2.2,27.119497,31.7,1007.0625,22.6790015,1010.56668,29,0,-0.8660254037844385,-0.5000000000000004,0.0,1.0
2022-08-30,62.5,375.0,128.25,172.0,0,False,True,False,False,8.26,3.0,1010.28326,22.631918,1.9000001,1011.8667,3.1999996,27.517416,6.299999,1007.06256,22.906083000000002,1010.64373,30,0,-0.8660254037844385,-0.5000000000000004,0.7818314824680298,0.6234898018587336
2022-08-31,62.5,9775.0,127.43,172.0,0,False,True,False,False,8.26,17.600002,1008.28754,22.113167,11.600001,1009.84174,7.7,26.965338,10.0,1005.2583,22.296708000000002,1008.637545,31,0,-0.8660254037844385,-0.5000000000000004,0.9749279121818236,-0.22252093395631434
2022-09-01,58.33,22000.0,127.43,178.0,0,False,True,False,False,8.64,47.399998,1009.19995,21.394415,29.800003,1010.8208,42.9,26.38825,22.000002,1006.25415,21.548794,1009.6103499999999,1,0,-1.0,-1.8369701987210297e-16,0.43388373911755823,-0.900968867902419
2022-09-02,57.22,14666.67,127.6,178.0,0,False,True,False,False,8.64,1.2,1009.2332,21.92775,1.8000002,1010.69995,13.800001,26.815344,2.9,1006.13324,22.3508765,1009.5437,2,0,-1.0,-1.8369701987210297e-16,-0.433883739117558,-0.9009688679024191
2022-09-03,56.11,7333.33,127.98,178.0,0,False,True,False,False,8.64,6.3,1005.9582,22.544418,6.8999996,1007.4375,7.6,26.644503,13.4,1003.2542,22.4487925,1006.3624,3,1,-1.0,-1.8369701987210297e-16,-0.9749279121818236,-0.2225209339563146
2022-09-04,55.0,3941.665,127.98,178.0,0,False,True,False,False,8.64,2.3999999,1005.5833,22.229834,3.0,1007.24585,7.399999,26.927834,10.000002,1002.87506,22.311294500000002,1006.043725,4,1,-1.0,-1.8369701987210297e-16,-0.7818314824680299,0.6234898018587334
2022-09-05,56.67,550.0,127.98,178.0,0,False,True,False,False,8.64,3.8999999,1006.95844,22.384,2.2,1008.5208,3.7999997,27.215332,1.8,1003.9666,22.475876,1007.3396,5,0,-1.0,-1.8369701987210297e-16,0.0,1.0
2022-09-06,58.33,1100.0,128.06,178.0,0,False,True,False,False,8.64,10.000001,1008.42096,22.109,12.700002,1010.1999,5.0999994,26.807001,2.8,1005.62915,22.34567,1008.9563,6,0,-1.0,-1.8369701987210297e-16,0.7818314824680298,0.6234898018587336
2022-09-07,53.33,2675.0,128.04,178.0,0,False,True,False,False,8.64,4.6,1010.72504,21.763166,13.2,1012.42914,5.4,27.065332,13.599999,1007.28345,22.32275,1011.137455,7,0,-1.0,-1.8369701987210297e-16,0.9749279121818236,-0.22252093395631434
2022-09-08,57.5,4250.0,128.15,178.0,0,False,True,False,False,8.64,5.9,1012.13745,21.61525,3.1,1013.80835,3.6,27.886164,17.800001,1008.11664,22.3144185,1012.514555,8,0,-1.0,-1.8369701987210297e-16,0.43388373911755823,-0.900968867902419
2022-09-09,52.5,6400.0,127.84,178.0,0,False,True,False,False,8.64,6.3,1011.95404,21.279833,12.900001,1013.7041,3.4999995,27.961166,5.5,1007.79584,22.2644195,1012.32907,9,0,-1.0,-1.8369701987210297e-16,-0.433883739117558,-0.9009688679024191
2022-09-10,52.5,13675.0,127.64,178.0,0,False,True,False,False,8.64,54.899998,1011.16675,21.604834,6.0999994,1012.6792,8.400001,28.654917,0.0,1006.33344,21.723793,1011.493745,10,1,-1.0,-1.8369701987210297e-16,-0.9749279121818236,-0.2225209339563146
2022-09-11,52.5,12000.0,127.64,178.0,0,False,True,False,False,8.64,2.8999999,1008.1499,22.002752,5.1000004,1009.71674,9.0,28.444504,0.8,1004.42084,22.459209,1008.522825,11,1,-1.0,-1.8369701987210297e-16,-0.7818314824680299,0.6234898018587334
2022-09-12,53.33,1500.0,127.64,178.0,0,False,True,False,False,8.64,10.400002,1006.7293,21.259,9.699999,1008.44165,18.300001,27.263252,1.2,1003.49164,21.766499,1007.152215,12,0,-1.0,-1.8369701987210297e-16,0.0,1.0
2022-09-13,53.33,2375.0,127.54,178.0,0,False,True,False,False,8.64,3.7,1008.01666,21.673582,3.3000002,1009.6335,8.2,26.829916,1.0,1004.99585,21.70921,1008.4853800000001,13,0,-1.0,-1.8369701987210297e-16,0.7818314824680298,0.6234898018587336
2022-09-14,47.5,2500.0,126.94,178.0,0,False,True,False,False,8.64,11.6,1009.196,21.298582,14.3,1010.83344,5.4,26.432,10.4,1006.40826,21.6019175,1009.6375800000001,14,0,-1.0,-1.8369701987210297e-16,0.9749279121818236,-0.22252093395631434
2022-09-15,52.33,4625.0,127.41,178.0,0,False,True,False,False,8.64,4.6,1007.64166,21.342333,12.700001,1009.4124,3.7999997,25.996588,12.999999,1004.89996,21.543585,1008.12286,15,0,-1.0,-1.8369701987210297e-16,0.43388373911755823,-0.900968867902419
2022-09-16,65.0,500.0,127.82,178.0,0,False,True,False,False,8.64,7.5,1004.5833,20.84233,12.6,1006.37915,14.500001,26.1445,29.300003,1001.7874,21.382126999999997,1005.0686499999999,16,0,-1.0,-1.8369701987210297e-16,-0.433883739117558,-0.9009688679024191
2022-09-17,65.0,5400.0,127.89,178.0,0,False,True,False,False,8.64,10.2,1006.1291,20.773582,15.299999,1007.96655,4.4,25.86325,26.500002,1003.054,21.2529595,1006.5853999999999,17,1,-1.0,-1.8369701987210297e-16,-0.9749279121818236,-0.2225209339563146
2022-09-18,65.0,5000.0,127.89,178.0,0,False,True,False,False,8.64,1.5,1007.58746,21.2715,4.0,1009.2166,4.2999997,27.41117,13.100002,1003.94586,22.0362915,1007.96875,18,1,-1.0,-1.8369701987210297e-16,-0.7818314824680299,0.6234898018587334
2022-09-19,65.0,5000.0,127.89,178.0,0,False,True,False,False,8.64,1.5,1008.3833,21.777748,6.3,1010.2417,7.2000003,27.20492,4.0,1004.7375,22.768583999999997,1008.86667,19,0,-1.0,-1.8369701987210297e-16,0.0,1.0
2022-09-20,47.5,8125.0,127.94,178.0,0,False,True,False,False,8.64,7.8999996,1007.66675,22.406914,0.70000005,1009.39996,2.0,27.811167,5.3999996,1004.2541,22.937334,1008.204195,20,0,-1.0,-1.8369701987210297e-16,0.7818314824680298,0.6234898018587336
2022-09-21,48.33,11250.0,127.91,178.0,0,False,True,False,False,8.64,3.6000001,1008.45416,21.698584,3.3,1010.1292,8.1,28.45075,0.5,1004.75006,22.345667499999998,1008.86456,21,0,-1.0,-1.8369701987210297e-16,0.9749279121818236,-0.22252093395631434
2022-09-22,48.33,6875.0,128.27,178.0,0,False,True,False,False,8.64,3.3999999,1008.44165,21.944418,7.3,1010.06256,2.6,27.600748,9.8,1005.0957,22.197752,1008.889555,22,0,-1.0,-1.8369701987210297e-16,0.43388373911755823,-0.900968867902419
2022-09-23,47.6,2500.0,129.68,178.0,0,False,True,False,False,8.64,3.1999998,1008.1792,21.509,15.6,1009.93335,3.7,27.13408,8.299999,1004.85406,21.968584,1008.650025,23,0,-1.0,-1.8369701987210297e-16,-0.433883739117558,-0.9009688679024191
2022-09-24,53.33,4525.0,129.89,178.0,0,False,True,False,False,8.64,1.1,1008.04156,20.936083,12.9,1009.75,3.2,26.002838,15.700001,1005.03754,21.5696265,1008.48748,24,1,-1.0,-1.8369701987210297e-16,-0.9749279121818236,-0.2225209339563146
2022-09-25,55.0,11500.0,129.89,178.0,1,False,True,False,False,8.64,3.3000002,1009.16254,20.744417,12.0,1010.8167,3.3999996,26.3445,1.5000001,1006.31256,21.4123345,1009.59167,25,1,-1.0,-1.8369701987210297e-16,-0.7818314824680299,0.6234898018587334
2022-09-26,55.0,250.0,129.89,178.0,1,False,True,False,False,8.64,4.0,1010.21246,20.75067,4.1,1011.64575,4.5,25.650747,1.8000002,1007.3208,21.194626,1010.545805,26,0,-1.0,-1.8369701987210297e-16,0.0,1.0
2022-09-27,55.0,12000.0,130.9,178.0,1,False,True,False,False,8.64,4.5,1008.72485,20.519417,6.7000003,1010.25,1.0,26.040335,1.2,1005.59155,20.807126,1009.1582249999999,27,0,-1.0,-1.8369701987210297e-16,0.7818314824680298,0.6234898018587336
2022-09-28,48.33,1750.0,130.84,178.0,1,False,True,False,False,8.64,0.4,1007.925,20.629833,0.9000001,1009.55,1.1,26.915337,0.0,1004.6958,21.2029595,1008.34168,28,0,-1.0,-1.8369701987210297e-16,0.9749279121818236,-0.22252093395631434
2022-09-29,55.0,3500.0,131.41,178.0,1,False,True,False,False,8.64,1.4000001,1008.30005,20.425667,0.4,1009.8376,1.7,26.802832,6.2,1005.05414,21.2102515,1008.704195,29,0,-1.0,-1.8369701987210297e-16,0.43388373911755823,-0.900968867902419
2022-09-30,43.33,11000.0,131.28,178.0,1,False,True,False,False,8.64,4.9999995,1008.96674,20.533998,22.4,1010.55,4.0,26.60283,10.2,1005.27075,21.233167,1009.33137,30,0,-1.0,-1.8369701987210297e-16,-0.433883739117558,-0.9009688679024191
2022-10-01,49.0,8025.0,130.45,178.0,1,True,False,False,False,8.5,3.6,1007.7625,20.519419,8.200001,1009.5749,2.6,27.381998,1.2,1003.8374,21.571709,1008.222835,1,1,-0.8660254037844386,0.5000000000000001,-0.9749279121818236,-0.2225209339563146
2022-10-02,55.0,5050.0,130.45,178.0,1,True,False,False,False,8.5,0.3,1007.24176,21.36525,3.3,1009.20404,0.2,28.475752,0.0,1003.3584,22.6237905,1007.77298,2,1,-0.8660254037844386,0.5000000000000001,-0.7818314824680299,0.6234898018587334
2022-10-03,60.0,4559.375,130.45,178.0,1,True,False,False,False,8.5,1.3000001,1008.85004,21.86525,1.9000001,1010.80005,3.1,28.088255,2.5,1005.15826,22.29671,1009.41455,3,0,-0.8660254037844386,0.5000000000000001,0.0,1.0
2022-10-04,58.33,4068.75,131.3,178.0,1,True,False,False,False,8.5,8.7,1011.90826,19.69025,15.299999,1013.79175,17.0,25.538252,18.199999,1008.81665,20.517543,1012.45623,4,0,-0.8660254037844386,0.5000000000000001,0.7818314824680298,0.6234898018587336
2022-10-05,42.5,3578.125,130.74,178.0,1,True,False,False,False,8.5,37.100002,1012.8001,19.875668,29.900003,1014.75836,26.2,26.12992,12.300001,1009.47076,20.3362925,1013.36877,5,0,-0.8660254037844386,0.5000000000000001,0.9749279121818236,-0.22252093395631434
2022-10-06,47.5,3087.5,130.74,178.0,1,True,False,False,False,8.5,39.199997,1013.39996,19.484,31.199999,1015.0166,16.599998,26.23825,19.199999,1009.69574,19.918585,1013.7707800000001,6,0,-0.8660254037844386,0.5000000000000001,0.43388373911755823,-0.900968867902419
2022-10-07,47.5,2596.875,131.32,178.0,1,True,False,False,False,8.5,0.4,1013.1873,19.781914,4.9999995,1014.875,0.5,26.473665,0.0,1009.67914,20.737335,1013.59783,7,0,-0.8660254037844386,0.5000000000000001,-0.433883739117558,-0.9009688679024191
2022-10-08,47.5,2106.25,132.02,178.0,1,True,False,False,False,8.5,1.0,1012.4375,20.104834,3.1,1014.075,0.2,26.367418,1.0,1009.12506,21.189419,1012.881225,8,1,-0.8660254037844386,0.5000000000000001,-0.9749279121818236,-0.2225209339563146
2022-10-09,47.67,1615.625,132.02,178.0,1,True,False,False,False,8.5,1.5,1013.51666,20.338165,1.4000001,1015.1374,7.5,26.975754,3.5,1010.14575,21.361295,1013.920895,9,1,-0.8660254037844386,0.5000000000000001,-0.7818314824680299,0.6234898018587334
2022-10-10,42.5,1125.0,132.02,178.0,1,True,False,False,False,8.5,0.6,1013.8042,19.873583,1.7,1015.2043,7.0999994,25.72367,6.7999997,1010.6084,20.9696265,1014.05215,10,0,-0.8660254037844386,0.5000000000000001,0.0,1.0
2022-10-11,41.67,4083.3333333333335,132.02,178.0,1,True,False,False,False,8.5,0.0,1011.75415,19.57775,0.1,1013.12915,4.8,25.82992,0.0,1008.8416,20.6696285,1012.0250249999999,11,0,-0.8660254037844386,0.5000000000000001,0.7818314824680298,0.6234898018587336
2022-10-12,65.0,7041.666666666667,132.01,178.0,1,True,False,False,False,8.5,0.7,1011.9333,19.15275,2.4,1013.51245,7.2,24.959084,0.2,1009.5042,19.801918,1012.4291499999999,12,0,-0.8660254037844386,0.5000000000000001,0.9749279121818236,-0.22252093395631434
2022-10-13,75.0,10000.0,132.01,178.0,1,True,False,False,False,8.5,0.3,1013.17505,18.350668,2.2,1014.76685,1.7,25.084085,0.0,1010.33765,19.567543,1013.61661,13,0,-0.8660254037844386,0.5000000000000001,0.43388373911755823,-0.900968867902419
2022-10-14,65.0,8900.0,132.06,178.0,1,True,False,False,False,8.5,0.1,1013.04584,17.650667,2.0,1014.50006,0.0,24.56742,0.0,1010.075,19.070667,1013.38337,14,0,-0.8660254037844386,0.5000000000000001,-0.433883739117558,-0.9009688679024191
2022-10-15,70.0,3750.0,132.07,178.0,1,True,False,False,False,8.5,0.0,1012.7458,17.731913,0.4,1014.1375,0.0,24.002832,0.0,1010.03754,19.133167,1013.1667,15,1,-0.8660254037844386,0.5000000000000001,-0.9749279121818236,-0.2225209339563146
2022-10-16,65.0,2925.0,132.07,178.0,1,True,False,False,False,8.5,0.0,1014.9749,17.602747,0.0,1016.3083,0.0,23.327833,0.0,1012.10834,18.899834,1015.395775,16,1,-0.8660254037844386,0.5000000000000001,-0.7818314824680299,0.6234898018587334
2022-10-17,65.0,2100.0,132.07,178.0,1,True,False,False,False,8.5,0.0,1014.77515,18.240252,0.0,1016.3958,0.0,22.715332,0.0,1012.25006,19.31025,1015.320955,17,0,-0.8660254037844386,0.5000000000000001,0.0,1.0
2022-10-18,65.0,1275.0,132.07,178.0,1,True,False,False,False,8.5,0.0,1013.8835,17.342333,0.0,1015.59155,0.0,22.354918,0.0,1011.4749,18.307125,1014.3563,18,0,-0.8660254037844386,0.5000000000000001,0.7818314824680298,0.6234898018587336
2022-10-19,65.0,625.0,132.08,178.0,1,True,False,False,False,8.5,0.0,1014.14575,16.413166,0.0,1015.7,0.0,23.186167,0.0,1011.429,17.739418,1014.570775,19,0,-0.8660254037844386,0.5000000000000001,0.9749279121818236,-0.22252093395631434
2022-10-20,65.0,1575.0,133.14,178.0,1,True,False,False,False,8.5,0.0,1015.90424,16.383999,0.7,1017.3542,0.0,23.100752,0.0,1013.0874,17.668585,1016.31049,20,0,-0.8660254037844386,0.5000000000000001,0.43388373911755823,-0.900968867902419
2022-10-21,65.0,2525.0,132.72,178.0,1,True,False,False,False,8.5,0.0,1017.3333,17.317333,0.0,1018.9583,0.0,22.63617,0.0,1014.45416,18.027959,1017.84167,21,0,-0.8660254037844386,0.5000000000000001,-0.433883739117558,-0.9009688679024191
2022-10-22,65.0,4037.5,132.59,178.0,1,True,False,False,False,8.5,0.0,1018.20416,17.192333,0.0,1019.86255,0.0,22.798668,0.0,1014.8833,18.3019185,1018.71253,22,1,-0.8660254037844386,0.5000000000000001,-0.9749279121818236,-0.2225209339563146
2022-10-23,65.0,5550.0,132.59,178.0,1,True,False,False,False,8.5,0.0,1016.35834,17.8715,0.0,1018.16675,0.0,23.31117,0.0,1011.8,19.096708,1016.94995,23,1,-0.8660254037844386,0.5000000000000001,-0.7818314824680299,0.6234898018587334
2022-10-24,65.0,5750.0,132.59,178.0,1,True,False,False,False,8.5,0.0,1010.6668,18.384,0.0,1012.1707,0.9,24.36325,0.0,1007.87067,18.7144185,1011.2438,24,0,-0.8660254037844386,0.5000000000000001,0.0,1.0
2022-10-25,75.0,5950.0,132.59,178.0,1,True,False,False,False,8.5,0.6,1009.83765,17.004835,0.3,1010.93335,0.0,23.382002,0.0,1007.5501,17.8862925,1010.202175,25,0,-0.8660254037844386,0.5000000000000001,0.7818314824680298,0.6234898018587336
2022-10-26,75.0,6150.0,132.67,178.0,1,True,False,False,False,8.5,2.4,1014.72925,16.173584,0.1,1015.87085,0.0,22.719498,0.0,1012.2917,17.543584000000003,1015.100005,26,0,-0.8660254037844386,0.5000000000000001,0.9749279121818236,-0.22252093395631434
2022-10-27,80.0,6350.0,132.67,178.0,1,True,False,False,False,8.5,0.3,1015.2168,16.279835,2.2,1016.58746,0.1,22.054916,0.0,1012.71246,17.247749,1015.58762,27,0,-0.8660254037844386,0.5000000000000001,0.43388373911755823,-0.900968867902419
2022-10-28,85.0,6550.0,132.29,178.0,1,True,False,False,False,8.5,0.0,1015.04987,15.704833,0.70000005,1016.41675,0.0,22.163252,0.0,1012.56683,17.3789995,1015.4083350000001,28,0,-0.8660254037844386,0.5000000000000001,-0.433883739117558,-0.9009688679024191
2022-10-29,75.0,6750.0,132.26,178.0,1,True,False,False,False,8.5,0.0,1015.375,16.440248,1.0,1016.929,0.0,21.986166,0.0,1012.6416,18.076917,1015.80417,29,1,-0.8660254037844386,0.5000000000000001,-0.9749279121818236,-0.2225209339563146
2022-10-30,95.0,4875.0,132.26,178.0,1,True,False,False,False,8.5,0.0,1015.52515,17.4965,0.0,1016.9167,0.0,21.72367,0.0,1012.7166,17.98421,1015.9834000000001,30,1,-0.8660254037844386,0.5000000000000001,-0.7818314824680299,0.6234898018587334
2022-10-31,95.0,3000.0,132.26,178.0,1,True,False,False,False,8.5,0.0,1015.59174,17.417334,0.0,1016.98755,0.0,21.934084,0.0,1012.68756,18.1675435,1016.04169,31,0,-0.8660254037844386,0.5000000000000001,0.0,1.0
2022-11-01,95.0,4200.0,132.76,178.0,1,True,False,False,False,8.08,0.0,1016.1667,16.811083,0.0,1017.56665,0.0,22.081999,0.0,1013.3542,17.8342095,1016.6312,1,0,-0.5000000000000004,0.8660254037844384,0.7818314824680298,0.6234898018587336
2022-11-02,76.67,13600.0,132.62,178.0,1,True,False,False,False,8.08,0.0,1013.9666,16.613167,0.0,1015.30835,0.0,21.304918,0.0,1011.42914,17.133167999999998,1014.508325,2,0,-0.5000000000000004,0.8660254037844384,0.9749279121818236,-0.22252093395631434
2022-11-03,76.67,2000.0,132.76,178.0,1,True,False,False,False,8.08,0.0,1013.8125,16.54025,0.0,1014.9624,0.0,21.659082,0.0,1011.30426,16.486293,1014.23123,3,0,-0.5000000000000004,0.8660254037844384,0.43388373911755823,-0.900968867902419
2022-11-04,76.67,6000.0,132.92,178.0,1,True,False,False,False,8.08,0.0,1015.99994,16.609,0.0,1017.33344,0.0,22.554916,0.0,1013.1709,17.2112935,1016.466645,4,0,-0.5000000000000004,0.8660254037844384,-0.433883739117558,-0.9009688679024191
2022-11-05,65.0,10000.0,132.21,178.0,1,True,False,False,False,8.08,0.0,1017.72925,17.527748,0.2,1019.11664,0.1,22.179916,0.0,1015.00006,17.8727505,1018.21036,5,1,-0.5000000000000004,0.8660254037844384,-0.9749279121818236,-0.2225209339563146
2022-11-06,75.0,3750.0,132.21,178.0,1,True,False,False,False,8.08,0.0,1017.74164,16.298582,1.7,1019.1291,0.1,22.117416,0.0,1014.94586,17.331085,1018.127045,6,1,-0.5000000000000004,0.8660254037844384,-0.7818314824680299,0.6234898018587334
2022-11-07,76.67,2500.0,132.21,178.0,1,True,False,False,False,8.08,0.0,1016.94995,16.244415,0.0,1018.25836,0.0,21.915335,0.0,1014.42914,17.068583500000003,1017.420805,7,0,-0.5000000000000004,0.8660254037844384,0.0,1.0
2022-11-08,65.0,7350.0,131.38,178.0,1,True,False,False,False,8.08,0.0,1017.02075,16.51525,0.0,1018.30414,0.0,21.66117,0.0,1014.60834,16.942545,1017.46875,8,0,-0.5000000000000004,0.8660254037844384,0.7818314824680298,0.6234898018587336
2022-11-09,60.0,7350.0,131.38,178.0,1,True,False,False,False,8.08,0.1,1017.13745,15.82983,3.1999998,1018.446,0.3,21.607004,0.0,1014.57086,16.532124,1017.539575,9,0,-0.5000000000000004,0.8660254037844384,0.9749279121818236,-0.22252093395631434
2022-11-10,60.0,16750.0,130.6,178.0,1,True,False,False,False,8.08,0.3,1017.0959,15.373584,0.8000001,1018.3376,0.0,21.432001,0.0,1014.6458,16.423795,1017.452125,10,0,-0.5000000000000004,0.8660254037844384,0.43388373911755823,-0.900968867902419
2022-11-11,55.0,5000.0,131.2,178.0,1,True,False,False,False,8.08,0.1,1016.529,14.442332,0.4,1017.70844,0.5,21.215336,0.8,1014.07916,15.8352505,1016.9062,11,0,-0.5000000000000004,0.8660254037844384,-0.433883739117558,-0.9009688679024191
2022-11-12,55.0,4500.0,129.58,178.0,1,True,False,False,False,8.08,0.0,1015.425,14.167335,0.0,1016.53326,0.0,20.204918,0.0,1013.6082,15.4696255,1015.84165,12,1,-0.5000000000000004,0.8660254037844384,-0.9749279121818236,-0.2225209339563146
2022-11-13,55.0,4000.0,129.58,178.0,1,True,False,False,False,8.08,0.0,1015.2041,13.306918,0.0,1016.2876,0.0,19.613249,0.0,1013.77905,14.683166,1015.7082800000001,13,1,-0.5000000000000004,0.8660254037844384,-0.7818314824680299,0.6234898018587334
2022-11-14,55.0,2600.0,129.58,178.0,1,True,False,False,False,8.08,0.0,1016.44165,13.529832,0.0,1017.35425,0.0,19.53825,0.0,1014.60004,15.20504125,1016.812525,14,0,-0.5000000000000004,0.8660254037844384,0.0,1.0
2022-11-15,55.0,500.0,130.32,178.0,1,True,False,False,False,8.08,0.0,1015.31665,14.613168,0.0,1016.3875,0.0,19.440332,0.0,1013.4084,15.446709,1015.6875,15,0,-0.5000000000000004,0.8660254037844384,0.7818314824680298,0.6234898018587336
2022-11-16,55.0,4800.0,130.06,178.0,0,True,False,False,False,8.08,0.0,1013.66254,14.156918,0.2,1014.78735,0.2,19.709082,0.0,1011.89984,15.426917499999998,1014.07709,16,0,-0.5000000000000004,0.8660254037844384,0.9749279121818236,-0.22252093395631434
2022-11-17,55.0,3275.0,130.38,178.0,0,True,False,False,False,8.08,0.4,1013.55835,13.494416,0.0,1014.6292,0.0,19.423668,0.0,1011.91254,14.584209999999999,1013.987525,17,0,-0.5000000000000004,0.8660254037844384,0.43388373911755823,-0.900968867902419
2022-11-18,55.0,1750.0,130.95,178.0,0,True,False,False,False,8.08,0.0,1016.1167,13.784,0.0,1017.29156,0.0,18.819502,0.0,1014.63336,14.561292,1016.466675,18,0,-0.5000000000000004,0.8660254037844384,-0.433883739117558,-0.9009688679024191
2022-11-19,55.0,2812.5,131.0,178.0,0,True,False,False,False,8.08,0.0,1016.10834,14.9215,0.0,1017.2959,0.0,18.507002,0.0,1014.14996,15.870667999999998,1016.55005,19,1,-0.5000000000000004,0.8660254037844384,-0.9749279121818236,-0.2225209339563146
2022-11-20,55.0,3875.0,131.0,178.0,0,True,False,False,False,8.08,0.0,1014.4209,15.354835,0.0,1015.53754,0.0,18.4945,0.0,1012.5208,16.148792999999998,1014.8250499999999,20,1,-0.5000000000000004,0.8660254037844384,-0.7818314824680299,0.6234898018587334
2022-11-21,55.0,4937.5,131.0,178.0,0,True,False,False,False,8.08,0.0,1012.9958,14.448583,0.0,1013.9167,0.0,18.309084,0.0,1011.4499,15.6258755,1013.3916,21,0,-0.5000000000000004,0.8660254037844384,0.0,1.0
2022-11-22,55.0,6000.0,131.25,178.0,0,True,False,False,False,8.08,0.0,1013.25836,14.3569145,0.0,1013.87915,0.0,18.08825,0.0,1011.925,15.377959,1013.5709300000001,22,0,-0.5000000000000004,0.8660254037844384,0.7818314824680298,0.6234898018587336
2022-11-23,55.0,2000.0,130.97,178.0,0,True,False,False,False,8.08,0.0,1013.5666,14.36525,0.0,1014.2124,0.0,18.111166,0.0,1012.2959,14.799835,1013.9312199999999,23,0,-0.5000000000000004,0.8660254037844384,0.9749279121818236,-0.22252093395631434
2022-11-24,55.0,5000.0,131.26,178.0,0,True,False,False,False,8.08,0.0,1014.7,13.792333,0.0,1015.7249,0.0,18.009085,0.0,1013.00415,14.856084,1015.10205,24,0,-0.5000000000000004,0.8660254037844384,0.43388373911755823,-0.900968867902419
2022-11-25,55.0,2875.0,130.92,178.0,0,True,False,False,False,8.08,0.0,1015.97095,15.56525,0.0,1017.09576,0.0,18.619501,0.0,1013.48334,16.2696255,1016.356325,25,0,-0.5000000000000004,0.8660254037844384,-0.433883739117558,-0.9009688679024191
2022-11-26,45.0,750.0,131.0,178.0,0,True,False,False,False,8.08,0.0,1013.1792,16.204832,0.0,1014.2666,0.0,19.1695,0.0,1011.5876,16.2623355,1013.672975,26,1,-0.5000000000000004,0.8660254037844384,-0.9749279121818236,-0.2225209339563146
2022-11-27,55.0,4000.0,131.0,178.0,0,True,False,False,False,8.08,0.0,1011.75415,14.777752,0.0,1012.8708,0.0,19.396582,0.0,1010.04584,15.2008765,1012.2229,27,1,-0.5000000000000004,0.8660254037844384,-0.7818314824680299,0.6234898018587334
2022-11-28,45.0,1075.0,131.0,178.0,0,True,False,False,False,8.08,0.0,1013.6375,13.592334,0.0,1014.6291,0.0,19.186167,0.0,1011.68744,14.9185845,1014.06457,28,0,-0.5000000000000004,0.8660254037844384,0.0,1.0
2022-11-29,45.0,2412.5,130.98,178.0,0,True,False,False,False,8.08,0.0,1015.4834,13.933998,0.0,1016.4875,0.0,19.427834,0.0,1013.18317,15.1602505,1015.9375,29,0,-0.5000000000000004,0.8660254037844384,0.7818314824680298,0.6234898018587336
2022-11-30,46.0,3750.0,131.06,178.0,0,True,False,False,False,8.08,0.0,1016.30005,14.152748,0.0,1017.29156,0.0,18.790333,0.0,1014.0542,15.169626000000001,1016.693755,30,0,-0.5000000000000004,0.8660254037844384,0.9749279121818236,-0.22252093395631434
2022-12-01,55.0,18550.0,130.58,178.0,0,False,False,False,True,7.38,0.0,1015.1082,14.154835,0.0,1016.02484,0.0,17.148668,0.0,1013.62494,14.694624000000001,1015.4978249999999,1,0,-2.4492935982947064e-16,1.0,0.43388373911755823,-0.900968867902419
2022-12-02,45.0,10650.0,130.25,178.0,0,False,False,False,True,7.38,0.0,1014.63336,14.138167,0.0,1015.4998,0.0,16.813253,0.0,1013.37085,14.7467075,1014.96878,2,0,-2.4492935982947064e-16,1.0,-0.433883739117558,-0.9009688679024191
2022-12-03,65.0,2750.0,130.42,178.0,0,False,False,False,True,7.38,0.0,1014.8457,14.109,0.0,1015.75,0.0,17.0445,0.0,1013.3208,14.820666,1015.15622,3,1,-2.4492935982947064e-16,1.0,-0.9749279121818236,-0.2225209339563146
2022-12-04,65.0,7025.0,130.42,178.0,0,False,False,False,True,7.38,0.0,1015.1499,13.967334,0.0,1016.04584,0.0,17.69242,0.0,1013.72076,14.718584,1015.55832,4,1,-2.4492935982947064e-16,1.0,-0.7818314824680299,0.6234898018587334
2022-12-05,45.0,14250.0,130.42,178.0,0,False,False,False,True,7.38,0.0,1016.56244,13.111084,0.0,1017.47504,0.0,17.546583,0.0,1014.78326,14.4133755,1016.889495,5,0,-2.4492935982947064e-16,1.0,0.0,1.0
2022-12-06,55.0,13175.0,131.17,178.0,0,False,False,False,True,7.38,0.0,1014.4209,13.213165,0.0,1015.25,0.0,16.7195,0.0,1013.4124,14.0737925,1014.8145999999999,6,0,-2.4492935982947064e-16,1.0,0.7818314824680298,0.6234898018587336
2022-12-07,45.0,12100.0,132.49,178.0,0,False,False,False,True,7.38,0.0,1013.93335,13.011083,0.0,1014.79175,0.0,16.290335,0.0,1013.1458,13.719626,1014.360475,7,0,-2.4492935982947064e-16,1.0,0.9749279121818236,-0.22252093395631434
2022-12-08,45.0,11125.0,132.26,178.0,0,False,False,False,True,7.38,0.0,1015.2917,12.900665,0.0,1016.17505,0.0,16.465334,0.0,1013.84576,14.049833,1015.65632,8,0,-2.4492935982947064e-16,1.0,0.43388373911755823,-0.900968867902419
2022-12-09,55.0,12666.666666666666,132.18,178.0,0,False,False,False,True,7.38,0.0,1014.85406,12.911083,0.0,1015.72095,0.0,16.952837,0.0,1013.1292,14.0227515,1015.2228299999999,9,0,-2.4492935982947064e-16,1.0,-0.433883739117558,-0.9009688679024191
2022-12-10,55.0,14208.333333333332,131.94,178.0,0,False,False,False,True,7.38,0.0,1014.7124,12.740249,0.0,1015.4375,0.0,17.515335,0.0,1013.1541,14.55920775,1014.9728700000001,10,1,-2.4492935982947064e-16,1.0,-0.9749279121818236,-0.2225209339563146
2022-12-11,55.0,15750.0,131.94,178.0,0,False,False,False,True,7.38,0.0,1014.02496,13.709,0.0,1014.4167,0.0,16.150751,0.0,1013.22504,14.6123345,1014.23956,11,1,-2.4492935982947064e-16,1.0,-0.7818314824680299,0.6234898018587334
2022-12-12,45.0,2300.0,131.94,178.0,0,False,False,False,True,7.38,0.0,1013.38763,13.896501,0.0,1013.72906,0.0,17.282,0.0,1012.5124,14.324835,1013.6979349999999,12,0,-2.4492935982947064e-16,1.0,0.0,1.0
2022-12-13,45.0,3000.0,132.36,178.0,0,False,False,False,True,7.38,0.0,1013.925,12.511083,0.0,1014.0667,0.0,17.619501,0.0,1012.67084,14.0352505,1014.1062,13,0,-2.4492935982947064e-16,1.0,0.7818314824680298,0.6234898018587336
2022-12-14,55.0,13225.0,132.8,178.0,0,False,False,False,True,7.38,0.0,1014.4333,11.82775,0.0,1014.9001,0.0,17.571585,0.0,1013.47504,12.87379125,1014.839575,14,0,-2.4492935982947064e-16,1.0,0.9749279121818236,-0.22252093395631434
2022-12-15,55.0,23450.0,132.24,178.0,0,False,False,False,True,7.38,0.0,1013.7664,12.227749,0.0,1014.2166,0.0,16.490335,0.0,1012.47906,12.670666749999999,1014.0832499999999,15,0,-2.4492935982947064e-16,1.0,0.43388373911755823,-0.900968867902419
2022-12-16,55.0,6475.0,132.72,175.0,0,False,False,False,True,7.38,0.0,1013.45825,13.040253,0.0,1014.0959,0.1,16.484083,0.0,1012.5125,13.148793000000001,1013.706205,16,0,-2.4492935982947064e-16,1.0,-0.433883739117558,-0.9009688679024191
2022-12-17,45.0,7481.25,132.9,175.0,0,False,False,False,True,7.38,0.0,1015.45,12.136085,1.9000001,1016.4124,0.0,17.379917,0.0,1014.01654,13.7685845,1015.70415,17,1,-2.4492935982947064e-16,1.0,-0.9749279121818236,-0.2225209339563146
2022-12-18,45.0,8487.5,132.9,175.0,0,False,False,False,True,7.38,0.0,1015.7166,13.363167,0.2,1016.7332,0.0,17.507,0.0,1013.9041,14.427960500000001,1015.97497,18,1,-2.4492935982947064e-16,1.0,-0.7818314824680299,0.6234898018587334
2022-12-19,35.0,9493.75,132.9,175.0,0,False,False,False,True,7.38,0.0,1013.8499,13.158999,0.0,1014.88354,0.0,17.321583,0.0,1012.38324,14.306085,1014.231225,19,0,-2.4492935982947064e-16,1.0,0.0,1.0
2022-12-20,36.67,10500.0,132.64,175.0,0,False,False,False,True,7.38,0.0,1013.05414,12.334001,0.0,1013.85004,0.0,17.200752,0.0,1011.9751,13.226917,1013.41462,20,0,-2.4492935982947064e-16,1.0,0.7818314824680298,0.6234898018587336
2022-12-21,35.0,8375.0,132.72,175.0,0,False,False,False,True,7.38,0.0,1014.1582,11.22775,0.0,1014.7874,0.0,16.765333,0.0,1012.87494,13.005043,1014.456175,21,0,-2.4492935982947064e-16,1.0,0.9749279121818236,-0.22252093395631434
2022-12-22,35.0,6250.0,132.8,175.0,0,False,False,False,True,7.38,0.0,1012.825,11.319417,0.0,1013.325,0.0,15.352836,0.0,1012.28754,13.029001000000001,1013.1395500000001,22,0,-2.4492935982947064e-16,1.0,0.43388373911755823,-0.900968867902419
2022-12-23,34.0,4125.0,132.73,175.0,0,False,False,False,True,7.38,0.0,1013.64154,11.217334,0.0,1014.0749,0.0,14.609084,0.0,1012.9583,12.191499499999999,1013.99164,23,0,-2.4492935982947064e-16,1.0,-0.433883739117558,-0.9009688679024191
2022-12-24,35.0,2000.0,132.88,175.0,0,False,False,False,True,7.38,0.0,1014.4209,11.371501,0.0,1015.38763,0.0,14.298668,0.0,1013.33746,12.3300425,1014.8042,24,1,-2.4492935982947064e-16,1.0,-0.9749279121818236,-0.2225209339563146
2022-12-25,35.0,1350.0,132.88,175.0,0,False,False,False,True,7.38,0.0,1014.8166,11.261085,0.0,1015.56665,0.0,14.954918,0.0,1013.8125,12.439415499999999,1015.2020299999999,25,1,-2.4492935982947064e-16,1.0,-0.7818314824680299,0.6234898018587334
2022-12-26,36.67,4000.0,132.88,175.0,0,False,False,False,True,7.38,0.0,1016.7959,11.286083,0.0,1017.42084,0.0,15.111167,0.0,1015.64166,11.978999,1017.0312799999999,26,0,-2.4492935982947064e-16,1.0,0.0,1.0
2022-12-27,50.0,15500.0,132.55,175.0,0,False,False,False,True,7.38,0.0,1014.47076,9.569417,0.0,1014.64166,0.0,13.825749,0.0,1014.3042,11.230042000000001,1014.56451,27,0,-2.4492935982947064e-16,1.0,0.7818314824680298,0.6234898018587336
2022-12-28,55.0,10500.0,132.86,175.0,0,False,False,False,True,7.38,0.0,1015.3084,10.317334,0.0,1015.49585,0.0,13.0424185,0.0,1016.5249,9.827959,1015.78345,28,0,-2.4492935982947064e-16,1.0,0.9749279121818236,-0.22252093395631434
2022-12-29,45.0,5375.0,132.88,175.0,0,False,False,False,True,7.38,0.0,1018.896,9.692332,0.0,1018.7126,0.0,13.336166,0.0,1018.5417,9.3279575,1018.9709499999999,29,0,-2.4492935982947064e-16,1.0,0.43388373911755823,-0.900968867902419
2022-12-30,45.0,250.0,132.78,175.0,0,False,False,False,True,7.38,0.0,1019.9583,9.554832,0.1,1020.24994,0.0,14.377833,0.0,1018.7708,10.838375,1019.86877,30,0,-2.4492935982947064e-16,1.0,-0.433883739117558,-0.9009688679024191
2022-12-31,45.0,4500.0,132.66,175.0,0,False,False,False,True,7.38,0.0,1018.13763,9.238166,0.2,1018.7583,0.1,14.3445015,0.0,1017.66656,11.128999499999999,1018.3729149999999,31,1,-2.4492935982947064e-16,1.0,-0.9749279121818236,-0.2225209339563146
2023-01-01,45.0,10000.0,132.66,175.0,0,False,False,False,True,7.26,0.0,1019.97925,9.769418,0.2,1020.4543,0.3,14.490333,0.0,1019.44165,10.854,1020.1812749999999,1,1,0.49999999999999994,0.8660254037844387,-0.7818314824680299,0.6234898018587334
2023-01-02,46.67,10375.0,132.66,175.0,0,False,False,False,True,7.26,0.0,1020.5708,9.42775,0.0,1020.90405,0.0,13.015334,0.0,1020.10834,10.83524925,1020.7604,2,0,0.49999999999999994,0.8660254037844387,0.0,1.0
2023-01-03,45.0,30650.0,132.69,175.0,0,False,False,False,True,7.26,0.0,1020.68335,8.60275,0.0,1020.91656,0.0,12.413251,0.0,1020.1458,10.658166,1020.8313,3,0,0.49999999999999994,0.8660254037844387,0.7818314824680298,0.6234898018587336
2023-01-04,55.0,22975.0,132.92,175.0,0,False,False,False,True,7.26,0.0,1020.2083,7.7652507,0.0,1020.6916,0.0,11.973667,0.0,1020.1582,10.5612925,1020.37292,4,0,0.49999999999999994,0.8660254037844387,0.9749279121818236,-0.22252093395631434
2023-01-05,46.67,48750.0,132.79,175.0,0,False,False,False,True,7.26,0.0,1021.38324,9.554833,0.0,1021.9792,0.0,10.990333,0.0,1021.4167,10.93525,1021.67292,5,0,0.49999999999999994,0.8660254037844387,0.43388373911755823,-0.900968867902419
2023-01-06,36.67,51275.0,132.4,175.0,0,False,False,False,True,7.26,0.0,1021.3625,10.87775,0.0,1022.1209,0.0,11.417417,0.0,1020.571,12.46649925,1021.652075,6,0,0.49999999999999994,0.8660254037844387,-0.433883739117558,-0.9009688679024191
2023-01-07,45.0,47750.0,132.66,175.0,0,False,False,False,True,7.26,0.0,1019.2834,11.717335,0.0,1020.4417,0.0,11.029918,0.0,1019.20825,13.6727505,1019.77295,7,1,0.49999999999999994,0.8660254037844387,-0.9749279121818236,-0.2225209339563146
2023-01-08,45.0,60500.0,132.66,172.0,0,False,False,False,True,7.26,0.0,1017.91675,12.546501,0.0,1019.06256,0.0,10.431999,0.0,1018.14166,13.533166,1018.4000550000001,8,1,0.49999999999999994,0.8660254037844387,-0.7818314824680299,0.6234898018587334
2023-01-09,45.0,61150.0,132.66,172.0,0,False,False,False,True,7.26,0.0,1018.7751,12.767333,0.0,1019.825,0.0,10.300751,0.0,1019.0042,13.445667499999999,1019.2418,9,0,0.49999999999999994,0.8660254037844387,0.0,1.0
2023-01-10,45.0,45750.0,132.08,172.0,0,False,False,False,True,7.26,0.0,1016.7292,12.069416,0.0,1017.5334,0.0,10.671584,0.0,1017.2,13.1165015,1017.03962,10,0,0.49999999999999994,0.8660254037844387,0.7818314824680298,0.6234898018587336
2023-01-11,46.67,49250.0,131.16,172.0,0,False,False,False,True,7.26,0.0,1014.6501,11.088166,0.0,1015.4583,0.0,10.669501,0.0,1015.45013,12.34358425,1015.0626,11,0,0.49999999999999994,0.8660254037844387,0.9749279121818236,-0.22252093395631434
2023-01-12,46.67,52750.0,130.83,172.0,0,False,False,False,True,7.26,0.0,1013.17505,10.74025,0.0,1013.74176,0.0,11.209084,0.0,1013.25836,12.498791,1013.40625,12,0,0.49999999999999994,0.8660254037844387,0.43388373911755823,-0.900968867902419
2023-01-13,46.67,66050.0,130.79,172.0,0,False,False,False,True,7.26,0.0,1013.9998,10.023583,0.0,1014.3999,0.0,11.821584,0.0,1013.4792,12.4477505,1013.877,13,0,0.49999999999999994,0.8660254037844387,-0.433883739117558,-0.9009688679024191
2023-01-14,45.0,66050.0,130.43,172.0,0,False,False,False,True,7.26,0.0,1013.5542,9.848583,0.0,1013.9751,0.0,13.504918,0.0,1012.6084,12.345666000000001,1013.51255,14,1,0.49999999999999994,0.8660254037844387,-0.9749279121818236,-0.2225209339563146
2023-01-15,45.0,21000.0,130.43,172.0,0,False,False,False,True,7.26,0.0,1012.4917,9.60275,0.0,1012.57086,0.0,13.452835,0.0,1013.07495,10.967542,1012.654175,15,1,0.49999999999999994,0.8660254037844387,-0.7818314824680299,0.6234898018587334
2023-01-16,45.0,32500.0,130.43,172.0,0,False,False,False,True,7.26,0.0,1014.7542,8.544415,0.0,1014.1375,0.1,12.144501,0.0,1015.14575,9.678999999999998,1014.6624999999999,16,0,0.49999999999999994,0.8660254037844387,0.0,1.0
2023-01-17,45.0,55500.0,130.89,172.0,0,False,False,False,True,7.26,0.0,1015.46674,8.502749,0.0,1014.7957,0.0,11.727836,0.0,1016.0293,8.939416999999999,1015.4250199999999,17,0,0.49999999999999994,0.8660254037844387,0.7818314824680298,0.6234898018587336
2023-01-18,45.0,76250.0,131.12,172.0,0,False,False,False,True,7.26,0.0,1017.64166,8.094417,0.0,1016.86664,0.0,12.569499,0.0,1017.9458,8.6415,1017.577055,18,0,0.49999999999999994,0.8660254037844387,0.9749279121818236,-0.22252093395631434
2023-01-19,56.67,59500.0,130.29,172.0,0,False,False,False,True,7.26,0.0,1018.4543,8.79025,0.0,1018.2249,0.0,12.669499,0.0,1018.64166,9.3467075,1018.4375,19,0,0.49999999999999994,0.8660254037844387,0.43388373911755823,-0.900968867902419
2023-01-20,56.67,79425.0,130.48,172.0,0,False,False,False,True,7.26,0.0,1017.10406,10.9715,0.0,1017.0959,0.0,13.419502,0.0,1017.12915,11.8654585,1017.06458,20,0,0.49999999999999994,0.8660254037844387,-0.433883739117558,-0.9009688679024191
2023-01-21,56.67,79425.0,130.1,172.0,0,False,False,False,True,7.26,0.0,1015.8167,10.767333,0.0,1016.06244,0.0,14.888249,0.0,1014.9917,13.485251,1015.68133,21,1,0.49999999999999994,0.8660254037844387,-0.9749279121818236,-0.2225209339563146
2023-01-22,56.67,59250.0,130.1,172.0,0,False,False,False,True,7.26,0.0,1015.7126,10.60275,0.0,1016.2583,0.0,14.046582,0.0,1014.89154,13.2290005,1015.78755,22,1,0.49999999999999994,0.8660254037844387,-0.7818314824680299,0.6234898018587334
2023-01-23,55.0,114550.0,130.1,172.0,0,False,False,False,True,7.26,0.0,1014.80414,11.952751,0.0,1015.4875,0.0,14.9695015,0.0,1013.94586,13.7821255,1015.06872,23,0,0.49999999999999994,0.8660254037844387,0.0,1.0
2023-01-24,56.67,46250.0,130.53,172.0,0,False,False,False,True,7.26,0.0,1016.0249,13.348582,0.0,1016.58325,0.0,16.081999,0.0,1015.19586,14.525876499999999,1016.1312,24,0,0.49999999999999994,0.8660254037844387,0.7818314824680298,0.6234898018587336
2023-01-25,56.67,53900.0,131.06,172.0,0,False,False,False,True,7.26,0.0,1015.77496,13.754833,0.0,1016.44165,0.0,17.004915,0.0,1014.2583,15.1081655,1015.80423,25,0,0.49999999999999994,0.8660254037844387,0.9749279121818236,-0.22252093395631434
2023-01-26,55.0,11250.0,130.85,172.0,0,False,False,False,True,7.26,0.0,1014.8374,13.625667,0.0,1015.8125,0.0,16.075748,0.0,1013.52924,16.096708999999997,1015.00205,26,0,0.49999999999999994,0.8660254037844387,0.43388373911755823,-0.900968867902419
2023-01-27,55.0,32750.0,130.85,172.0,0,False,False,False,True,7.26,0.0,1014.2583,13.900666,0.0,1014.99585,0.0,16.717417,0.0,1013.471,16.3842085,1014.3812499999999,27,0,0.49999999999999994,0.8660254037844387,-0.433883739117558,-0.9009688679024191
2023-01-28,56.0,45100.0,130.74,172.0,0,False,False,False,True,7.26,0.0,1013.48334,14.277751,0.0,1014.14575,0.0,14.627833,0.0,1014.13324,14.3290005,1013.85419,28,1,0.49999999999999994,0.8660254037844387,-0.9749279121818236,-0.2225209339563146
2023-01-29,55.0,97400.0,130.74,172.0,0,False,False,False,True,7.26,0.0,1015.6126,14.194416,0.0,1016.44165,0.0,15.227834,0.0,1014.75415,14.29150025,1015.97095,29,1,0.49999999999999994,0.8660254037844387,-0.7818314824680299,0.6234898018587334
2023-01-30,45.0,34250.0,130.74,172.0,0,False,False,False,True,7.26,0.0,1017.39575,15.25275,0.0,1018.35834,0.0,17.498669,0.0,1015.2874,16.126917,1017.7124249999999,30,0,0.49999999999999994,0.8660254037844387,0.0,1.0
2023-01-31,45.0,42500.0,130.7,172.0,0,False,False,False,True,7.26,0.0,1014.06244,14.023583,0.0,1015.05005,0.0,17.792418,0.0,1012.6584,17.163375000000002,1014.23957,31,0,0.49999999999999994,0.8660254037844387,0.7818314824680298,0.6234898018587336
2023-02-01,45.0,62000.0,131.38,172.0,0,False,False,False,True,7.88,0.0,1013.33746,13.436085,0.0,1014.1499,0.0,16.273668,0.0,1013.2791,14.6071255,1013.60833,1,0,0.8660254037844386,0.5000000000000001,0.9749279121818236,-0.22252093395631434
2023-02-02,45.0,29000.0,131.38,172.0,0,False,False,False,True,7.88,0.0,1014.375,13.4465,0.0,1014.81665,0.0,14.286168,0.0,1014.92096,13.801917750000001,1014.674925,2,0,0.8660254037844386,0.5000000000000001,0.43388373911755823,-0.900968867902419
2023-02-03,46.67,21000.0,131.78,172.0,0,False,False,False,True,7.88,0.0,1014.44183,12.809001,0.0,1015.1458,0.0,15.227837,0.0,1013.8584,13.795669,1014.7604650000001,3,0,0.8660254037844386,0.5000000000000001,-0.433883739117558,-0.9009688679024191
2023-02-04,46.0,5000.0,131.23,172.0,0,False,False,False,True,7.88,0.0,1011.9666,12.923583,0.70000005,1012.66266,0.0,15.050754,0.0,1011.846,13.70087525,1012.32915,4,1,0.8660254037844386,0.5000000000000001,-0.9749279121818236,-0.2225209339563146
2023-02-05,45.0,7000.0,131.23,172.0,0,False,False,False,True,7.88,0.0,1011.9875,12.400665,0.0,1012.69586,0.0,16.232,0.0,1011.5249,12.9550415,1012.31043,5,1,0.8660254037844386,0.5000000000000001,-0.7818314824680299,0.6234898018587334
2023-02-06,46.67,13787.5,131.23,175.0,0,False,False,False,True,7.88,0.0,1012.1167,12.683998,0.2,1012.60834,0.0,15.894501,0.0,1011.29584,13.073793,1012.3646,6,0,0.8660254037844386,0.5000000000000001,0.0,1.0
2023-02-07,46.67,20575.0,132.67,175.0,0,False,False,False,True,7.88,0.0,1010.6418,12.329834,0.4,1011.17926,0.0,16.790335,0.0,1009.66235,12.915459,1010.81043,7,0,0.8660254037844386,0.5000000000000001,0.7818314824680298,0.6234898018587336
2023-02-08,45.0,5950.0,132.63,175.0,0,False,False,False,True,7.88,0.0,1012.07074,12.146501,0.0,1012.6958,0.0,16.567417,0.0,1011.29584,13.1842085,1012.3374699999999,8,0,0.8660254037844386,0.5000000000000001,0.9749279121818236,-0.22252093395631434
2023-02-09,46.67,12000.0,132.3,175.0,0,False,False,False,True,7.88,0.0,1013.4167,11.652752,0.1,1013.8791,0.3,16.746584,0.0,1012.91656,12.505043,1013.70838,9,0,0.8660254037844386,0.5000000000000001,0.43388373911755823,-0.900968867902419
2023-02-10,46.67,4000.0,132.32,175.0,0,False,False,False,True,7.88,0.0,1013.79584,12.446499,0.0,1014.2041,0.0,16.84867,0.0,1012.78345,13.627959,1013.79792,10,0,0.8660254037844386,0.5000000000000001,-0.433883739117558,-0.9009688679024191
2023-02-11,45.0,9000.0,132.3,175.0,0,False,False,False,True,7.88,0.0,1012.8792,13.667335,0.0,1013.5667,0.0,17.361166,0.0,1011.64996,15.674833,1013.008415,11,1,0.8660254037844386,0.5000000000000001,-0.9749279121818236,-0.2225209339563146
2023-02-12,45.0,14000.0,132.3,175.0,0,False,False,False,True,7.88,0.0,1012.40424,12.527749,0.0,1012.8208,0.0,18.742416,0.0,1011.1125,13.961292499999999,1012.423035,12,1,0.8660254037844386,0.5000000000000001,-0.7818314824680299,0.6234898018587334
2023-02-13,56.67,12000.0,132.3,175.0,0,False,False,False,True,7.88,0.0,1011.5542,11.979833,0.0,1011.875,0.0,15.713252,0.0,1012.42505,12.36649925,1011.9458999999999,13,0,0.8660254037844386,0.5000000000000001,0.0,1.0
2023-02-14,55.0,12000.0,132.66,175.0,0,False,False,False,True,7.88,0.0,1014.72906,12.742333,0.0,1014.95,0.0,15.673667,0.0,1014.17914,12.5717095,1014.916655,14,0,0.8660254037844386,0.5000000000000001,0.7818314824680298,0.6234898018587336
2023-02-15,56.67,22000.0,132.72,175.0,0,False,False,False,True,7.88,0.0,1013.4167,14.058999,0.0,1014.1916,0.0,16.379917,0.0,1012.4084,14.449834,1013.72505,15,0,0.8660254037844386,0.5000000000000001,0.9749279121818236,-0.22252093395631434
2023-02-16,56.67,14250.0,132.79,175.0,0,False,False,False,True,7.88,0.0,1015.3499,14.950667,0.0,1016.6125,0.0,18.619501,0.0,1013.7126,15.968583500000001,1015.72912,16,0,0.8660254037844386,0.5000000000000001,0.43388373911755823,-0.900968867902419
2023-02-17,45.0,8125.0,132.66,175.0,0,False,False,False,True,7.88,0.0,1016.72095,15.725669,0.0,1018.0542,0.0,20.465334,0.0,1014.56256,16.735250999999998,1017.156275,17,0,0.8660254037844386,0.5000000000000001,-0.433883739117558,-0.9009688679024191
2023-02-18,41.0,2000.0,132.84,175.0,0,False,False,False,True,7.88,0.0,1016.24164,16.3215,0.0,1017.51263,0.0,21.006998,0.0,1014.0584,16.619625,1016.7353499999999,18,1,0.8660254037844386,0.5000000000000001,-0.9749279121818236,-0.2225209339563146
2023-02-19,37.67,625.0,132.84,175.0,0,False,False,False,True,7.88,0.0,1015.0666,16.406918,0.0,1016.2791,0.0,21.196585,0.0,1013.2334,16.947750499999998,1015.54993,19,1,0.8660254037844386,0.5000000000000001,-0.7818314824680299,0.6234898018587334
2023-02-20,42.0,18125.0,132.84,175.0,0,False,False,False,True,7.88,0.0,1013.65424,15.711082,0.0,1014.9792,0.0,20.890333,0.0,1011.9959,16.630043,1014.154145,20,0,0.8660254037844386,0.5000000000000001,0.0,1.0
2023-02-21,38.33,13000.0,132.66,175.0,0,False,False,False,True,7.88,0.0,1013.7041,15.094417,0.0,1014.80414,0.0,21.265335,0.0,1011.5542,17.065458999999997,1014.07495,21,0,0.8660254037844386,0.5000000000000001,0.7818314824680298,0.6234898018587336
2023-02-22,55.0,42000.0,132.77,175.0,0,False,False,False,True,7.88,0.4,1012.02924,15.181915,0.1,1013.15424,0.4,21.546583,0.0,1009.675,17.017542,1012.25422,22,0,0.8660254037844386,0.5000000000000001,0.9749279121818236,-0.22252093395631434
2023-02-23,55.0,6550.0,132.87,175.0,0,False,False,False,True,7.88,0.3,1011.45844,15.431914,0.0,1012.67914,0.90000004,20.025747,0.0,1009.9709,16.893585,1011.94172,23,0,0.8660254037844386,0.5000000000000001,0.43388373911755823,-0.900968867902419
2023-02-24,55.0,31800.0,132.68,175.0,0,False,False,False,True,7.88,0.1,1014.45,14.984,0.0,1015.7459,0.0,20.144499,0.0,1013.1418,16.4904595,1015.035425,24,0,0.8660254037844386,0.5000000000000001,-0.433883739117558,-0.9009688679024191
2023-02-25,55.0,24875.0,132.71,175.0,0,False,False,False,True,7.88,4.3,1018.55414,13.629834,1.1000001,1019.7541,1.6000001,20.92992,0.0,1016.4626,15.27379225,1018.97705,25,1,0.8660254037844386,0.5000000000000001,-0.9749279121818236,-0.2225209339563146
2023-02-26,55.0,46000.0,132.71,175.0,0,False,False,False,True,7.88,12.8,1020.75,11.881917,3.8,1021.82916,1.4,20.902832,1.6,1017.72504,13.342543,1021.14792,26,1,0.8660254037844386,0.5000000000000001,-0.7818314824680299,0.6234898018587334
2023-02-27,55.0,7000.0,132.71,175.0,0,False,False,False,True,7.88,7.2999997,1019.325,12.052749,4.7000003,1020.51263,1.8,20.821585,0.0,1016.6084,13.797749,1019.6896,27,0,0.8660254037844386,0.5000000000000001,0.0,1.0
2023-02-28,56.67,18000.0,132.84,175.0,0,False,False,False,True,7.88,0.2,1018.35425,13.41525,1.1,1019.6291,1.3,20.734085,0.0,1016.2541,15.2904585,1018.8646249999999,28,0,0.8660254037844386,0.5000000000000001,0.7818314824680298,0.6234898018587336
2023-03-01,55.0,19475.0,132.57,175.0,0,False,False,True,False,7.44,0.1,1019.07916,14.459001,0.2,1020.3166,0.0,22.009085,0.0,1016.87085,16.302958,1019.52295,1,0,1.0,6.123233995736766e-17,0.9749279121818236,-0.22252093395631434
2023-03-02,55.0,32060.0,132.31,175.0,0,False,False,True,False,7.44,1.1,1018.30414,15.142333,0.3,1019.76245,5.0,22.411165,0.0,1016.08746,16.440458999999997,1018.841645,2,0,1.0,6.123233995736766e-17,0.43388373911755823,-0.900968867902419
2023-03-03,45.0,14000.0,132.46,175.0,0,False,False,True,False,7.44,0.5,1018.1126,16.136084,0.2,1019.5957,0.2,22.994501,0.0,1016.18744,17.010251,1018.673,3,0,1.0,6.123233995736766e-17,-0.433883739117558,-0.9009688679024191
2023-03-04,45.0,32212.5,131.45,175.0,0,False,False,True,False,7.44,5.4,1019.11255,15.338168,0.3,1020.24567,2.8,23.875748,0.0,1016.04596,16.9852505,1019.4292,4,1,1.0,6.123233995736766e-17,-0.9749279121818236,-0.2225209339563146
2023-03-05,45.0,50425.0,131.45,175.0,1,False,False,True,False,7.44,5.4,1017.30414,16.481916,0.2,1018.8166,0.2,23.8945,0.0,1014.5,17.844625999999998,1017.7937,5,1,1.0,6.123233995736766e-17,-0.7818314824680299,0.6234898018587334
2023-03-06,46.67,12000.0,131.45,175.0,1,False,False,True,False,7.44,0.0,1014.7251,16.548582,0.0,1016.1543,0.3,22.413252,0.0,1012.92914,17.965457999999998,1015.26455,6,0,1.0,6.123233995736766e-17,0.0,1.0
2023-03-07,56.67,6000.0,131.36,175.0,1,False,False,True,False,7.44,0.0,1015.9124,16.036081,0.3,1017.3376,0.0,21.713251,0.0,1014.08746,17.686292,1016.3686749999999,7,0,1.0,6.123233995736766e-17,0.7818314824680298,0.6234898018587336
2023-03-08,56.67,4000.0,131.36,175.0,1,False,False,True,False,7.44,1.5,1019.12915,13.538165,2.0,1020.3376,1.9,18.70075,4.0,1016.5959,15.522752,1019.4104,8,0,1.0,6.123233995736766e-17,0.9749279121818236,-0.22252093395631434
2023-03-09,65.0,2750.0,131.6,175.0,1,False,False,True,False,7.44,0.0,1017.40405,14.6465,7.1,1018.92084,1.6999999,20.692417,0.0,1014.85425,16.1425425,1017.843775,9,0,1.0,6.123233995736766e-17,0.43388373911755823,-0.900968867902419
2023-03-10,65.0,2250.0,131.47,175.0,1,False,False,True,False,7.44,0.0,1016.35834,15.842331,0.2,1017.88336,0.0,21.192415,0.0,1013.86237,17.236292,1016.82709,10,0,1.0,6.123233995736766e-17,-0.433883739117558,-0.9009688679024191
2023-03-11,65.0,1750.0,131.57,175.0,1,False,False,True,False,7.44,0.3,1016.69586,15.408997,0.4,1018.26245,0.5,21.507002,0.0,1014.13745,17.527957999999998,1017.11673,11,1,1.0,6.123233995736766e-17,-0.9749279121818236,-0.2225209339563146
2023-03-12,65.0,3500.0,131.57,175.0,1,False,False,True,False,7.44,0.0,1016.29175,17.159,0.0,1017.7666,0.0,22.902838,0.0,1013.62085,18.170668,1016.7583,12,1,1.0,6.123233995736766e-17,-0.7818314824680299,0.6234898018587334
2023-03-13,66.67,19750.0,131.57,175.0,1,False,False,True,False,7.44,2.8000002,1015.2166,16.361082,6.2999997,1016.99585,0.6,23.059088,0.0,1012.05414,17.780041500000003,1015.74578,13,0,1.0,6.123233995736766e-17,0.0,1.0
2023-03-14,36.67,23625.0,131.7,175.0,1,False,False,True,False,7.44,4.1,1012.76666,15.783999,1.4000001,1014.11676,3.9,22.207,1.1,1009.35004,16.3727515,1013.2208800000001,14,0,1.0,6.123233995736766e-17,0.7818314824680298,0.6234898018587336
2023-03-15,55.0,19600.0,132.29,175.0,1,False,False,True,False,7.44,1.2,1011.5793,15.475665,3.5,1013.0501,1.7,22.748665,0.0,1008.6707,17.094625999999998,1012.0396499999999,15,0,1.0,6.123233995736766e-17,0.9749279121818236,-0.22252093395631434
2023-03-16,45.0,65000.0,132.46,175.0,1,False,False,True,False,7.44,0.70000005,1013.4458,16.529833,0.8000001,1014.93317,0.1,23.134085,0.0,1011.1582,17.611291,1013.9375299999999,16,0,1.0,6.123233995736766e-17,0.43388373911755823,-0.900968867902419
2023-03-17,46.67,49250.0,132.68,175.0,1,False,False,True,False,7.44,1.3000001,1014.7625,15.390247,1.1,1016.0083,5.4,21.829916,1.3,1012.7583,16.307125,1015.21453,17,0,1.0,6.123233995736766e-17,-0.433883739117558,-0.9009688679024191
2023-03-18,46.67,28825.0,132.39,175.0,1,False,False,True,False,7.44,0.3,1013.16675,14.411084,9.800001,1014.72076,13.5,22.540335,0.0,1010.9124,16.071709499999997,1013.6625750000001,18,1,1.0,6.123233995736766e-17,-0.9749279121818236,-0.2225209339563146
2023-03-19,45.0,53925.0,132.39,175.0,1,False,False,True,False,7.44,2.1000001,1011.375,14.219417,14.300001,1012.69586,8.1,21.257,7.2,1009.9084,15.4019165,1011.8104000000001,19,1,1.0,6.123233995736766e-17,-0.7818314824680299,0.6234898018587334
2023-03-20,56.67,75050.0,132.39,175.0,1,False,False,True,False,7.44,5.4000006,1010.47504,13.386085,12.3,1011.27094,9.4,20.032,8.999999,1008.86664,14.4165,1010.627045,20,0,1.0,6.123233995736766e-17,0.0,1.0
2023-03-21,56.67,23275.0,132.52,175.0,1,False,False,True,False,7.44,11.000001,1010.68335,12.975666,16.400003,1011.6125,10.200001,20.1695,5.3999996,1009.2751,14.3727515,1010.8958749999999,21,0,1.0,6.123233995736766e-17,0.7818314824680298,0.6234898018587336
2023-03-22,56.67,97600.0,132.56,175.0,1,False,False,True,False,7.44,0.2,1009.69165,13.277749,2.6,1010.7251,1.9000001,20.984083,0.0,1007.80414,15.085251,1009.9937749999999,22,0,1.0,6.123233995736766e-17,0.9749279121818236,-0.22252093395631434
2023-03-23,56.67,101050.0,132.56,175.0,1,False,False,True,False,7.44,13.099998,1009.15826,14.086083,0.8000001,1010.2041,2.0,21.252832,0.0,1007.31665,15.787334000000001,1009.46038,23,0,1.0,6.123233995736766e-17,0.43388373911755823,-0.900968867902419
2023-03-24,45.0,56125.0,131.93,175.0,1,False,False,True,False,7.44,3.3999999,1011.4958,14.906918,6.3,1012.7417,0.8000001,21.982,0.0,1008.9458,16.2092085,1011.8833,24,0,1.0,6.123233995736766e-17,-0.433883739117558,-0.9009688679024191
2023-03-25,46.67,14000.0,132.28,175.0,1,False,False,True,False,7.44,1.1,1012.9915,16.188168,0.5,1014.31244,0.3,23.494505,0.1,1010.31256,17.517542,1013.3041000000001,25,1,1.0,6.123233995736766e-17,-0.9749279121818236,-0.2225209339563146
2023-03-26,45.0,102075.0,132.28,175.0,0,False,False,True,False,7.44,0.0,1010.08344,16.850666,0.0,1011.325,0.0,24.465338,0.0,1007.3667,18.606086,1010.44587,26,1,1.0,6.123233995736766e-17,-0.7818314824680299,0.6234898018587334
2023-03-27,45.0,89900.0,132.28,175.0,0,False,False,True,False,7.44,0.0,1009.2332,16.34025,0.1,1010.696,0.0,23.602835,0.0,1007.01245,18.00296,1009.739525,27,0,1.0,6.123233995736766e-17,0.0,1.0
2023-03-28,45.0,97000.0,132.1,175.0,0,False,False,True,False,7.44,0.0,1010.04584,16.436083,0.0,1011.7542,0.0,23.1695,0.0,1007.8416,18.4310835,1010.63122,28,0,1.0,6.123233995736766e-17,0.7818314824680298,0.6234898018587336
2023-03-29,55.0,37550.0,131.81,175.0,0,False,False,True,False,7.44,0.0,1011.6084,17.05483,0.4,1013.3918,0.0,23.134085,0.0,1009.2,18.710251,1012.197875,29,0,1.0,6.123233995736766e-17,0.9749279121818236,-0.22252093395631434
2023-03-30,45.0,97100.0,132.05,175.0,0,False,False,True,False,7.44,0.0,1009.6208,17.506918,0.0,1011.4124,0.0,24.188248,0.0,1007.429,19.125875999999998,1010.30207,30,0,1.0,6.123233995736766e-17,0.43388373911755823,-0.900968867902419
2023-03-31,45.0,88800.0,132.05,175.0,0,False,False,True,False,7.44,1.6000001,1011.39594,15.992332,7.9999995,1013.01245,4.1,22.779915,8.1,1008.96655,16.577958,1011.87922,31,0,1.0,6.123233995736766e-17,-0.433883739117558,-0.9009688679024191
2023-04-01,45.0,17800.0,131.77,175.0,0,False,False,True,False,7.76,2.8,1010.8459,13.954833,8.1,1012.3083,2.2,21.467415,0.4,1008.61255,15.047751,1011.291635,1,1,0.8660254037844387,-0.4999999999999998,-0.9749279121818236,-0.2225209339563146
2023-04-02,55.0,52500.0,131.77,175.0,0,False,False,True,False,7.76,5.2,1008.78345,13.067334,13.300001,1009.84576,11.400001,20.99033,0.9,1006.47504,14.544626000000001,1009.106355,2,1,0.8660254037844387,-0.4999999999999998,-0.7818314824680299,0.6234898018587334
2023-04-03,65.0,73400.0,131.77,165.0,0,False,False,True,False,7.76,5.1000004,1007.7,14.7715,0.6,1009.0249,3.2,22.471586,0.0,1005.42084,16.8737925,1008.106225,3,0,0.8660254037844387,-0.4999999999999998,0.0,1.0
2023-04-04,65.0,58500.0,132.04,165.0,0,False,False,True,False,7.76,3.0,1009.4043,17.381916,0.8,1010.84155,4.7,23.727835,0.9,1006.22516,17.406084,1009.89175,4,0,0.8660254037844387,-0.4999999999999998,0.7818314824680298,0.6234898018587336
2023-04-05,65.0,40800.0,132.04,165.0,0,False,False,True,False,7.76,0.1,1008.8418,17.052752,0.1,1010.1875,1.0,23.796585,0.0,1006.325,18.695668,1009.2438,5,0,0.8660254037844387,-0.4999999999999998,0.9749279121818236,-0.22252093395631434
2023-04-06,65.0,27250.0,131.51,165.0,0,False,False,True,False,7.76,0.0,1010.81256,17.934,0.0,1012.5208,0.0,23.8945,0.0,1008.5459,19.362333,1011.4750300000001,6,0,0.8660254037844387,-0.4999999999999998,0.43388373911755823,-0.900968867902419
2023-04-07,65.0,19000.0,131.32,165.0,0,False,False,True,False,7.76,0.0,1012.9707,18.863165,0.0,1014.83344,0.0,24.465332,0.0,1010.7583,19.802958500000003,1013.76245,7,0,0.8660254037844387,-0.4999999999999998,-0.433883739117558,-0.9009688679024191
2023-04-08,55.0,10625.0,131.32,165.0,0,False,False,True,False,7.76,0.0,1015.0417,19.411085,0.0,1016.875,0.0,24.636168,0.0,1012.3,20.3769165,1015.729225,8,1,0.8660254037844387,-0.4999999999999998,-0.9749279121818236,-0.2225209339563146
2023-04-09,55.0,29250.0,131.32,165.0,0,False,False,True,False,7.76,0.0,1014.35834,19.440248,0.0,1016.1624,0.3,25.938248,0.0,1011.05426,20.9592095,1014.966645,9,1,0.8660254037844387,-0.4999999999999998,-0.7818314824680299,0.6234898018587334
2023-04-10,55.0,47250.0,131.32,165.0,0,False,False,True,False,7.76,0.0,1011.89154,19.698584,0.0,1013.6792,0.0,25.813253,0.0,1008.99994,20.948793,1012.43115,10,0,0.8660254037844387,-0.4999999999999998,0.0,1.0
2023-04-11,55.0,25100.0,131.48,165.0,0,False,False,True,False,7.76,0.0,1011.23737,19.817331,0.0,1013.32916,0.0,25.007004,0.0,1008.76666,21.771707999999997,1011.987335,11,0,0.8660254037844387,-0.4999999999999998,0.7818314824680298,0.6234898018587336
2023-04-12,55.0,55250.0,131.71,165.0,0,False,False,True,False,7.76,0.0,1010.78754,20.586082,0.0,1012.8582,0.0,25.400751,0.0,1007.9876,22.4717075,1011.54999,12,0,0.8660254037844387,-0.4999999999999998,0.9749279121818236,-0.22252093395631434
2023-04-13,55.0,11250.0,131.63,165.0,1,False,False,True,False,7.76,0.0,1009.40845,21.7715,0.0,1011.4209,0.0,26.186165,0.0,1006.5833,23.064416,1010.160525,13,0,0.8660254037844387,-0.4999999999999998,0.43388373911755823,-0.900968867902419
2023-04-14,55.0,27450.0,131.27,165.0,1,False,False,True,False,7.76,0.0,1009.85004,22.267336,0.0,1011.95825,0.0,27.654917,0.0,1006.8667,23.7279625,1010.6396500000001,14,0,0.8660254037844387,-0.4999999999999998,-0.433883739117558,-0.9009688679024191
2023-04-15,55.0,24480.0,131.27,165.0,0,False,False,True,False,7.76,0.0,1010.6917,22.331917,0.8,1012.85004,0.0,28.409082,0.0,1007.31244,24.3467105,1011.3522,15,1,0.8660254037844387,-0.4999999999999998,-0.9749279121818236,-0.2225209339563146
2023-04-16,55.0,8550.0,131.27,165.0,0,False,False,True,False,7.76,0.0,1008.3708,22.311087,0.0,1010.61664,0.0,28.48408,0.0,1004.7126,24.991504,1009.0728799999999,16,1,0.8660254037844387,-0.4999999999999998,-0.7818314824680299,0.6234898018587334
2023-04-17,45.0,15275.0,131.27,165.0,0,False,False,True,False,7.76,0.0,1008.2,23.742332,0.0,1010.3875,0.0,28.469498,0.0,1004.69165,25.063378,1008.950065,17,0,0.8660254037844387,-0.4999999999999998,0.0,1.0
2023-04-18,55.0,11250.0,131.46,165.0,0,False,False,True,False,7.76,0.0,1009.05426,24.49025,0.0,1011.28754,0.0,29.802834,0.0,1005.2625,25.764418,1009.68133,18,0,0.8660254037844387,-0.4999999999999998,0.7818314824680298,0.6234898018587336
2023-04-19,55.0,16590.0,131.57,165.0,0,False,False,True,False,7.76,0.0,1005.13324,24.338167,0.0,1007.2749,0.3,29.79033,0.0,1001.7541,25.5894185,1005.8896199999999,19,0,0.8660254037844387,-0.4999999999999998,0.9749279121818236,-0.22252093395631434
2023-04-20,55.0,17720.0,131.87,165.0,0,False,False,True,False,7.76,0.0,1003.1333,23.627752,0.1,1005.2292,0.0,28.596582,0.0,999.771,24.5008755,1003.8916999999999,20,0,0.8660254037844387,-0.4999999999999998,0.43388373911755823,-0.900968867902419
2023-04-21,55.0,34050.0,131.74,165.0,0,False,False,True,False,7.76,1.9,1005.89166,20.88608,0.1,1007.6208,0.0,27.846582,2.6,1001.5959,21.9102485,1006.2291299999999,21,0,0.8660254037844387,-0.4999999999999998,-0.433883739117558,-0.9009688679024191
2023-04-22,55.0,21365.0,131.65,165.0,0,False,False,True,False,7.76,0.0,1006.0,20.033998,0.8000001,1007.7624,0.4,27.498667,0.0,1003.17926,21.426918,1006.5917,22,1,0.8660254037844387,-0.4999999999999998,-0.9749279121818236,-0.2225209339563146
2023-04-23,55.0,15000.0,131.65,165.0,0,False,False,True,False,7.76,0.0,1008.56665,19.792336,3.6999998,1010.6125,1.5999999,26.917418,0.0,1006.4082,20.8487935,1009.306245,23,1,0.8660254037844387,-0.4999999999999998,-0.7818314824680299,0.6234898018587334
2023-04-24,55.0,27830.0,131.65,165.0,0,False,False,True,False,7.76,1.3000001,1014.17926,16.21525,0.3,1015.7791,5.1,24.319502,0.6,1011.3625,17.82796,1014.591705,24,0,0.8660254037844387,-0.4999999999999998,0.0,1.0
2023-04-25,55.0,24250.0,131.36,165.0,0,False,False,True,False,7.76,0.6,1013.72504,16.646498,2.6,1015.45825,0.0,25.940332,0.0,1010.57074,19.047750999999998,1014.1208200000001,25,0,0.8660254037844387,-0.4999999999999998,0.7818314824680298,0.6234898018587336
2023-04-26,55.0,56575.0,131.37,165.0,0,False,False,True,False,7.76,0.1,1010.8792,18.3715,0.4,1012.6541,1.6,27.488249,0.0,1007.58325,20.5039995,1011.35418,26,0,0.8660254037844387,-0.4999999999999998,0.9749279121818236,-0.22252093395631434
2023-04-27,55.0,28000.0,131.13,165.0,0,False,False,True,False,7.76,0.1,1010.6958,19.138166,0.1,1012.53754,0.0,27.092417,0.0,1007.57513,20.9342085,1011.1916799999999,27,0,0.8660254037844387,-0.4999999999999998,0.43388373911755823,-0.900968867902419
2023-04-28,55.0,30750.0,131.25,165.0,0,False,False,True,False,7.76,0.0,1010.62067,19.269419,0.0,1012.34174,0.0,27.56325,0.0,1007.3083,21.164417,1011.1020550000001,28,0,0.8660254037844387,-0.4999999999999998,-0.433883739117558,-0.9009688679024191
2023-04-29,55.0,20837.5,131.23,165.0,0,False,False,True,False,7.76,0.70000005,1009.94574,19.004831,2.0,1012.03754,2.6,27.479918,0.5,1006.9082,20.9508765,1010.622895,29,1,0.8660254037844387,-0.4999999999999998,-0.9749279121818236,-0.2225209339563146
2023-04-30,55.0,10925.0,131.23,165.0,0,False,False,True,False,7.76,3.6999998,1009.875,17.475668,2.6,1011.4709,0.7,25.52575,5.9,1007.17914,19.145668,1010.23545,30,1,0.8660254037844387,-0.4999999999999998,-0.7818314824680299,0.6234898018587334
2023-05-01,45.0,10592.5,131.23,165.0,0,False,False,True,False,7.41,1.6000001,1011.15424,15.829831,6.7000003,1012.89996,3.2999997,24.3945,0.4,1008.6125,17.565458999999997,1011.67292,1,0,0.49999999999999994,-0.8660254037844387,0.0,1.0
2023-05-02,55.0,10260.0,131.23,165.0,0,False,False,True,False,7.41,4.2999997,1011.9417,15.965251,13.4,1013.4666,1.9,24.992416,0.4,1008.93335,17.839418000000002,1012.2979,2,0,0.49999999999999994,-0.8660254037844387,0.7818314824680298,0.6234898018587336
2023-05-03,55.0,28300.0,131.32,165.0,0,False,False,True,False,7.41,3.6000001,1012.3333,17.556915,6.0,1014.00836,7.3999996,26.831999,0.0,1008.9875,19.2321265,1012.735375,3,0,0.49999999999999994,-0.8660254037844387,0.9749279121818236,-0.22252093395631434
2023-05-04,55.0,32200.0,131.22,165.0,0,False,False,True,False,7.41,0.5,1011.19586,16.750666,11.9,1013.01666,8.400001,26.24659,6.1,1008.1333,18.7217085,1011.7125550000001,4,0,0.49999999999999994,-0.8660254037844387,0.43388373911755823,-0.900968867902419
2023-05-05,55.0,12000.0,131.19,165.0,0,False,False,True,False,7.41,0.0,1008.32086,18.494417,0.4,1009.79987,0.0,27.55075,0.0,1005.43335,20.205042,1008.71668,5,0,0.49999999999999994,-0.8660254037844387,-0.433883739117558,-0.9009688679024191
2023-05-06,55.0,12262.5,131.19,165.0,0,False,False,True,False,7.41,0.5,1006.2708,19.829832,0.1,1008.07916,0.0,29.042414,0.0,1003.02094,21.7644175,1006.83538,6,1,0.49999999999999994,-0.8660254037844387,-0.9749279121818236,-0.2225209339563146
2023-05-07,55.0,12525.0,131.19,165.0,0,False,False,True,False,7.41,3.0999997,1006.67084,20.252748,0.4,1008.70416,0.3,30.28408,0.0,1002.7834,22.1987925,1007.212495,7,1,0.49999999999999994,-0.8660254037844387,-0.7818314824680299,0.6234898018587334
2023-05-08,55.0,20000.0,131.19,165.0,0,False,False,True,False,7.41,0.0,1006.425,21.834002,0.1,1008.5334,0.0,30.33825,0.0,1003.1084,23.362336,1007.09175,8,0,0.49999999999999994,-0.8660254037844387,0.0,1.0
2023-05-09,55.0,11250.0,131.18,165.0,0,False,False,True,False,7.41,0.0,1006.57904,21.988165,0.0,1008.72906,0.0,29.982004,0.0,1003.1584,23.488376,1007.2894200000001,9,0,0.49999999999999994,-0.8660254037844387,0.7818314824680298,0.6234898018587336
2023-05-10,56.67,11250.0,131.57,165.0,0,False,False,True,False,7.41,0.0,1006.3125,22.454834,0.0,1008.6543,0.0,29.698664,0.0,1003.17096,23.783167499999998,1007.0521,10,0,0.49999999999999994,-0.8660254037844387,0.9749279121818236,-0.22252093395631434
2023-05-11,55.0,11250.0,131.48,165.0,0,False,False,True,False,7.41,0.0,1009.00006,21.675667,0.0,1011.32916,0.0,29.22367,0.0,1005.79596,23.8404605,1009.73748,11,0,0.49999999999999994,-0.8660254037844387,0.43388373911755823,-0.900968867902419
2023-05-12,55.0,11250.0,131.65,165.0,0,False,False,True,False,7.41,0.0,1009.3208,22.088165,0.1,1011.57074,0.0,30.454918,0.0,1006.0041,23.912332499999998,1010.07913,12,0,0.49999999999999994,-0.8660254037844387,-0.433883739117558,-0.9009688679024191
2023-05-13,55.0,10625.0,131.77,165.0,0,False,False,True,False,7.41,0.0,1009.0166,21.725664,0.70000005,1011.0999,0.0,31.709078,0.0,1005.5083,23.965459000000003,1009.61868,13,1,0.49999999999999994,-0.8660254037844387,-0.9749279121818236,-0.2225209339563146
2023-05-14,55.0,39950.0,131.77,165.0,0,False,False,True,False,7.41,5.1999993,1006.27075,20.525667,11.2,1008.37085,1.9000001,31.996588,0.0,1001.40424,22.855042500000003,1006.814475,14,1,0.49999999999999994,-0.8660254037844387,-0.7818314824680299,0.6234898018587334
2023-05-15,55.0,41300.0,131.77,165.0,0,False,False,True,False,7.41,13.6,1006.06256,19.204834,2.0,1007.779,2.1,30.184082,0.0,1001.8127,21.273792999999998,1006.39166,15,0,0.49999999999999994,-0.8660254037844387,0.0,1.0
2023-05-16,55.0,2625.0,131.98,155.0,0,False,False,True,False,7.41,24.8,1007.61255,19.613167,17.5,1009.3376,10.5,29.29658,1.6,1003.51245,20.476917,1008.075045,16,0,0.49999999999999994,-0.8660254037844387,0.7818314824680298,0.6234898018587336
2023-05-17,55.0,2500.0,131.84,155.0,0,False,False,True,False,7.41,41.599995,1010.13745,19.971498,10.099999,1011.83325,3.0,28.404917,6.1000004,1006.2207,20.693583,1010.506255,17,0,0.49999999999999994,-0.8660254037844387,0.9749279121818236,-0.22252093395631434
2023-05-18,55.0,13887.5,132.12,155.0,0,False,False,True,False,7.41,36.000004,1010.90015,19.736082,7.4999995,1012.22925,8.600002,27.975748,1.2,1007.2961,20.7071265,1011.1188050000001,18,0,0.49999999999999994,-0.8660254037844387,0.43388373911755823,-0.900968867902419
2023-05-19,55.0,25275.0,132.47,155.0,0,False,False,True,False,7.41,11.400001,1008.521,20.265247,0.6,1009.92914,0.3,28.31117,0.0,1004.79175,21.669626,1008.7147,19,0,0.49999999999999994,-0.8660254037844387,-0.433883739117558,-0.9009688679024191
2023-05-20,55.0,5125.0,132.56,155.0,0,False,False,True,False,7.41,6.5,1007.61664,19.981916,0.70000005,1009.51245,8.7,28.95492,0.0,1003.89166,21.439418,1008.10419,20,1,0.49999999999999994,-0.8660254037844387,-0.9749279121818236,-0.2225209339563146
2023-05-21,55.0,2625.0,132.56,155.0,0,False,False,True,False,7.41,0.6,1008.60406,20.836086,1.2,1010.29584,0.5,29.1445,1.6,1005.1209,21.7915025,1009.11243,21,1,0.49999999999999994,-0.8660254037844387,-0.7818314824680299,0.6234898018587334
2023-05-22,55.0,13000.0,132.56,155.0,0,False,False,True,False,7.41,0.8,1009.89594,21.579834,1.4,1011.5418,0.9,30.23617,0.3,1006.50836,22.734209,1010.34177,22,0,0.49999999999999994,-0.8660254037844387,0.0,1.0
2023-05-23,45.0,6575.0,132.83,155.0,0,False,False,True,False,7.41,0.2,1010.1792,20.400663,4.4,1011.96246,5.4999995,26.396585,7.5999994,1007.3875,21.4019185,1010.69382,23,0,0.49999999999999994,-0.8660254037844387,0.7818314824680298,0.6234898018587336
2023-05-24,45.0,2625.0,132.79,155.0,0,False,False,True,False,7.41,11.3,1008.9334,20.631914,8.1,1010.59576,8.2,28.18825,0.2,1005.675,21.5571275,1009.36465,24,0,0.49999999999999994,-0.8660254037844387,0.9749279121818236,-0.22252093395631434
2023-05-25,45.0,1250.0,132.56,155.0,0,False,False,True,False,7.41,15.700001,1008.52905,19.548582,17.000002,1009.98334,12.3,28.119501,2.6000001,1004.5125,20.1748335,1008.799925,25,0,0.49999999999999994,-0.8660254037844387,0.43388373911755823,-0.900968867902419
2023-05-26,45.0,18125.0,132.69,155.0,0,False,False,True,False,7.41,0.6,1008.73755,19.04233,4.8,1010.4124,1.6000001,26.079916,17.300001,1006.0417,20.2623345,1009.212495,26,0,0.49999999999999994,-0.8660254037844387,-0.433883739117558,-0.9009688679024191
2023-05-27,45.0,5000.0,132.43,155.0,0,False,False,True,False,7.41,7.0,1008.38763,18.738169,2.8999999,1009.8833,5.1,26.309082,7.1000004,1005.6875,19.562335,1008.852165,27,1,0.49999999999999994,-0.8660254037844387,-0.9749279121818236,-0.2225209339563146
2023-05-28,45.0,2800.0,132.43,155.0,0,False,False,True,False,7.41,1.6,1009.9709,19.02775,1.4000002,1011.68335,1.1000001,27.194498,1.3000001,1007.09174,20.4383775,1010.48127,28,1,0.49999999999999994,-0.8660254037844387,-0.7818314824680299,0.6234898018587334
2023-05-29,45.0,9000.0,132.43,155.0,0,False,False,True,False,7.41,0.0,1011.19183,20.850666,1.3000001,1012.9666,1.3000001,29.27575,0.0,1007.48755,22.1727505,1011.672965,29,0,0.49999999999999994,-0.8660254037844387,0.0,1.0
2023-05-30,38.75,5975.0,132.51,155.0,0,False,False,True,False,7.41,0.0,1010.18335,22.323584,1.6000001,1012.32904,0.0,31.204916,0.0,1005.85834,23.9175425,1010.800025,30,0,0.49999999999999994,-0.8660254037844387,0.7818314824680298,0.6234898018587336
2023-05-31,32.5,2950.0,132.64,155.0,0,False,False,True,False,7.41,0.0,1007.85406,23.829834,0.1,1010.04987,0.0,32.381996,0.0,1003.40826,25.219627,1008.36865,31,0,0.49999999999999994,-0.8660254037844387,0.9749279121818236,-0.22252093395631434
2023-06-01,27.5,10325.0,132.66,155.0,0,False,True,False,False,6.83,0.0,1005.00415,23.702745,0.0,1006.9124,0.0,32.42158,0.0,1001.3,25.6019175,1005.514525,1,0,1.2246467991473532e-16,-1.0,0.43388373911755823,-0.900968867902419
2023-06-02,27.5,1425.0,132.16,155.0,0,False,True,False,False,6.83,0.0,1004.96246,23.302748,0.0,1007.07074,0.0,32.440334,0.0,1001.1335,25.442543,1005.43958,2,0,1.2246467991473532e-16,-1.0,-0.433883739117558,-0.9009688679024191
2023-06-03,27.5,2787.5,132.0,155.0,0,False,True,False,False,6.83,0.0,1006.1458,23.12358,0.4,1008.4958,0.0,32.352833,0.0,1002.35406,25.5925425,1006.79583,3,1,1.2246467991473532e-16,-1.0,-0.9749279121818236,-0.2225209339563146
2023-06-04,27.67,4150.0,132.0,155.0,0,False,True,False,False,6.83,0.0,1006.05005,24.084,0.0,1008.21246,0.0,32.040333,0.0,1002.3667,25.345666,1006.69995,4,1,1.2246467991473532e-16,-1.0,-0.7818314824680299,0.6234898018587334
2023-06-05,27.5,14950.0,132.0,155.0,0,False,True,False,False,6.83,0.0,1005.83746,22.961082,0.0,1008.2041,0.1,32.79658,0.0,1001.72095,25.114416,1006.487455,5,0,1.2246467991473532e-16,-1.0,0.0,1.0
2023-06-06,25.0,10575.0,132.58,155.0,0,False,True,False,False,6.83,0.1,1005.13336,23.463167,3.3999999,1007.72504,0.3,33.492416,0.0,1000.7,25.271707499999998,1005.8792100000001,6,0,1.2246467991473532e-16,-1.0,0.7818314824680298,0.6234898018587336
2023-06-07,22.5,6200.0,132.48,155.0,0,False,True,False,False,6.83,0.1,1004.7165,23.77983,0.3,1007.2251,0.5,34.107,0.0,1000.0041,25.5477515,1005.3748800000001,7,0,1.2246467991473532e-16,-1.0,0.9749279121818236,-0.22252093395631434
2023-06-08,30.63,6425.0,132.38,155.0,0,False,True,False,False,6.83,0.1,1004.06647,25.0215,0.2,1006.6499,0.1,34.727833,0.0,999.3291,26.4196255,1004.71866,8,0,1.2246467991473532e-16,-1.0,0.43388373911755823,-0.900968867902419
2023-06-09,38.75,6650.0,132.41,155.0,0,False,True,False,False,6.83,0.0,1001.65845,25.296495,0.2,1004.2417,0.0,34.68408,0.0,997.6208,26.819626,1002.4084250000001,9,0,1.2246467991473532e-16,-1.0,-0.433883739117558,-0.9009688679024191
2023-06-10,46.88,6875.0,132.25,155.0,0,False,True,False,False,6.83,0.3,1001.3125,23.934,1.4,1003.73334,0.3,33.340332,0.9,997.80835,25.837336999999998,1002.04795,10,1,1.2246467991473532e-16,-1.0,-0.9749279121818236,-0.2225209339563146
2023-06-11,55.0,7100.0,132.25,155.0,0,False,True,False,False,6.83,3.7999997,1000.9292,23.431915,1.8,1002.86664,2.8999999,31.327833,2.6999998,997.0,24.677959,1001.42917,11,1,1.2246467991473532e-16,-1.0,-0.7818314824680299,0.6234898018587334
2023-06-12,55.0,7450.0,132.25,155.0,0,False,True,False,False,6.83,10.8,1001.52924,22.815248,4.2999997,1003.56244,11.8,29.36534,2.6999998,998.03326,23.565458999999997,1002.020845,12,0,1.2246467991473532e-16,-1.0,0.0,1.0
2023-06-13,35.0,2500.0,132.2,155.0,0,False,True,False,False,6.83,16.7,1000.5999,22.773582,5.7,1002.4041,11.5,28.827833,11.9,996.93756,23.305044000000002,1001.0415250000001,13,0,1.2246467991473532e-16,-1.0,0.7818314824680298,0.6234898018587336
2023-06-14,35.0,1875.0,132.1,155.0,0,False,True,False,False,6.83,109.899994,1001.00006,21.331915,44.89999,1003.03345,31.2,29.907003,0.6,996.19586,22.1092085,1001.49585,14,0,1.2246467991473532e-16,-1.0,0.9749279121818236,-0.22252093395631434
2023-06-15,35.0,2000.0,131.66,155.0,0,False,True,False,False,6.83,40.7,1000.80414,22.300667,17.300001,1002.9167,13.500001,31.529917,0.0,995.7918,23.1373345,1001.329195,15,0,1.2246467991473532e-16,-1.0,0.43388373911755823,-0.900968867902419
2023-06-16,35.0,2125.0,131.79,155.0,0,False,True,False,False,6.83,9.9,1001.2,23.136086,1.4000001,1003.41675,2.5,31.938248,0.0,996.67487,24.0550435,1001.7875300000001,16,0,1.2246467991473532e-16,-1.0,-0.433883739117558,-0.9009688679024191
2023-06-17,34.53,1416.67,131.4,155.0,0,False,True,False,False,6.83,27.9,1003.1084,23.767336,2.3,1005.1584,2.0,32.0695,0.0,998.67505,24.9831665,1003.4979,17,1,1.2246467991473532e-16,-1.0,-0.9749279121818236,-0.2225209339563146
2023-06-18,34.07,708.33,131.4,155.0,0,False,True,False,False,6.83,32.800003,1004.73315,23.6465,1.9000002,1006.38354,6.4,30.902832,3.8,1000.22504,23.6956665,1005.0873750000001,18,1,1.2246467991473532e-16,-1.0,-0.7818314824680299,0.6234898018587334
2023-06-19,33.6,1229.165,131.4,155.0,0,False,True,False,False,6.83,16.1,1003.8459,23.252752,1.4000001,1005.5083,6.1,30.338247,13.700001,1000.0251,23.680044000000002,1004.19795,19,0,1.2246467991473532e-16,-1.0,0.0,1.0
2023-06-20,40.0,1750.0,131.4,155.0,0,False,True,False,False,6.83,9.7,1003.58344,23.129837,5.5,1005.4001,4.3999996,29.609083,1.0,999.97906,24.033168500000002,1003.9667400000001,20,0,1.2246467991473532e-16,-1.0,0.7818314824680298,0.6234898018587336
2023-06-21,39.0,2250.0,131.7,155.0,0,False,True,False,False,6.83,2.2000003,1004.01245,23.811083,9.700002,1005.8,18.400003,29.79033,10.799999,1000.60425,24.226917999999998,1004.560395,21,0,1.2246467991473532e-16,-1.0,0.9749279121818236,-0.22252093395631434
2023-06-22,37.5,5125.0,131.57,155.0,0,False,True,False,False,6.83,9.699999,1004.5208,23.84233,5.2000003,1006.375,13.599999,28.813248,56.0,1001.45844,24.220668,1005.097835,22,0,1.2246467991473532e-16,-1.0,0.43388373911755823,-0.900968867902419
2023-06-23,45.0,5362.5,131.43,155.0,0,False,True,False,False,6.83,8.599999,1004.9583,23.984001,9.2,1006.84155,47.399994,29.104914,26.099998,1001.67084,24.3008765,1005.51455,23,0,1.2246467991473532e-16,-1.0,-0.433883739117558,-0.9009688679024191
2023-06-24,45.0,5600.0,131.56,155.0,0,False,True,False,False,6.83,36.700005,1004.81244,23.671501,27.200005,1006.45404,11.899999,29.513252,3.8,1000.90826,23.838375,1005.212495,24,1,1.2246467991473532e-16,-1.0,-0.9749279121818236,-0.2225209339563146
2023-06-25,45.0,375.0,131.56,155.0,0,False,True,False,False,6.83,31.399998,1005.1541,23.402748,24.100002,1007.0584,16.3,30.16742,7.3,1000.8791,23.708168,1005.62075,25,1,1.2246467991473532e-16,-1.0,-0.7818314824680299,0.6234898018587334
2023-06-26,45.0,6150.0,131.56,155.0,0,False,True,False,False,6.83,6.6,1004.74585,23.402748,3.7,1006.49585,10.0,30.677834,0.0,1000.7126,23.739418,1005.172945,26,0,1.2246467991473532e-16,-1.0,0.0,1.0
2023-06-27,45.0,4662.5,131.57,155.0,0,False,True,False,False,6.83,7.6,1004.48737,22.90692,11.500002,1006.24164,22.1,29.792418,0.1,1000.7959,23.2508765,1004.954105,27,0,1.2246467991473532e-16,-1.0,0.7818314824680298,0.6234898018587336
2023-06-28,50.0,3175.0,131.55,155.0,0,False,True,False,False,6.83,21.8,1006.1875,23.019415,26.200003,1007.5999,16.699999,29.004915,1.8000002,1002.4666,22.929001,1006.4541300000001,28,0,1.2246467991473532e-16,-1.0,0.9749279121818236,-0.22252093395631434
2023-06-29,65.0,2962.5,131.6,155.0,0,False,True,False,False,6.83,15.8,1005.32495,22.533998,7.8999996,1007.24164,10.500001,27.484085,13.800001,1002.40405,22.7842075,1005.883325,29,0,1.2246467991473532e-16,-1.0,0.43388373911755823,-0.900968867902419
2023-06-30,55.0,2750.0,131.6,155.0,0,False,True,False,False,6.83,29.400002,1004.8416,21.798584,30.1,1006.8584,46.099995,26.850754,22.199999,1002.09576,22.256083500000003,1005.379175,30,0,1.2246467991473532e-16,-1.0,-0.433883739117558,-0.9009688679024191
2023-07-01,55.0,2537.5,131.57,155.0,0,False,True,False,False,7.44,19.800003,1005.20844,21.82358,31.300003,1007.2249,14.700002,26.881998,22.900002,1002.1916,22.310252,1005.774995,1,1,-0.4999999999999997,-0.8660254037844388,-0.9749279121818236,-0.2225209339563146
2023-07-02,55.0,2325.0,131.57,155.0,0,False,True,False,False,7.44,11.5,1004.76263,22.840248,24.5,1006.42505,4.7999997,27.792418,28.400002,1001.37085,23.0196245,1005.139615,2,1,-0.4999999999999997,-0.8660254037844388,-0.7818314824680299,0.6234898018587334
2023-07-03,65.0,2112.5,131.57,150.0,0,False,True,False,False,7.44,13.0,1004.72076,22.906914,29.700003,1006.3625,6.2,27.111168,25.6,1001.76666,23.1019175,1005.112455,3,0,-0.4999999999999997,-0.8660254037844388,0.0,1.0
2023-07-04,75.0,1900.0,131.44,150.0,0,False,True,False,False,7.44,23.999998,1004.97076,22.486082,38.100006,1006.575,8.700001,28.50908,15.200002,1001.17487,22.7717105,1005.27703,4,0,-0.4999999999999997,-0.8660254037844388,0.7818314824680298,0.6234898018587336
2023-07-05,84.0,1687.5,131.54,150.0,0,False,True,False,False,7.44,2.5999997,1004.4832,21.767332,9.799999,1006.4416,11.0,27.832,22.0,1000.8,22.5196245,1004.958275,5,0,-0.4999999999999997,-0.8660254037844388,0.9749279121818236,-0.22252093395631434
2023-07-06,85.0,1475.0,131.87,150.0,0,False,True,False,False,7.44,3.4999995,1005.6084,22.790247,26.9,1007.2832,5.9999995,29.369497,2.6,1001.65845,23.4144175,1005.9458999999999,6,0,-0.4999999999999997,-0.8660254037844388,0.43388373911755823,-0.900968867902419
2023-07-07,95.0,1262.5,132.32,150.0,0,False,True,False,False,7.44,7.1,1006.5374,23.219416,28.200003,1008.3416,12.0,29.323671,0.5,1002.8499,23.530045,1006.96447,7,0,-0.4999999999999997,-0.8660254037844388,-0.433883739117558,-0.9009688679024191
2023-07-08,95.0,1050.0,132.69,150.0,0,False,True,False,False,7.44,14.000002,1007.77924,23.388163,21.3,1009.42926,2.6,29.223665,5.3000007,1003.97076,23.464418000000002,1008.168795,8,1,-0.4999999999999997,-0.8660254037844388,-0.9749279121818236,-0.2225209339563146
2023-07-09,95.0,1160.0,132.69,150.0,0,False,True,False,False,7.44,5.1000004,1006.7959,23.515245,14.400001,1008.49176,4.5999994,29.982,0.8000001,1002.83746,23.869627,1007.1270999999999,9,1,-0.4999999999999997,-0.8660254037844388,-0.7818314824680299,0.6234898018587334
2023-07-10,95.0,1270.0,132.69,150.0,0,False,True,False,False,7.44,3.4999998,1005.81665,23.302748,22.100002,1007.6958,2.4,29.26533,3.9,1001.9709,24.0654605,1006.2146,10,0,-0.4999999999999997,-0.8660254037844388,0.0,1.0
2023-07-11,95.0,1380.0,132.41,150.0,0,False,True,False,False,7.44,4.4999995,1005.2959,23.46733,18.499998,1007.0625,9.700001,29.10283,2.8999999,1001.66254,23.8394145,1005.723,11,0,-0.4999999999999997,-0.8660254037844388,0.7818314824680298,0.6234898018587336
2023-07-12,85.0,1490.0,132.09,150.0,0,False,True,False,False,7.44,13.799999,1005.7541,22.809,26.000002,1007.3792,4.1,28.184082,22.900003,1002.12915,23.2758765,1006.09375,12,0,-0.4999999999999997,-0.8660254037844388,0.9749279121818236,-0.22252093395631434
2023-07-13,95.0,1600.0,131.9,150.0,0,False,True,False,False,7.44,2.8,1005.7917,22.704834,3.6,1007.4583,20.5,27.467415,17.6,1002.4917,22.936292,1006.20835,13,0,-0.4999999999999997,-0.8660254037844388,0.43388373911755823,-0.900968867902419
2023-07-14,75.0,1567.0454545454545,131.62,150.0,0,False,True,False,False,7.44,27.199997,1005.89575,22.77775,26.4,1007.4292,7.7000003,27.157003,36.8,1002.80835,23.007126,1006.2395,14,0,-0.4999999999999997,-0.8660254037844388,-0.433883739117558,-0.9009688679024191
2023-07-15,75.0,1534.090909090909,131.77,150.0,0,False,True,False,False,7.44,11.4,1005.7209,23.281916,11.5,1007.175,3.4,28.521584,20.800001,1002.25,23.4435845,1006.03962,15,1,-0.4999999999999997,-0.8660254037844388,-0.9749279121818236,-0.2225209339563146
2023-07-16,75.0,1501.1363636363637,131.77,146.0,0,False,True,False,False,7.44,14.700001,1005.3709,22.981918,39.499992,1006.81665,9.799999,29.586166,0.9,1001.3084,23.382126,1005.570825,16,1,-0.4999999999999997,-0.8660254037844388,-0.7818314824680299,0.6234898018587334
2023-07-17,85.0,1468.1818181818182,131.77,146.0,0,False,True,False,False,7.44,20.000002,1004.94586,23.17775,44.3,1006.19165,10.8,29.248665,0.90000004,1000.9375,23.1258755,1005.13543,17,0,-0.4999999999999997,-0.8660254037844388,0.0,1.0
2023-07-18,86.0,1435.2272727272727,131.57,146.0,0,False,True,False,False,7.44,10.300003,1005.3293,22.488169,10.7,1006.9709,6.099999,29.123667,0.0,1000.9041,22.921709,1005.60205,18,0,-0.4999999999999997,-0.8660254037844388,0.7818314824680298,0.6234898018587336
2023-07-19,85.0,1402.2727272727273,131.56,146.0,0,False,True,False,False,7.44,1.2,1004.23737,23.51108,3.3999999,1005.8792,2.3999999,30.771582,0.0,999.39575,24.032125,1004.5625,19,0,-0.4999999999999997,-0.8660254037844388,0.9749279121818236,-0.22252093395631434
2023-07-20,85.0,1369.3181818181818,131.66,146.0,0,False,True,False,False,7.44,3.1999998,1003.73755,24.313166,2.7999997,1005.4084,2.3999996,30.711166,2.3,999.47076,24.744627,1004.135475,20,0,-0.4999999999999997,-0.8660254037844388,0.43388373911755823,-0.900968867902419
2023-07-21,85.0,1336.3636363636365,131.48,146.0,0,False,True,False,False,7.44,24.899998,1006.9749,23.5465,35.1,1008.6709,12.6,30.350748,1.1,1002.49994,23.909209,1007.3374249999999,21,0,-0.4999999999999997,-0.8660254037844388,-0.433883739117558,-0.9009688679024191
2023-07-22,86.67,1303.409090909091,131.42,146.0,0,False,True,False,False,7.44,6.2999997,1009.7043,23.86733,1.3000001,1011.30835,13.599998,30.242422,3.8999999,1005.49994,24.027957999999998,1010.0542,22,1,-0.4999999999999997,-0.8660254037844388,-0.9749279121818236,-0.2225209339563146
2023-07-23,85.0,1270.4545454545455,131.42,146.0,0,False,True,False,False,7.44,19.499998,1009.4041,23.002752,36.2,1010.95416,5.3,30.107002,9.6,1004.98737,23.526919499999998,1009.6979,23,1,-0.4999999999999997,-0.8660254037844388,-0.7818314824680299,0.6234898018587334
2023-07-24,96.67,1237.5,131.42,146.0,0,False,True,False,False,7.44,4.6000004,1007.09576,22.546495,4.6000004,1008.65845,4.4999995,29.150751,10.8,1003.0374,22.949832999999998,1007.45416,24,0,-0.4999999999999997,-0.8660254037844388,0.0,1.0
2023-07-25,110.0,1204.5454545454545,131.21,146.0,0,False,True,False,False,7.44,23.100002,1007.6833,22.1715,13.2,1009.25006,5.8999996,28.234083,21.900002,1003.6626,22.54775,1007.97705,25,0,-0.4999999999999997,-0.8660254037844388,0.7818314824680298,0.6234898018587336
2023-07-26,100.0,1171.590909090909,131.3,146.0,0,False,True,False,False,7.44,1.3000001,1007.7292,23.000666,4.5999994,1009.38745,2.6999998,29.829916,0.6,1003.51666,23.466502,1008.06665,26,0,-0.4999999999999997,-0.8660254037844388,0.9749279121818236,-0.22252093395631434
2023-07-27,93.33,1138.6363636363637,131.5,146.0,0,False,True,False,False,7.44,2.3000002,1006.321,23.125666,11.599999,1007.875,2.8999996,29.394503,2.0,1002.32904,23.580042,1006.6063,27,0,-0.4999999999999997,-0.8660254037844388,0.43388373911755823,-0.900968867902419
2023-07-28,106.67,1105.6818181818182,131.4,146.0,0,False,True,False,False,7.44,12.400002,1003.81665,23.446495,8.1,1005.1125,7.9,29.636168,1.8000001,999.63745,23.4133765,1004.0250249999999,28,0,-0.4999999999999997,-0.8660254037844388,-0.433883739117558,-0.9009688679024191
2023-07-29,106.0,1072.7272727272727,131.9,146.0,0,False,True,False,False,7.44,11.6,1003.33746,22.85275,6.8999996,1004.9041,16.100002,28.80075,7.5,999.3918,22.905042,1003.69165,29,1,-0.4999999999999997,-0.8660254037844388,-0.9749279121818236,-0.2225209339563146
2023-07-30,105.0,1039.7727272727273,131.9,146.0,0,False,True,False,False,7.44,9.599999,1002.3791,22.90275,7.6,1003.9917,6.5,28.221586,19.3,998.90424,23.107126,1002.7667,30,1,-0.4999999999999997,-0.8660254037844388,-0.7818314824680299,0.6234898018587334
2023-07-31,130.0,1006.8181818181819,131.9,146.0,0,False,True,False,False,7.44,6.6,1001.4124,23.400665,8.0,1003.12506,10.7,29.561167,3.5,997.30835,23.8092115,1001.7854,31,0,-0.4999999999999997,-0.8660254037844388,0.0,1.0
2023-08-01,130.0,973.8636363636364,131.9,153.0,0,False,True,False,False,7.52,5.5,1000.4543,23.975668,13.8,1002.28345,10.799999,30.163252,7.1,995.9084,24.4883765,1000.8584000000001,1,0,-0.8660254037844385,-0.5000000000000004,0.7818314824680298,0.6234898018587336
2023-08-02,146.0,940.909090909091,131.92,153.0,0,False,True,False,False,7.52,1.8,1000.55005,24.617332,3.1000001,1002.2209,5.6000004,29.98408,1.1,996.40405,24.7675415,1000.949975,2,0,-0.8660254037844385,-0.5000000000000004,0.9749279121818236,-0.22252093395631434
2023-08-03,170.0,907.9545454545455,132.44,153.0,0,False,True,False,False,7.52,25.8,1001.77905,23.829832,5.0999994,1003.18317,11.200001,29.784079,1.0,997.72076,23.892542,1001.991575,3,0,-0.8660254037844385,-0.5000000000000004,0.43388373911755823,-0.900968867902419
2023-08-04,170.0,875.0,132.66,153.0,0,False,True,False,False,7.52,20.1,1004.57074,23.513168,8.700002,1006.0166,3.1000001,29.11741,2.0,1000.62085,23.306086999999998,1004.83539,4,0,-0.8660254037844385,-0.5000000000000004,-0.433883739117558,-0.9009688679024191
2023-08-05,170.0,978.125,132.85,153.0,0,False,True,False,False,7.52,5.399999,1005.26666,23.31317,37.899998,1006.6125,5.4999995,28.48825,2.0,1001.50836,23.176918999999998,1005.4812,5,1,-0.8660254037844385,-0.5000000000000004,-0.9749279121818236,-0.2225209339563146
2023-08-06,168.33,1081.25,132.85,153.0,0,False,True,False,False,7.52,7.8,1002.2417,23.140245,9.200001,1003.53326,17.9,28.448668,11.200001,998.4832,23.257128,1002.377075,6,1,-0.8660254037844385,-0.5000000000000004,-0.7818314824680299,0.6234898018587334
2023-08-07,160.0,1184.375,132.85,153.0,0,False,True,False,False,7.52,14.2,999.5249,22.37567,26.4,1001.13763,21.400002,26.834084,24.000002,996.72095,22.619625,999.8812250000001,7,0,-0.8660254037844385,-0.5000000000000004,0.0,1.0
2023-08-08,170.0,1287.5,132.7,153.0,0,False,True,False,False,7.52,14.500002,1001.4751,22.0465,51.699993,1003.1624,16.1,26.475748,42.6,998.67487,22.331085,1001.860475,8,0,-0.8660254037844385,-0.5000000000000004,0.7818314824680298,0.6234898018587336
2023-08-09,170.0,1390.625,132.83,153.0,0,False,True,False,False,7.52,7.0,1004.3792,23.463165,4.4999995,1005.9416,5.0000005,27.725752,3.8,1001.1584,23.514418499999998,1004.7271000000001,9,0,-0.8660254037844385,-0.5000000000000004,0.9749279121818236,-0.22252093395631434
2023-08-10,170.0,1493.75,132.81,153.0,0,False,True,False,False,7.52,10.6,1006.51245,23.53192,7.9,1008.0125,3.5,28.027832,7.2,1003.14575,23.430044000000002,1006.883325,10,0,-0.8660254037844385,-0.5000000000000004,0.43388373911755823,-0.900968867902419
2023-08-11,150.0,1596.875,132.65,153.0,0,False,True,False,False,7.52,2.4,1006.0999,23.5465,7.1,1007.57074,3.5000002,27.836166,8.0,1002.5999,23.541499,1006.381125,11,0,-0.8660254037844385,-0.5000000000000004,-0.433883739117558,-0.9009688679024191
2023-08-12,140.0,1700.0,132.86,153.0,0,False,True,False,False,7.52,18.499998,1003.6626,23.250664,36.300003,1005.0584,32.600002,27.669504,3.2,1000.43335,23.1415005,1003.9293,12,1,-0.8660254037844385,-0.5000000000000004,-0.9749279121818236,-0.2225209339563146
2023-08-13,140.0,1803.125,132.86,153.0,0,False,True,False,False,7.52,36.200005,1004.60834,22.12358,66.899994,1006.0334,28.099998,27.623665,1.6000001,1001.64166,21.9925425,1004.9334200000001,13,1,-0.8660254037844385,-0.5000000000000004,-0.7818314824680299,0.6234898018587334
2023-08-14,170.0,1906.25,132.86,153.0,0,False,True,False,False,7.52,1.7,1007.22076,22.55275,3.1000001,1008.5168,0.3,27.865332,0.6,1003.6624,23.1852515,1007.30408,14,0,-0.8660254037844385,-0.5000000000000004,0.0,1.0
2023-08-15,150.0,2009.375,133.03,153.0,0,False,True,False,False,7.52,1.2,1006.52094,22.80275,0.5,1007.96674,0.9,29.092415,0.0,1002.6877,23.526916999999997,1006.77917,15,0,-0.8660254037844385,-0.5000000000000004,0.7818314824680298,0.6234898018587336
2023-08-16,145.0,2112.5,133.03,167.0,0,False,True,False,False,7.52,5.4,1005.89575,23.2965,2.5000002,1007.31665,6.8999996,29.734083,0.8,1001.84155,23.673794,1006.1415999999999,16,0,-0.8660254037844385,-0.5000000000000004,0.9749279121818236,-0.22252093395631434
2023-08-17,137.5,2215.625,133.03,167.0,0,False,True,False,False,7.52,8.500001,1006.26245,23.208998,6.0,1008.2166,5.6,29.090338,13.000003,1002.5291,23.6331685,1006.733375,17,0,-0.8660254037844385,-0.5000000000000004,0.43388373911755823,-0.900968867902419
2023-08-18,142.5,2318.75,133.34,167.0,0,False,True,False,False,7.52,9.299999,1006.63745,23.817331,12.699999,1008.2874,12.7,29.202835,3.3,1002.67914,24.181085,1007.0207499999999,18,0,-0.8660254037844385,-0.5000000000000004,-0.433883739117558,-0.9009688679024191
2023-08-19,147.5,2421.875,133.27,167.0,0,False,True,False,False,7.52,11.2,1007.8291,23.675667,3.8000002,1009.29596,10.100001,29.665335,0.70000005,1003.7083,23.766500999999998,1008.14792,19,1,-0.8660254037844385,-0.5000000000000004,-0.9749279121818236,-0.2225209339563146
2023-08-20,150.0,2525.0,133.27,167.0,0,False,True,False,False,7.52,18.6,1008.42487,23.4465,17.2,1009.8374,9.900001,29.569502,1.6000001,1004.3042,23.432128,1008.672855,20,1,-0.8660254037844385,-0.5000000000000004,-0.7818314824680299,0.6234898018587334
2023-08-21,125.0,2762.5,133.27,167.0,0,False,True,False,False,7.52,27.100002,1007.18335,22.536081,13.399999,1008.69586,10.100001,27.575752,15.2,1003.4458,22.6331695,1007.489595,21,0,-0.8660254037844385,-0.5000000000000004,0.0,1.0
2023-08-22,120.0,3000.0,133.28,167.0,0,False,True,False,False,7.52,9.7,1006.26666,22.74025,15.400001,1007.85406,2.0,28.238253,3.0,1002.72925,23.074833499999997,1006.59583,22,0,-0.8660254037844385,-0.5000000000000004,0.7818314824680298,0.6234898018587336
2023-08-23,110.0,2525.0,133.0,167.0,0,False,True,False,False,7.52,10.1,1004.9375,22.267334,17.199999,1006.44995,8.600002,27.00075,18.3,1001.8208,22.618582500000002,1005.2146299999999,23,0,-0.8660254037844385,-0.5000000000000004,0.9749279121818236,-0.22252093395631434
2023-08-24,100.0,5000.0,132.6,167.0,0,False,True,False,False,7.52,7.8999996,1002.3333,22.481916,73.200005,1003.72906,34.399998,26.567421,24.800003,999.44586,22.517542,1002.63125,24,0,-0.8660254037844385,-0.5000000000000004,0.43388373911755823,-0.900968867902419
2023-08-25,85.0,4083.3333333333335,132.42,167.0,0,False,True,False,False,7.52,13.099998,1002.12915,21.813166,51.3,1003.9458,30.900002,26.323668,22.1,999.7375,22.1717075,1002.6458749999999,25,0,-0.8660254037844385,-0.5000000000000004,-0.433883739117558,-0.9009688679024191
2023-08-26,85.0,3166.666666666667,132.54,167.0,0,False,True,False,False,7.52,36.6,1002.6457,21.586084,59.1,1004.2542,23.799997,26.021584,59.599995,999.6624,22.140462,1003.008275,26,1,-0.8660254037844385,-0.5000000000000004,-0.9749279121818236,-0.2225209339563146
2023-08-27,75.0,2250.0,132.54,167.0,0,False,True,False,False,7.52,7.2000003,1002.3835,22.163162,7.2,1003.6499,12.500002,27.159082,23.7,999.2417,22.0998345,1002.64795,27,1,-0.8660254037844385,-0.5000000000000004,-0.7818314824680299,0.6234898018587334
2023-08-28,75.0,2312.5,132.54,167.0,0,False,True,False,False,7.52,5.8,1003.5417,22.352753,3.5999997,1004.89166,4.3,27.584082,4.7999997,1000.2874,22.2258765,1003.84382,28,0,-0.8660254037844385,-0.5000000000000004,0.0,1.0
2023-08-29,75.0,2375.0,132.52,167.0,0,False,True,False,False,7.52,3.0999997,1005.99164,21.963167,12.400001,1007.65845,2.6999998,27.419502,13.8,1002.6333,22.451916,1006.35834,29,0,-0.8660254037844385,-0.5000000000000004,0.7818314824680298,0.6234898018587336
2023-08-30,75.0,2437.5,132.64,167.0,0,False,True,False,False,7.52,2.5,1007.84576,22.367332,3.1,1009.47076,2.6,28.684084,0.4,1004.0666,23.076917,1008.16248,30,0,-0.8660254037844385,-0.5000000000000004,0.9749279121818236,-0.22252093395631434
2023-08-31,85.0,2500.0,132.68,167.0,0,False,True,False,False,7.52,6.0999994,1008.7168,22.55483,0.90000004,1010.2915,2.1999998,29.344503,0.5,1004.54175,23.215459000000003,1009.00632,31,0,-0.8660254037844385,-0.5000000000000004,0.43388373911755823,-0.900968867902419
2023-09-01,95.0,7600.0,132.76,170.0,0,False,True,False,False,8.19,8.7,1007.92084,22.756918,4.1,1009.5124,2.6999998,29.286163,5.7999997,1003.87085,23.4237945,1008.208345,1,0,-1.0,-1.8369701987210297e-16,-0.433883739117558,-0.9009688679024191
2023-09-02,95.0,24350.0,132.65,170.0,0,False,True,False,False,8.19,8.1,1006.49164,23.079828,3.2,1008.0334,7.1,28.213251,9.000001,1002.8833,23.513377,1006.8313,2,1,-1.0,-1.8369701987210297e-16,-0.9749279121818236,-0.2225209339563146
2023-09-03,75.0,7300.0,132.65,170.0,0,False,True,False,False,8.19,0.8,1006.10004,23.256918,2.7000003,1008.0667,1.8,29.471586,0.0,1001.8833,23.887335,1006.575045,3,1,-1.0,-1.8369701987210297e-16,-0.7818314824680299,0.6234898018587334
2023-09-04,65.0,19000.0,132.65,170.0,0,False,True,False,False,8.19,1.3000001,1005.8582,23.121498,0.70000005,1007.66254,1.0,28.834085,7.6,1001.70416,23.991503,1006.27703,4,0,-1.0,-1.8369701987210297e-16,0.0,1.0
2023-09-05,60.0,7500.0,132.7,170.0,0,False,True,False,False,8.19,0.90000004,1006.88324,23.067331,0.1,1008.5042,2.3000002,28.898666,0.0,1002.21246,23.5998345,1007.17914,5,0,-1.0,-1.8369701987210297e-16,0.7818314824680298,0.6234898018587336
2023-09-06,55.0,4750.0,133.17,170.0,0,False,True,False,False,8.19,0.6,1007.5,23.625666,0.70000005,1009.31665,0.4,29.944502,0.0,1002.8083,24.528999,1007.877075,6,0,-1.0,-1.8369701987210297e-16,0.9749279121818236,-0.22252093395631434
2023-09-07,50.0,7375.0,133.32,170.0,0,False,True,False,False,8.19,6.0,1007.52094,23.194418,5.3,1009.1958,3.1999998,29.184084,5.1,1003.4207,23.894629000000002,1007.950135,7,0,-1.0,-1.8369701987210297e-16,0.43388373911755823,-0.900968867902419
2023-09-08,45.0,10000.0,133.44,170.0,0,False,True,False,False,8.19,3.3,1007.66254,22.623583,9.4,1009.1875,16.1,27.92367,10.700001,1004.09174,22.643585,1008.06882,8,0,-1.0,-1.8369701987210297e-16,-0.433883739117558,-0.9009688679024191
2023-09-09,45.0,5000.0,133.02,170.0,0,False,True,False,False,8.19,9.3,1007.6792,21.9215,22.199999,1009.4207,4.1,27.163254,12.4,1004.17487,22.2352515,1008.0729,9,1,-1.0,-1.8369701987210297e-16,-0.9749279121818236,-0.2225209339563146
2023-09-10,45.0,3500.0,133.02,170.0,0,False,True,False,False,8.19,4.8,1006.0708,22.404833,9.8,1007.6958,2.8000002,29.159082,0.3,1001.85834,22.736292,1006.4187999999999,10,1,-1.0,-1.8369701987210297e-16,-0.7818314824680299,0.6234898018587334
2023-09-11,51.67,2000.0,133.02,170.0,0,False,True,False,False,8.19,3.1000001,1004.97925,22.51108,0.5,1006.6167,1.8000002,29.086166,0.2,1000.89996,23.2654605,1005.335425,11,0,-1.0,-1.8369701987210297e-16,0.0,1.0
2023-09-12,58.33,4000.0,133.16,170.0,0,False,True,False,False,8.19,11.900002,1005.5584,22.62358,5.5000005,1007.1667,5.2,28.586166,14.0,1001.63324,23.222752,1005.89795,12,0,-1.0,-1.8369701987210297e-16,0.7818314824680298,0.6234898018587336
2023-09-13,65.0,6000.0,132.98,170.0,0,False,True,False,False,8.19,4.6,1006.17084,23.144415,6.7,1007.83746,7.4,29.736168,0.70000005,1001.95416,23.4769195,1006.497985,13,0,-1.0,-1.8369701987210297e-16,0.9749279121818236,-0.22252093395631434
2023-09-14,65.0,5515.625,133.08,170.0,0,False,True,False,False,8.19,1.1,1007.57086,23.306915,1.1000001,1009.1333,8.4,29.767416,0.6,1003.2874,23.838375,1007.86258,14,0,-1.0,-1.8369701987210297e-16,0.43388373911755823,-0.900968867902419
2023-09-15,65.0,5031.25,133.16,170.0,0,False,True,False,False,8.19,2.3000002,1008.6958,23.279833,1.8000001,1010.19586,5.7999997,29.479918,0.4,1004.67914,23.490459,1009.0228500000001,15,0,-1.0,-1.8369701987210297e-16,-0.433883739117558,-0.9009688679024191
2023-09-16,65.0,10062.5,133.4,170.0,0,False,True,False,False,8.19,1.6,1009.2459,22.861078,1.9000001,1010.6958,0.4,29.648666,0.7,1004.9251,23.102959,1009.504265,16,1,-1.0,-1.8369701987210297e-16,-0.9749279121818236,-0.2225209339563146
2023-09-17,65.0,15093.75,133.4,170.0,0,False,True,False,False,8.19,4.2,1008.18317,22.373583,4.7999997,1009.79584,1.0,29.279917,1.3,1003.64996,22.98421,1008.447815,17,1,-1.0,-1.8369701987210297e-16,-0.7818314824680299,0.6234898018587334
2023-09-18,65.0,20125.0,133.4,170.0,0,False,True,False,False,8.19,2.9,1007.4001,22.831915,5.8,1009.23334,6.2999997,28.917414,11.499999,1003.40424,23.3675455,1007.8376,18,0,-1.0,-1.8369701987210297e-16,0.0,1.0
2023-09-19,75.0,13950.0,133.54,170.0,0,False,True,False,False,8.19,0.1,1009.4707,22.38608,2.2999997,1011.1875,3.4,28.248665,2.0,1005.57074,23.0227515,1009.7937,19,0,-1.0,-1.8369701987210297e-16,0.7818314824680298,0.6234898018587336
2023-09-20,50.0,12250.0,133.54,170.0,0,False,True,False,False,8.19,5.7000003,1009.80853,22.048584,4.6,1011.1208,18.6,28.317413,3.5,1005.98755,22.3060835,1010.035515,20,0,-1.0,-1.8369701987210297e-16,0.9749279121818236,-0.22252093395631434
2023-09-21,50.0,43375.0,133.22,170.0,0,False,True,False,False,8.19,4.1,1009.4041,21.759003,21.1,1010.9084,7.3999996,27.657003,0.8000001,1005.92096,22.0769175,1009.6583499999999,21,0,-1.0,-1.8369701987210297e-16,0.43388373911755823,-0.900968867902419
2023-09-22,49.81,43187.5,133.25,170.0,0,False,True,False,False,8.19,11.4,1009.5166,21.392332,15.100002,1010.9751,15.9,27.538254,0.4,1005.82495,21.5862905,1009.77908,22,0,-1.0,-1.8369701987210297e-16,-0.433883739117558,-0.9009688679024191
2023-09-23,49.62,43000.0,133.0,170.0,0,False,True,False,False,8.19,0.6,1009.06256,21.052746,1.3000001,1010.40424,1.0,26.06742,6.7,1005.9292,21.342544500000002,1009.35418,23,1,-1.0,-1.8369701987210297e-16,-0.9749279121818236,-0.2225209339563146
2023-09-24,49.42,42812.5,133.0,170.0,0,False,True,False,False,8.19,2.8999999,1008.38763,21.317331,1.0,1009.6125,1.4000002,26.125753,0.8,1005.32086,21.681085000000003,1008.533385,24,1,-1.0,-1.8369701987210297e-16,-0.7818314824680299,0.6234898018587334
2023-09-25,49.23,42625.0,133.0,170.0,1,False,True,False,False,8.19,3.6,1009.62915,20.661081,11.0,1011.00824,1.3000001,26.552835,0.3,1006.1125,21.3456665,1009.8499449999999,25,0,-1.0,-1.8369701987210297e-16,0.0,1.0
2023-09-26,49.04,42437.5,133.34,170.0,1,False,True,False,False,8.19,3.0,1010.2458,20.923584,6.1,1011.7292,3.0000002,27.069506,7.6,1006.45,21.755042,1010.5250000000001,26,0,-1.0,-1.8369701987210297e-16,0.7818314824680298,0.6234898018587336
2023-09-27,48.85,42250.0,133.48,170.0,1,False,True,False,False,8.19,0.9000001,1009.5125,21.463167,0.90000004,1011.13745,1.2000002,27.682,2.1,1005.8249,22.276919499999998,1009.856225,27,0,-1.0,-1.8369701987210297e-16,0.9749279121818236,-0.22252093395631434
2023-09-28,48.65,42062.5,133.46,170.0,1,False,True,False,False,8.19,1.5,1009.3291,21.71733,1.1,1010.9751,1.4,28.446585,0.0,1005.27094,22.93942,1009.6457800000001,28,0,-1.0,-1.8369701987210297e-16,0.43388373911755823,-0.900968867902419
2023-09-29,48.46,41875.0,133.4,170.0,1,False,True,False,False,8.19,3.3999999,1009.4375,22.004831,4.2000003,1011.27924,1.4,29.350754,0.0,1004.6584,23.1498335,1009.7937,29,0,-1.0,-1.8369701987210297e-16,-0.433883739117558,-0.9009688679024191
2023-09-30,48.27,41687.5,133.17,170.0,1,False,True,False,False,8.19,0.6,1009.00415,22.079834,3.6,1010.8,2.8,28.190338,0.0,1004.696,23.348794,1009.4104,30,1,-1.0,-1.8369701987210297e-16,-0.9749279121818236,-0.2225209339563146
2023-10-01,48.08,41500.0,133.17,170.0,1,True,False,False,False,7.5,0.0,1007.88745,21.942331,0.1,1009.50415,0.70000005,28.077833,0.4,1004.05414,22.8946285,1008.227075,1,1,-0.8660254037844386,0.5000000000000001,-0.7818314824680299,0.6234898018587334
2023-10-02,47.88,41312.5,133.17,170.0,1,True,False,False,False,7.5,4.2999997,1009.0334,21.642332,11.5,1010.47095,1.0000001,27.7695,3.6999998,1004.88324,21.977960000000003,1009.245825,2,0,-0.8660254037844386,0.5000000000000001,0.0,1.0
2023-10-03,47.69,41125.0,133.17,170.0,1,True,False,False,False,7.5,0.6,1009.4668,21.584002,3.1999998,1010.85004,2.0000002,26.952835,4.9999995,1005.88763,22.157128,1009.7083749999999,3,0,-0.8660254037844386,0.5000000000000001,0.7818314824680298,0.6234898018587336
2023-10-04,47.5,40937.5,133.44,170.0,1,True,False,False,False,7.5,13.700001,1010.42914,20.723581,10.3,1011.4375,4.499999,26.559082,2.3,1006.31665,20.6779595,1010.42292,4,0,-0.8660254037844386,0.5000000000000001,0.9749279121818236,-0.22252093395631434
2023-10-05,47.31,40750.0,133.49,170.0,1,True,False,False,False,7.5,3.4000003,1008.70416,21.4965,0.4,1009.85425,0.8000001,26.902832,0.6,1005.22925,21.5529595,1008.854155,5,0,-0.8660254037844386,0.5000000000000001,0.43388373911755823,-0.900968867902419
2023-10-06,47.12,40562.5,133.51,170.0,1,True,False,False,False,7.5,3.8000002,1008.94165,21.306917,2.1999998,1010.0791,4.2,27.13825,1.7,1005.49164,21.379002,1009.1187749999999,6,0,-0.8660254037844386,0.5000000000000001,-0.433883739117558,-0.9009688679024191
2023-10-07,46.92,40375.0,133.5,170.0,1,True,False,False,False,7.5,1.6000001,1010.14166,20.719416,1.0,1011.5083,1.8000001,26.496582,1.3000001,1007.0625,21.4654575,1010.408355,7,1,-0.8660254037844386,0.5000000000000001,-0.9749279121818236,-0.2225209339563146
2023-10-08,46.73,40187.5,133.5,170.0,1,True,False,False,False,7.5,6.9999995,1010.69165,20.236082,2.8000002,1011.96246,7.3,26.977835,1.0,1007.16656,21.033169,1010.939675,8,1,-0.8660254037844386,0.5000000000000001,-0.7818314824680299,0.6234898018587334
2023-10-09,46.54,40000.0,133.5,170.0,1,True,False,False,False,7.5,3.4,1011.20844,20.338163,1.2000002,1012.5623,0.90000004,26.923666,2.4,1007.825,20.607124499999998,1011.51887,9,0,-0.8660254037844386,0.5000000000000001,0.0,1.0
2023-10-10,46.35,39812.5,133.53,170.0,1,True,False,False,False,7.5,2.5,1012.3376,20.086084,2.2000003,1013.7917,2.0,26.47783,3.1,1009.1126,21.024832,1012.593725,10,0,-0.8660254037844386,0.5000000000000001,0.7818314824680298,0.6234898018587336
2023-10-11,46.15,39625.0,133.5,170.0,1,True,False,False,False,7.5,5.1,1012.54156,19.200666,1.6,1013.92487,1.3,25.884085,1.4000002,1009.35815,19.7258755,1012.910305,11,0,-0.8660254037844386,0.5000000000000001,0.9749279121818236,-0.22252093395631434
2023-10-12,45.96,39437.5,133.41,170.0,1,True,False,False,False,7.5,2.6000001,1014.38336,18.911085,1.8000001,1015.9417,2.2,26.275751,0.5,1010.98334,19.7665,1014.7625800000001,12,0,-0.8660254037844386,0.5000000000000001,0.43388373911755823,-0.900968867902419
2023-10-13,45.77,39250.0,133.5,170.0,1,True,False,False,False,7.5,1.7,1015.18335,18.536083,0.6,1016.63763,3.5,25.332003,0.0,1011.75836,19.764418,1015.5354,13,0,-0.8660254037844386,0.5000000000000001,-0.433883739117558,-0.9009688679024191
2023-10-14,45.58,39062.5,133.53,170.0,1,True,False,False,False,7.5,5.9999995,1014.4875,18.219416,1.4000001,1015.73334,1.6,24.521585,0.0,1011.14996,18.950877,1014.75617,14,1,-0.8660254037844386,0.5000000000000001,-0.9749279121818236,-0.2225209339563146
2023-10-15,45.38,38875.0,133.53,170.0,1,True,False,False,False,7.5,1.1,1012.8416,17.661081,0.4,1014.1167,1.4000001,24.725748,0.5,1009.6875,18.4102505,1013.16875,15,1,-0.8660254037844386,0.5000000000000001,-0.7818314824680299,0.6234898018587334
2023-10-16,45.19,38687.5,133.53,170.0,1,True,False,False,False,7.5,1.7,1014.7625,17.263166,8.5,1016.10004,5.4,24.709085,9.1,1011.57916,18.301917000000003,1015.06457,16,0,-0.8660254037844386,0.5000000000000001,0.0,1.0
2023-10-17,45.0,38500.0,133.55,170.0,1,True,False,False,False,7.5,0.3,1015.6084,17.538168,2.1999998,1017.1084,1.4,23.94658,1.3,1012.3584,18.436293499999998,1016.0666799999999,17,0,-0.8660254037844386,0.5000000000000001,0.7818314824680298,0.6234898018587336
2023-10-18,45.0,500.0,133.52,170.0,1,True,False,False,False,7.5,0.0,1015.72095,16.823584,2.4,1017.1167,1.3,23.671585,0.0,1012.6626,18.210251,1016.1000750000001,18,0,-0.8660254037844386,0.5000000000000001,0.9749279121818236,-0.22252093395631434
2023-10-19,45.0,15000.0,133.52,170.0,1,True,False,False,False,7.5,0.4,1015.93335,16.508999,1.6000001,1017.23334,0.2,23.54033,0.3,1013.08344,17.673794,1016.30005,19,0,-0.8660254037844386,0.5000000000000001,0.43388373911755823,-0.900968867902419
2023-10-20,45.0,11012.5,133.5,170.0,1,True,False,False,False,7.5,0.0,1016.82916,17.417334,0.4,1018.0916,0.4,23.290335,0.0,1013.9834,17.380043,1017.20423,20,0,-0.8660254037844386,0.5000000000000001,-0.433883739117558,-0.9009688679024191
2023-10-21,60.0,7025.0,133.3,170.0,1,True,False,False,False,7.5,0.0,1017.8709,16.92358,1.8000002,1019.1916,0.1,22.646585,0.0,1014.825,17.699832999999998,1018.16467,21,1,-0.8660254037844386,0.5000000000000001,-0.9749279121818236,-0.2225209339563146
2023-10-22,75.0,14050.0,133.3,170.0,1,True,False,False,False,7.5,0.0,1017.55005,17.440248,0.0,1018.92084,0.0,23.01742,0.0,1014.42914,18.0560845,1017.958375,22,1,-0.8660254037844386,0.5000000000000001,-0.7818314824680299,0.6234898018587334
2023-10-23,75.0,5500.0,133.3,170.0,1,True,False,False,False,7.5,0.0,1016.2459,17.679834,0.1,1017.54596,0.0,23.100752,0.0,1013.04596,18.2769165,1016.6376,23,0,-0.8660254037844386,0.5000000000000001,0.0,1.0
2023-10-24,75.0,2525.0,133.42,170.0,1,True,False,False,False,7.5,0.8,1015.53754,17.923586,0.4,1016.9041,0.0,23.561167,0.0,1012.1375,18.609209,1015.92084,24,0,-0.8660254037844386,0.5000000000000001,0.7818314824680298,0.6234898018587336
2023-10-25,73.75,3400.0,133.42,169.25,1,True,False,False,False,7.5,0.7,1015.50433,18.186085,0.2,1017.0417,0.0,23.607,0.0,1012.2249,18.490457499999998,1015.968865,25,0,-0.8660254037844386,0.5000000000000001,0.9749279121818236,-0.22252093395631434
2023-10-26,72.5,4275.0,133.4,168.5,1,True,False,False,False,7.5,1.0,1015.3416,17.70275,0.3,1016.72925,0.0,23.38617,0.1,1012.5417,17.830044,1015.72082,26,0,-0.8660254037844386,0.5000000000000001,0.43388373911755823,-0.900968867902419
2023-10-27,71.25,5150.0,133.48,167.75,1,True,False,False,False,7.5,0.1,1015.2166,16.948584,4.5,1016.5666,0.0,23.832,0.8,1012.37506,17.2665005,1015.579125,27,0,-0.8660254037844386,0.5000000000000001,-0.433883739117558,-0.9009688679024191
2023-10-28,70.0,6025.0,133.5,167.0,1,True,False,False,False,7.5,0.0,1016.0042,16.363165,0.5,1017.2251,0.0,23.494501,0.0,1013.146,17.0217095,1016.32293,28,1,-0.8660254037844386,0.5000000000000001,-0.9749279121818236,-0.2225209339563146
2023-10-29,68.75,6900.0,133.5,166.25,1,True,False,False,False,7.5,0.0,1016.1667,17.104834,0.70000005,1017.4084,0.0,22.796585,0.0,1013.1584,18.085248999999997,1016.4625,29,1,-0.8660254037844386,0.5000000000000001,-0.7818314824680299,0.6234898018587334
2023-10-30,67.5,7775.0,133.5,165.5,1,True,False,False,False,7.5,0.0,1016.4666,18.419418,0.0,1017.8709,0.1,22.629915,0.0,1013.6999,18.4852515,1016.9395,30,0,-0.8660254037844386,0.5000000000000001,0.0,1.0
2023-10-31,66.25,8650.0,133.51,164.75,1,True,False,False,False,7.5,0.0,1018.3708,18.258997,0.1,1019.8958,0.0,24.134085,0.0,1014.8584,18.730043000000002,1018.80207,31,0,-0.8660254037844386,0.5000000000000001,0.7818314824680298,0.6234898018587336
2023-11-01,65.0,9525.0,133.51,164.0,1,True,False,False,False,5.38,0.0,1018.3332,18.113165,0.0,1019.65845,0.0,23.848665,0.0,1014.83746,18.2946255,1018.7479000000001,1,0,-0.5000000000000004,0.8660254037844384,0.9749279121818236,-0.22252093395631434
2023-11-02,65.0,4250.0,133.57,164.0,1,True,False,False,False,5.38,0.0,1016.10834,17.306917,0.2,1017.2959,0.0,23.659082,0.0,1012.97906,18.1248345,1016.47082,2,0,-0.5000000000000004,0.8660254037844384,0.43388373911755823,-0.900968867902419
2023-11-03,65.0,12125.0,133.5,164.0,1,True,False,False,False,5.38,0.6,1014.26666,16.498583,0.4,1015.55817,1.0,23.0445,0.0,1011.3208,17.250877,1014.6250299999999,3,0,-0.5000000000000004,0.8660254037844384,-0.433883739117558,-0.9009688679024191
2023-11-04,65.0,20000.0,133.56,164.0,1,True,False,False,False,5.38,0.4,1014.08746,15.8673315,0.4,1015.39996,0.1,22.88617,0.0,1011.2207,16.1685845,1014.48748,4,1,-0.5000000000000004,0.8660254037844384,-0.9749279121818236,-0.2225209339563146
2023-11-05,65.0,12000.0,133.56,164.0,1,True,False,False,False,5.38,0.0,1016.2458,15.798583,0.3,1017.52496,0.1,21.979918,0.0,1013.62103,16.1873345,1016.62287,5,1,-0.5000000000000004,0.8660254037844384,-0.7818314824680299,0.6234898018587334
2023-11-06,65.0,11750.0,133.56,164.0,1,True,False,False,False,5.38,0.70000005,1017.67914,15.786082,1.2,1018.8293,0.4,21.5195,0.0,1014.8459,16.506083,1017.91877,6,0,-0.5000000000000004,0.8660254037844384,0.0,1.0
2023-11-07,65.0,11500.0,133.45,164.0,1,True,False,False,False,5.38,0.3,1016.2625,16.092333,0.1,1017.4876,0.0,21.617418,0.0,1013.65845,16.626918500000002,1016.6625300000001,7,0,-0.5000000000000004,0.8660254037844384,0.7818314824680298,0.6234898018587336
2023-11-08,65.0,11250.0,133.52,164.0,1,True,False,False,False,5.38,0.0,1014.98755,16.096498,0.0,1016.1792,0.0,21.136168,0.0,1012.69165,16.489417500000002,1015.4417450000001,8,0,-0.5000000000000004,0.8660254037844384,0.9749279121818236,-0.22252093395631434
2023-11-09,65.0,11000.0,133.54,164.0,1,True,False,False,False,5.38,0.0,1015.48346,15.559002,0.0,1016.6416,0.0,20.911165,0.0,1013.45,15.861294000000001,1015.93133,9,0,-0.5000000000000004,0.8660254037844384,0.43388373911755823,-0.900968867902419
2023-11-10,65.0,10666.666666666666,133.56,164.0,1,True,False,False,False,5.38,0.0,1017.54596,14.536084,0.1,1018.66656,0.0,21.496584,0.0,1014.99585,16.111292,1017.88135,10,0,-0.5000000000000004,0.8660254037844384,-0.433883739117558,-0.9009688679024191
2023-11-11,45.0,10333.333333333334,133.65,164.0,1,True,False,False,False,5.38,0.0,1018.2085,15.042335,0.1,1019.42914,1.2,21.509087,0.0,1015.47504,16.2717095,1018.56467,11,1,-0.5000000000000004,0.8660254037844384,-0.9749279121818236,-0.2225209339563146
2023-11-12,55.0,10000.0,133.65,164.0,1,True,False,False,False,5.38,0.0,1018.32916,16.008999,0.0,1019.6125,0.0,20.917418,0.0,1016.0332,16.1404575,1018.75623,12,1,-0.5000000000000004,0.8660254037844384,-0.7818314824680299,0.6234898018587334
2023-11-13,55.0,7626.25,133.65,164.0,1,True,False,False,False,5.38,0.0,1018.9541,16.400667,0.2,1020.09155,0.0,20.85075,0.0,1016.13745,16.719625,1019.3124700000001,13,0,-0.5000000000000004,0.8660254037844384,0.0,1.0
2023-11-14,65.0,5252.5,133.64,164.0,1,True,False,False,False,5.38,0.0,1018.38763,16.873583,0.0,1019.6291,0.0,20.721584,0.0,1015.7376,16.9394175,1018.79379,14,0,-0.5000000000000004,0.8660254037844384,0.7818314824680298,0.6234898018587336
2023-11-15,65.0,2878.75,133.64,164.0,1,True,False,False,False,5.38,0.0,1018.3875,16.567333,0.0,1019.45,0.0,21.40075,0.0,1015.74164,16.88525,1018.72497,15,0,-0.5000000000000004,0.8660254037844384,0.9749279121818236,-0.22252093395631434
2023-11-16,65.0,505.0,133.34,164.0,0,True,False,False,False,5.38,0.0,1019.9334,16.15275,0.1,1020.99164,0.0,22.361168,0.0,1016.7625,16.7227505,1020.2208499999999,16,0,-0.5000000000000004,0.8660254037844384,0.43388373911755823,-0.900968867902419
2023-11-17,65.0,1010.0,133.48,164.0,0,True,False,False,False,5.38,0.0,1018.8084,16.581917,0.0,1019.8459,0.0,22.782,0.0,1015.3875,17.1831685,1019.0354500000001,17,0,-0.5000000000000004,0.8660254037844384,-0.433883739117558,-0.9009688679024191
2023-11-18,65.0,1515.0,133.54,164.0,0,True,False,False,False,5.38,0.2,1018.0583,14.225663,0.0,1018.96246,0.0,22.052835,0.0,1015.3918,16.285251000000002,1018.2853749999999,18,1,-0.5000000000000004,0.8660254037844384,-0.9749279121818236,-0.2225209339563146
2023-11-19,65.0,2020.0,133.54,164.0,0,True,False,False,False,5.38,0.0,1019.07916,15.209,0.0,1020.0168,0.0,21.807001,0.0,1016.2751,16.268583,1019.3187800000001,19,1,-0.5000000000000004,0.8660254037844384,-0.7818314824680299,0.6234898018587334
2023-11-20,65.0,2525.0,133.54,164.0,0,True,False,False,False,5.38,0.0,1018.04156,16.242332,0.0,1019.12915,0.0,20.732,0.0,1015.5457,16.286292,1018.40823,20,0,-0.5000000000000004,0.8660254037844384,0.0,1.0
2023-11-21,71.67,1683.33,133.65,164.0,0,True,False,False,False,5.38,0.0,1015.5876,15.665252,0.0,1016.4915,0.0,20.196585,0.0,1013.67505,15.513375,1015.91047,21,0,-0.5000000000000004,0.8660254037844384,0.7818314824680298,0.6234898018587336
2023-11-22,78.33,841.67,133.68,164.0,0,True,False,False,False,5.38,0.1,1014.96674,14.013167,0.0,1015.88763,0.5,20.096584,0.0,1013.14166,14.615459,1015.31464,22,0,-0.5000000000000004,0.8660254037844384,0.9749279121818236,-0.22252093395631434
2023-11-23,85.0,1989.2885714285712,133.62,164.0,0,True,False,False,False,5.38,0.0,1015.3709,14.471498,0.3,1016.3418,0.3,20.113249,0.0,1013.3333,14.736292500000001,1015.7188,23,0,-0.5000000000000004,0.8660254037844384,0.43388373911755823,-0.900968867902419
2023-11-24,85.0,3136.907142857143,133.66,164.0,0,True,False,False,False,5.38,0.70000005,1016.64575,14.761083,2.1,1018.02094,1.3000001,19.986168,0.0,1014.4499,15.531084,1017.0354,24,0,-0.5000000000000004,0.8660254037844384,-0.433883739117558,-0.9009688679024191
2023-11-25,85.0,4284.5257142857145,133.7,164.0,0,True,False,False,False,5.38,0.1,1018.5208,13.777752,1.4000001,1019.7874,0.0,20.434084,0.0,1016.175,15.517541999999999,1018.8667,25,1,-0.5000000000000004,0.8660254037844384,-0.9749279121818236,-0.2225209339563146
2023-11-26,85.0,5432.144285714286,133.7,164.0,0,True,False,False,False,5.38,0.0,1019.88763,15.402749,0.0,1020.93335,0.0,20.675749,0.0,1017.04584,16.3425415,1020.177115,26,1,-0.5000000000000004,0.8660254037844384,-0.7818314824680299,0.6234898018587334
2023-11-27,85.0,6579.762857142858,133.7,164.0,0,True,False,False,False,5.38,0.0,1018.125,16.619417,0.1,1019.1292,0.0,20.615334,0.0,1015.68335,16.585251,1018.43125,27,0,-0.5000000000000004,0.8660254037844384,0.0,1.0
2023-11-28,85.0,7727.381428571429,133.7,164.0,0,True,False,False,False,5.38,0.0,1016.5625,15.300664,0.2,1017.60834,0.1,21.359083,0.0,1014.02496,16.395667,1016.8292,28,0,-0.5000000000000004,0.8660254037844384,0.7818314824680298,0.6234898018587336
2023-11-29,85.0,8875.0,133.64,164.0,0,True,False,False,False,5.38,0.0,1016.9875,14.831917,0.1,1018.2751,0.2,20.590334,0.0,1014.5334,15.97796,1017.38337,29,0,-0.5000000000000004,0.8660254037844384,0.9749279121818236,-0.22252093395631434
2023-11-30,85.0,7645.833333333333,133.63,160.0,0,True,False,False,False,5.38,0.0,1018.2915,15.159,0.0,1019.40845,0.0,19.692415,0.0,1015.925,14.8956665,1018.67282,30,0,-0.5000000000000004,0.8660254037844384,0.43388373911755823,-0.900968867902419
2023-12-01,85.0,6416.666666666666,133.74,160.0,0,False,False,False,True,4.95,0.0,1017.3457,14.875667,0.1,1018.5251,0.1,20.582,0.0,1015.1667,15.734209,1017.73117,1,0,-2.4492935982947064e-16,1.0,-0.433883739117558,-0.9009688679024191
2023-12-02,76.67,5187.5,133.57,160.0,0,False,False,False,True,4.95,0.0,1017.4543,14.783999,0.0,1018.5,0.0,20.459085,0.0,1015.05835,15.154001000000001,1017.833475,2,1,-2.4492935982947064e-16,1.0,-0.9749279121818236,-0.2225209339563146
2023-12-03,75.0,3958.333333333333,133.57,160.0,0,False,False,False,True,4.95,0.0,1017.4626,14.904834,0.0,1018.55,0.0,19.432001,0.0,1015.04596,15.445666000000001,1017.9146499999999,3,1,-2.4492935982947064e-16,1.0,-0.7818314824680299,0.6234898018587334
2023-12-04,75.0,2729.166666666667,133.57,160.0,0,False,False,False,True,4.95,0.2,1016.80005,14.254834,0.0,1017.82086,0.0,19.644503,0.0,1014.00415,14.6446255,1017.1313250000001,4,0,-2.4492935982947064e-16,1.0,0.0,1.0
2023-12-05,65.0,1500.0,133.69,160.0,0,False,False,False,True,4.95,0.0,1015.23755,15.071499,0.0,1015.9834,0.0,18.596582,0.0,1013.05414,15.2352505,1015.516625,5,0,-2.4492935982947064e-16,1.0,0.7818314824680298,0.6234898018587336
2023-12-06,66.67,3000.0,133.72,160.0,0,False,False,False,True,4.95,0.0,1017.39996,14.925666,0.0,1018.0833,0.0,20.402834,0.0,1015.5583,14.744626,1017.7229299999999,6,0,-2.4492935982947064e-16,1.0,0.9749279121818236,-0.22252093395631434
2023-12-07,55.0,2965.909090909091,133.63,160.0,0,False,False,False,True,4.95,0.0,1016.3291,12.711082,0.2,1017.29175,0.4,18.813253,1.2,1014.2834,13.696706500000001,1016.65625,7,0,-2.4492935982947064e-16,1.0,0.43388373911755823,-0.900968867902419
2023-12-08,65.0,2931.818181818182,133.67,160.0,0,False,False,False,True,4.95,0.0,1014.92084,12.061084,0.0,1015.6584,0.0,18.954918,0.0,1013.0876,13.731083,1015.15002,8,0,-2.4492935982947064e-16,1.0,-0.433883739117558,-0.9009688679024191
2023-12-09,66.67,2897.7272727272725,133.72,160.0,0,False,False,False,True,4.95,0.0,1015.05414,12.986084,0.0,1015.81665,0.0,17.702833,0.0,1013.83344,13.20295775,1015.33542,9,1,-2.4492935982947064e-16,1.0,-0.9749279121818236,-0.2225209339563146
2023-12-10,65.0,2863.6363636363635,133.72,160.0,0,False,False,False,True,4.95,0.0,1013.63745,12.496501,0.1,1014.3501,0.0,16.371584,0.0,1012.97076,12.255042,1014.045805,10,1,-2.4492935982947064e-16,1.0,-0.7818314824680299,0.6234898018587334
2023-12-11,65.0,2829.5454545454545,133.72,160.0,0,False,False,False,True,4.95,0.0,1015.8167,11.792333,0.4,1016.47504,0.0,16.079918,0.0,1014.9334,12.267543,1016.0917,11,0,-2.4492935982947064e-16,1.0,0.0,1.0
2023-12-12,55.0,2795.4545454545455,133.74,160.0,0,False,False,False,True,4.95,0.0,1014.96246,10.561083,1.5,1015.7375,0.0,16.519499,0.0,1013.25,12.481084,1015.09583,12,0,-2.4492935982947064e-16,1.0,0.7818314824680298,0.6234898018587336
2023-12-13,63.33,2761.3636363636365,133.73,160.0,0,False,False,False,True,4.95,0.1,1015.3833,9.606917,1.4000001,1016.14575,0.70000005,15.7924185,0.0,1013.87915,11.0519175,1015.59995,13,0,-2.4492935982947064e-16,1.0,0.9749279121818236,-0.22252093395631434
2023-12-14,50.0,2727.272727272727,133.75,160.0,0,False,False,False,True,4.95,0.0,1016.80414,10.844418,0.0,1017.3625,0.0,15.623668,0.0,1016.21674,11.090458250000001,1017.11664,14,0,-2.4492935982947064e-16,1.0,0.43388373911755823,-0.900968867902419
2023-12-15,53.33,2693.181818181818,133.64,157.0,0,False,False,False,True,4.95,0.0,1018.48755,10.213167,0.0,1018.74585,0.0,14.852833,0.0,1017.6331,11.477957499999999,1018.64795,15,0,-2.4492935982947064e-16,1.0,-0.433883739117558,-0.9009688679024191
2023-12-16,55.0,2659.090909090909,133.11,157.0,0,False,False,False,True,4.95,0.0,1016.8875,11.327748,0.0,1017.2209,0.0,15.121583,0.0,1015.7834,11.9831665,1017.1104,16,1,-2.4492935982947064e-16,1.0,-0.9749279121818236,-0.2225209339563146
2023-12-17,55.0,2625.0,133.11,157.0,0,False,False,False,True,4.95,0.0,1017.4875,11.6694145,0.0,1017.94574,0.0,15.221583,0.0,1016.24164,12.8977505,1017.62705,17,1,-2.4492935982947064e-16,1.0,-0.7818314824680299,0.6234898018587334
2023-12-18,65.0,3167.857142857143,133.11,157.0,0,False,False,False,True,4.95,0.0,1017.76245,11.042332,0.0,1018.2832,0.0,15.215333,0.0,1016.7708,11.820666,1018.018705,18,0,-2.4492935982947064e-16,1.0,0.0,1.0
2023-12-19,65.0,3710.714285714286,133.2,157.0,0,False,False,False,True,4.95,0.0,1019.02094,10.625667,0.0,1019.36255,0.0,15.319501,0.0,1017.9751,11.575874500000001,1019.25007,19,0,-2.4492935982947064e-16,1.0,0.7818314824680298,0.6234898018587336
2023-12-20,65.0,4253.571428571428,133.4,157.0,0,False,False,False,True,4.95,0.0,1019.19165,12.352749,0.0,1019.4666,0.0,15.832001,0.0,1017.3291,12.724833,1019.30615,20,0,-2.4492935982947064e-16,1.0,0.9749279121818236,-0.22252093395631434
2023-12-21,65.0,4796.428571428572,133.38,157.0,0,False,False,False,True,4.95,0.0,1017.30835,13.056918,0.0,1017.85004,0.0,15.41325,0.0,1016.2874,13.92170875,1017.593725,21,0,-2.4492935982947064e-16,1.0,0.43388373911755823,-0.900968867902419
2023-12-22,55.0,5339.285714285714,133.55,157.0,0,False,False,False,True,4.95,0.0,1018.2041,13.100666,0.0,1018.7834,0.0,16.127834,0.0,1016.63336,13.480042999999998,1018.4708,22,0,-2.4492935982947064e-16,1.0,-0.433883739117558,-0.9009688679024191
2023-12-23,55.0,5882.142857142857,133.33,157.0,0,False,False,False,True,4.95,0.0,1020.7959,12.967334,0.0,1021.31665,0.0,17.607,0.0,1018.6125,13.62379275,1020.90415,23,1,-2.4492935982947064e-16,1.0,-0.9749279121818236,-0.2225209339563146
2023-12-24,55.0,6425.0,133.33,157.0,0,False,False,False,True,4.95,0.0,1020.9417,12.611085,0.0,1021.5791,0.0,17.592419,0.0,1018.89154,12.997751000000001,1021.2146,24,1,-2.4492935982947064e-16,1.0,-0.7818314824680299,0.6234898018587334
2023-12-25,55.0,5950.0,133.33,157.0,0,False,False,False,True,4.95,0.0,1019.80005,12.109,0.0,1020.67084,0.0,17.81325,0.0,1017.7041,12.543583,1020.149995,25,0,-2.4492935982947064e-16,1.0,0.0,1.0
2023-12-26,65.0,5475.0,133.33,157.0,0,False,False,False,True,4.95,0.0,1019.80835,12.854833,0.0,1020.61676,0.0,17.109085,0.0,1018.1042,12.869624,1020.172945,26,0,-2.4492935982947064e-16,1.0,0.7818314824680298,0.6234898018587336
2023-12-27,55.0,5000.0,133.42,157.0,0,False,False,False,True,4.95,0.0,1020.37506,12.7735815,0.0,1021.16254,0.0,16.952837,0.0,1018.6792,13.010251,1020.6709,27,0,-2.4492935982947064e-16,1.0,0.9749279121818236,-0.22252093395631434
2023-12-28,55.0,4000.0,133.66,157.0,0,False,False,False,True,4.95,0.3,1019.4749,12.223584,0.70000005,1020.50415,0.0,17.263252,0.0,1017.67084,12.988375000000001,1019.8124,28,0,-2.4492935982947064e-16,1.0,0.43388373911755823,-0.900968867902419
2023-12-29,55.0,3000.0,133.37,157.0,0,False,False,False,True,4.95,0.0,1019.65845,12.434001,0.0,1020.4998,0.0,17.002834,0.0,1017.7292,12.724834000000001,1019.985355,29,0,-2.4492935982947064e-16,1.0,-0.433883739117558,-0.9009688679024191
2023-12-30,55.0,5000.0,133.44,157.0,0,False,False,False,True,4.95,0.0,1017.9334,13.009,0.2,1018.79584,0.0,15.7403345,0.0,1016.58765,13.0477505,1018.2667200000001,30,1,-2.4492935982947064e-16,1.0,-0.9749279121818236,-0.2225209339563146
2023-12-31,55.0,9000.0,133.44,157.0,0,False,False,False,True,4.95,0.0,1017.61664,12.561085,0.0,1018.4499,0.0,14.636167,0.0,1016.9583,12.482125,1017.939635,31,1,-2.4492935982947064e-16,1.0,-0.7818314824680299,0.6234898018587334
2024-01-01,55.0,7000.0,133.44,157.0,0,False,False,False,True,5.26,0.0,1016.90845,11.104833,0.0,1017.52075,0.0,13.731999,0.0,1016.7,11.7060835,1017.193755,1,0,0.49999999999999994,0.8660254037844387,0.0,1.0
2024-01-02,45.0,5000.0,133.49,157.0,0,False,False,False,True,5.26,0.0,1016.70416,9.979834,0.2,1017.2583,0.1,13.679916,0.0,1016.3875,11.0519175,1017.0,2,0,0.49999999999999994,0.8660254037844387,0.7818314824680298,0.6234898018587336
2024-01-03,65.0,5000.0,133.62,157.0,0,False,False,False,True,5.26,0.0,1017.1582,9.842333,0.0,1017.6834,0.0,13.963252,0.0,1016.1792,10.9342085,1017.345825,3,0,0.49999999999999994,0.8660254037844387,0.9749279121818236,-0.22252093395631434
2024-01-04,55.0,5000.0,133.55,157.0,0,False,False,False,True,5.26,0.0,1016.69165,10.273582,0.1,1017.2959,0.0,13.911168,0.0,1015.7625,11.0133735,1016.947905,4,0,0.49999999999999994,0.8660254037844387,0.43388373911755823,-0.900968867902419
2024-01-05,55.0,5000.0,133.48,157.0,0,False,False,False,True,5.26,0.0,1017.6084,10.431916,0.0,1018.27924,0.0,14.36325,0.0,1016.6792,11.212334,1017.9084499999999,5,0,0.49999999999999994,0.8660254037844387,-0.433883739117558,-0.9009688679024191
2024-01-06,55.0,5000.0,133.35,157.0,0,False,False,False,True,5.26,0.0,1018.2417,10.821499,0.4,1018.825,0.0,15.588249,0.0,1017.10016,11.41025,1018.435425,6,1,0.49999999999999994,0.8660254037844387,-0.9749279121818236,-0.2225209339563146
2024-01-07,55.0,5000.0,133.35,157.0,0,False,False,False,True,5.26,0.0,1018.68744,10.852749,0.0,1019.21674,0.0,15.617417,0.0,1017.7583,11.382125,1018.90632,7,1,0.49999999999999994,0.8660254037844387,-0.7818314824680299,0.6234898018587334
2024-01-08,45.0,5000.0,133.35,157.0,0,False,False,False,True,5.26,0.0,1018.6126,9.892333,0.0,1019.0,0.0,15.0945015,0.0,1017.81665,11.64879075,1018.6980000000001,8,0,0.49999999999999994,0.8660254037844387,0.0,1.0
2024-01-09,45.0,5000.0,133.33,157.0,0,False,False,False,True,5.26,0.0,1016.925,11.138167,0.0,1017.36664,0.0,14.273667,0.0,1016.50415,12.831084,1017.0853999999999,9,0,0.49999999999999994,0.8660254037844387,0.7818314824680298,0.6234898018587336
2024-01-10,45.0,5000.0,133.29,157.0,0,False,False,False,True,5.26,0.0,1014.73334,10.8965,0.0,1015.1458,0.0,13.534085,0.0,1015.04156,12.1654585,1015.1311949999999,10,0,0.49999999999999994,0.8660254037844387,0.9749279121818236,-0.22252093395631434
2024-01-11,45.0,2987.5,133.16,157.0,0,False,False,False,True,5.26,0.0,1016.82916,9.408999,0.0,1017.0876,0.0,13.779918,0.0,1017.0376,10.3998335,1017.197905,11,0,0.49999999999999994,0.8660254037844387,0.43388373911755823,-0.900968867902419
2024-01-12,45.0,975.0,133.15,157.0,0,False,False,False,True,5.26,0.0,1016.4959,11.352752,0.0,1017.1209,0.0,12.181999,0.0,1016.7793,11.149834,1016.83752,12,0,0.49999999999999994,0.8660254037844387,-0.433883739117558,-0.9009688679024191
2024-01-13,45.0,1812.5,132.98,157.0,0,False,False,False,True,5.26,0.0,1015.78754,12.765248,0.0,1016.3875,0.0,12.107001,0.0,1016.28754,12.6706685,1016.114595,13,1,0.49999999999999994,0.8660254037844387,-0.9749279121818236,-0.2225209339563146
2024-01-14,45.0,2650.0,132.98,157.0,0,False,False,False,True,5.26,0.0,1015.87067,12.542333,0.0,1016.56244,0.0,12.684082,0.0,1015.92505,12.530042250000001,1016.170715,14,1,0.49999999999999994,0.8660254037844387,-0.7818314824680299,0.6234898018587334
2024-01-15,45.0,3487.5,132.98,156.0,0,False,False,False,True,5.26,0.0,1015.425,11.494416,0.2,1016.1667,0.0,13.171584,0.0,1015.34155,11.9800415,1015.70835,15,0,0.49999999999999994,0.8660254037844387,0.0,1.0
2024-01-16,45.0,4325.0,132.92,156.0,0,False,False,False,True,5.26,0.0,1014.89166,10.963166,2.3000002,1015.9417,0.0,13.265335,0.0,1014.6667,11.261292000000001,1015.20001,16,0,0.49999999999999994,0.8660254037844387,0.7818314824680298,0.6234898018587336
2024-01-17,45.0,5162.5,133.22,156.0,0,False,False,False,True,5.26,0.0,1015.26245,9.475667,5.8,1015.7,0.6,13.0195,0.0,1015.1248,9.9133745,1015.385405,17,0,0.49999999999999994,0.8660254037844387,0.9749279121818236,-0.22252093395631434
2024-01-18,45.0,6000.0,133.33,156.0,0,False,False,False,True,5.26,0.0,1015.91254,8.261083,0.5,1016.0918,0.3,13.267418,0.0,1015.87085,9.3935835,1016.047945,18,0,0.49999999999999994,0.8660254037844387,0.43388373911755823,-0.900968867902419
2024-01-19,55.0,4250.0,133.3,156.0,0,False,False,False,True,5.26,0.0,1017.5793,8.433999,0.0,1017.4583,0.0,13.677834,0.0,1017.4792,8.57587475,1017.6605,19,0,0.49999999999999994,0.8660254037844387,-0.433883739117558,-0.9009688679024191
2024-01-20,55.0,2500.0,133.21,156.0,0,False,False,False,True,5.26,0.0,1016.85004,8.469417,0.0,1017.0334,0.0,12.629917,0.0,1016.94995,10.0071245,1016.97497,20,1,0.49999999999999994,0.8660254037844387,-0.9749279121818236,-0.2225209339563146
2024-01-21,55.0,10000.0,133.21,156.0,0,False,False,False,True,5.26,0.0,1015.4583,8.161083,0.0,1015.58325,0.0,10.813251,0.0,1016.5125,8.7529575,1015.59365,21,1,0.49999999999999994,0.8660254037844387,-0.7818314824680299,0.6234898018587334
2024-01-22,55.0,12000.0,133.21,156.0,0,False,False,False,True,5.26,0.0,1018.28754,9.190249,0.0,1018.5081,0.0,10.959084,0.0,1018.91254,8.640457999999999,1018.43757,22,0,0.49999999999999994,0.8660254037844387,0.0,1.0
2024-01-23,55.0,11468.75,133.21,156.0,0,False,False,False,True,5.26,0.0,1016.7749,9.804833,0.70000005,1017.16675,0.0,11.55075,0.0,1016.9292,10.218583500000001,1016.91665,23,0,0.49999999999999994,0.8660254037844387,0.7818314824680298,0.6234898018587336
2024-01-24,55.0,10937.5,133.35,156.0,0,False,False,False,True,5.26,0.0,1017.2292,8.594416,2.0,1017.92084,0.0,11.604917,0.0,1017.24176,9.816499499999999,1017.42085,24,0,0.49999999999999994,0.8660254037844387,0.9749279121818236,-0.22252093395631434
2024-01-25,55.0,10406.25,133.3,156.0,0,False,False,False,True,5.26,0.0,1019.0793,9.019416,0.1,1019.63745,0.0,11.673667,0.0,1019.2791,9.61754125,1019.39802,25,0,0.49999999999999994,0.8660254037844387,0.43388373911755823,-0.900968867902419
2024-01-26,55.0,9875.0,133.29,156.0,0,False,False,False,True,5.26,0.0,1019.72925,9.144416,0.0,1020.17084,0.0,12.227833,0.0,1020.05414,9.54670925,1020.060525,26,0,0.49999999999999994,0.8660254037844387,-0.433883739117558,-0.9009688679024191
2024-01-27,55.0,9583.333333333334,133.29,156.0,0,False,False,False,True,5.26,0.0,1018.3374,8.394417,0.0,1018.79584,0.0,11.477834,0.0,1019.31683,9.04775,1018.62698,27,1,0.49999999999999994,0.8660254037844387,-0.9749279121818236,-0.2225209339563146
2024-01-28,65.0,9291.666666666666,133.29,156.0,0,False,False,False,True,5.26,0.0,1019.14575,9.469417,0.0,1019.4539,0.0,12.719501,0.0,1019.1792,9.9956655,1019.393705,28,1,0.49999999999999994,0.8660254037844387,-0.7818314824680299,0.6234898018587334
2024-01-29,65.0,9000.0,133.29,156.0,0,False,False,False,True,5.26,0.0,1017.75433,9.950666,0.1,1018.35004,0.0,13.421584,0.0,1017.38336,10.8133745,1018.037595,29,0,0.49999999999999994,0.8660254037844387,0.0,1.0
2024-01-30,65.0,13800.0,133.32,156.0,0,False,False,False,True,5.26,0.0,1017.02496,9.059001,1.0,1017.9041,0.0,14.098667,0.0,1016.4583,10.615458,1017.36663,30,0,0.49999999999999994,0.8660254037844387,0.7818314824680298,0.6234898018587336
2024-01-31,65.0,12533.333333333334,133.28,158.0,0,False,False,False,True,5.26,0.0,1016.88745,9.6465,0.0,1017.5208,0.0,14.848667,0.0,1016.2126,10.474833,1017.204195,31,0,0.49999999999999994,0.8660254037844387,0.9749279121818236,-0.22252093395631434
2024-02-01,55.0,11266.666666666668,133.18,158.0,0,False,False,False,True,5.01,0.9000001,1018.10004,9.842333,0.2,1018.6792,0.0,15.963249,0.0,1016.49994,10.27274925,1018.1520700000001,1,0,0.8660254037844386,0.5000000000000001,0.43388373911755823,-0.900968867902419
2024-02-02,65.0,10000.0,133.05,158.0,0,False,False,False,True,5.01,0.0,1015.17914,9.738166,0.0,1015.33344,0.0,15.35075,0.0,1014.2249,10.829,1015.22497,2,0,0.8660254037844386,0.5000000000000001,-0.433883739117558,-0.9009688679024191
2024-02-03,65.0,2856.0,132.98,158.0,0,False,False,False,True,5.01,0.0,1014.2083,10.448584,0.0,1014.325,0.0,13.898666,0.0,1014.64166,10.4175425,1014.43535,3,1,0.8660254037844386,0.5000000000000001,-0.9749279121818236,-0.2225209339563146
2024-02-04,65.0,16450.0,132.98,158.0,0,False,False,False,True,5.01,0.70000005,1017.87085,9.150666,3.2,1018.1084,3.0,15.338252,0.0,1017.1208,9.6633755,1017.970855,4,1,0.8660254037844386,0.5000000000000001,-0.7818314824680299,0.6234898018587334
2024-02-05,65.0,24950.0,132.98,158.0,0,False,False,False,True,5.01,0.0,1017.14166,11.036084,0.0,1017.10004,0.0,15.663251,0.0,1016.5125,11.6831675,1017.06668,5,0,0.8660254037844386,0.5000000000000001,0.0,1.0
2024-02-06,65.0,15475.0,133.2,158.0,0,False,False,False,True,5.01,0.0,1016.2876,10.36525,0.0,1016.2419,0.0,14.925751,0.0,1015.97076,11.416498,1016.297975,6,0,0.8660254037844386,0.5000000000000001,0.7818314824680298,0.6234898018587336
2024-02-07,70.0,6000.0,133.2,158.0,0,False,False,False,True,5.01,0.0,1015.2834,10.588166,0.0,1014.8208,0.0,14.146584,0.0,1015.60004,10.736292,1015.304085,7,0,0.8660254037844386,0.5000000000000001,0.9749279121818236,-0.22252093395631434
2024-02-08,75.0,12000.0,133.06,158.0,0,False,False,False,True,5.01,0.0,1014.40405,9.704833,0.0,1014.1917,0.0,13.077834,0.0,1015.4084,10.77066675,1014.5915749999999,8,0,0.8660254037844386,0.5000000000000001,0.43388373911755823,-0.900968867902419
2024-02-09,65.0,17250.0,133.04,158.0,0,False,False,False,True,5.01,0.0,1019.15424,9.244415,0.0,1019.4167,0.0,13.979919,0.0,1019.25397,10.4227505,1019.41462,9,0,0.8660254037844386,0.5000000000000001,-0.433883739117558,-0.9009688679024191
2024-02-10,65.0,24725.0,133.16,158.0,0,False,False,False,True,5.01,0.0,1020.2083,12.223584,0.2,1020.8875,0.0,14.81742,0.0,1019.21674,12.990458499999999,1020.4895,10,1,0.8660254037844386,0.5000000000000001,-0.9749279121818236,-0.2225209339563146
2024-02-11,65.0,12600.0,133.16,158.0,0,False,False,False,True,5.01,0.0,1020.14996,13.079833,0.1,1021.15424,0.0,15.686165,0.0,1019.12085,13.259209,1020.5979,11,1,0.8660254037844386,0.5000000000000001,-0.7818314824680299,0.6234898018587334
2024-02-12,65.0,22000.0,133.16,158.0,0,False,False,False,True,5.01,0.0,1020.08746,13.125668,0.0,1021.14996,0.0,15.923664,0.0,1018.79156,13.3862915,1020.5853549999999,12,0,0.8660254037844386,0.5000000000000001,0.0,1.0
2024-02-13,65.0,2250.0,133.11,158.0,0,False,False,False,True,5.01,0.0,1019.4251,12.909001,0.0,1020.32916,0.0,16.37575,0.0,1018.125,13.967541749999999,1019.820825,13,0,0.8660254037844386,0.5000000000000001,0.7818314824680298,0.6234898018587336
2024-02-14,55.0,3670.0,133.11,158.0,0,False,False,False,True,5.01,0.0,1018.3081,12.084001,1.0,1019.51654,0.3,16.6195,0.2,1017.03754,13.334208,1018.7456999999999,14,0,0.8660254037844386,0.5000000000000001,0.9749279121818236,-0.22252093395631434
2024-02-15,65.0,5090.0,133.16,160.0,0,False,False,False,True,5.01,0.0,1018.8291,12.1715,0.0,1019.5376,0.0,17.456999,0.0,1017.4499,13.59879175,1019.0937200000001,15,0,0.8660254037844386,0.5000000000000001,0.43388373911755823,-0.900968867902419
2024-02-16,65.0,6645.0,133.18,160.0,0,False,False,False,True,5.01,0.0,1018.96674,13.556915,0.0,1019.75415,0.0,17.734083,0.0,1017.78754,13.9008745,1019.33957,16,0,0.8660254037844386,0.5000000000000001,-0.433883739117558,-0.9009688679024191
2024-02-17,55.0,8200.0,133.13,160.0,0,False,False,False,True,5.01,0.0,1014.38336,12.536083,0.0,1015.14594,0.0,17.5945,0.0,1013.61676,13.584208,1014.747955,17,1,0.8660254037844386,0.5000000000000001,-0.9749279121818236,-0.2225209339563146
2024-02-18,55.0,7683.333333333333,133.13,160.0,0,False,False,False,True,5.01,0.0,1014.24164,12.844417,0.0,1014.9709,0.0,17.47992,0.0,1013.5291,13.6779595,1014.62082,18,1,0.8660254037844386,0.5000000000000001,-0.7818314824680299,0.6234898018587334
2024-02-19,55.0,7166.666666666667,133.13,160.0,0,False,False,False,True,5.01,0.0,1015.39575,13.558999,0.1,1015.9541,0.0,17.73617,0.0,1013.95,14.389417,1015.614595,19,0,0.8660254037844386,0.5000000000000001,0.0,1.0
2024-02-20,55.0,6650.0,133.13,160.0,0,False,False,False,True,5.01,1.0,1013.0874,14.313167,0.0,1013.77924,0.0,19.325752,0.0,1010.62085,15.763376000000001,1013.151975,20,0,0.8660254037844386,0.5000000000000001,0.7818314824680298,0.6234898018587336
2024-02-21,55.0,4944.333333333333,133.05,160.0,0,False,False,False,True,5.01,0.5,1011.3792,13.238167,0.0,1011.8999,0.0,19.496584,0.2,1008.9709,13.864417,1011.500025,21,0,0.8660254037844386,0.5000000000000001,0.9749279121818236,-0.22252093395631434
2024-02-22,55.0,3238.6666666666665,133.06,160.0,0,False,False,False,True,5.01,3.9,1012.52924,11.879834,0.7,1013.13324,0.0,18.621584,0.0,1010.69165,12.9081665,1012.72089,22,0,0.8660254037844386,0.5000000000000001,0.43388373911755823,-0.900968867902419
2024-02-23,55.0,1533.0,132.85,160.0,0,False,False,False,True,5.01,0.0,1014.29156,10.709001,0.0,1015.075,0.1,17.875751,0.0,1012.8501,11.76962475,1014.6290799999999,23,0,0.8660254037844386,0.5000000000000001,-0.433883739117558,-0.9009688679024191
2024-02-24,55.0,1491.0,133.01,160.0,0,False,False,False,True,5.01,0.0,1016.2666,10.777751,1.1,1017.0999,0.0,16.929918,0.0,1015.3376,11.808166,1016.5749800000001,24,1,0.8660254037844386,0.5000000000000001,-0.9749279121818236,-0.2225209339563146
2024-02-25,55.0,1449.0,133.01,160.0,0,False,False,False,True,5.01,0.0,1017.1331,12.061082,0.0,1017.79175,0.0,16.4695,0.0,1015.92487,12.545666,1017.35613,25,1,0.8660254037844386,0.5000000000000001,-0.7818314824680299,0.6234898018587334
2024-02-26,55.0,1407.0,133.01,160.0,0,False,False,False,True,5.01,0.0,1017.54156,12.371499,0.0,1018.16254,0.0,16.240335,0.0,1016.66254,13.32483375,1017.84368,26,0,0.8660254037844386,0.5000000000000001,0.0,1.0
2024-02-27,55.0,1365.0,132.93,160.0,0,False,False,False,True,5.01,0.0,1015.9709,13.021501,0.0,1016.5376,0.0,16.650751,0.0,1014.93335,14.24045825,1016.1521700000001,27,0,0.8660254037844386,0.5000000000000001,0.7818314824680298,0.6234898018587336
2024-02-28,55.0,7000.0,132.94,160.0,0,False,False,False,True,5.01,0.0,1013.14166,13.658998,0.0,1013.6125,0.0,18.12992,0.0,1012.33746,14.5539985,1013.30828,28,0,0.8660254037844386,0.5000000000000001,0.9749279121818236,-0.22252093395631434
2024-02-29,55.0,4387.5,132.98,160.0,0,False,False,False,True,5.01,0.0,1013.5916,13.334001,0.0,1014.4417,0.0,18.715332,0.0,1012.97095,14.660250000000001,1014.04577,29,0,0.8660254037844386,0.5000000000000001,0.43388373911755823,-0.900968867902419
2024-03-01,55.0,1775.0,132.97,160.0,0,False,False,True,False,4.82,0.0,1015.3167,14.167332,0.0,1016.071,0.0,19.088251,0.0,1014.1792,14.895668,1015.7083700000001,1,0,1.0,6.123233995736766e-17,-0.433883739117558,-0.9009688679024191
2024-03-02,55.0,1139.5,132.95,160.0,0,False,False,True,False,4.82,0.8,1015.5166,14.925666,0.8,1016.4751,0.8,20.80075,0.0,1013.19165,15.590458,1015.72915,2,1,1.0,6.123233995736766e-17,-0.9749279121818236,-0.2225209339563146
2024-03-03,55.0,504.0,132.95,160.0,0,False,False,True,False,4.82,2.3999999,1014.8042,14.031918,6.1000004,1015.9458,3.4,19.798666,0.8000001,1012.5293,14.8977505,1015.064665,3,1,1.0,6.123233995736766e-17,-0.7818314824680299,0.6234898018587334
2024-03-04,55.0,1008.0,132.95,160.0,0,False,False,True,False,4.82,0.0,1013.66254,14.348583,1.4,1014.61664,0.1,21.165335,2.4,1011.71674,15.698792000000001,1013.81457,4,0,1.0,6.123233995736766e-17,0.0,1.0
2024-03-05,55.0,5000.0,132.93,160.0,1,False,False,True,False,4.82,0.0,1013.49164,13.99025,0.0,1014.04584,0.0,20.62992,0.0,1011.74176,15.24671,1013.58545,5,0,1.0,6.123233995736766e-17,0.7818314824680298,0.6234898018587336
2024-03-06,55.0,2600.0,132.94,160.0,1,False,False,True,False,4.82,0.0,1012.55817,15.192334,0.0,1013.1667,0.0,18.846584,0.0,1011.8249,15.818586,1012.816585,6,0,1.0,6.123233995736766e-17,0.9749279121818236,-0.22252093395631434
2024-03-07,65.0,200.0,132.82,160.0,1,False,False,True,False,4.82,0.0,1012.25824,15.517333,0.1,1013.01666,0.0,18.371584,0.0,1011.55835,16.013377,1012.458345,7,0,1.0,6.123233995736766e-17,0.43388373911755823,-0.900968867902419
2024-03-08,65.0,980.0,132.76,160.0,1,False,False,True,False,4.82,0.0,1012.9041,14.727749,0.0,1013.71246,0.0,19.490335,0.0,1011.77094,15.3279595,1013.177025,8,0,1.0,6.123233995736766e-17,-0.433883739117558,-0.9009688679024191
2024-03-09,55.0,1760.0,132.76,160.0,1,False,False,True,False,4.82,0.0,1013.47076,14.315249,0.0,1014.38745,0.0,19.071583,0.0,1012.57086,15.39879225,1013.90826,9,1,1.0,6.123233995736766e-17,-0.9749279121818236,-0.2225209339563146
2024-03-10,55.0,2540.0,132.76,160.0,1,False,False,True,False,4.82,0.0,1015.8083,15.002748,0.0,1016.75415,0.0,19.782001,0.0,1014.7583,16.159208500000002,1016.2916299999999,10,1,1.0,6.123233995736766e-17,-0.7818314824680299,0.6234898018587334
2024-03-11,55.0,3320.0,132.76,160.0,1,False,False,True,False,4.82,0.0,1016.38336,16.467335,0.0,1017.34174,0.0,21.66117,0.0,1014.04175,17.435250000000003,1016.70423,11,0,1.0,6.123233995736766e-17,0.0,1.0
2024-03-12,55.0,4100.0,132.72,160.0,1,False,False,True,False,4.82,0.0,1012.52496,17.283998,0.0,1013.4541,0.0,21.790335,0.0,1010.325,17.817545000000003,1012.8853799999999,12,0,1.0,6.123233995736766e-17,0.7818314824680298,0.6234898018587336
2024-03-13,55.0,7750.0,132.74,160.0,1,False,False,True,False,4.82,0.0,1012.02075,16.99025,0.6,1013.34155,0.0,22.542414,0.0,1009.98334,17.868585500000002,1012.5249249999999,13,0,1.0,6.123233995736766e-17,0.9749279121818236,-0.22252093395631434
2024-03-14,65.0,3465.0,132.89,160.0,1,False,False,True,False,4.82,0.0,1012.9958,17.431917,0.0,1014.125,0.0,22.194502,0.0,1010.5,17.8967095,1013.3666499999999,14,0,1.0,6.123233995736766e-17,0.43388373911755823,-0.900968867902419
2024-03-15,55.0,3622.5,132.82,158.0,1,False,False,True,False,4.82,0.0,1013.2207,17.244417,0.0,1014.49994,0.0,23.171585,0.0,1010.8916,18.1342085,1013.720825,15,0,1.0,6.123233995736766e-17,-0.433883739117558,-0.9009688679024191
2024-03-16,55.0,3780.0,132.91,158.0,1,False,False,True,False,4.82,0.0,1015.52905,16.702751,0.0,1016.7375,0.0,22.865334,0.0,1012.85425,18.074832999999998,1015.872895,16,1,1.0,6.123233995736766e-17,-0.9749279121818236,-0.2225209339563146
2024-03-17,55.0,3937.5,132.91,158.0,1,False,False,True,False,4.82,0.0,1015.22095,17.354836,0.0,1016.3958,0.0,22.782003,0.0,1012.80835,18.0810855,1015.664705,17,1,1.0,6.123233995736766e-17,-0.7818314824680299,0.6234898018587334
2024-03-18,55.0,4095.0,132.91,158.0,1,False,False,True,False,4.82,0.0,1013.7085,17.286083,0.0,1015.04584,0.0,22.75492,0.0,1011.5874,18.059207999999998,1014.2438,18,0,1.0,6.123233995736766e-17,0.0,1.0
2024-03-19,55.0,5000.0,132.96,158.0,1,False,False,True,False,4.82,0.0,1014.36255,17.648584,0.0,1015.79584,0.0,24.850754,0.0,1011.4124,18.1935855,1014.8667250000001,19,0,1.0,6.123233995736766e-17,0.7818314824680298,0.6234898018587336
2024-03-20,55.0,10.0,133.16,158.0,1,False,False,True,False,4.82,4.9999995,1015.97504,14.163166,6.0,1017.3416,11.2,19.963251,12.3,1014.46674,14.6529585,1016.51874,20,0,1.0,6.123233995736766e-17,0.9749279121818236,-0.22252093395631434
2024-03-21,56.67,1841.67,133.36,158.0,1,False,False,True,False,4.82,3.3,1015.1541,13.881917,6.1,1016.35004,6.1,20.240334,14.6,1013.92505,14.616502,1015.58538,21,0,1.0,6.123233995736766e-17,0.43388373911755823,-0.900968867902419
2024-03-22,58.33,3673.33,133.34,158.0,1,False,False,True,False,4.82,9.5,1011.87085,14.400666,0.2,1012.5374,1.0,20.913252,0.0,1009.9292,15.045668,1011.987525,22,0,1.0,6.123233995736766e-17,-0.433883739117558,-0.9009688679024191
2024-03-23,60.0,5505.0,133.79,158.0,1,False,False,True,False,4.82,7.899999,1009.9082,14.454833,12.1,1010.9709,5.5999994,20.946587,3.7,1008.0625,15.9290015,1010.1666,23,1,1.0,6.123233995736766e-17,-0.9749279121818236,-0.2225209339563146
2024-03-24,61.67,7336.67,133.79,158.0,1,False,False,True,False,4.82,2.9,1013.1291,15.66525,1.7,1014.27905,1.1000001,22.932,0.0,1010.75006,16.838375,1013.39783,24,1,1.0,6.123233995736766e-17,-0.7818314824680299,0.6234898018587334
2024-03-25,63.33,9168.33,133.79,158.0,1,False,False,True,False,4.82,3.2,1013.68744,15.813167,0.9,1014.5874,0.2,23.386168,0.0,1010.70416,16.697750499999998,1013.774905,25,0,1.0,6.123233995736766e-17,0.0,1.0
2024-03-26,65.0,11000.0,133.79,158.0,0,False,False,True,False,4.82,2.8,1013.93353,16.594416,1.0000001,1015.10834,0.0,23.802835,4.2000003,1011.675,17.6623335,1014.364615,26,0,1.0,6.123233995736766e-17,0.7818314824680298,0.6234898018587336
2024-03-27,55.0,16000.0,133.56,158.0,0,False,False,True,False,4.82,0.9000001,1015.96674,16.519417,9.6,1017.0999,6.4999995,23.996584,0.0,1013.53754,17.313375,1016.2728,27,0,1.0,6.123233995736766e-17,0.9749279121818236,-0.22252093395631434
2024-03-28,65.0,24437.5,133.7,158.0,0,False,False,True,False,4.82,1.4000001,1013.59174,17.194416,4.1,1014.8875,1.9000001,24.194502,0.1,1011.1709,17.9915,1013.9271200000001,28,0,1.0,6.123233995736766e-17,0.43388373911755823,-0.900968867902419
2024-03-29,75.0,32875.0,133.75,158.0,0,False,False,True,False,4.82,2.0,1012.9998,17.404835,2.1000001,1014.27496,1.1,25.167418,0.0,1009.5042,18.880042500000002,1013.220725,29,0,1.0,6.123233995736766e-17,-0.433883739117558,-0.9009688679024191
2024-03-30,76.67,5735.0,133.75,158.0,0,False,False,True,False,4.82,9.9,1013.01245,18.47775,1.2,1014.3167,1.1,25.94867,0.0,1009.16675,19.723792,1013.333345,30,1,1.0,6.123233995736766e-17,-0.9749279121818236,-0.2225209339563146
2024-03-31,75.0,55000.0,133.75,158.0,0,False,False,True,False,4.82,2.9,1011.22076,19.234,0.1,1012.94574,0.0,25.867416,0.0,1007.179,20.130042000000003,1011.75198,31,1,1.0,6.123233995736766e-17,-0.7818314824680299,0.6234898018587334
2024-04-01,73.0,46071.0,133.75,158.0,0,False,False,True,False,4.61,0.0,1006.5334,19.598581,0.0,1007.9041,0.0,25.738253,0.0,1003.2957,20.545668,1006.90632,1,0,0.8660254037844387,-0.4999999999999998,0.0,1.0
2024-04-02,71.0,37142.0,133.75,158.0,0,False,False,True,False,4.61,0.0,1005.9876,20.0715,0.0,1007.4875,0.0,24.513254,0.0,1003.5291,20.8394175,1006.5271250000001,2,0,0.8660254037844387,-0.4999999999999998,0.7818314824680298,0.6234898018587336
2024-04-03,69.0,28213.0,133.72,158.0,0,False,False,True,False,4.61,0.0,1008.19165,20.361086,0.0,1009.7083,0.0,24.704916,0.0,1005.5876,21.245669,1008.7417,3,0,0.8660254037844387,-0.4999999999999998,0.9749279121818236,-0.22252093395631434
2024-04-04,67.0,19284.0,133.8,158.0,0,False,False,True,False,4.61,0.0,1008.54584,22.363169,0.0,1010.25006,0.0,26.138247,0.0,1004.9375,22.194626,1009.20417,4,0,0.8660254037844387,-0.4999999999999998,0.43388373911755823,-0.900968867902419
2024-04-05,65.0,10355.0,133.81,158.0,0,False,False,True,False,4.61,0.0,1007.60425,22.000666,0.0,1009.30835,0.0,27.111168,0.0,1004.3,22.023792,1008.2125550000001,5,0,0.8660254037844387,-0.4999999999999998,-0.433883739117558,-0.9009688679024191
2024-04-06,69.38,40952.5,133.58,158.0,0,False,False,True,False,4.61,0.0,1008.1042,21.534002,0.1,1009.8918,0.0,26.365335,0.0,1004.3416,21.692542500000002,1008.81455,6,1,0.8660254037844387,-0.4999999999999998,-0.9749279121818236,-0.2225209339563146
2024-04-07,73.75,71550.0,133.58,158.0,0,False,False,True,False,4.61,0.0,1008.52924,21.034,0.1,1010.4458,0.0,26.038252,0.0,1004.98755,21.111293,1009.18342,7,1,0.8660254037844387,-0.4999999999999998,-0.7818314824680299,0.6234898018587334
2024-04-08,75.0,35300.0,133.58,158.0,0,False,False,True,False,4.61,0.0,1010.4709,20.223581,0.0,1012.4458,0.0,24.82575,0.0,1007.6458,20.9279595,1011.1875,8,0,0.8660254037844387,-0.4999999999999998,0.0,1.0
2024-04-09,75.0,28828.0,133.61,158.0,0,False,False,True,False,4.61,0.0,1012.0667,19.796501,2.0,1013.76666,0.1,25.411165,0.0,1009.07086,20.431086,1012.6458,9,0,0.8660254037844387,-0.4999999999999998,0.7818314824680298,0.6234898018587336
2024-04-10,66.67,22356.0,133.61,158.0,0,False,False,True,False,4.61,0.0,1012.71655,20.34025,0.0,1014.4209,0.0,25.492416,0.0,1009.2292,20.80296,1013.331205,10,0,0.8660254037844387,-0.4999999999999998,0.9749279121818236,-0.22252093395631434
2024-04-11,65.0,29000.0,133.4,158.0,0,False,False,True,False,4.61,0.7,1013.8542,19.888165,1.7,1016.1501,0.0,26.690338,0.1,1010.7043,20.7467085,1014.6583,11,0,0.8660254037844387,-0.4999999999999998,0.43388373911755823,-0.900968867902419
2024-04-12,65.0,16500.0,133.4,158.0,0,False,False,True,False,4.61,0.0,1013.22504,19.656916,0.0,1014.9043,0.2,26.554916,0.0,1010.26263,20.3883785,1013.8396,12,0,0.8660254037844387,-0.4999999999999998,-0.433883739117558,-0.9009688679024191
2024-04-13,70.0,9500.0,133.77,158.0,1,False,False,True,False,4.61,0.0,1013.17084,20.4965,0.4,1014.9416,0.0,27.842417,0.0,1009.6709,21.3987925,1013.720795,13,1,0.8660254037844387,-0.4999999999999998,-0.9749279121818236,-0.2225209339563146
2024-04-14,75.0,2500.0,133.77,158.0,1,False,False,True,False,4.61,0.0,1013.35406,21.711084,0.0,1014.8499,0.0,28.104912,0.0,1009.5876,21.896708500000003,1013.8020300000001,14,1,0.8660254037844387,-0.4999999999999998,-0.7818314824680299,0.6234898018587334
2024-04-15,65.0,36750.0,133.77,158.0,0,False,False,True,False,4.61,0.0,1012.0959,22.425667,0.0,1013.7,0.1,28.794504,0.0,1008.1042,23.085250000000002,1012.58338,15,0,0.8660254037844387,-0.4999999999999998,0.0,1.0
2024-04-16,65.0,16260.0,133.83,161.0,0,False,False,True,False,4.61,0.3,1008.85425,22.533998,4.0,1010.8667,0.4,28.365334,0.0,1005.2417,23.346711999999997,1009.489595,16,0,0.8660254037844387,-0.4999999999999998,0.7818314824680298,0.6234898018587336
2024-04-17,65.0,23250.0,133.96,161.0,0,False,False,True,False,4.61,0.0,1006.54175,21.400665,0.2,1008.3127,1.2,28.017416,0.0,1003.7458,22.733167,1007.160425,17,0,0.8660254037844387,-0.4999999999999998,0.9749279121818236,-0.22252093395631434
2024-04-18,65.0,16000.0,133.96,161.0,0,False,False,True,False,4.61,0.1,1006.22504,21.71525,1.1,1008.2542,0.90000004,27.532,0.0,1003.5501,22.676917500000002,1006.9583700000001,18,0,0.8660254037844387,-0.4999999999999998,0.43388373911755823,-0.900968867902419
2024-04-19,65.0,14666.67,133.97,161.0,0,False,False,True,False,4.61,0.0,1003.82916,21.931915,0.0,1005.3667,0.0,28.532,0.0,1000.76245,23.223792500000002,1004.24578,19,0,0.8660254037844387,-0.4999999999999998,-0.433883739117558,-0.9009688679024191
2024-04-20,65.0,13333.33,133.86,161.0,0,False,False,True,False,4.61,0.0,1003.08325,22.821503,0.0,1004.75836,0.0,30.196585,0.0,999.6167,24.516503,1003.468725,20,1,0.8660254037844387,-0.4999999999999998,-0.9749279121818236,-0.2225209339563146
2024-04-21,65.0,12000.0,133.86,161.0,0,False,False,True,False,4.61,0.0,1004.3958,23.152746,0.0,1006.07086,0.0,30.57575,0.0,1000.7126,24.4435845,1004.8958,21,1,0.8660254037844387,-0.4999999999999998,-0.7818314824680299,0.6234898018587334
2024-04-22,55.0,12000.0,133.86,161.0,0,False,False,True,False,4.61,0.0,1006.19165,23.21108,0.0,1007.71234,0.0,30.590334,0.0,1002.39996,24.537334,1006.59366,22,0,0.8660254037844387,-0.4999999999999998,0.0,1.0
2024-04-23,55.0,10175.0,133.69,161.0,0,False,False,True,False,4.61,0.0,1006.6082,22.154837,0.0,1008.0999,0.0,30.796583,0.0,1002.19586,23.494625499999998,1007.02288,23,0,0.8660254037844387,-0.4999999999999998,0.7818314824680298,0.6234898018587336
2024-04-24,55.0,8350.0,133.66,161.0,0,False,False,True,False,4.61,0.0,1005.68744,22.619417,0.0,1007.39166,0.0,30.779915,0.0,1001.7834,23.439417,1006.23957,24,0,0.8660254037844387,-0.4999999999999998,0.9749279121818236,-0.22252093395631434
2024-04-25,55.0,6525.0,133.62,161.0,0,False,False,True,False,4.61,0.0,1005.58765,23.36525,0.0,1007.20416,0.0,29.836168,0.0,1001.93756,24.13525,1006.091675,25,0,0.8660254037844387,-0.4999999999999998,0.43388373911755823,-0.900968867902419
2024-04-26,55.0,4700.0,133.61,161.0,0,False,False,True,False,4.61,0.0,1005.4124,23.994415,0.0,1007.304,0.0,28.76533,0.0,1001.9834,24.655043499999998,1006.0833,26,0,0.8660254037844387,-0.4999999999999998,-0.433883739117558,-0.9009688679024191
2024-04-27,55.0,2875.0,133.65,161.0,0,False,False,True,False,4.61,0.0,1006.59985,24.681915,0.0,1008.33325,0.0,29.917418,0.0,1003.1917,24.8915005,1007.0833399999999,27,1,0.8660254037844387,-0.4999999999999998,-0.9749279121818236,-0.2225209339563146
2024-04-28,45.0,10275.0,133.65,161.0,0,False,False,True,False,4.61,0.0,1006.4207,24.034002,0.0,1008.14575,0.0,31.036165,0.0,1002.44586,24.619628,1006.8186499999999,28,1,0.8660254037844387,-0.4999999999999998,-0.7818314824680299,0.6234898018587334
2024-04-29,45.0,17675.0,133.65,161.0,0,False,False,True,False,4.61,0.0,1006.4458,24.586084,0.0,1008.22504,0.0,30.473665,0.0,1002.62494,25.302960499999998,1006.9437499999999,29,0,0.8660254037844387,-0.4999999999999998,0.0,1.0
2024-04-30,45.0,11337.5,133.86,159.0,0,False,False,True,False,4.61,0.0,1002.84155,24.469416,0.0,1004.57916,0.0,31.515335,0.0,998.54987,25.831083,1003.314475,30,0,0.8660254037844387,-0.4999999999999998,0.7818314824680298,0.6234898018587336
2024-05-01,45.0,5000.0,133.79,159.0,0,False,False,True,False,4.4,0.0,1001.55,23.338165,0.0,1003.2041,0.0,31.169497,0.0,998.35425,24.6904635,1002.0978749999999,1,0,0.49999999999999994,-0.8660254037844387,0.9749279121818236,-0.22252093395631434
2024-05-02,40.0,14075.0,133.79,159.0,0,False,False,True,False,4.4,0.0,1003.35834,21.60275,0.0,1005.1292,0.0,29.719498,0.0,999.96655,23.232127,1003.91247,2,0,0.49999999999999994,-0.8660254037844387,0.43388373911755823,-0.900968867902419
2024-05-03,35.0,23150.0,133.86,159.0,0,False,False,True,False,4.4,0.0,1006.5125,22.442335,0.0,1008.17505,0.0,29.073668,0.0,1003.2708,24.1185865,1007.0770500000001,3,0,0.49999999999999994,-0.8660254037844387,-0.433883739117558,-0.9009688679024191
2024-05-04,37.5,12500.0,133.78,159.0,0,False,False,True,False,4.4,0.0,1007.1999,23.025667,0.0,1008.8501,0.0,30.00908,0.0,1003.7918,24.250874,1007.7229649999999,4,1,0.49999999999999994,-0.8660254037844387,-0.9749279121818236,-0.2225209339563146
2024-05-05,45.0,4500.0,133.78,159.0,0,False,False,True,False,4.4,0.0,1004.3831,22.406916,0.0,1006.0168,0.0,30.179914,0.0,1000.97906,23.631085499999998,1004.90197,5,1,0.49999999999999994,-0.8660254037844387,-0.7818314824680299,0.6234898018587334
2024-05-06,35.0,2320.0,133.78,159.0,0,False,False,True,False,4.4,2.6,1007.40826,22.177748,0.4,1009.17487,1.2,29.542418,0.9,1005.0835,23.266499500000002,1007.96878,6,0,0.49999999999999994,-0.8660254037844387,0.0,1.0
2024-05-07,37.5,140.0,133.89,159.0,0,False,False,True,False,4.4,25.400002,1012.50415,18.221498,10.1,1014.08325,17.300001,27.148668,15.4,1009.30414,18.990458500000003,1012.947905,7,0,0.49999999999999994,-0.8660254037844387,0.7818314824680298,0.6234898018587336
2024-05-08,40.0,280.0,133.92,159.0,0,False,False,True,False,4.4,3.9000003,1013.10815,17.663164,17.700003,1014.62915,9.200001,25.00075,23.2,1009.9958,18.805042999999998,1013.452025,8,0,0.49999999999999994,-0.8660254037844387,0.9749279121818236,-0.22252093395631434
2024-05-09,45.0,11315.000000000002,133.94,159.0,0,False,False,True,False,4.4,3.2000003,1010.7332,18.96108,5.6,1012.37494,0.5,26.502836,0.2,1007.62915,20.1133745,1011.1290799999999,9,0,0.49999999999999994,-0.8660254037844387,0.43388373911755823,-0.900968867902419
2024-05-10,45.0,22350.0,133.91,159.0,0,False,False,True,False,4.4,13.4,1011.1208,19.234001,1.3000001,1012.5334,6.5,26.627836,1.7,1008.14996,20.101917,1011.55,10,0,0.49999999999999994,-0.8660254037844387,-0.433883739117558,-0.9009688679024191
2024-05-11,43.75,18112.5,133.91,159.0,0,False,False,True,False,4.4,6.5,1012.13336,19.58608,10.200001,1013.7627,11.200002,28.019499,4.2999997,1008.4499,20.74671,1012.46045,11,1,0.49999999999999994,-0.8660254037844387,-0.9749279121818236,-0.2225209339563146
2024-05-12,42.5,13875.0,133.91,159.0,0,False,False,True,False,4.4,2.7,1012.8333,19.048582,22.100002,1014.49994,6.5,25.952835,8.300001,1009.8208,20.229,1013.26043,12,1,0.49999999999999994,-0.8660254037844387,-0.7818314824680299,0.6234898018587334
2024-05-13,41.25,9637.5,133.91,159.0,0,False,False,True,False,4.4,1.8,1012.1792,19.542332,6.0,1013.9834,2.0,27.74867,0.0,1008.46246,21.0706665,1012.627075,13,0,0.49999999999999994,-0.8660254037844387,0.0,1.0
2024-05-14,40.0,5400.0,133.96,159.0,0,False,False,True,False,4.4,0.3,1011.73755,21.359,1.0000001,1013.3958,0.1,29.165335,0.0,1007.6667,22.467543,1012.15625,14,0,0.49999999999999994,-0.8660254037844387,0.7818314824680298,0.6234898018587336
2024-05-15,38.33,16262.500000000002,133.92,159.0,0,False,False,True,False,4.4,1.1,1012.6082,22.465248,0.9,1014.4084,0.6,30.373665,0.2,1007.94574,23.472753500000003,1013.04998,15,0,0.49999999999999994,-0.8660254037844387,0.9749279121818236,-0.22252093395631434
2024-05-16,35.0,27125.0,133.91,154.0,0,False,False,True,False,4.4,0.0,1011.07513,22.904837,0.3,1013.06256,0.5,30.58825,0.0,1006.7585,24.636294,1011.71884,16,0,0.49999999999999994,-0.8660254037844387,0.43388373911755823,-0.900968867902419
2024-05-17,37.0,22700.0,133.91,154.0,0,False,False,True,False,4.4,0.0,1008.6333,24.098581,0.0,1010.5,0.0,30.679916,0.0,1004.25415,24.885250499999998,1009.252075,17,0,0.49999999999999994,-0.8660254037844387,-0.433883739117558,-0.9009688679024191
2024-05-18,39.0,18275.0,133.64,154.0,0,False,False,True,False,4.4,11.6,1006.48755,23.638166,2.6000001,1008.60834,4.2,31.192415,1.3000001,1002.24164,24.9644175,1007.1333950000001,18,1,0.49999999999999994,-0.8660254037844387,-0.9749279121818236,-0.2225209339563146
2024-05-19,41.0,13850.0,133.64,154.0,0,False,False,True,False,4.4,6.7,1005.82916,22.206917,5.7999997,1007.7292,0.6,29.72158,12.900001,1001.80426,23.411293999999998,1006.27088,19,1,0.49999999999999994,-0.8660254037844387,-0.7818314824680299,0.6234898018587334
2024-05-20,43.0,9425.0,133.64,154.0,0,False,False,True,False,4.4,2.6,1006.42084,21.813166,3.0,1008.4333,5.2000003,29.121584,0.2,1003.10425,22.973793,1006.954195,20,0,0.49999999999999994,-0.8660254037844387,0.0,1.0
2024-05-21,45.0,5000.0,133.64,154.0,0,False,False,True,False,4.4,2.5,1007.69586,22.01525,3.1000004,1009.46655,1.7,29.211166,0.0,1004.0959,22.7769165,1008.135495,21,0,0.49999999999999994,-0.8660254037844387,0.7818314824680298,0.6234898018587336
2024-05-22,45.0,7458.33,133.6,154.0,0,False,False,True,False,4.4,0.6,1008.3542,22.319418,1.6,1010.075,4.7999997,29.402832,0.0,1004.3582,22.7717095,1008.75,22,0,0.49999999999999994,-0.8660254037844387,0.9749279121818236,-0.22252093395631434
2024-05-23,45.0,9916.67,133.56,154.0,0,False,False,True,False,4.4,0.5,1007.2834,21.823586,1.4000001,1009.20416,0.6,29.617416,0.0,1003.3459,22.821707500000002,1007.800025,23,0,0.49999999999999994,-0.8660254037844387,0.43388373911755823,-0.900968867902419
2024-05-24,45.0,12375.0,133.56,154.0,0,False,False,True,False,4.4,0.4,1005.9001,23.696497,3.7,1007.8875,1.1,31.448668,0.2,1001.17084,24.4144155,1006.37708,24,0,0.49999999999999994,-0.8660254037844387,-0.433883739117558,-0.9009688679024191
2024-05-25,48.33,8250.0,133.26,154.0,0,False,False,True,False,4.4,0.9,1004.2459,23.642334,7.4,1006.45,3.9,32.894497,0.0,999.21246,24.695670999999997,1004.85418,25,1,0.49999999999999994,-0.8660254037844387,-0.9749279121818236,-0.2225209339563146
2024-05-26,51.67,4125.0,133.26,154.0,0,False,False,True,False,4.4,2.6999998,1003.22095,23.500666,1.6000001,1005.25,2.0,32.67158,0.8,998.09155,24.864418,1003.7084050000001,26,1,0.49999999999999994,-0.8660254037844387,-0.7818314824680299,0.6234898018587334
2024-05-27,55.0,5306.25,133.26,154.0,0,False,False,True,False,4.4,17.699999,1000.92505,23.434,13.200001,1002.50415,4.9999995,31.73408,0.0,996.2168,24.1685845,1001.233375,27,0,0.49999999999999994,-0.8660254037844387,0.0,1.0
2024-05-28,45.0,6487.5,133.32,154.0,0,False,False,True,False,4.4,8.599999,999.13763,22.479834,5.9,1000.84576,7.5,31.736168,0.0,994.0791,22.7508755,999.543815,28,0,0.49999999999999994,-0.8660254037844387,0.7818314824680298,0.6234898018587336
2024-05-29,55.0,7668.75,133.39,154.0,0,False,False,True,False,4.4,4.2999997,1000.75,23.586082,0.70000005,1002.6917,1.8,33.629917,0.0,995.65845,24.7998345,1001.2166500000001,29,0,0.49999999999999994,-0.8660254037844387,0.9749279121818236,-0.22252093395631434
2024-05-30,55.0,8850.0,133.66,154.0,0,False,False,True,False,4.4,0.9,1002.6165,25.490252,0.0,1004.5166,0.70000005,32.80908,11.3,998.45416,25.984209,1003.1812649999999,30,0,0.49999999999999994,-0.8660254037844387,0.43388373911755823,-0.900968867902419
2024-05-31,65.0,9900.0,133.62,153.0,0,False,False,True,False,4.4,0.5,1004.1624,24.502748,0.5,1005.7,1.1,31.225748,0.0,1000.6458,24.9342105,1004.5978,31,0,0.49999999999999994,-0.8660254037844387,-0.433883739117558,-0.9009688679024191
2024-06-01,65.0,10950.0,133.85,153.0,0,False,True,False,False,4.17,2.3,1006.2791,22.519411,1.8000001,1008.2292,1.9000001,31.534082,0.0,1001.89575,23.550876000000002,1006.77703,1,1,1.2246467991473532e-16,-1.0,-0.9749279121818236,-0.2225209339563146
2024-06-02,75.0,12000.0,133.85,153.0,0,False,True,False,False,4.17,2.8000002,1006.8416,23.377752,0.1,1008.4167,0.4,29.81325,4.8,1003.06665,24.0092095,1007.1895999999999,2,1,1.2246467991473532e-16,-1.0,-0.7818314824680299,0.6234898018587334
2024-06-03,55.0,8750.0,133.85,153.0,0,False,True,False,False,4.17,1.0,1006.13336,22.506918,1.6,1007.8709,3.8999999,30.084082,2.9,1002.0417,23.198792500000003,1006.58548,3,0,1.2246467991473532e-16,-1.0,0.0,1.0
2024-06-04,55.0,8958.333333333334,133.34,153.0,0,False,True,False,False,4.17,7.9999995,1006.2791,22.767332,3.8999999,1007.7874,2.9,29.92366,1.7,1002.3293,23.405045,1006.59368,4,0,1.2246467991473532e-16,-1.0,0.7818314824680298,0.6234898018587336
2024-06-05,50.0,9166.666666666666,133.96,153.0,0,False,True,False,False,4.17,5.7000003,1007.1624,21.794413,2.8000002,1008.77515,6.3,29.490334,22.7,1003.19165,22.455044,1007.56243,5,0,1.2246467991473532e-16,-1.0,0.9749279121818236,-0.22252093395631434
2024-06-06,65.0,9375.0,133.7,153.0,0,False,True,False,False,4.17,2.8,1007.17084,23.158998,1.4000001,1008.69183,4.7,28.804916,31.8,1003.67487,23.317543,1007.5271,6,0,1.2246467991473532e-16,-1.0,0.43388373911755823,-0.900968867902419
2024-06-07,45.0,9583.333333333334,133.86,153.0,0,False,True,False,False,4.17,3.5000002,1005.6751,22.038164,9.599999,1007.2124,6.7000003,29.13408,0.1,1001.75415,22.668587,1005.92083,7,0,1.2246467991473532e-16,-1.0,-0.433883739117558,-0.9009688679024191
2024-06-08,55.0,9791.666666666666,133.7,153.0,0,False,True,False,False,4.17,2.8999999,1004.1624,23.004837,2.3,1005.65826,2.4999998,30.379915,0.1,999.79596,23.6248365,1004.41247,8,1,1.2246467991473532e-16,-1.0,-0.9749279121818236,-0.2225209339563146
2024-06-09,55.0,10000.0,133.7,153.0,0,False,True,False,False,4.17,0.1,1003.2751,24.746498,0.2,1004.70825,0.1,30.904917,0.0,999.29156,24.950875,1003.5272,9,1,1.2246467991473532e-16,-1.0,-0.7818314824680299,0.6234898018587334
2024-06-10,55.0,5000.0,133.7,153.0,0,False,True,False,False,4.17,0.0,1003.61664,25.156914,0.0,1005.0957,0.0,31.346582,0.0,999.89575,25.426918,1004.01874,10,0,1.2246467991473532e-16,-1.0,0.0,1.0
2024-06-11,55.0,4921.875,133.92,153.0,0,False,True,False,False,4.17,6.7000003,1003.89166,24.377748,1.0,1005.446,1.5000001,31.0195,0.4,999.99994,24.935249499999998,1004.22498,11,0,1.2246467991473532e-16,-1.0,0.7818314824680298,0.6234898018587336
2024-06-12,43.33,4843.75,134.01,153.0,0,False,True,False,False,4.17,1.7,1004.0708,24.661081,1.6000001,1005.69165,2.7999997,31.732,0.0,1000.14996,25.046712,1004.541715,12,0,1.2246467991473532e-16,-1.0,0.9749279121818236,-0.22252093395631434
2024-06-13,55.0,4765.625,133.98,153.0,0,False,True,False,False,4.17,10.8,1002.8918,24.506918,3.7,1004.41656,6.2,30.738245,3.6,999.05005,24.6279605,1003.2147,13,0,1.2246467991473532e-16,-1.0,0.43388373911755823,-0.900968867902419
2024-06-14,43.33,4687.5,133.98,153.0,0,False,True,False,False,4.17,20.3,1002.325,24.211082,3.6,1003.7417,3.1999998,29.109083,9.2,998.7334,24.07275,1002.61248,14,0,1.2246467991473532e-16,-1.0,-0.433883739117558,-0.9009688679024191
2024-06-15,45.0,4609.375,134.0,153.0,0,False,True,False,False,4.17,12.1,1002.3167,24.33608,1.7,1003.77075,6.2,29.225746,14.3,998.6833,24.578999500000002,1002.5333499999999,15,1,1.2246467991473532e-16,-1.0,-0.9749279121818236,-0.2225209339563146
2024-06-16,65.0,4531.25,134.0,153.0,0,False,True,False,False,4.17,23.400002,1003.89166,23.87358,4.8999996,1005.33746,3.1999998,28.990332,1.4000001,1000.1875,23.9665015,1004.16043,16,1,1.2246467991473532e-16,-1.0,-0.7818314824680299,0.6234898018587334
2024-06-17,35.0,4453.125,134.0,153.0,0,False,True,False,False,4.17,32.400005,1003.94586,23.223587,8.2,1005.4792,4.0,30.454916,0.1,999.30426,23.7321275,1004.13751,17,0,1.2246467991473532e-16,-1.0,0.0,1.0
2024-06-18,55.0,4375.0,134.0,153.0,0,False,True,False,False,4.17,41.5,1001.49585,23.136084,9.400001,1003.15424,10.300001,29.427834,2.8999999,997.41254,23.2539995,1001.88745,18,0,1.2246467991473532e-16,-1.0,0.7818314824680298,0.6234898018587336
2024-06-19,55.0,4296.875,133.76,153.0,0,False,True,False,False,4.17,39.400005,1000.65826,22.71942,19.5,1002.1333,22.100002,27.509085,30.399998,997.22076,22.5644185,1000.99163,19,0,1.2246467991473532e-16,-1.0,0.9749279121818236,-0.22252093395631434
2024-06-20,55.0,4218.75,133.84,153.0,0,False,True,False,False,4.17,2.6999996,1002.10425,23.392334,21.2,1003.4375,20.4,27.5445,1.4000001,999.37915,23.143583,1002.447975,20,0,1.2246467991473532e-16,-1.0,0.43388373911755823,-0.900968867902419
2024-06-21,56.67,4140.625,134.15,153.0,0,False,True,False,False,4.17,3.4999998,1003.7749,22.99025,2.6,1005.1624,14.800002,28.4695,0.6,1000.5334,23.067541,1004.06033,21,0,1.2246467991473532e-16,-1.0,-0.433883739117558,-0.9009688679024191
2024-06-22,65.0,4062.5,133.96,153.0,0,False,True,False,False,4.17,4.1,1004.25836,23.334,2.1999998,1005.6167,4.4,28.834085,2.8,1000.3792,23.335251,1004.48126,22,1,1.2246467991473532e-16,-1.0,-0.9749279121818236,-0.2225209339563146
2024-06-23,65.0,3984.375,133.96,153.0,0,False,True,False,False,4.17,3.1000001,1004.66254,23.486082,12.800001,1006.2207,2.9,30.16117,1.3000001,1000.4209,24.007126,1004.89792,23,1,1.2246467991473532e-16,-1.0,-0.7818314824680299,0.6234898018587334
2024-06-24,65.0,3906.25,133.96,153.0,0,False,True,False,False,4.17,1.5000001,1003.30414,24.033998,1.2,1004.8208,3.9,30.26325,3.6,999.2251,24.3623335,1003.6415999999999,24,0,1.2246467991473532e-16,-1.0,0.0,1.0
2024-06-25,65.0,3828.125,133.84,153.0,0,False,True,False,False,4.17,2.9999995,1002.5417,23.925665,6.7000003,1004.21246,9.499998,28.952835,16.600002,999.05426,24.21025,1002.902075,25,0,1.2246467991473532e-16,-1.0,0.7818314824680298,0.6234898018587336
2024-06-26,66.67,3750.0,133.8,153.0,0,False,True,False,False,4.17,19.8,1004.071,23.050665,79.89999,1005.91254,6.7999997,27.202833,47.5,1000.71246,23.367545,1004.55835,26,0,1.2246467991473532e-16,-1.0,0.9749279121818236,-0.22252093395631434
2024-06-27,75.0,3671.875,134.02,153.0,0,False,True,False,False,4.17,3.8999999,1005.8667,23.448586,3.6000001,1007.35004,8.8,29.76533,1.7,1001.80853,23.749833000000002,1006.17295,27,0,1.2246467991473532e-16,-1.0,0.43388373911755823,-0.900968867902419
2024-06-28,66.67,3593.75,133.84,153.0,0,False,True,False,False,4.17,5.799999,1004.07916,23.438164,13.5,1005.43335,16.6,29.154915,3.3,1000.3584,23.4456675,1004.34793,28,0,1.2246467991473532e-16,-1.0,-0.433883739117558,-0.9009688679024191
2024-06-29,65.0,3515.625,133.72,153.0,0,False,True,False,False,4.17,23.3,1003.21246,23.390245,13.4,1004.63336,17.400002,28.752836,9.7,999.50836,23.338375499999998,1003.487545,29,1,1.2246467991473532e-16,-1.0,-0.9749279121818236,-0.2225209339563146
2024-06-30,75.0,3437.5,133.72,157.0,0,False,True,False,False,4.17,22.9,1002.4624,23.075668,10.300002,1003.9001,23.500002,28.336166,13.0,999.07086,23.07692,1002.768765,30,1,1.2246467991473532e-16,-1.0,-0.7818314824680299,0.6234898018587334
2024-07-01,66.67,3359.375,133.72,157.0,0,False,True,False,False,3.57,3.2000003,999.8958,23.431915,12.899999,1001.4167,14.8,27.607004,23.7,996.87915,23.489418,1000.24377,1,0,-0.4999999999999997,-0.8660254037844388,0.0,1.0
2024-07-02,65.0,3281.25,133.81,157.0,0,False,True,False,False,3.57,27.800001,999.8499,23.269415,72.00001,1001.3665,12.900002,27.959085,44.399994,996.8667,23.209209,1000.2041,2,0,-0.4999999999999997,-0.8660254037844388,0.7818314824680298,0.6234898018587336
2024-07-03,66.67,3203.125,133.92,157.0,0,False,True,False,False,3.57,9.000001,1002.5667,23.004831,22.199999,1003.9834,16.8,28.373667,0.0,999.06665,23.1914995,1002.7771250000001,3,0,-0.4999999999999997,-0.8660254037844388,0.9749279121818236,-0.22252093395631434
2024-07-04,75.0,3125.0,133.96,157.0,0,False,True,False,False,3.57,16.4,1004.23755,23.084002,34.999996,1005.7959,19.199997,28.115335,8.099999,1000.8665,23.186294,1004.568755,4,0,-0.4999999999999997,-0.8660254037844388,0.43388373911755823,-0.900968867902419
2024-07-05,76.67,3046.875,133.9,157.0,0,False,True,False,False,3.57,11.3,1002.50415,22.3215,40.5,1004.28345,24.199999,26.436163,46.6,999.43335,22.6446265,1002.887545,5,0,-0.4999999999999997,-0.8660254037844388,-0.433883739117558,-0.9009688679024191
2024-07-06,76.67,2968.75,133.88,157.0,0,False,True,False,False,3.57,99.1,1001.9626,21.183998,97.3,1004.35834,99.3,25.688253,27.800001,999.5918,21.739417000000003,1002.7312999999999,6,1,-0.4999999999999997,-0.8660254037844388,-0.9749279121818236,-0.2225209339563146
2024-07-07,95.0,2890.625,133.88,157.0,0,False,True,False,False,3.57,2.1000001,1005.57916,22.471498,13.599999,1007.2624,1.3000001,27.146585,5.1,1002.2876,22.695669,1005.920805,7,1,-0.4999999999999997,-0.8660254037844388,-0.7818314824680299,0.6234898018587334
2024-07-08,110.0,2812.5,133.88,157.0,0,False,True,False,False,3.57,1.7000002,1005.80005,23.131918,2.1,1007.2666,2.7000003,28.34658,1.0,1002.18756,23.20192,1006.104225,8,0,-0.4999999999999997,-0.8660254037844388,0.0,1.0
2024-07-09,110.0,2734.375,133.9,157.0,0,False,True,False,False,3.57,10.8,1006.2083,23.30275,5.9999995,1007.7708,10.700001,27.95075,31.7,1002.80023,23.6050425,1006.55205,9,0,-0.4999999999999997,-0.8660254037844388,0.7818314824680298,0.6234898018587336
2024-07-10,110.0,2656.25,133.88,157.0,0,False,True,False,False,3.57,16.300001,1006.10834,23.002748,7.4999995,1007.68744,12.500001,26.936167,34.200005,1003.0208,23.1987925,1006.47705,10,0,-0.4999999999999997,-0.8660254037844388,0.9749279121818236,-0.22252093395631434
2024-07-11,115.0,2578.125,133.94,157.0,0,False,True,False,False,3.57,59.6,1002.53754,23.386084,32.199997,1003.9373,22.9,27.546585,19.599998,999.68335,23.1748325,1002.841645,11,0,-0.4999999999999997,-0.8660254037844388,0.43388373911755823,-0.900968867902419
2024-07-12,110.0,2500.0,134.0,157.0,0,False,True,False,False,3.57,51.800003,1001.1084,22.1465,120.59998,1002.87506,44.099995,26.51325,41.6,998.4707,22.3050425,1001.62085,12,0,-0.4999999999999997,-0.8660254037844388,-0.433883739117558,-0.9009688679024191
2024-07-13,120.0,2516.0714285714284,133.96,157.0,0,False,True,False,False,3.57,2.1999998,1000.8875,23.542334,6.5,1002.40424,3.8000004,27.975752,11.3,997.7043,23.4748345,1001.231315,13,1,-0.4999999999999997,-0.8660254037844388,-0.9749279121818236,-0.2225209339563146
2024-07-14,115.0,2532.1428571428573,133.96,157.0,0,False,True,False,False,3.57,5.5,1001.32495,23.986078,44.399994,1002.9751,12.2,28.921585,30.1,997.83746,24.265457,1001.679175,14,1,-0.4999999999999997,-0.8660254037844388,-0.7818314824680299,0.6234898018587334
2024-07-15,120.0,2548.214285714286,133.96,160.0,0,False,True,False,False,3.57,24.099998,1004.40424,24.4965,12.200001,1005.8877,5.2,30.077835,2.6999996,1000.24176,24.4977515,1004.69587,15,0,-0.4999999999999997,-0.8660254037844388,0.0,1.0
2024-07-16,115.0,2564.285714285714,134.06,160.0,0,False,True,False,False,3.57,11.0,1005.3709,23.68608,9.4,1007.0083,18.500002,29.429914,6.2000003,1001.55,23.770668,1005.73965,16,0,-0.4999999999999997,-0.8660254037844388,0.7818314824680298,0.6234898018587336
2024-07-17,125.0,2580.3571428571427,134.04,160.0,0,False,True,False,False,3.57,31.400002,1005.08746,23.479834,34.7,1006.6584,11.200001,28.99659,3.3,1001.09174,23.745669,1005.37708,17,0,-0.4999999999999997,-0.8660254037844388,0.9749279121818236,-0.22252093395631434
2024-07-18,110.0,2596.4285714285716,134.04,160.0,0,False,True,False,False,3.57,1.8000002,1003.72925,23.936083,28.3,1005.2666,7.2,29.877832,6.7,999.32916,23.9540025,1004.05005,18,0,-0.4999999999999997,-0.8660254037844388,0.43388373911755823,-0.900968867902419
2024-07-19,116.67,2612.5,134.15,160.0,0,False,True,False,False,3.57,12.400002,1002.27094,23.667334,19.2,1003.9001,8.5,29.55075,17.1,998.16675,23.887332999999998,1002.59375,19,0,-0.4999999999999997,-0.8660254037844388,-0.433883739117558,-0.9009688679024191
2024-07-20,90.0,2628.5714285714284,134.17,160.0,0,False,True,False,False,3.57,5.3,1002.8667,24.0215,13.299999,1004.4749,7.8999996,30.088251,6.8999996,998.74164,24.352959,1003.154175,20,1,-0.4999999999999997,-0.8660254037844388,-0.9749279121818236,-0.2225209339563146
2024-07-21,95.0,2644.6428571428573,134.17,160.0,0,False,True,False,False,3.57,42.7,1003.50836,23.621498,7.5,1004.7874,4.8999996,29.89033,0.2,999.14166,23.621712000000002,1003.65203,21,1,-0.4999999999999997,-0.8660254037844388,-0.7818314824680299,0.6234898018587334
2024-07-22,66.0,2660.714285714286,134.17,160.0,0,False,True,False,False,3.57,9.200001,1003.1958,23.419416,9.1,1004.77094,8.9,29.669502,3.8999996,999.2917,23.6675425,1003.4833699999999,22,0,-0.4999999999999997,-0.8660254037844388,0.0,1.0
2024-07-23,70.0,2676.785714285714,134.16,160.0,0,False,True,False,False,3.57,9.300002,1001.82495,23.648582,8.099999,1003.2166,10.8,28.906998,1.9000001,997.9998,23.52796,1002.05835,23,0,-0.4999999999999997,-0.8660254037844388,0.7818314824680298,0.6234898018587336
2024-07-24,70.0,2692.8571428571427,134.21,160.0,0,False,True,False,False,3.57,25.2,998.76245,23.917328,35.100002,1000.03326,6.1999993,29.877832,0.4,994.5168,23.6696245,998.9103749999999,24,0,-0.4999999999999997,-0.8660254037844388,0.9749279121818236,-0.22252093395631434
2024-07-25,75.0,2708.9285714285716,134.26,160.0,0,False,True,False,False,3.57,27.0,997.5125,24.025665,33.2,998.9624,6.0,29.52575,3.7999997,993.3835,23.9467085,997.7708700000001,25,0,-0.4999999999999997,-0.8660254037844388,0.43388373911755823,-0.900968867902419
2024-07-26,70.0,2725.0,134.22,160.0,0,False,True,False,False,3.57,4.0,998.87506,24.202751,16.5,1000.44586,9.300001,30.692413,1.9,994.11273,24.720666,999.0937799999999,26,0,-0.4999999999999997,-0.8660254037844388,-0.433883739117558,-0.9009688679024191
2024-07-27,65.0,2533.3333333333335,134.27,160.0,0,False,True,False,False,3.57,1.2,1001.18744,25.106916,2.1000001,1002.88745,14.6,31.502832,3.4,996.60425,25.439417499999998,1001.533295,27,1,-0.4999999999999997,-0.8660254037844388,-0.9749279121818236,-0.2225209339563146
2024-07-28,75.0,2341.6666666666665,134.27,160.0,0,False,True,False,False,3.57,36.0,1002.1042,24.996498,6.7000003,1003.67505,26.3,30.315332,0.9000001,997.9875,24.8321245,1002.45625,28,1,-0.4999999999999997,-0.8660254037844388,-0.7818314824680299,0.6234898018587334
2024-07-29,75.0,2150.0,134.27,160.0,0,False,True,False,False,3.57,58.999992,1002.075,24.873583,16.400002,1003.6875,23.4,30.48408,7.8,997.7793,24.712332,1002.43545,29,0,-0.4999999999999997,-0.8660254037844388,0.0,1.0
2024-07-30,75.0,1958.3333333333335,134.27,160.0,0,False,True,False,False,3.57,38.800003,1003.6167,24.908998,15.5,1004.90424,11.3,30.19867,15.7,999.44165,24.556084,1003.837525,30,0,-0.4999999999999997,-0.8660254037844388,0.7818314824680298,0.6234898018587336
2024-07-31,76.67,1766.6666666666667,134.27,158.0,0,False,True,False,False,3.57,25.0,1004.13745,24.519415,6.2,1005.5667,29.7,29.404917,14.8,1000.08746,24.383169000000002,1004.391625,31,0,-0.4999999999999997,-0.8660254037844388,0.9749279121818236,-0.22252093395631434
2024-08-01,75.0,1575.0,134.26,158.0,0,False,True,False,False,4.09,11.599999,1002.60004,23.844416,18.800001,1004.1792,8.1,28.523668,19.2,999.06256,23.9654585,1002.95832,1,0,-0.8660254037844385,-0.5000000000000004,0.43388373911755823,-0.900968867902419
2024-08-02,76.67,2319.2307692307695,134.26,158.0,0,False,True,False,False,4.09,12.700001,1001.4749,23.096498,15.099999,1002.7207,19.999998,28.209084,0.3,997.7166,23.0394165,1001.59997,2,0,-0.8660254037844385,-0.5000000000000004,-0.433883739117558,-0.9009688679024191
2024-08-03,73.33,3063.4615384615386,134.31,158.0,0,False,True,False,False,4.09,8.099999,1003.80835,22.775667,4.5999994,1005.4458,6.9,27.87575,1.0,1000.54987,22.986294,1004.199975,3,1,-0.8660254037844385,-0.5000000000000004,-0.9749279121818236,-0.2225209339563146
2024-08-04,75.0,3807.6923076923076,134.31,158.0,0,False,True,False,False,4.09,5.3,1006.5876,22.973581,4.5,1008.15405,5.7999997,28.559084,1.1000001,1003.1042,23.126918,1006.92713,4,1,-0.8660254037844385,-0.5000000000000004,-0.7818314824680299,0.6234898018587334
2024-08-05,66.67,4551.923076923077,134.31,158.0,0,False,True,False,False,4.09,5.6,1005.94586,23.131914,18.7,1007.3916,10.799999,28.00492,26.599998,1002.44183,23.226917999999998,1006.1875600000001,5,0,-0.8660254037844385,-0.5000000000000004,0.0,1.0
2024-08-06,65.0,5296.153846153846,134.46,158.0,0,False,True,False,False,4.09,51.500008,1005.17505,22.309,85.10001,1006.69574,17.099998,26.77992,31.8,1001.9041,22.319627,1005.48755,6,0,-0.8660254037844385,-0.5000000000000004,0.7818314824680298,0.6234898018587336
2024-08-07,66.67,6040.384615384615,134.63,158.0,0,False,True,False,False,4.09,13.700005,1005.8667,22.642332,34.000004,1007.29987,20.699997,27.26742,23.3,1002.25836,22.535249,1006.118775,7,0,-0.8660254037844385,-0.5000000000000004,0.9749279121818236,-0.22252093395631434
2024-08-08,65.0,6784.615384615385,134.64,158.0,0,False,True,False,False,4.09,9.2,1006.5625,23.094416,32.5,1008.0083,11.1,27.767418,8.9,1003.26245,22.959211500000002,1006.90207,8,0,-0.8660254037844385,-0.5000000000000004,0.43388373911755823,-0.900968867902419
2024-08-09,76.67,7528.846153846154,134.65,158.0,0,False,True,False,False,4.09,22.9,1007.6458,22.554834,25.300001,1009.05835,16.2,27.64242,14.200001,1004.17096,22.5623325,1007.9291000000001,9,0,-0.8660254037844385,-0.5000000000000004,-0.433883739117558,-0.9009688679024191
2024-08-10,76.67,8273.076923076922,134.64,158.0,0,False,True,False,False,4.09,9.2,1006.59576,22.559,50.2,1008.0208,13.7,27.504921,10.5,1003.25836,22.702958000000002,1006.8353549999999,10,1,-0.8660254037844385,-0.5000000000000004,-0.9749279121818236,-0.2225209339563146
2024-08-11,75.0,9017.307692307691,134.64,158.0,0,False,True,False,False,4.09,6.999999,1005.47925,22.225664,10.099999,1007.02515,8.400001,27.115334,7.7999997,1002.17914,22.499834999999997,1005.80005,11,1,-0.8660254037844385,-0.5000000000000004,-0.7818314824680299,0.6234898018587334
2024-08-12,96.67,9761.538461538461,134.64,158.0,0,False,True,False,False,4.09,13.9,1006.3167,22.836084,40.2,1007.7583,6.4999995,27.429918,12.700001,1003.0208,23.097749999999998,1006.58745,12,0,-0.8660254037844385,-0.5000000000000004,0.0,1.0
2024-08-13,95.0,10505.76923076923,134.66,158.0,0,False,True,False,False,4.09,35.2,1007.37085,23.134,21.6,1008.6917,23.1,27.86117,17.3,1003.73737,23.144627,1007.6021450000001,13,0,-0.8660254037844385,-0.5000000000000004,0.7818314824680298,0.6234898018587336
2024-08-14,86.67,11250.0,134.66,158.0,0,False,True,False,False,4.09,28.500004,1007.7917,22.817331,12.600001,1009.5042,17.3,28.263247,14.200001,1003.9041,23.1050435,1008.12293,14,0,-0.8660254037844385,-0.5000000000000004,0.9749279121818236,-0.22252093395631434
2024-08-15,95.0,14166.666666666666,134.62,158.0,0,False,True,False,False,4.09,12.1,1006.5334,23.867332,6.1,1008.2585,8.0,28.867416,2.5000002,1002.6626,24.0008765,1006.92713,15,0,-0.8660254037844385,-0.5000000000000004,0.43388373911755823,-0.900968867902419
2024-08-16,86.67,17083.333333333332,134.62,155.0,0,False,True,False,False,4.09,6.3,1006.479,22.919413,3.8999996,1008.15424,5.0999994,28.854918,9.099999,1002.5918,23.455043,1006.827,16,0,-0.8660254037844385,-0.5000000000000004,-0.433883739117558,-0.9009688679024191
2024-08-17,86.67,20000.0,134.61,155.0,0,False,True,False,False,4.09,20.2,1007.3418,23.263163,11.3,1009.0708,9.299999,29.48408,27.8,1003.1584,23.590457999999998,1007.73755,17,1,-0.8660254037844385,-0.5000000000000004,-0.9749279121818236,-0.2225209339563146
2024-08-18,85.0,18333.333333333332,134.61,155.0,0,False,True,False,False,4.09,8.5,1007.94995,23.169416,17.400002,1009.89594,8.9,28.586164,12.1,1004.20416,23.471709,1008.4646,18,1,-0.8660254037844385,-0.5000000000000004,-0.7818314824680299,0.6234898018587334
2024-08-19,96.67,16666.666666666668,134.61,155.0,0,False,True,False,False,4.09,12.400001,1006.9666,22.763168,3.0,1008.70416,14.300001,27.992416,19.800001,1003.44165,22.921709,1007.441675,19,0,-0.8660254037844385,-0.5000000000000004,0.0,1.0
2024-08-20,95.0,15000.0,134.5,155.0,0,False,True,False,False,4.09,17.100002,1008.0625,21.940247,7.4999995,1009.4043,3.8999999,27.619501,2.1000001,1004.27496,22.347749,1008.22705,20,0,-0.8660254037844385,-0.5000000000000004,0.7818314824680298,0.6234898018587336
2024-08-21,76.67,13333.333333333334,134.38,155.0,0,False,True,False,False,4.09,16.800001,1009.0251,22.169416,2.4,1010.40424,5.7999997,27.713251,1.7,1005.3582,22.699832999999998,1009.1355,21,0,-0.8660254037844385,-0.5000000000000004,0.9749279121818236,-0.22252093395631434
2024-08-22,75.0,11666.666666666668,134.58,155.0,0,False,True,False,False,4.09,9.0,1007.8542,22.502748,7.7000003,1009.2917,3.9999998,28.53408,4.9,1003.9417,22.95192,1008.054175,22,0,-0.8660254037844385,-0.5000000000000004,0.43388373911755823,-0.900968867902419
2024-08-23,96.67,10000.0,134.63,155.0,0,False,True,False,False,4.09,9.9,1007.78326,22.742332,5.9,1009.2625,9.5,28.032,6.3,1004.30414,23.219623499999997,1008.08953,23,0,-0.8660254037844385,-0.5000000000000004,-0.433883739117558,-0.9009688679024191
2024-08-24,70.0,10666.666666666666,134.53,155.0,0,False,True,False,False,4.09,6.0,1007.98346,23.158998,4.6000004,1009.51666,6.8999996,28.848665,6.899999,1004.2415,23.3331705,1008.34595,24,1,-0.8660254037844385,-0.5000000000000004,-0.9749279121818236,-0.2225209339563146
2024-08-25,75.0,11333.333333333334,134.53,155.0,0,False,True,False,False,4.09,0.90000004,1006.0874,23.281912,0.8,1007.53754,3.5,28.515335,3.6999998,1002.53766,23.2310845,1006.43332,25,1,-0.8660254037844385,-0.5000000000000004,-0.7818314824680299,0.6234898018587334
2024-08-26,66.67,12000.0,134.53,155.0,0,False,True,False,False,4.09,8.6,1006.7,22.55275,1.7,1007.99585,10.9,28.39242,2.5999997,1002.92914,22.737337500000002,1006.906275,26,0,-0.8660254037844385,-0.5000000000000004,0.0,1.0
2024-08-27,65.0,10916.666666666666,134.55,155.0,0,False,True,False,False,4.09,5.0,1008.31244,22.177752,1.2,1009.68317,4.6,28.202835,4.1,1004.6792,22.531084,1008.62085,27,0,-0.8660254037844385,-0.5000000000000004,0.7818314824680298,0.6234898018587336
2024-08-28,60.0,9833.333333333334,134.59,155.0,0,False,True,False,False,4.09,2.0,1007.8916,22.800667,1.9000001,1009.32086,4.5,28.834085,2.1000001,1004.00415,22.960251,1008.1977850000001,28,0,-0.8660254037844385,-0.5000000000000004,0.9749279121818236,-0.22252093395631434
2024-08-29,65.0,8750.0,134.63,155.0,0,False,True,False,False,4.09,8.799999,1007.9583,22.47775,2.3999999,1009.4084,7.2999997,28.054918,7.7000003,1003.9958,22.9540015,1008.23755,29,0,-0.8660254037844385,-0.5000000000000004,0.43388373911755823,-0.900968867902419
2024-08-30,55.0,10000.0,134.5,155.0,0,False,True,False,False,4.09,0.3,1007.875,23.211082,4.7999997,1009.5667,5.2,29.47158,0.2,1003.8918,24.1467095,1008.193815,30,0,-0.8660254037844385,-0.5000000000000004,-0.433883739117558,-0.9009688679024191
2024-08-31,53.75,10666.666666666666,134.49,155.0,0,False,True,False,False,4.09,2.4,1007.7041,23.886084,2.0,1009.2751,8.099999,29.36117,3.2,1003.83746,24.1310845,1008.1062,31,1,-0.8660254037844385,-0.5000000000000004,-0.9749279121818236,-0.2225209339563146
2024-09-01,55.0,11333.333333333334,134.49,154.0,0,False,True,False,False,3.86,33.29999,1009.52075,21.877748,25.0,1011.07904,10.299999,27.352839,20.400002,1005.74164,22.048792,1009.858275,1,1,-1.0,-1.8369701987210297e-16,-0.7818314824680299,0.6234898018587334
2024-09-02,55.0,12000.0,134.49,154.0,0,False,True,False,False,3.86,1.4,1009.58746,22.123583,1.7,1011.12506,0.8,28.83825,0.0,1005.67084,22.8560865,1009.89163,2,0,-1.0,-1.8369701987210297e-16,0.0,1.0
2024-09-03,55.0,4500.0,134.58,154.0,0,False,True,False,False,3.86,0.70000005,1009.5833,22.454834,17.400002,1011.2041,5.5999994,28.5945,11.100001,1005.5916,22.878999,1009.910425,3,0,-1.0,-1.8369701987210297e-16,0.7818314824680298,0.6234898018587336
2024-09-04,55.0,4200.0,134.66,154.0,0,False,True,False,False,3.86,2.6999998,1006.48334,22.133997,3.9999995,1007.92084,3.7,27.067415,22.7,1003.1125,22.116501,1006.81879,4,0,-1.0,-1.8369701987210297e-16,0.9749279121818236,-0.22252093395631434
2024-09-05,55.0,3900.0,134.65,154.0,0,False,True,False,False,3.86,3.8,1005.47925,22.036081,29.800001,1006.91656,6.7999997,26.865335,14.899999,1002.425,21.992542999999998,1005.875095,5,0,-1.0,-1.8369701987210297e-16,0.43388373911755823,-0.900968867902419
2024-09-06,55.0,3600.0,134.68,154.0,0,False,True,False,False,3.86,24.400002,1007.82086,22.379831,21.3,1009.18335,5.5,27.821585,14.700001,1003.8125,22.2123345,1008.05835,6,0,-1.0,-1.8369701987210297e-16,-0.433883739117558,-0.9009688679024191
2024-09-07,55.0,3300.0,134.62,154.0,0,False,True,False,False,3.86,2.4,1007.17505,23.109,1.1,1008.9124,1.0,29.179916,0.0,1002.875,23.63421,1007.53125,7,1,-1.0,-1.8369701987210297e-16,-0.9749279121818236,-0.2225209339563146
2024-09-08,55.0,3000.0,134.62,154.0,0,False,True,False,False,3.86,0.1,1006.51666,23.481913,0.6,1008.25006,0.7,28.854918,3.6000001,1002.57513,24.072752,1006.9708800000001,8,1,-1.0,-1.8369701987210297e-16,-0.7818314824680299,0.6234898018587334
2024-09-09,55.0,3012.422360248447,134.62,154.0,0,False,True,False,False,3.86,2.2999997,1005.39575,22.794416,3.2,1007.0417,8.7,29.29242,0.8,1001.32904,23.409211,1005.7478,9,0,-1.0,-1.8369701987210297e-16,0.0,1.0
2024-09-10,55.0,3024.8447204968943,134.64,154.0,0,False,True,False,False,3.86,1.1,1005.0959,22.911081,5.4,1006.7083,3.1000001,29.667418,0.1,1000.9458,23.6102535,1005.40205,10,0,-1.0,-1.8369701987210297e-16,0.7818314824680298,0.6234898018587336
2024-09-11,55.0,3037.2670807453414,134.67,154.0,0,False,True,False,False,3.86,9.600001,1005.97095,23.192331,6.3999996,1007.6709,9.900001,28.99867,4.8,1002.075,23.3550395,1006.389625,11,0,-1.0,-1.8369701987210297e-16,0.9749279121818236,-0.22252093395631434
2024-09-12,55.0,3049.6894409937886,134.67,154.0,0,False,True,False,False,3.86,1.6,1006.39594,22.358995,5.4999995,1008.28326,4.6000004,29.284082,3.7,1002.28326,23.275873,1006.7771700000001,12,0,-1.0,-1.8369701987210297e-16,0.43388373911755823,-0.900968867902419
2024-09-13,55.59,3062.111801242236,134.65,154.0,0,False,True,False,False,3.86,5.7000003,1004.60834,22.644419,3.9999995,1006.24585,2.5,28.932001,3.4,1000.47925,23.455044,1004.962585,13,0,-1.0,-1.8369701987210297e-16,-0.433883739117558,-0.9009688679024191
2024-09-14,56.18,3074.5341614906833,134.53,154.0,0,False,True,False,False,3.86,6.7999997,1004.5625,21.5215,11.1,1006.2334,11.299999,27.054922,16.2,1000.7791,22.267544,1004.9521199999999,14,1,-1.0,-1.8369701987210297e-16,-0.9749279121818236,-0.2225209339563146
2024-09-15,56.76,3086.9565217391305,134.53,154.0,0,False,True,False,False,3.86,16.4,1005.17505,21.581915,7.9999995,1006.51666,6.5999994,27.688253,1.9000001,1001.12494,21.938375,1005.427095,15,1,-1.0,-1.8369701987210297e-16,-0.7818314824680299,0.6234898018587334
2024-09-16,57.35,3099.3788819875776,134.53,154.0,0,False,True,False,False,3.86,1.2,1006.85425,21.892332,1.2,1008.4084,0.70000005,27.361168,2.7,1003.1875,22.330042499999998,1007.218775,16,0,-1.0,-1.8369701987210297e-16,0.0,1.0
2024-09-17,57.94,3111.801242236025,134.53,154.0,0,False,True,False,False,3.86,8.900001,1009.0667,21.971497,2.5,1010.54156,3.5,28.159086,0.0,1005.07086,22.660251000000002,1009.35632,17,0,-1.0,-1.8369701987210297e-16,0.7818314824680298,0.6234898018587336
2024-09-18,58.53,3124.223602484472,134.31,154.0,0,False,True,False,False,3.86,1.0,1008.4001,23.008997,1.3,1009.9084,0.4,29.088251,0.0,1004.4124,23.572752,1008.71675,18,0,-1.0,-1.8369701987210297e-16,0.9749279121818236,-0.22252093395631434
2024-09-19,59.12,3136.645962732919,134.31,154.0,0,False,True,False,False,3.86,2.1,1007.87494,23.552748,0.70000005,1009.3835,0.3,29.361162,0.0,1003.7624,23.9644165,1008.19372,19,0,-1.0,-1.8369701987210297e-16,0.43388373911755823,-0.900968867902419
2024-09-20,59.71,3149.0683229813667,134.2,154.0,0,False,True,False,False,3.86,7.8999996,1007.6833,23.102747,0.70000005,1009.4333,1.6,29.013252,0.0,1003.61255,24.1571275,1008.0771,20,0,-1.0,-1.8369701987210297e-16,-0.433883739117558,-0.9009688679024191
2024-09-21,60.29,3161.490683229814,134.01,154.0,0,False,True,False,False,3.86,14.400001,1009.1333,22.627748,2.5999997,1011.0457,4.2999997,29.556997,0.0,1004.43744,23.0664995,1009.65,21,1,-1.0,-1.8369701987210297e-16,-0.9749279121818236,-0.2225209339563146
2024-09-22,60.88,3173.913043478261,134.01,154.0,0,False,True,False,False,3.86,0.0,1007.64166,24.6215,0.0,1009.30005,0.0,29.859085,0.0,1003.43335,25.224835,1007.99786,22,1,-1.0,-1.8369701987210297e-16,-0.7818314824680299,0.6234898018587334
2024-09-23,61.47,3186.335403726708,134.01,154.0,0,False,True,False,False,3.86,0.0,1007.79584,24.569414,1.5,1009.80835,1.4,30.82575,0.0,1003.19165,25.299835,1008.3124700000001,23,0,-1.0,-1.8369701987210297e-16,0.0,1.0
2024-09-24,62.06,3198.7577639751553,133.99,154.0,0,False,True,False,False,3.86,1.8,1008.2124,23.540247,0.6,1009.7791,0.70000005,29.065336,8.4,1004.3376,23.749834999999997,1008.585325,24,0,-1.0,-1.8369701987210297e-16,0.7818314824680298,0.6234898018587336
2024-09-25,62.65,3211.1801242236024,134.18,154.0,1,False,True,False,False,3.86,12.5,1009.4875,21.819414,7.8,1010.8958,12.9,26.748663,9.300001,1006.07495,21.815458,1009.768685,25,0,-1.0,-1.8369701987210297e-16,0.9749279121818236,-0.22252093395631434
2024-09-26,63.24,3223.6024844720496,134.06,154.0,1,False,True,False,False,3.86,20.099998,1009.0,20.761082,34.5,1010.89154,35.5,25.117416,43.399998,1006.3125,21.241503,1009.56668,26,0,-1.0,-1.8369701987210297e-16,0.43388373911755823,-0.900968867902419
2024-09-27,63.82,3236.0248447204967,134.14,154.0,1,False,True,False,False,3.86,98.7,1010.1084,19.27775,181.7,1012.1834,157.1,24.240334,49.600002,1007.6042,19.861292,1010.78958,27,0,-1.0,-1.8369701987210297e-16,-0.433883739117558,-0.9009688679024191
2024-09-28,64.41,3248.447204968944,134.23,154.0,1,False,True,False,False,3.86,89.90001,1010.7624,18.8965,125.7,1012.69165,85.79998,24.0945,68.79999,1008.09174,19.1435835,1011.4416,28,1,-1.0,-1.8369701987210297e-16,-0.9749279121818236,-0.2225209339563146
2024-09-29,65.0,3260.8695652173915,134.23,154.0,1,False,True,False,False,3.86,0.2,1010.83344,21.350664,1.7,1012.01654,2.8999996,26.596588,6.899999,1007.47925,21.462334,1011.0042450000001,29,1,-1.0,-1.8369701987210297e-16,-0.7818314824680299,0.6234898018587334
2024-09-30,65.59,3273.2919254658386,134.23,154.0,1,False,True,False,False,3.86,0.0,1009.1792,21.756918,0.6,1010.2791,0.8,27.234085,0.0,1005.7124,22.2029605,1009.364625,30,0,-1.0,-1.8369701987210297e-16,0.0,1.0
2024-10-01,66.18,3285.714285714286,134.38,154.0,1,True,False,False,False,4.82,0.3,1006.925,22.271502,0.90000004,1008.16254,1.1,27.484085,0.0,1003.6499,22.5092085,1007.2146,1,0,-0.8660254037844386,0.5000000000000001,0.7818314824680298,0.6234898018587336
2024-10-02,66.76,3298.136645962733,134.42,154.0,1,True,False,False,False,4.82,4.5999994,1006.9707,22.192335,17.7,1008.49585,4.2999997,27.571585,0.6,1003.47485,22.231084,1007.2916250000001,2,0,-0.8660254037844386,0.5000000000000001,0.9749279121818236,-0.22252093395631434
2024-10-03,67.35,3310.55900621118,134.42,154.0,1,True,False,False,False,4.82,7.5,1007.82916,21.388166,25.800003,1009.15826,7.4999995,26.756998,9.400001,1004.22076,21.6456685,1008.064605,3,0,-0.8660254037844386,0.5000000000000001,0.43388373911755823,-0.900968867902419
2024-10-04,67.94,3322.981366459627,134.66,154.0,1,True,False,False,False,4.82,1.6000001,1008.8918,21.504835,1.6,1009.95416,1.6,26.6445,2.2,1005.5793,21.227959,1009.05427,4,0,-0.8660254037844386,0.5000000000000001,-0.433883739117558,-0.9009688679024191
2024-10-05,68.53,3335.4037267080744,134.66,154.0,1,True,False,False,False,4.82,0.8000001,1010.97095,21.027748,4.2,1012.0833,3.4,26.638254,0.0,1007.6208,20.979000499999998,1011.11264,5,1,-0.8660254037844386,0.5000000000000001,-0.9749279121818236,-0.2225209339563146
2024-10-06,69.12,3347.826086956522,134.66,154.0,1,True,False,False,False,4.82,0.5,1013.99585,20.798586,1.0,1015.1458,1.5000001,26.325752,0.2,1010.7209,21.0612915,1014.189575,6,1,-0.8660254037844386,0.5000000000000001,-0.7818314824680299,0.6234898018587334
2024-10-07,69.71,3360.248447204969,134.66,154.0,1,True,False,False,False,4.82,0.4,1015.5584,20.675665,0.2,1016.7708,0.0,26.779917,0.4,1012.2791,20.9706675,1015.80205,7,0,-0.8660254037844386,0.5000000000000001,0.0,1.0
2024-10-08,70.29,3372.6708074534163,134.67,154.0,1,True,False,False,False,4.82,0.1,1014.48334,20.744415,0.90000004,1015.7834,0.1,26.686167,0.90000004,1011.0083,21.05817,1014.7604699999999,8,0,-0.8660254037844386,0.5000000000000001,0.7818314824680298,0.6234898018587336
2024-10-09,70.88,3385.0931677018634,134.65,154.0,1,True,False,False,False,4.82,0.4,1012.02094,20.019415,1.0,1013.36664,0.1,26.534082,1.9000001,1008.67914,20.708168,1012.3147,9,0,-0.8660254037844386,0.5000000000000001,0.9749279121818236,-0.22252093395631434
2024-10-10,71.47,3397.5155279503106,134.65,154.0,1,True,False,False,False,4.82,0.0,1010.8166,19.7965,1.3000001,1012.0833,0.1,26.61325,0.2,1007.43756,20.731085,1011.07295,10,0,-0.8660254037844386,0.5000000000000001,0.43388373911755823,-0.900968867902419
2024-10-11,72.06,3409.9378881987577,134.66,154.0,1,True,False,False,False,4.82,0.0,1010.52075,20.06525,0.3,1011.81665,0.0,26.31325,0.0,1007.39575,21.006084,1010.7749,11,0,-0.8660254037844386,0.5000000000000001,-0.433883739117558,-0.9009688679024191
2024-10-12,72.65,3422.360248447205,134.8,154.0,1,True,False,False,False,4.82,0.0,1012.12085,19.454834,0.0,1013.3958,0.0,25.52575,0.0,1009.3835,20.0946235,1012.502105,12,1,-0.8660254037844386,0.5000000000000001,-0.9749279121818236,-0.2225209339563146
2024-10-13,73.24,3434.782608695652,134.8,154.0,1,True,False,False,False,4.82,0.0,1013.62933,18.740252,0.1,1014.69165,0.3,25.065338,0.3,1010.9207,19.736292,1013.94589,13,1,-0.8660254037844386,0.5000000000000001,-0.7818314824680299,0.6234898018587334
2024-10-14,73.82,3447.204968944099,134.8,154.0,1,True,False,False,False,4.82,1.3000001,1013.7332,19.011084,2.0,1014.9543,0.5,25.190332,0.1,1010.83746,19.458167,1013.9978,14,0,-0.8660254037844386,0.5000000000000001,0.0,1.0
2024-10-15,74.41,3459.6273291925468,134.8,154.0,1,True,False,False,False,4.82,3.1999998,1012.7083,18.442331,1.8000001,1013.99994,0.6,24.954918,0.0,1009.6543,19.029001,1013.004085,15,0,-0.8660254037844386,0.5000000000000001,0.7818314824680298,0.6234898018587336
2024-10-16,75.0,3472.049689440994,134.77,154.0,1,True,False,False,False,4.82,0.90000004,1012.88745,18.167334,1.9000001,1014.11255,0.4,24.640333,0.0,1010.0251,18.4373335,1013.2166749999999,16,0,-0.8660254037844386,0.5000000000000001,0.9749279121818236,-0.22252093395631434
2024-10-17,75.59,3484.472049689441,134.7,154.0,1,True,False,False,False,4.82,1.1,1013.45416,18.038164,2.1999998,1014.6167,0.6,24.19867,0.0,1010.26666,18.654000500000002,1013.68128,17,0,-0.8660254037844386,0.5000000000000001,0.43388373911755823,-0.900968867902419
2024-10-18,76.18,3496.894409937888,134.82,154.0,1,True,False,False,False,4.82,1.4000001,1012.8833,17.917332,0.6,1014.1584,0.3,24.479918,0.0,1009.90424,18.8008765,1013.21045,18,0,-0.8660254037844386,0.5000000000000001,-0.433883739117558,-0.9009688679024191
2024-10-19,76.76,3509.3167701863354,134.81,154.0,1,True,False,False,False,4.82,7.2,1013.69574,17.886082,0.4,1015.054,1.1,24.486168,2.7,1011.0124,18.2144165,1014.1311049999999,19,1,-0.8660254037844386,0.5000000000000001,-0.9749279121818236,-0.2225209339563146
2024-10-20,77.35,3521.7391304347825,134.81,154.0,1,True,False,False,False,4.82,0.3,1015.6416,17.323582,0.70000005,1017.06665,3.8000002,23.665335,2.6,1013.37915,18.171709,1016.0770500000001,20,1,-0.8660254037844386,0.5000000000000001,-0.7818314824680299,0.6234898018587334
2024-10-21,77.94,3534.16149068323,134.81,154.0,1,True,False,False,False,4.82,0.5,1015.6082,17.031916,5.7,1017.17487,0.2,24.444502,0.0,1012.28345,18.7456665,1016.012475,21,0,-0.8660254037844386,0.5000000000000001,0.0,1.0
2024-10-22,78.53,3546.5838509316773,134.82,154.0,1,True,False,False,False,4.82,0.0,1015.2041,18.425669,1.7,1016.7332,0.2,24.561167,0.0,1011.3792,19.6748355,1015.612425,22,0,-0.8660254037844386,0.5000000000000001,0.7818314824680298,0.6234898018587336
2024-10-23,79.12,3559.0062111801244,134.83,154.0,1,True,False,False,False,4.82,0.0,1013.88745,19.700666,3.1,1015.8333,0.0,25.50908,0.0,1010.3416,19.968584,1014.549925,23,0,-0.8660254037844386,0.5000000000000001,0.9749279121818236,-0.22252093395631434
2024-10-24,79.71,3571.4285714285716,134.84,154.0,1,True,False,False,False,4.82,0.8000001,1013.35004,19.517334,0.1,1014.54987,0.0,25.402832,0.0,1010.425,19.8112925,1013.7228700000001,24,0,-0.8660254037844386,0.5000000000000001,0.43388373911755823,-0.900968867902419
2024-10-25,80.29,3583.8509316770187,134.83,154.0,1,True,False,False,False,4.82,0.7,1013.4875,18.881916,1.7,1014.55,0.3,23.229918,0.0,1010.8125,18.5977495,1013.718815,25,0,-0.8660254037844386,0.5000000000000001,-0.433883739117558,-0.9009688679024191
2024-10-26,80.88,3596.273291925466,134.84,154.0,1,True,False,False,False,4.82,0.0,1013.30835,18.334,0.5,1014.46655,0.0,24.261168,0.0,1010.25,18.967541,1013.66455,26,1,-0.8660254037844386,0.5000000000000001,-0.9749279121818236,-0.2225209339563146
2024-10-27,81.47,3608.695652173913,134.84,154.0,1,True,False,False,False,4.82,0.0,1012.25415,18.581917,1.6,1013.54584,0.4,25.048668,0.0,1009.2249,19.4894155,1012.610375,27,1,-0.8660254037844386,0.5000000000000001,-0.7818314824680299,0.6234898018587334
2024-10-28,82.06,3621.11801242236,134.84,154.0,1,True,False,False,False,4.82,0.0,1011.3083,19.038168,0.0,1012.39166,0.0,25.490328,0.0,1008.04584,19.449835999999998,1011.62708,28,0,-0.8660254037844386,0.5000000000000001,0.0,1.0
2024-10-29,82.65,3633.5403726708073,134.83,154.0,1,True,False,False,False,4.82,0.0,1011.2749,18.392334,0.0,1012.52496,0.0,25.586168,0.0,1008.0374,19.5862935,1011.6354,29,0,-0.8660254037844386,0.5000000000000001,0.7818314824680298,0.6234898018587336
2024-10-30,83.24,3645.9627329192544,134.83,154.0,1,True,False,False,False,4.82,1.8000002,1012.44586,18.27358,1.3000001,1013.7708,1.0,25.740334,0.0,1009.2458,19.705041,1012.76673,30,0,-0.8660254037844386,0.5000000000000001,0.9749279121818236,-0.22252093395631434
2024-10-31,83.82,3658.385093167702,134.83,154.0,1,True,False,False,False,4.82,2.5,1013.02075,18.186083,0.2,1014.24585,0.5,24.94867,0.0,1009.9709,19.411292,1013.2916250000001,31,0,-0.8660254037844386,0.5000000000000001,0.43388373911755823,-0.900968867902419
2024-11-01,84.41,3670.807453416149,134.83,154.0,1,True,False,False,False,5.6,4.1,1014.38745,18.11733,0.90000004,1015.8416,0.1,25.465338,0.0,1011.2959,19.293586,1014.733305,1,0,-0.5000000000000004,0.8660254037844384,-0.433883739117558,-0.9009688679024191
2024-11-02,85.0,3683.2298136645963,134.83,154.0,1,True,False,False,False,5.6,0.1,1015.95844,18.313166,1.5000001,1017.14996,2.2,25.002832,0.5,1013.00433,19.1623345,1016.204195,2,1,-0.5000000000000004,0.8660254037844384,-0.9749279121818236,-0.2225209339563146
2024-11-03,85.59,3695.6521739130435,134.83,154.0,1,True,False,False,False,5.6,1.1,1016.3625,17.950666,3.4,1017.6541,1.3000001,24.836166,0.0,1013.0083,18.8862925,1016.70838,3,1,-0.5000000000000004,0.8660254037844384,-0.7818314824680299,0.6234898018587334
2024-11-04,86.18,3708.0745341614906,134.83,154.0,1,True,False,False,False,5.6,16.500002,1016.2793,16.396498,10.400001,1017.6418,13.6,24.273666,0.0,1012.6751,17.3748335,1016.6667500000001,4,0,-0.5000000000000004,0.8660254037844384,0.0,1.0
2024-11-05,86.76,3720.496894409938,134.89,154.0,1,True,False,False,False,5.6,8.6,1017.04596,16.788166,0.6,1018.44183,0.9,23.78617,0.0,1013.8,17.94567,1017.4230050000001,5,0,-0.5000000000000004,0.8660254037844384,0.7818314824680298,0.6234898018587336
2024-11-06,87.35,3732.9192546583854,134.88,154.0,1,True,False,False,False,5.6,0.0,1017.1667,17.940252,0.0,1018.4124,0.0,23.511171,0.0,1013.9832,17.725876,1017.510475,6,0,-0.5000000000000004,0.8660254037844384,0.9749279121818236,-0.22252093395631434
2024-11-07,87.94,3745.3416149068325,135.16,154.0,1,True,False,False,False,5.6,0.0,1016.53326,17.729834,0.0,1017.71265,0.0,23.492418,0.0,1013.57086,17.573794,1016.93948,7,0,-0.5000000000000004,0.8660254037844384,0.43388373911755823,-0.900968867902419
2024-11-08,88.53,3757.7639751552797,135.3,154.0,1,True,False,False,False,5.6,0.0,1016.72504,17.050669,0.3,1017.89984,0.0,23.58825,0.0,1013.9626,17.4227515,1017.05207,8,0,-0.5000000000000004,0.8660254037844384,-0.433883739117558,-0.9009688679024191
2024-11-09,89.12,3770.186335403727,135.31,154.0,1,True,False,False,False,5.6,0.0,1016.8291,16.54233,0.4,1017.8877,0.0,23.256998,0.0,1014.2959,17.424835,1017.1041250000001,9,1,-0.5000000000000004,0.8660254037844384,-0.9749279121818236,-0.2225209339563146
2024-11-10,89.71,3782.608695652174,135.31,154.0,1,True,False,False,False,5.6,0.3,1016.68744,16.808998,0.70000005,1018.0,2.0,23.650751,0.0,1013.92084,17.845668,1017.0687849999999,10,1,-0.5000000000000004,0.8660254037844384,-0.7818314824680299,0.6234898018587334
2024-11-11,90.29,3795.031055900621,135.31,154.0,1,True,False,False,False,5.6,0.1,1015.9416,16.706917,0.8,1017.3376,0.0,23.277834,0.0,1013.28326,17.83421,1016.324925,11,0,-0.5000000000000004,0.8660254037844384,0.0,1.0
2024-11-12,90.88,3807.4534161490683,135.34,154.0,1,True,False,False,False,5.6,0.0,1015.00397,16.617334,0.0,1016.24176,0.0,22.634085,0.0,1012.5667,16.9362905,1015.358215,12,0,-0.5000000000000004,0.8660254037844384,0.7818314824680298,0.6234898018587336
2024-11-13,91.47,3819.8757763975154,135.34,154.0,1,True,False,False,False,5.6,0.0,1013.98755,16.273582,0.2,1015.13763,0.0,21.965332,0.0,1011.92505,16.362335,1014.4250750000001,13,0,-0.5000000000000004,0.8660254037844384,0.9749279121818236,-0.22252093395631434
2024-11-14,92.06,3832.2981366459626,135.31,154.0,1,True,False,False,False,5.6,0.0,1015.36255,16.254831,0.1,1016.53326,0.0,21.961168,0.0,1013.02924,16.637334,1015.65625,14,0,-0.5000000000000004,0.8660254037844384,0.43388373911755823,-0.900968867902419
2024-11-15,92.65,3844.7204968944097,135.34,154.0,1,True,False,False,False,5.6,0.0,1014.27094,16.125666,0.0,1015.2541,0.0,20.952833,0.0,1012.32513,16.531085,1014.6458700000001,15,0,-0.5000000000000004,0.8660254037844384,-0.433883739117558,-0.9009688679024191
2024-11-16,93.24,3857.1428571428573,135.34,154.0,0,True,False,False,False,5.6,0.0,1013.45844,15.959001,0.0,1014.40015,0.0,19.831999,0.0,1011.925,16.245667,1013.9021700000001,16,1,-0.5000000000000004,0.8660254037844384,-0.9749279121818236,-0.2225209339563146
2024-11-17,93.82,3869.5652173913045,135.34,154.0,0,True,False,False,False,5.6,0.0,1014.07086,16.388166,0.0,1014.9751,0.0,19.686167,0.0,1012.2375,15.6737925,1014.4021299999999,17,1,-0.5000000000000004,0.8660254037844384,-0.7818314824680299,0.6234898018587334
2024-11-18,94.41,3881.9875776397516,135.34,154.0,0,True,False,False,False,5.6,0.0,1016.0042,15.125667,0.0,1016.9959,0.0,20.38825,0.0,1013.8708,15.033169000000001,1016.33752,18,0,-0.5000000000000004,0.8660254037844384,0.0,1.0
2024-11-19,95.0,3894.409937888199,135.32,154.0,0,True,False,False,False,5.6,0.0,1016.8,14.7965,0.2,1017.97076,0.0,20.259085,0.0,1014.5999,14.874832999999999,1017.2103999999999,19,0,-0.5000000000000004,0.8660254037844384,0.7818314824680298,0.6234898018587336
2024-11-20,94.55,3906.832298136646,135.37,154.0,0,True,False,False,False,5.6,0.0,1015.9168,14.340251,1.3000001,1017.28326,0.0,19.694502,0.0,1013.7917,14.754002,1016.3417999999999,20,0,-0.5000000000000004,0.8660254037844384,0.9749279121818236,-0.22252093395631434
2024-11-21,94.09,3919.254658385093,135.37,154.0,0,True,False,False,False,5.6,0.0,1015.38336,13.625667,0.6,1016.67505,0.0,19.336166,0.0,1013.35406,14.371709,1015.73343,21,0,-0.5000000000000004,0.8660254037844384,0.43388373911755823,-0.900968867902419
2024-11-22,93.64,3931.6770186335407,135.5,154.0,0,True,False,False,False,5.6,0.0,1015.26666,13.421501,0.3,1016.60016,0.0,19.119501,0.0,1013.50006,14.64254175,1015.55423,22,0,-0.5000000000000004,0.8660254037844384,-0.433883739117558,-0.9009688679024191
2024-11-23,93.18,3944.099378881988,135.42,154.0,0,True,False,False,False,5.6,0.0,1016.00006,13.323583,0.0,1016.99585,0.0,18.546585,0.0,1014.6416,13.997751000000001,1016.30841,23,1,-0.5000000000000004,0.8660254037844384,-0.9749279121818236,-0.2225209339563146
2024-11-24,92.73,3956.521739130435,135.42,154.0,0,True,False,False,False,5.6,0.0,1015.4209,13.640248,0.0,1016.1001,0.5,18.459082,0.0,1014.15845,13.9946255,1015.77295,24,1,-0.5000000000000004,0.8660254037844384,-0.7818314824680299,0.6234898018587334
2024-11-25,92.27,3968.944099378882,135.42,154.0,0,True,False,False,False,5.6,0.0,1015.5832,14.442333,0.1,1016.3416,0.6,18.486168,0.0,1014.3167,13.977958749999999,1015.9790700000001,25,0,-0.5000000000000004,0.8660254037844384,0.0,1.0
2024-11-26,91.82,3981.3664596273293,135.17,154.0,0,True,False,False,False,5.6,0.0,1015.30005,14.163167,0.5,1016.2126,0.1,19.119501,0.0,1013.7375,13.4175425,1015.631255,26,0,-0.5000000000000004,0.8660254037844384,0.7818314824680298,0.6234898018587336
2024-11-27,91.36,3993.7888198757764,135.23,154.0,0,True,False,False,False,5.6,1.0,1015.57495,13.150666,0.6,1016.62085,0.1,18.607,0.0,1014.0168,13.060251,1015.920805,27,0,-0.5000000000000004,0.8660254037844384,0.9749279121818236,-0.22252093395631434
2024-11-28,90.91,4006.2111801242236,135.43,154.0,0,True,False,False,False,5.6,0.0,1017.25836,12.625665,0.4,1018.20416,0.0,18.532,0.0,1015.23334,13.213376499999999,1017.5813,28,0,-0.5000000000000004,0.8660254037844384,0.43388373911755823,-0.900968867902419
2024-11-29,90.45,4018.6335403726707,135.48,154.0,0,True,False,False,False,5.6,0.0,1017.52094,13.734,0.0,1018.3918,0.0,18.523666,0.0,1015.26245,13.580042500000001,1017.8542199999999,29,0,-0.5000000000000004,0.8660254037844384,-0.433883739117558,-0.9009688679024191
2024-11-30,90.0,4031.055900621118,135.48,154.0,0,True,False,False,False,5.6,0.0,1015.2874,13.533999,0.0,1016.0625,0.0,17.896584,0.0,1013.54175,13.8373355,1015.6062,30,1,-0.5000000000000004,0.8660254037844384,-0.9749279121818236,-0.2225209339563146
2024-12-01,89.55,4043.478260869565,135.48,154.0,0,False,False,False,True,6.05,0.0,1013.4084,13.767331,0.0,1014.14594,0.0,17.277834,0.0,1012.0164,13.642544000000001,1013.7313300000001,1,1,-2.4492935982947064e-16,1.0,-0.7818314824680299,0.6234898018587334
2024-12-02,89.09,4055.900621118012,135.48,154.0,0,False,False,False,True,6.05,0.0,1014.03754,13.600667,0.0,1014.70844,0.0,16.88825,0.0,1012.74994,13.796707999999999,1014.4146450000001,2,0,-2.4492935982947064e-16,1.0,0.0,1.0
2024-12-03,88.64,4068.3229813664598,135.82,154.0,0,False,False,False,True,6.05,0.0,1014.7083,14.056915,0.0,1015.3335,0.0,17.223667,0.0,1013.42914,13.8060855,1014.9583,3,0,-2.4492935982947064e-16,1.0,0.7818314824680298,0.6234898018587336
2024-12-04,88.18,4080.745341614907,135.8,154.0,0,False,False,False,True,6.05,0.0,1013.0332,13.742333,0.0,1013.45,0.0,17.073668,0.0,1012.52496,13.502959,1013.370725,4,0,-2.4492935982947064e-16,1.0,0.9749279121818236,-0.22252093395631434
2024-12-05,87.73,4093.167701863354,135.89,154.0,0,False,False,False,True,6.05,0.0,1013.06256,12.925664,0.0,1013.5793,0.0,16.923666,0.0,1012.39996,13.276918,1013.40631,5,0,-2.4492935982947064e-16,1.0,0.43388373911755823,-0.900968867902419
2024-12-06,87.27,4105.590062111802,135.88,154.0,0,False,False,False,True,6.05,0.0,1012.39166,12.881915,0.0,1012.9792,0.0,15.869499,0.0,1012.21246,12.699834,1012.76673,6,0,-2.4492935982947064e-16,1.0,-0.433883739117558,-0.9009688679024191
2024-12-07,86.82,4118.012422360249,135.81,154.0,0,False,False,False,True,6.05,0.0,1013.8416,13.061084,0.0,1014.42084,0.0,15.4695015,0.0,1013.33325,12.6394175,1014.18535,7,1,-2.4492935982947064e-16,1.0,-0.9749279121818236,-0.2225209339563146
2024-12-08,86.36,4130.434782608696,135.81,154.0,0,False,False,False,True,6.05,0.0,1014.8708,12.052751,0.90000004,1015.4333,0.0,16.175749,0.0,1013.68335,12.031085000000001,1015.125,8,1,-2.4492935982947064e-16,1.0,-0.7818314824680299,0.6234898018587334
2024-12-09,85.91,4142.857142857143,135.81,154.0,0,False,False,False,True,6.05,0.3,1014.6374,10.006916,2.0,1015.2876,1.6999999,16.525751,0.7,1013.0334,10.93733275,1014.80408,9,0,-2.4492935982947064e-16,1.0,0.0,1.0
2024-12-10,85.45,4155.27950310559,135.88,154.0,0,False,False,False,True,6.05,0.0,1014.35815,10.023583,0.0,1014.73755,0.0,15.331998,0.0,1013.4041,10.488375,1014.483245,10,0,-2.4492935982947064e-16,1.0,0.7818314824680298,0.6234898018587336
2024-12-11,85.0,4167.701863354037,136.07,154.0,0,False,False,False,True,6.05,0.0,1015.31244,11.256917,0.0,1015.52924,0.0,13.794498,0.0,1015.36664,11.080041,1015.52292,11,0,-2.4492935982947064e-16,1.0,0.9749279121818236,-0.22252093395631434
2024-12-12,84.55,4180.124223602485,136.04,154.0,0,False,False,False,True,6.05,0.0,1013.9751,12.392334,0.0,1014.20844,0.0,13.28825,0.0,1014.1792,11.73316675,1014.26675,12,0,-2.4492935982947064e-16,1.0,0.43388373911755823,-0.900968867902419
2024-12-13,84.09,4192.546583850932,136.08,154.0,0,False,False,False,True,6.05,0.0,1013.9333,12.421501,0.0,1014.2209,0.0,13.740333,0.0,1014.4709,12.1675415,1014.22705,13,0,-2.4492935982947064e-16,1.0,-0.433883739117558,-0.9009688679024191
2024-12-14,83.64,4204.968944099379,135.97,154.0,0,False,False,False,True,6.05,0.0,1016.7292,10.981918,0.0,1017.1167,0.0,14.186166,0.0,1016.76245,11.04879125,1017.07917,14,1,-2.4492935982947064e-16,1.0,-0.9749279121818236,-0.2225209339563146
2024-12-15,83.18,4217.391304347826,135.97,154.0,0,False,False,False,True,6.05,0.0,1019.1458,12.019416,0.0,1019.67084,0.0,14.971583,0.0,1017.5083,11.9133755,1019.4021,15,1,-2.4492935982947064e-16,1.0,-0.7818314824680299,0.6234898018587334
2024-12-16,82.73,4229.813664596273,135.97,154.0,0,False,False,False,True,6.05,0.0,1017.1916,13.692334,0.0,1017.6792,0.0,15.484082,0.0,1015.7458,13.63525,1017.4354000000001,16,0,-2.4492935982947064e-16,1.0,0.0,1.0
2024-12-17,82.27,4242.23602484472,136.09,154.0,0,False,False,False,True,6.05,0.0,1016.3333,13.281915,0.0,1016.94183,0.0,16.000751,0.0,1014.8833,13.249834499999999,1016.668725,17,0,-2.4492935982947064e-16,1.0,0.7818314824680298,0.6234898018587336
2024-12-18,81.82,4254.658385093167,136.14,154.0,0,False,False,False,True,6.05,0.0,1015.1626,12.592331,0.0,1015.76227,0.0,16.12575,0.0,1013.9416,12.720667500000001,1015.51468,18,0,-2.4492935982947064e-16,1.0,0.9749279121818236,-0.22252093395631434
2024-12-19,81.36,4267.080745341615,136.23,154.0,0,False,False,False,True,6.05,0.0,1016.7041,11.91525,0.0,1017.28754,0.0,15.8695,0.0,1015.2625,12.0029595,1017.01255,19,0,-2.4492935982947064e-16,1.0,0.43388373911755823,-0.900968867902419
2024-12-20,80.91,4279.503105590062,136.42,154.0,0,False,False,False,True,6.05,0.0,1014.77905,12.223582,0.0,1015.4583,0.0,16.03617,0.0,1013.47925,12.473793,1015.1353750000001,20,0,-2.4492935982947064e-16,1.0,-0.433883739117558,-0.9009688679024191
2024-12-21,80.45,4291.925465838509,136.33,154.0,0,False,False,False,True,6.05,0.0,1015.06244,11.350667,0.0,1015.74164,0.0,16.134085,0.0,1013.87085,11.182124,1015.4124449999999,21,1,-2.4492935982947064e-16,1.0,-0.9749279121818236,-0.2225209339563146
2024-12-22,80.0,4304.347826086956,136.33,154.0,0,False,False,False,True,6.05,0.0,1016.1916,10.769418,0.0,1016.8459,0.0,15.379917,0.0,1015.13324,10.6873325,1016.53955,22,1,-2.4492935982947064e-16,1.0,-0.7818314824680299,0.6234898018587334
2024-12-23,79.55,4316.770186335404,136.33,154.0,0,False,False,False,True,6.05,0.0,1016.8582,10.892333,0.0,1017.3709,0.0,15.30075,0.0,1015.7541,11.3019165,1017.1186749999999,23,0,-2.4492935982947064e-16,1.0,0.0,1.0
2024-12-24,79.09,4329.192546583851,136.5,154.0,0,False,False,False,True,6.05,0.0,1016.76666,10.825667,1.4,1017.45416,0.0,15.534081,0.0,1015.37085,11.70504075,1016.96668,24,0,-2.4492935982947064e-16,1.0,0.7818314824680298,0.6234898018587336
2024-12-25,78.64,4341.614906832298,136.63,154.0,0,False,False,False,True,6.05,0.0,1017.8499,12.523582,0.2,1018.6374,0.2,16.096582,0.0,1016.95825,12.677958499999999,1018.12905,25,0,-2.4492935982947064e-16,1.0,0.9749279121818236,-0.22252093395631434
2024-12-26,78.18,4354.037267080746,136.63,154.0,0,False,False,False,True,6.05,0.0,1020.09595,12.165249,0.0,1020.83746,0.0,15.119502,0.0,1019.01263,11.85399975,1020.406275,26,0,-2.4492935982947064e-16,1.0,0.43388373911755823,-0.900968867902419
2024-12-27,77.73,4366.459627329193,136.73,154.0,0,False,False,False,True,6.05,0.0,1020.0417,12.190249,0.0,1020.79156,0.0,15.446586,0.0,1019.00415,12.560250499999999,1020.5,27,0,-2.4492935982947064e-16,1.0,-0.433883739117558,-0.9009688679024191
2024-12-28,77.27,4378.88198757764,137.16,154.0,0,False,False,False,True,6.05,1.6,1019.6458,11.758999,3.6000001,1020.6541,0.4,16.294498,0.3,1017.50415,12.3779585,1020.0,28,1,-2.4492935982947064e-16,1.0,-0.9749279121818236,-0.2225209339563146
2024-12-29,76.82,4391.304347826087,137.16,154.0,0,False,False,False,True,6.05,0.3,1017.5041,12.559001,1.2,1018.52094,0.0,17.746584,1.9,1016.01245,12.895668,1017.7271149999999,29,1,-2.4492935982947064e-16,1.0,-0.7818314824680299,0.6234898018587334
2024-12-30,76.36,4403.726708074534,137.16,154.0,0,False,False,False,True,6.05,0.0,1017.25415,11.473583,0.0,1017.90826,0.0,15.990334,0.0,1017.0791,11.210249000000001,1017.631225,30,0,-2.4492935982947064e-16,1.0,0.0,1.0
2024-12-31,75.91,4416.149068322981,137.16,154.0,0,False,False,False,True,6.05,0.0,1018.31683,11.048583,0.0,1018.75006,0.0,15.194501,0.0,1017.8918,11.1331655,1018.529235,31,0,-2.4492935982947064e-16,1.0,0.7818314824680298,0.6234898018587336
2025-01-01,75.45,4428.571428571428,137.29,154.0,0,False,False,False,True,5.41,0.0,1015.8459,11.511085,0.0,1016.39996,0.0,12.784084,0.0,1016.5252,11.423791999999999,1016.152075,1,0,0.49999999999999994,0.8660254037844387,0.9749279121818236,-0.22252093395631434
2025-01-02,75.0,4440.993788819876,137.34,154.0,0,False,False,False,True,5.41,0.0,1016.1584,11.875668,0.0,1016.78754,0.0,12.579918,0.0,1016.8083,12.0956665,1016.52925,2,0,0.49999999999999994,0.8660254037844387,0.43388373911755823,-0.900968867902419
2025-01-03,74.55,4453.416149068323,137.51,154.0,0,False,False,False,True,5.41,0.0,1016.84595,12.904834,0.0,1017.52094,0.0,13.332001,0.0,1016.5291,12.861291,1017.247955,3,0,0.49999999999999994,0.8660254037844387,-0.433883739117558,-0.9009688679024191
2025-01-04,74.09,4465.838509316771,137.54,154.0,0,False,False,False,True,5.41,0.0,1016.6457,13.054835,0.0,1016.9959,0.0,14.431999,0.0,1015.5041,12.998792250000001,1016.83115,4,1,0.49999999999999994,0.8660254037844387,-0.9749279121818236,-0.2225209339563146
2025-01-05,73.64,4478.260869565218,137.54,154.0,0,False,False,False,True,5.41,0.0,1017.5916,12.67567,0.0,1018.20013,0.0,15.08825,0.0,1016.0041,13.054001,1017.875,5,1,0.49999999999999994,0.8660254037844387,-0.7818314824680299,0.6234898018587334
2025-01-06,73.18,4490.683229813665,137.54,154.0,0,False,False,False,True,5.41,0.0,1015.8625,13.4715,0.0,1016.4001,0.0,17.679916,0.0,1014.3167,13.2456675,1016.09998,6,0,0.49999999999999994,0.8660254037844387,0.0,1.0
2025-01-07,72.73,4503.105590062112,137.63,154.0,0,False,False,False,True,5.41,2.1,1014.175,9.923583,3.3000002,1014.8376,4.9,16.054916,1.3,1013.19586,10.486291999999999,1014.32495,7,0,0.49999999999999994,0.8660254037844387,0.7818314824680298,0.6234898018587336
2025-01-08,72.27,4515.527950310559,137.45,154.0,0,False,False,False,True,5.41,0.0,1013.825,9.711083,0.0,1013.60425,0.0,14.684085,0.1,1014.70416,8.95295775,1013.9584,8,0,0.49999999999999994,0.8660254037844387,0.9749279121818236,-0.22252093395631434
2025-01-09,71.82,4527.9503105590065,137.66,154.0,0,False,False,False,True,5.41,0.0,1017.7168,9.392333,0.0,1017.1624,0.0,14.329918,0.0,1017.99994,9.26962525,1017.689575,9,0,0.49999999999999994,0.8660254037844387,0.43388373911755823,-0.900968867902419
2025-01-10,71.36,4540.372670807454,137.66,154.0,0,False,False,False,True,5.41,0.0,1019.9541,9.5215,0.0,1020.1042,0.0,14.090335,0.0,1019.4124,10.043584,1020.14585,10,0,0.49999999999999994,0.8660254037844387,-0.433883739117558,-0.9009688679024191
2025-01-11,70.91,4552.795031055901,137.85,154.0,0,False,False,False,True,5.41,0.0,1020.0916,11.07775,0.0,1020.5999,0.0,15.394501,0.0,1018.80835,11.59358375,1020.422875,11,1,0.49999999999999994,0.8660254037844387,-0.9749279121818236,-0.2225209339563146
2025-01-12,70.45,4565.217391304348,137.85,154.0,0,False,False,False,True,5.41,0.0,1019.34155,11.246499,0.9,1020.14575,0.0,17.311167,0.0,1017.3792,12.208165999999999,1019.518705,12,1,0.49999999999999994,0.8660254037844387,-0.7818314824680299,0.6234898018587334
2025-01-13,70.0,4577.639751552795,137.85,154.0,0,False,False,False,True,5.41,0.0,1016.54584,10.652749,0.3,1017.2376,0.0,16.396585,0.0,1015.14594,11.1810835,1016.77292,13,0,0.49999999999999994,0.8660254037844387,0.0,1.0
2025-01-14,69.55,4590.062111801242,138.83,154.0,0,False,False,False,True,5.41,0.0,1018.4709,10.738167,0.0,1018.9001,0.0,14.684086,0.0,1018.3083,10.488374499999999,1018.73542,14,0,0.49999999999999994,0.8660254037844387,0.7818314824680298,0.6234898018587336
2025-01-15,69.09,4602.484472049689,138.92,154.0,0,False,False,False,True,5.41,0.0,1019.85406,11.467334,0.0,1020.33746,0.0,14.400749,0.0,1019.46674,11.627959,1020.13748,15,0,0.49999999999999994,0.8660254037844387,0.9749279121818236,-0.22252093395631434
2025-01-16,68.64,4614.906832298137,138.49,154.0,0,False,False,False,True,5.41,0.0,1019.5666,12.07775,0.0,1020.2041,0.0,14.284084,0.0,1018.5,12.5144175,1019.8478749999999,16,0,0.49999999999999994,0.8660254037844387,0.43388373911755823,-0.900968867902419
2025-01-17,68.18,4627.329192546584,138.79,154.0,0,False,False,False,True,5.41,0.0,1017.50836,12.465248,0.0,1018.35425,0.0,14.7445,0.0,1016.69995,12.7956675,1017.91458,17,0,0.49999999999999994,0.8660254037844387,-0.433883739117558,-0.9009688679024191
2025-01-18,67.73,4639.751552795031,138.88,154.0,0,False,False,False,True,5.41,0.0,1016.1667,12.66525,0.0,1016.64996,0.0,14.450751,0.0,1016.02905,12.399833999999998,1016.41255,18,1,0.49999999999999994,0.8660254037844387,-0.9749279121818236,-0.2225209339563146
2025-01-19,67.27,4652.173913043478,138.88,154.0,0,False,False,False,True,5.41,0.0,1013.72925,14.115251,0.0,1013.83344,0.0,14.046582,0.0,1014.4959,13.4717085,1013.908425,19,1,0.49999999999999994,0.8660254037844387,-0.7818314824680299,0.6234898018587334
2025-01-20,66.82,4664.596273291925,138.88,154.0,0,False,False,False,True,5.41,0.0,1011.71674,14.463165,0.0,1011.84155,0.0,14.034084,0.0,1012.54156,14.263375499999999,1011.87092,20,0,0.49999999999999994,0.8660254037844387,0.0,1.0
2025-01-21,66.36,4677.018633540372,138.82,154.0,0,False,False,False,True,5.41,0.0,1011.12085,15.481917,0.0,1011.2375,0.0,14.013249,0.0,1011.86676,14.8727505,1011.2083749999999,21,0,0.49999999999999994,0.8660254037844387,0.7818314824680298,0.6234898018587336
2025-01-22,65.91,4689.4409937888195,138.83,154.0,0,False,False,False,True,5.41,0.0,1012.31683,15.8340025,0.0,1012.6792,0.0,14.4590845,0.0,1012.76666,15.218584,1012.458365,22,0,0.49999999999999994,0.8660254037844387,0.9749279121818236,-0.22252093395631434
2025-01-23,65.45,4701.863354037267,138.42,154.0,0,False,False,False,True,5.41,0.0,1012.8835,14.831914,0.0,1013.0791,0.0,14.219501,0.0,1013.45404,14.2144175,1012.92305,23,0,0.49999999999999994,0.8660254037844387,0.43388373911755823,-0.900968867902419
2025-01-24,65.0,4714.285714285715,138.64,154.0,0,False,False,False,True,5.41,0.0,1012.05835,13.034,0.0,1012.54156,0.0,14.217418,0.0,1012.2751,12.7592095,1012.1041250000001,24,0,0.49999999999999994,0.8660254037844387,-0.433883739117558,-0.9009688679024191
2025-01-25,64.55,4726.708074534162,138.24,154.0,0,False,False,False,True,5.41,0.0,1013.18744,11.404834,0.0,1013.2043,0.1,14.265332,0.0,1013.83344,11.335251,1013.341645,25,1,0.49999999999999994,0.8660254037844387,-0.9749279121818236,-0.2225209339563146
2025-01-26,64.09,4739.130434782609,138.24,154.0,0,False,False,False,True,5.41,0.0,1014.5749,11.942333,0.0,1014.76666,0.4,15.686169,0.0,1013.93744,11.67691675,1014.620825,26,1,0.49999999999999994,0.8660254037844387,-0.7818314824680299,0.6234898018587334
2025-01-27,63.64,4751.552795031056,138.24,154.0,0,False,False,False,True,5.41,0.0,1011.9709,12.004834,0.0,1012.3459,0.0,15.252835,0.0,1011.4626,12.199834,1012.1417,27,0,0.49999999999999994,0.8660254037844387,0.0,1.0
2025-01-28,63.18,4763.975155279503,138.46,154.0,0,False,False,False,True,5.41,0.0,1013.054,12.348583,0.2,1013.6833,0.0,15.744499,0.0,1012.75,12.032127,1013.2915499999999,28,0,0.49999999999999994,0.8660254037844387,0.7818314824680298,0.6234898018587336
2025-01-29,62.73,4776.39751552795,138.74,154.0,0,False,False,False,True,5.41,0.0,1015.77094,12.911083,0.1,1016.11664,0.0,16.207003,0.0,1014.8665,12.9467085,1015.8292200000001,29,0,0.49999999999999994,0.8660254037844387,0.9749279121818236,-0.22252093395631434
2025-01-30,62.27,4788.819875776398,138.77,154.0,0,False,False,False,True,5.41,0.0,1011.425,12.596501,0.0,1011.5916,0.0,15.844501,0.0,1010.71674,13.031082999999999,1011.4853499999999,30,0,0.49999999999999994,0.8660254037844387,0.43388373911755823,-0.900968867902419
2025-01-31,61.82,4801.242236024845,138.91,154.0,0,False,False,False,True,5.41,0.0,1011.2707,12.91525,0.0,1011.6418,0.0,15.277835,0.0,1010.86255,12.921707999999999,1011.485415,31,0,0.49999999999999994,0.8660254037844387,-0.433883739117558,-0.9009688679024191
2025-02-01,61.36,4813.664596273292,138.88,154.0,0,False,False,False,True,4.16,0.0,1012.9751,13.306914,0.0,1013.36664,0.0,15.409081,0.0,1012.4292,13.714417,1013.029175,1,1,0.8660254037844386,0.5000000000000001,-0.9749279121818236,-0.2225209339563146
2025-02-02,60.91,4826.086956521739,138.88,154.0,0,False,False,False,True,4.16,0.0,1012.71265,13.419415,0.0,1013.19977,0.0,15.300751,0.0,1011.80426,13.638376000000001,1012.914705,2,1,0.8660254037844386,0.5000000000000001,-0.7818314824680299,0.6234898018587334
2025-02-03,60.45,4838.509316770186,138.88,154.0,0,False,False,False,True,4.16,0.0,1012.79584,13.31525,0.0,1013.21674,0.0,15.361167,0.0,1012.85846,13.1477505,1013.24167,3,0,0.8660254037844386,0.5000000000000001,0.0,1.0
2025-02-04,60.0,4850.931677018633,139.8,154.0,0,False,False,False,True,4.16,0.0,1013.96674,14.11525,0.0,1014.1958,0.0,16.679916,0.0,1012.9543,13.852959250000001,1014.052095,4,0,0.8660254037844386,0.5000000000000001,0.7818314824680298,0.6234898018587336
2025-02-05,59.55,4863.354037267081,139.62,154.0,0,False,False,False,True,4.16,0.0,1011.6626,15.263165,0.3,1012.53754,0.0,17.992418,0.0,1010.3459,16.050876,1011.7959000000001,5,0,0.8660254037844386,0.5000000000000001,0.9749279121818236,-0.22252093395631434
2025-02-06,59.09,4875.7763975155285,140.25,154.0,0,False,False,False,True,4.16,0.0,1011.7625,14.35275,0.0,1012.32074,0.0,16.78617,0.0,1011.43756,14.276918,1011.9583,6,0,0.8660254037844386,0.5000000000000001,0.43388373911755823,-0.900968867902419
2025-02-07,58.64,4888.198757763976,140.43,154.0,0,False,False,False,True,4.16,0.0,1012.39996,13.848583,0.0,1012.58746,0.0,14.404918,0.0,1013.02075,13.184209,1012.59368,7,0,0.8660254037844386,0.5000000000000001,-0.433883739117558,-0.9009688679024191
2025-02-08,58.18,4900.621118012423,140.19,154.0,0,False,False,False,True,4.16,0.0,1013.625,13.011083,0.0,1013.8999,0.0,14.757001,0.0,1014.40826,12.152958250000001,1013.993775,8,1,0.8660254037844386,0.5000000000000001,-0.9749279121818236,-0.2225209339563146
2025-02-09,57.73,4913.04347826087,140.19,154.0,0,False,False,False,True,4.16,0.0,1013.6292,11.979833,0.0,1014.1125,0.0,15.779918,0.0,1013.1624,12.370666499999999,1013.8854,9,1,0.8660254037844386,0.5000000000000001,-0.7818314824680299,0.6234898018587334
2025-02-10,57.27,4925.465838509317,140.19,154.0,0,False,False,False,True,4.16,0.0,1013.64185,12.748585,0.0,1014.2959,0.1,16.838251,0.0,1012.7,13.063376,1013.831325,10,0,0.8660254037844386,0.5000000000000001,0.0,1.0
2025-02-11,56.82,4937.888198757764,140.27,154.0,0,False,False,False,True,4.16,0.1,1011.7251,13.448582,0.0,1012.43756,0.0,16.904917,0.0,1010.96674,13.70920875,1012.0312799999999,11,0,0.8660254037844386,0.5000000000000001,0.7818314824680298,0.6234898018587336
2025-02-12,56.36,4950.310559006211,139.23,154.0,0,False,False,False,True,4.16,0.0,1011.8083,12.823585,0.0,1012.52924,0.0,17.002832,0.0,1010.9126,13.216499500000001,1012.09995,12,0,0.8660254037844386,0.5000000000000001,0.9749279121818236,-0.22252093395631434
2025-02-13,55.91,4962.732919254659,139.34,154.0,0,False,False,False,True,4.16,0.0,1010.5959,12.244418,0.0,1011.37085,0.0,16.402834,0.0,1010.55414,12.60400025,1010.9792,13,0,0.8660254037844386,0.5000000000000001,0.43388373911755823,-0.900968867902419
2025-02-14,55.45,4975.155279503106,139.34,154.0,0,False,False,False,True,4.16,0.0,1010.12506,11.97775,0.0,1010.51263,0.0,14.934083,0.0,1010.73737,11.655042,1010.43543,14,0,0.8660254037844386,0.5000000000000001,-0.433883739117558,-0.9009688679024191
2025-02-15,55.0,4987.577639751553,139.22,154.0,0,False,False,False,True,4.16,1.1,1011.95435,11.39025,0.1,1012.57916,0.0,15.677834,0.0,1011.64984,11.6206665,1012.233425,15,1,0.8660254037844386,0.5000000000000001,-0.9749279121818236,-0.2225209339563146
2025-02-16,55.0,5000.0,139.22,156.0,0,False,False,False,True,4.16,0.0,1012.8333,11.729832,0.0,1013.6585,0.0,16.732,0.0,1012.06665,12.83524925,1013.18328,16,1,0.8660254037844386,0.5000000000000001,-0.7818314824680299,0.6234898018587334
2025-02-17,55.0,4687.5,139.22,156.0,0,False,False,False,True,4.16,0.4,1016.20404,11.917332,0.70000005,1016.92487,0.5,18.423666,0.0,1014.64166,12.7592095,1016.39582,17,0,0.8660254037844386,0.5000000000000001,0.0,1.0
2025-02-18,55.0,4375.0,139.31,156.0,0,False,False,False,True,4.16,7.8,1015.2417,12.013165,1.3000001,1016.1248,1.4,17.715334,0.0,1013.64166,12.763375,1015.5021,18,0,0.8660254037844386,0.5000000000000001,0.7818314824680298,0.6234898018587336
2025-02-19,55.0,4062.5,139.43,156.0,0,False,False,False,True,4.16,0.3,1014.02924,12.2965,0.4,1014.90424,0.2,18.271585,0.0,1012.55005,13.074834500000001,1014.35834,19,0,0.8660254037844386,0.5000000000000001,0.9749279121818236,-0.22252093395631434
2025-02-20,55.0,3750.0,139.43,156.0,0,False,False,False,True,4.16,0.0,1016.1209,13.671498,0.0,1017.1165,0.0,19.246582,0.0,1014.27075,14.155044,1016.396,20,0,0.8660254037844386,0.5000000000000001,0.43388373911755823,-0.900968867902419
2025-02-21,55.0,3166.666666666667,138.96,156.0,0,False,False,False,True,4.16,0.8,1016.42914,12.942334,0.4,1017.50433,0.0,19.457003,0.0,1014.075,13.4487935,1016.6687,21,0,0.8660254037844386,0.5000000000000001,-0.433883739117558,-0.9009688679024191
2025-02-22,45.0,2583.3333333333335,139.05,156.0,0,False,False,False,True,4.16,0.0,1015.4167,13.592332,0.0,1016.55005,0.0,18.829916,0.0,1013.90405,14.213375500000001,1015.79585,22,1,0.8660254037844386,0.5000000000000001,-0.9749279121818236,-0.2225209339563146
2025-02-23,45.0,2000.0,139.05,156.0,0,False,False,False,True,4.16,0.1,1017.11255,12.181916,3.7,1018.49994,1.4000001,18.846582,0.0,1015.91656,13.046707999999999,1017.675025,23,1,0.8660254037844386,0.5000000000000001,-0.7818314824680299,0.6234898018587334
2025-02-24,45.0,3665.5,139.05,156.0,0,False,False,False,True,4.16,4.1,1018.76263,11.788167,0.9000001,1019.7541,0.90000004,18.867418,0.0,1016.9876,12.435250499999999,1019.095885,24,0,0.8660254037844386,0.5000000000000001,0.0,1.0
2025-02-25,45.0,5331.0,139.02,156.0,0,False,False,False,True,4.16,0.0,1019.1667,13.392331,0.2,1019.94165,0.0,18.946585,0.0,1017.68756,13.931085,1019.491675,25,0,0.8660254037844386,0.5000000000000001,0.7818314824680298,0.6234898018587336
2025-02-26,45.0,5280.214285714285,139.84,156.0,0,False,False,False,True,4.16,0.0,1019.32916,14.636085,0.0,1020.1626,0.0,19.704918,0.0,1017.8042,14.486291000000001,1019.71045,26,0,0.8660254037844386,0.5000000000000001,0.9749279121818236,-0.22252093395631434
2025-02-27,45.0,5229.428571428572,139.84,156.0,0,False,False,False,True,4.16,0.0,1016.80835,13.944416,0.1,1017.9041,0.0,20.246584,0.0,1015.07495,14.619626499999999,1017.162505,27,0,0.8660254037844386,0.5000000000000001,0.43388373911755823,-0.900968867902419
2025-02-28,45.0,5178.642857142857,139.83,156.0,0,False,False,False,True,4.16,7.7,1016.55835,13.242333,0.5,1017.5457,0.70000005,20.440334,0.0,1013.44165,14.354001499999999,1016.693755,28,0,0.8660254037844386,0.5000000000000001,-0.433883739117558,-0.9009688679024191
2025-03-01,45.0,5127.857142857143,140.3,155.0,0,False,False,True,False,3.75,1.5999999,1013.5083,14.586082,0.6,1014.7666,1.4000001,21.452833,0.0,1010.4958,15.093584,1013.8937,1,1,1.0,6.123233995736766e-17,-0.9749279121818236,-0.2225209339563146
2025-03-02,45.0,5077.071428571428,140.3,155.0,0,False,False,True,False,3.75,0.0,1009.3418,15.263167,0.0,1010.06256,0.0,21.3695,0.0,1007.28326,15.2331675,1009.56052,2,1,1.0,6.123233995736766e-17,-0.7818314824680299,0.6234898018587334
2025-03-03,45.0,5026.285714285715,140.3,155.0,0,False,False,True,False,3.75,0.0,1010.071,15.869416,0.0,1010.87915,0.0,19.494501,0.0,1008.89575,15.4154595,1010.447975,3,0,1.0,6.123233995736766e-17,0.0,1.0
2025-03-04,37.44,4975.5,140.1,155.0,0,False,False,True,False,3.75,0.0,1010.021,15.784,0.0,1010.77075,0.0,20.548666,0.0,1008.3542,16.035249999999998,1010.079315,4,0,1.0,6.123233995736766e-17,0.7818314824680298,0.6234898018587336
2025-03-05,29.89,4924.714285714285,139.93,155.0,1,False,False,True,False,3.75,0.1,1008.16656,14.883999,0.0,1008.60004,0.0,19.500753,0.0,1007.64154,14.537334,1008.36243,5,0,1.0,6.123233995736766e-17,0.9749279121818236,-0.22252093395631434
2025-03-06,22.33,4873.928571428572,139.44,155.0,1,False,False,True,False,3.75,0.0,1011.47076,14.306916,1.1,1012.45825,0.0,18.227833,0.0,1011.2249,14.393583,1011.933255,6,0,1.0,6.123233995736766e-17,0.43388373911755823,-0.900968867902419
2025-03-07,22.33,4823.142857142857,139.69,155.0,1,False,False,True,False,3.75,0.3,1011.09174,13.644416,5.600001,1012.01245,0.6,19.327833,0.0,1009.4001,14.497751000000001,1011.231295,7,0,1.0,6.123233995736766e-17,-0.433883739117558,-0.9009688679024191
2025-03-08,22.33,4772.357142857143,139.3,155.0,1,False,False,True,False,3.75,3.3999994,1010.4792,13.821502,2.0,1011.4417,2.4,20.152834,0.0,1008.60834,14.624833500000001,1010.733375,8,1,1.0,6.123233995736766e-17,-0.9749279121818236,-0.2225209339563146
2025-03-09,22.33,4721.571428571428,139.3,155.0,1,False,False,True,False,3.75,0.0,1015.35834,13.927751,2.2999997,1016.9167,1.1,21.275751,0.0,1013.3459,15.3415005,1015.82502,9,1,1.0,6.123233995736766e-17,-0.7818314824680299,0.6234898018587334
2025-03-10,22.33,4670.785714285715,139.3,155.0,1,False,False,True,False,3.75,1.1,1018.06274,14.892334,3.1999998,1019.27094,0.0,22.13617,0.0,1015.16656,16.587334,1018.1917699999999,10,0,1.0,6.123233995736766e-17,0.0,1.0
2025-03-11,22.33,4620.0,140.04,155.0,1,False,False,True,False,3.75,0.6,1014.4084,15.217334,0.70000005,1016.02094,1.2000002,22.475754,0.0,1011.86664,16.5529585,1014.96253,11,0,1.0,6.123233995736766e-17,0.7818314824680298,0.6234898018587336
2025-03-12,22.33,4230.0,139.85,155.0,1,False,False,True,False,3.75,9.8,1010.07495,15.042333,2.1000001,1011.78326,1.1,23.448668,0.0,1007.21246,16.557125,1010.579195,12,0,1.0,6.123233995736766e-17,0.9749279121818236,-0.22252093395631434
2025-03-13,22.33,3840.0,139.84,155.0,1,False,False,True,False,3.75,11.200001,1009.67487,15.031917,2.4,1010.8083,4.0,23.252832,0.4,1006.4751,15.744625,1009.9332850000001,13,0,1.0,6.123233995736766e-17,0.43388373911755823,-0.900968867902419
2025-03-14,22.33,3450.0,139.5,155.0,1,False,False,True,False,3.75,0.0,1010.0625,16.927748,0.0,1011.4792,0.0,23.20075,0.0,1007.4583,17.950875500000002,1010.48755,14,0,1.0,6.123233995736766e-17,-0.433883739117558,-0.9009688679024191
2025-03-15,22.33,3060.0,139.5,155.0,1,False,False,True,False,3.75,0.3,1012.0959,18.061083,0.1,1013.73773,0.0,24.1695,0.0,1008.71246,19.0029605,1012.6375800000001,15,1,1.0,6.123233995736766e-17,-0.9749279121818236,-0.2225209339563146
2025-03-16,22.33,2670.0,139.5,151.0,1,False,False,True,False,3.75,5.0,1012.1418,17.638166,1.7,1013.9084,0.1,23.982002,0.0,1008.0208,17.9154595,1012.83137,16,1,1.0,6.123233995736766e-17,-0.7818314824680299,0.6234898018587334
2025-03-17,22.33,2280.0,139.5,151.0,1,False,False,True,False,3.75,0.0,1010.7959,17.544416,0.1,1012.05005,0.0,24.434082,0.0,1007.2458,17.720667,1011.3542199999999,17,0,1.0,6.123233995736766e-17,0.0,1.0
2025-03-18,22.33,1890.0,139.19,151.0,1,False,False,True,False,3.75,0.0,1010.85425,16.879831,0.0,1011.6667,0.0,22.77575,0.0,1008.7542,16.880042000000003,1011.091775,18,0,1.0,6.123233995736766e-17,0.7818314824680298,0.6234898018587336
2025-03-19,17.67,1500.0,138.82,151.0,1,False,False,True,False,3.75,0.0,1013.55,17.821499,0.0,1014.6709,0.0,22.307001,0.0,1011.51245,18.1008785,1013.99585,19,0,1.0,6.123233995736766e-17,0.9749279121818236,-0.22252093395631434
2025-03-20,18.33,400.0,138.62,151.0,1,False,False,True,False,3.75,0.0,1015.2083,18.338167,0.1,1016.45,0.0,22.565332,0.0,1012.78345,18.564417,1015.59368,20,0,1.0,6.123233995736766e-17,0.43388373911755823,-0.900968867902419
2025-03-21,18.33,450.0,138.5,151.0,1,False,False,True,False,3.75,3.3,1014.99567,16.567331,1.0,1016.40826,1.2,21.727837,9.6,1012.9294,16.713375499999998,1015.474915,21,0,1.0,6.123233995736766e-17,-0.433883739117558,-0.9009688679024191
2025-03-22,22.33,500.0,137.86,151.0,1,False,False,True,False,3.75,0.6,1015.42084,15.200665,1.5,1016.7751,3.9,21.615335,3.8,1013.28754,15.574833,1015.8437200000001,22,1,1.0,6.123233995736766e-17,-0.9749279121818236,-0.2225209339563146
2025-03-23,22.33,10000.0,137.86,151.0,1,False,False,True,False,3.75,0.0,1016.27496,14.667335,4.6,1017.6667,0.0,22.3945,0.0,1014.0959,15.8133765,1016.6875,23,1,1.0,6.123233995736766e-17,-0.7818314824680299,0.6234898018587334
2025-03-24,35.0,6437.5,137.86,151.0,1,False,False,True,False,3.75,0.0,1015.97504,16.686083,0.0,1017.05426,0.0,23.531998,0.0,1013.6543,17.050874999999998,1016.2708700000001,24,0,1.0,6.123233995736766e-17,0.0,1.0
2025-03-25,35.0,2875.0,137.32,151.0,1,False,False,True,False,3.75,0.0,1011.2458,18.12358,0.0,1012.38336,0.0,23.81742,0.0,1008.57916,18.5664995,1011.64795,25,0,1.0,6.123233995736766e-17,0.7818314824680298,0.6234898018587336
2025-03-26,35.0,10000.0,137.52,151.0,0,False,False,True,False,3.75,0.0,1008.32916,18.700666,0.0,1009.9751,0.0,24.463251,0.0,1005.6958,19.7071265,1008.8125,26,0,1.0,6.123233995736766e-17,0.9749279121818236,-0.22252093395631434
2025-03-27,35.0,2625.0,137.44,151.0,0,False,False,True,False,3.75,0.0,1006.1375,20.288166,0.0,1007.8792,0.0,25.654917,0.0,1003.17084,20.83421,1006.7667200000001,27,0,1.0,6.123233995736766e-17,0.43388373911755823,-0.900968867902419
2025-03-28,35.0,2546.875,137.56,151.0,0,False,False,True,False,3.75,0.2,1006.14166,20.967333,0.0,1007.5667,0.0,26.792418,0.0,1002.8667,21.517543500000002,1006.46453,28,0,1.0,6.123233995736766e-17,-0.433883739117558,-0.9009688679024191
2025-03-29,35.0,2468.75,137.06,151.0,0,False,False,True,False,3.75,0.0,1006.4375,20.598583,0.0,1007.87506,0.0,23.432001,0.0,1004.55835,20.988376000000002,1006.91873,29,1,1.0,6.123233995736766e-17,-0.9749279121818236,-0.2225209339563146
2025-03-30,35.0,2390.625,137.06,151.0,0,False,False,True,False,3.75,0.0,1009.95416,20.423582,0.0,1011.16254,0.0,22.690332,0.0,1008.1042,20.4196265,1010.46253,30,1,1.0,6.123233995736766e-17,-0.7818314824680299,0.6234898018587334
2025-03-31,35.0,2312.5,137.06,149.0,0,False,False,True,False,3.75,0.0,1010.4583,20.294413,0.0,1011.5625,0.0,23.3445,0.0,1008.0042,20.4487935,1010.8666000000001,31,0,1.0,6.123233995736766e-17,0.0,1.0
2025-04-01,45.0,2234.375,137.06,149.0,0,False,False,True,False,3.39,0.0,1009.8125,19.986084,0.0,1011.3208,0.0,23.496582,0.0,1007.1292,20.3373335,1010.36875,1,0,0.8660254037844387,-0.4999999999999998,0.7818314824680298,0.6234898018587336
2025-04-02,35.0,2156.25,137.06,149.0,0,False,False,True,False,3.39,0.0,1011.56256,20.381914,0.0,1013.0916,0.0,23.052835,0.0,1008.88763,20.545666500000003,1012.08133,2,0,0.8660254037844387,-0.4999999999999998,0.9749279121818236,-0.22252093395631434
2025-04-03,35.0,2078.125,137.1,149.0,0,False,False,True,False,3.39,0.0,1012.6374,20.248583,0.0,1013.8875,0.0,23.6445,0.0,1009.6833,20.244626,1012.9894999999999,3,0,0.8660254037844387,-0.4999999999999998,0.43388373911755823,-0.900968867902419
2025-04-04,35.0,2000.0,137.0,149.0,0,False,False,True,False,3.39,0.0,1011.1001,20.123585,0.0,1012.6292,0.0,24.250748,0.0,1008.2041,20.4310835,1011.602175,4,0,0.8660254037844387,-0.4999999999999998,-0.433883739117558,-0.9009688679024191
2025-04-05,35.0,1833.3333333333333,136.68,149.0,0,False,False,True,False,3.39,0.0,1009.1916,20.333998,0.0,1011.00415,0.0,24.06325,0.0,1006.3875,20.487334,1009.7728999999999,5,1,0.8660254037844387,-0.4999999999999998,-0.9749279121818236,-0.2225209339563146
2025-04-06,35.0,1666.6666666666667,136.68,149.0,0,False,False,True,False,3.39,0.0,1009.59576,20.852749,0.0,1011.55,0.0,26.14242,0.0,1006.60406,21.235250999999998,1010.25408,6,1,0.8660254037844387,-0.4999999999999998,-0.7818314824680299,0.6234898018587334
2025-04-07,35.0,1500.0,136.68,149.0,0,False,False,True,False,3.39,0.0,1012.97925,20.917334,0.0,1014.43335,0.0,27.815336,0.0,1009.99585,21.088375499999998,1013.410425,7,0,0.8660254037844387,-0.4999999999999998,0.0,1.0
2025-04-08,35.0,3400.0,137.64,149.0,0,False,False,True,False,3.39,2.0,1015.89185,18.942335,7.4999995,1017.9292,9.7,28.161165,0.0,1012.0417,19.9779585,1016.454255,8,0,0.8660254037844387,-0.4999999999999998,0.7818314824680298,0.6234898018587336
2025-04-09,35.0,2675.0,138.33,149.0,0,False,False,True,False,3.39,0.5,1012.93335,19.690248,0.70000005,1014.875,0.5,26.963251,3.1999998,1009.79987,20.466500500000002,1013.587525,9,0,0.8660254037844387,-0.4999999999999998,0.9749279121818236,-0.22252093395631434
2025-04-10,35.0,2200.0,139.01,149.0,0,False,False,True,False,3.39,6.7,1009.13763,16.79025,19.500002,1010.88336,7.4000006,24.571585,7.6,1006.3498,17.9800435,1009.57098,10,0,0.8660254037844387,-0.4999999999999998,0.43388373911755823,-0.900968867902419
2025-04-11,35.0,3100.0,139.01,149.0,0,False,False,True,False,3.39,15.000001,1008.13354,16.725668,18.3,1009.47504,15.0,24.871582,7.2999997,1005.25824,17.338375499999998,1008.46262,11,0,0.8660254037844387,-0.4999999999999998,-0.433883739117558,-0.9009688679024191
2025-04-12,35.0,4000.0,137.97,149.0,0,False,False,True,False,3.39,0.6,1009.32104,17.98608,0.6,1010.62915,0.3,26.07367,0.5,1005.89166,18.7196265,1009.63967,12,1,0.8660254037844387,-0.4999999999999998,-0.9749279121818236,-0.2225209339563146
2025-04-13,35.0,3500.0,137.97,149.0,1,False,False,True,False,3.39,0.0,1011.69586,18.834,0.3,1013.2249,0.70000005,25.900747,0.0,1008.8709,19.384209,1012.13958,13,1,0.8660254037844387,-0.4999999999999998,-0.7818314824680299,0.6234898018587334
2025-04-14,35.0,3000.0,137.97,149.0,1,False,False,True,False,3.39,5.9,1012.5542,17.500666,0.2,1014.52094,2.1,25.507004,0.2,1009.22504,18.656083,1013.10837,14,0,0.8660254037844387,-0.4999999999999998,0.0,1.0
2025-04-15,35.0,2250.0,137.97,146.0,0,False,False,True,False,3.39,0.1,1012.69574,18.675665,3.7,1014.53345,0.8000001,25.990332,0.1,1009.47076,19.515459,1013.23957,15,0,0.8660254037844387,-0.4999999999999998,0.7818314824680298,0.6234898018587336
2025-04-16,35.0,1500.0,137.54,146.0,0,False,False,True,False,3.39,1.3000001,1011.0583,19.354834,1.3000001,1012.47925,0.2,27.275751,0.0,1007.64575,20.3029595,1011.32087,16,0,0.8660254037844387,-0.4999999999999998,0.9749279121818236,-0.22252093395631434
2025-04-17,35.0,9575.0,137.39,146.0,0,False,False,True,False,3.39,7.3999996,1009.68756,18.365248,11.7,1011.13745,2.3999996,26.463257,1.2,1006.2209,19.049834,1010.00843,17,0,0.8660254037844387,-0.4999999999999998,0.43388373911755823,-0.900968867902419
2025-04-18,35.0,12000.0,136.9,146.0,0,False,False,True,False,3.39,3.6000001,1008.3875,19.111084,0.5,1009.80835,3.2999997,25.165337,24.0,1006.52496,19.444626,1008.8729800000001,18,0,0.8660254037844387,-0.4999999999999998,-0.433883739117558,-0.9009688679024191
2025-04-19,35.0,7212.0,136.9,146.0,0,False,False,True,False,3.39,16.4,1009.8083,18.623583,9.0,1010.9666,5.3999996,26.752836,0.2,1006.104,19.1071275,1009.9104,19,1,0.8660254037844387,-0.4999999999999998,-0.9749279121818236,-0.2225209339563146
2025-04-20,35.0,8506.0,136.9,146.0,0,False,False,True,False,3.39,0.3,1008.5793,20.450666,0.3,1010.0666,0.4,28.109083,0.0,1004.9124,21.166500999999997,1008.86048,20,1,0.8660254037844387,-0.4999999999999998,-0.7818314824680299,0.6234898018587334
2025-04-21,35.0,9800.0,136.9,146.0,0,False,False,True,False,3.39,0.1,1009.7749,22.061083,0.0,1011.35834,0.1,29.444496,0.0,1005.9124,22.656086000000002,1010.09158,21,0,0.8660254037844387,-0.4999999999999998,0.0,1.0
2025-04-22,35.0,6550.0,136.51,146.0,0,False,False,True,False,3.39,0.0,1008.77094,23.125664,0.0,1010.3875,0.0,29.788252,0.0,1004.8418,23.758167,1009.05012,22,0,0.8660254037844387,-0.4999999999999998,0.7818314824680298,0.6234898018587336
2025-04-23,35.0,3300.0,136.61,146.0,0,False,False,True,False,3.39,0.0,1004.94995,22.821497,0.0,1006.7292,0.0,28.60283,0.0,1001.6457,23.593586000000002,1005.437475,23,0,0.8660254037844387,-0.4999999999999998,0.9749279121818236,-0.22252093395631434
2025-04-24,35.0,2550.0,136.98,146.0,0,False,False,True,False,3.39,0.0,1004.5083,22.331917,0.0,1006.4583,0.0,26.848663,0.0,1001.6209,23.332129000000002,1005.197875,24,0,0.8660254037844387,-0.4999999999999998,0.43388373911755823,-0.900968867902419
2025-04-25,35.0,1800.0,136.72,146.0,0,False,False,True,False,3.39,0.0,1006.31665,22.681913,0.0,1008.2583,0.0,26.975748,0.0,1002.7917,22.9623345,1006.9770249999999,25,0,0.8660254037844387,-0.4999999999999998,-0.433883739117558,-0.9009688679024191
2025-04-26,35.0,5000.0,137.03,146.0,0,False,False,True,False,3.39,0.0,1006.86237,23.313164,0.0,1008.9084,0.0,27.738253,0.0,1003.1082,22.887333499999997,1007.604135,26,1,0.8660254037844387,-0.4999999999999998,-0.9749279121818236,-0.2225209339563146
2025-04-27,35.0,2875.0,137.03,146.0,0,False,False,True,False,3.39,0.6,1010.06256,20.873585,2.6000001,1012.32513,1.6000001,26.336166,1.3000001,1006.78326,21.341502,1010.783355,27,1,0.8660254037844387,-0.4999999999999998,-0.7818314824680299,0.6234898018587334
2025-04-28,35.0,8012.5,137.03,146.0,0,False,False,True,False,3.39,9.5,1011.23755,16.850668,3.3999999,1012.9124,8.900002,23.62575,9.5,1008.61255,17.7592095,1011.6938250000001,28,0,0.8660254037844387,-0.4999999999999998,0.0,1.0
2025-04-29,35.0,13150.0,136.36,146.0,0,False,False,True,False,3.39,0.9000001,1010.7625,17.51525,0.3,1012.4583,5.3999996,24.648666,5.1,1008.7332,18.4998335,1011.3229,29,0,0.8660254037844387,-0.4999999999999998,0.7818314824680298,0.6234898018587336
2025-04-30,35.0,7680.0,136.73,145.0,0,False,False,True,False,3.39,7.4,1012.66254,18.329832,1.5000001,1014.1167,2.1,25.827835,0.0,1009.60425,18.487335,1013.056245,30,0,0.8660254037844387,-0.4999999999999998,0.9749279121818236,-0.22252093395631434
2025-05-01,35.0,2210.0,135.49,145.0,0,False,False,True,False,2.77,12.1,1014.43335,17.66525,21.400002,1016.0291,21.1,26.43825,0.5,1010.63745,18.2581665,1014.8188250000001,1,0,0.49999999999999994,-0.8660254037844387,0.43388373911755823,-0.900968867902419
2025-05-02,35.0,23500.0,135.49,145.0,0,False,False,True,False,2.77,2.1,1012.49164,18.2965,2.7,1013.9792,1.1,26.565336,0.0,1009.09174,19.124834,1012.84582,2,0,0.49999999999999994,-0.8660254037844387,-0.433883739117558,-0.9009688679024191
2025-05-03,35.0,17250.0,135.64,145.0,0,False,False,True,False,2.77,2.3000002,1009.95013,18.91525,2.8000002,1011.2791,3.8,27.2945,0.1,1006.29584,19.3842085,1010.264615,3,1,0.49999999999999994,-0.8660254037844387,-0.9749279121818236,-0.2225209339563146
2025-05-04,35.0,11000.0,135.64,145.0,0,False,False,True,False,2.77,3.1999998,1009.43335,18.084,25.6,1011.12085,15.1,26.523668,2.3999999,1005.96674,19.0779585,1009.83545,4,1,0.49999999999999994,-0.8660254037844387,-0.7818314824680299,0.6234898018587334
2025-05-05,35.67,10806.67,135.64,145.0,0,False,False,True,False,2.77,1.0,1009.5417,18.944414,2.5,1011.10406,9.5,26.102835,0.0,1006.1209,19.284211,1009.97083,5,0,0.49999999999999994,-0.8660254037844387,0.0,1.0
2025-05-06,36.33,10613.33,135.11,145.0,0,False,False,True,False,2.77,4.4,1009.8626,18.16108,6.9,1011.2292,8.699999,25.523666,5.3999996,1006.7083,18.741502,1010.160425,6,0,0.49999999999999994,-0.8660254037844387,0.7818314824680298,0.6234898018587336
2025-05-07,37.0,10420.0,135.4,145.0,0,False,False,True,False,2.77,0.1,1008.22504,19.129831,4.5,1009.7541,0.1,27.090332,0.0,1004.5959,20.50921,1008.5604900000001,7,0,0.49999999999999994,-0.8660254037844387,0.9749279121818236,-0.22252093395631434
2025-05-08,37.67,10226.67,136.03,145.0,0,False,False,True,False,2.77,0.0,1008.4626,21.344416,0.0,1010.1458,1.4,28.550749,0.0,1004.125,22.074835999999998,1008.80628,8,0,0.49999999999999994,-0.8660254037844387,0.43388373911755823,-0.900968867902419
2025-05-09,38.33,10033.33,137.44,145.0,0,False,False,True,False,2.77,0.0,1008.9666,22.283998,0.5,1010.7,0.6,28.998667,0.0,1004.9375,23.0633775,1009.33538,9,0,0.49999999999999994,-0.8660254037844387,-0.433883739117558,-0.9009688679024191
2025-05-10,39.0,9840.0,136.9,145.0,0,False,False,True,False,2.77,0.8,1008.38745,22.869415,0.6,1010.16254,0.4,29.331999,0.2,1004.3083,23.673792499999998,1008.756225,10,1,0.49999999999999994,-0.8660254037844387,-0.9749279121818236,-0.2225209339563146
2025-05-11,39.67,9646.67,136.9,145.0,0,False,False,True,False,2.77,2.8999996,1007.42914,21.981916,12.0,1009.2209,8.500001,29.354912,2.3,1003.17914,22.20921,1007.9249199999999,11,1,0.49999999999999994,-0.8660254037844387,-0.7818314824680299,0.6234898018587334
2025-05-12,40.33,9453.33,136.9,145.0,0,False,False,True,False,2.77,1.6,1005.6751,21.781916,3.3999999,1007.54175,1.9,30.142416,0.0,1001.9917,22.2112925,1006.1937800000001,12,0,0.49999999999999994,-0.8660254037844387,0.0,1.0
2025-05-13,41.0,9260.0,136.9,145.0,0,False,False,True,False,2.77,2.6,1005.8,21.908998,2.3000002,1007.31665,1.6000001,29.946587,0.2,1001.85004,22.370668,1006.1333,13,0,0.49999999999999994,-0.8660254037844387,0.7818314824680298,0.6234898018587336
2025-05-14,41.67,9066.67,136.84,145.0,0,False,False,True,False,2.77,7.6,1006.7917,22.211082,0.1,1008.64594,1.6,30.096586,0.0,1002.6582,22.8154605,1007.28125,14,0,0.49999999999999994,-0.8660254037844387,0.9749279121818236,-0.22252093395631434
2025-05-15,42.33,8873.33,136.74,145.0,0,False,False,True,False,2.77,3.9,1006.80414,22.66525,0.0,1008.7959,0.4,30.565336,0.0,1003.0208,23.166501,1007.46042,15,0,0.49999999999999994,-0.8660254037844387,0.43388373911755823,-0.900968867902419
2025-05-16,43.0,8680.0,137.19,145.0,0,False,False,True,False,2.77,10.3,1007.6624,22.509003,1.2,1008.9458,5.2999997,29.734085,1.2,1003.6458,22.176918,1007.88125,16,0,0.49999999999999994,-0.8660254037844387,-0.433883739117558,-0.9009688679024191
2025-05-17,43.67,8486.67,137.12,145.0,0,False,False,True,False,2.77,6.9999995,1007.82495,20.546501,6.4,1009.3333,13.000001,28.809082,0.0,1003.86664,20.793584,1008.141625,17,1,0.49999999999999994,-0.8660254037844387,-0.9749279121818236,-0.2225209339563146
2025-05-18,44.33,8293.33,137.12,145.0,0,False,False,True,False,2.77,4.4000006,1008.6834,20.004835,13.000001,1010.42914,28.400003,27.642412,8.099999,1005.37494,20.732127,1009.17505,18,1,0.49999999999999994,-0.8660254037844387,-0.7818314824680299,0.6234898018587334
2025-05-19,45.0,8100.0,137.12,145.0,0,False,False,True,False,2.77,9.300001,1008.15826,20.417334,6.299999,1009.68756,6.8,27.361168,1.1,1005.3125,20.899835,1008.5541049999999,19,0,0.49999999999999994,-0.8660254037844387,0.0,1.0
2025-05-20,45.0,29625.0,136.95,145.0,0,False,False,True,False,2.77,21.6,1006.45416,20.56108,15.700001,1008.01666,14.6,27.277832,5.4,1003.3792,20.807128499999997,1006.854155,20,0,0.49999999999999994,-0.8660254037844387,0.7818314824680298,0.6234898018587336
2025-05-21,37.67,2500.0,137.32,145.0,0,False,False,True,False,2.77,16.2,1007.3791,20.51525,7.3,1009.14996,4.0,27.444502,0.90000004,1004.13745,21.272751,1007.7854,21,0,0.49999999999999994,-0.8660254037844387,0.9749279121818236,-0.22252093395631434
2025-05-22,37.67,2625.0,137.33,145.0,0,False,False,True,False,2.77,4.7000003,1007.57495,20.86733,9.0,1009.2624,10.900002,27.97158,1.9000001,1004.2251,21.0612925,1008.093725,22,0,0.49999999999999994,-0.8660254037844387,0.43388373911755823,-0.900968867902419
2025-05-23,37.67,9000.0,137.91,145.0,0,False,False,True,False,2.77,17.3,1006.14594,20.883997,6.3999996,1007.7126,10.200001,28.067415,8.3,1002.6001,21.393585,1006.50837,23,0,0.49999999999999994,-0.8660254037844387,-0.433883739117558,-0.9009688679024191
2025-05-24,37.67,5225.0,136.65,145.0,0,False,False,True,False,2.77,2.5,1007.3042,20.373583,12.200001,1008.9292,10.400001,28.623672,0.9,1003.425,21.2040005,1007.6812500000001,24,1,0.49999999999999994,-0.8660254037844387,-0.9749279121818236,-0.2225209339563146
2025-05-25,37.67,13125.0,136.65,145.0,0,False,False,True,False,2.77,2.0,1007.8167,21.581917,11.900001,1009.58746,2.9,29.398666,0.0,1003.8293,22.364419,1008.1979,25,1,0.49999999999999994,-0.8660254037844387,-0.7818314824680299,0.6234898018587334
2025-05-26,35.0,18000.0,136.65,145.0,0,False,False,True,False,2.77,6.5,1006.2249,21.669416,13.8,1007.8374,18.000002,28.884089,1.1,1002.7708,21.892542,1006.64788,26,0,0.49999999999999994,-0.8660254037844387,0.0,1.0
2025-05-27,35.0,10350.0,136.44,145.0,0,False,False,True,False,2.77,2.0,1004.01245,22.042334,3.9999998,1005.5376,1.9000001,29.613245,0.0,1000.1833,22.423793,1004.327125,27,0,0.49999999999999994,-0.8660254037844387,0.7818314824680298,0.6234898018587336
2025-05-28,35.0,2700.0,136.84,145.0,0,False,False,True,False,2.77,5.7,1002.50415,22.406914,7.3,1004.2166,6.1,30.752832,0.0,997.98737,22.6498335,1002.933325,28,0,0.49999999999999994,-0.8660254037844387,0.9749279121818236,-0.22252093395631434
2025-05-29,45.0,4500.0,136.88,145.0,0,False,False,True,False,2.77,5.1,1000.32495,22.90275,4.2999997,1002.0042,10.2,29.936167,1.3000001,996.31244,23.100877,1000.7915949999999,29,0,0.49999999999999994,-0.8660254037844387,0.43388373911755823,-0.900968867902419
2025-05-30,45.0,1500.0,137.12,145.0,0,False,False,True,False,2.77,0.8000001,998.67926,23.15483,1.5,999.9541,1.8000001,30.440336,0.5,994.5168,23.332126000000002,998.8063050000001,30,0,0.49999999999999994,-0.8660254037844387,-0.433883739117558,-0.9009688679024191
2025-05-31,45.0,6375.0,137.23,143.0,0,False,False,True,False,2.77,6.7999997,1001.0708,23.331915,2.3999999,1002.6167,1.3000001,30.825747,12.3,996.7376,23.588375,1001.36667,31,1,0.49999999999999994,-0.8660254037844387,-0.9749279121818236,-0.2225209339563146
2025-06-01,50.0,11250.0,137.23,145.0,0,False,True,False,False,2.72,11.5,1001.3625,22.39025,7.4,1003.0085,9.3,30.125746,21.000002,996.9834,22.624835,1001.7229,1,1,1.2246467991473532e-16,-1.0,-0.7818314824680299,0.6234898018587334
2025-06-02,50.0,15000.0,137.23,145.0,0,False,True,False,False,2.72,10.8,1002.50836,21.556915,1.9000001,1003.98755,1.4000001,29.200747,3.1999998,997.946,21.526919,1002.86878,2,0,1.2246467991473532e-16,-1.0,0.0,1.0
2025-06-03,65.0,7500.0,136.92,145.0,0,False,True,False,False,2.72,1.3000001,1003.69995,21.704832,0.1,1005.39594,1.8,29.607002,1.2,999.81665,21.864417500000002,1004.07071,3,0,1.2246467991473532e-16,-1.0,0.7818314824680298,0.6234898018587336
2025-06-04,65.0,7125.0,137.25,145.0,0,False,True,False,False,2.72,7.6,1006.9583,19.779833,19.900002,1008.92084,10.4,26.40075,12.1,1003.9124,20.194628,1007.57287,4,0,1.2246467991473532e-16,-1.0,0.9749279121818236,-0.22252093395631434
2025-06-05,65.0,6750.0,137.75,145.0,0,False,True,False,False,2.72,2.9,1009.45844,20.07775,2.8,1011.15826,11.7,27.531998,0.3,1005.9876,20.5383755,1009.85212,5,0,1.2246467991473532e-16,-1.0,0.43388373911755823,-0.900968867902419
2025-06-06,70.75,6375.0,137.57,145.0,0,False,True,False,False,2.72,5.2999997,1009.2832,20.656916,1.6,1010.78754,1.3000001,27.229918,0.6,1006.00006,21.241502500000003,1009.6103499999999,6,0,1.2246467991473532e-16,-1.0,-0.433883739117558,-0.9009688679024191
2025-06-07,70.0,6000.0,137.31,145.0,0,False,True,False,False,2.72,1.2,1007.9417,22.113167,1.8000001,1009.4207,1.5,29.357,0.0,1004.2749,22.599832499999998,1008.3458499999999,7,1,1.2246467991473532e-16,-1.0,-0.9749279121818236,-0.2225209339563146
2025-06-08,75.0,5625.0,137.31,145.0,0,False,True,False,False,2.72,0.70000005,1006.7957,22.879831,0.0,1008.3125,0.2,30.994501,0.0,1002.5874,23.343583000000002,1007.099875,8,1,1.2246467991473532e-16,-1.0,-0.7818314824680299,0.6234898018587334
2025-06-09,85.0,5250.0,137.31,145.0,0,False,True,False,False,2.72,0.1,1005.22485,24.033998,0.0,1006.9915,0.2,32.148666,0.0,1000.9375,24.470669,1005.6333,9,0,1.2246467991473532e-16,-1.0,0.0,1.0
2025-06-10,105.5,4875.0,137.3,145.0,0,False,True,False,False,2.72,6.7000003,1005.24164,24.25067,1.4,1007.00006,3.4999998,32.790333,0.0,1000.4375,24.666501,1005.59372,10,0,1.2246467991473532e-16,-1.0,0.7818314824680298,0.6234898018587336
2025-06-11,104.25,4500.0,137.27,145.0,0,False,True,False,False,2.72,8.8,1006.32495,23.26108,8.700001,1008.27496,1.2,32.66325,0.5,1001.31256,24.050874,1006.720825,11,0,1.2246467991473532e-16,-1.0,0.9749279121818236,-0.22252093395631434
2025-06-12,96.4,4500.0,137.12,145.0,0,False,True,False,False,2.72,14.8,1006.6709,22.8715,3.7,1008.49164,1.8000001,31.032003,6.5999994,1002.14166,23.5310855,1007.04175,12,0,1.2246467991473532e-16,-1.0,0.43388373911755823,-0.900968867902419
2025-06-13,73.6,4437.6760563380285,137.27,145.0,0,False,True,False,False,2.72,14.000001,1006.64996,23.002747,6.9,1008.50836,10.000001,31.02575,2.3,1001.9875,23.647753,1007.05621,13,0,1.2246467991473532e-16,-1.0,-0.433883739117558,-0.9009688679024191
2025-06-14,63.2,4375.352112676056,138.04,145.0,0,False,True,False,False,2.72,1.7,1004.28326,23.308998,9.200001,1006.2249,14.700001,32.259083,20.800001,999.63763,24.043584,1004.78333,14,1,1.2246467991473532e-16,-1.0,-0.9749279121818236,-0.2225209339563146
2025-06-15,65.0,4313.028169014085,138.04,145.0,0,False,True,False,False,2.72,0.9000001,1004.07086,22.715248,5.8999996,1005.81244,4.5,28.609085,17.900002,1000.1707,23.116501,1004.4812300000001,15,1,1.2246467991473532e-16,-1.0,-0.7818314824680299,0.6234898018587334
2025-06-16,67.4,4250.704225352113,138.04,145.0,0,False,True,False,False,2.72,5.5,1003.6084,22.988167,32.0,1005.38324,12.8,31.213251,0.0,999.3125,23.538376,1003.96048,16,0,1.2246467991473532e-16,-1.0,0.0,1.0
2025-06-17,71.0,4188.380281690141,138.01,145.0,0,False,True,False,False,2.72,16.7,1003.8125,22.950668,19.599997,1005.1333,4.9999995,29.94242,14.2,999.53326,23.123794,1003.9021,17,0,1.2246467991473532e-16,-1.0,0.7818314824680298,0.6234898018587336
2025-06-18,63.8,4126.056338028169,138.29,145.0,0,False,True,False,False,2.72,21.999998,1001.7624,22.815252,22.199999,1002.99585,16.4,28.63617,14.8,997.91675,22.687335,1001.89582,18,0,1.2246467991473532e-16,-1.0,0.9749279121818236,-0.22252093395631434
2025-06-19,65.0,4063.7323943661972,138.67,145.0,0,False,True,False,False,2.72,13.3,1001.31665,22.992332,71.40001,1002.79175,14.400001,28.19242,3.7999992,997.9875,22.796709,1001.5833749999999,19,0,1.2246467991473532e-16,-1.0,0.43388373911755823,-0.900968867902419
2025-06-20,65.0,4001.4084507042253,139.06,145.0,0,False,True,False,False,2.72,24.6,1003.20416,23.134,27.000002,1004.5833,11.6,29.671583,0.0,999.3625,23.0946275,1003.39788,20,0,1.2246467991473532e-16,-1.0,-0.433883739117558,-0.9009688679024191
2025-06-21,65.0,3939.084507042254,138.84,145.0,0,False,True,False,False,2.72,10.800001,1003.38745,24.01525,5.7,1004.825,9.1,30.225748,0.5,999.42084,23.80296,1003.6936949999999,21,1,1.2246467991473532e-16,-1.0,-0.9749279121818236,-0.2225209339563146
2025-06-22,65.8,3876.760563380282,138.84,145.0,0,False,True,False,False,2.72,13.400001,1003.5959,23.29025,23.000002,1005.3125,7.2,29.236166,9.8,999.7458,23.5321275,1003.92307,22,1,1.2246467991473532e-16,-1.0,-0.7818314824680299,0.6234898018587334
2025-06-23,65.0,3814.43661971831,138.84,145.0,0,False,True,False,False,2.72,15.100001,1001.7542,22.509,49.6,1003.2959,23.599998,27.861168,32.0,998.0916,22.7081685,1002.10625,23,0,1.2246467991473532e-16,-1.0,0.0,1.0
2025-06-24,65.6,3752.112676056338,139.11,145.0,0,False,True,False,False,2.72,42.300003,1001.4333,22.80275,16.199999,1002.89594,14.799999,28.877836,3.1999998,997.74994,22.8644185,1001.7042,24,0,1.2246467991473532e-16,-1.0,0.7818314824680298,0.6234898018587336
2025-06-25,63.0,3689.788732394366,137.87,145.0,0,False,True,False,False,2.72,33.900005,1004.78754,23.517328,3.5999994,1006.0334,16.900002,30.184082,0.9000001,1000.4458,23.287333500000003,1004.958345,25,0,1.2246467991473532e-16,-1.0,0.9749279121818236,-0.22252093395631434
2025-06-26,64.0,3627.4647887323945,138.03,145.0,0,False,True,False,False,2.72,20.400002,1005.82074,23.736084,12.1,1007.4209,18.999998,30.87992,0.2,1001.44995,23.610248499999997,1006.1624449999999,26,0,1.2246467991473532e-16,-1.0,0.43388373911755823,-0.900968867902419
2025-06-27,69.0,3565.1408450704225,137.44,145.0,0,False,True,False,False,2.72,11.300001,1004.6001,23.361086,19.699999,1006.0833,16.6,30.715332,0.2,1000.2791,23.3279615,1004.877075,27,0,1.2246467991473532e-16,-1.0,-0.433883739117558,-0.9009688679024191
2025-06-28,65.0,3502.8169014084506,137.07,145.0,0,False,True,False,False,2.72,8.700001,1002.8208,22.963165,6.9,1004.22485,5.7,29.686167,2.2,998.575,22.892542,1003.041715,28,1,1.2246467991473532e-16,-1.0,-0.9749279121818236,-0.2225209339563146
2025-06-29,66.0,3440.492957746479,137.07,145.0,0,False,True,False,False,2.72,19.100002,1000.86255,22.263166,26.3,1002.51245,17.099998,27.850748,19.1,997.05005,22.571708,1001.231295,29,1,1.2246467991473532e-16,-1.0,-0.7818314824680299,0.6234898018587334
2025-06-30,65.8,3378.169014084507,137.07,149.0,0,False,True,False,False,2.72,6.6000004,1001.61255,22.398584,18.3,1003.09174,14.500001,28.32575,20.100004,997.40826,22.444626,1001.825075,30,0,1.2246467991473532e-16,-1.0,0.0,1.0
2025-07-01,63.2,3315.845070422535,137.52,149.0,0,False,True,False,False,2.2,23.3,1002.07495,23.17775,33.100002,1003.67505,19.1,29.50908,3.9999998,998.12915,23.3206675,1002.408295,1,0,-0.4999999999999997,-0.8660254037844388,0.7818314824680298,0.6234898018587336
2025-07-02,70.0,3253.5211267605637,137.14,149.0,0,False,True,False,False,2.2,13.5,1003.25433,22.919418,28.300001,1004.82513,9.200001,29.432001,12.200001,999.26245,23.0821275,1003.575135,2,0,-0.4999999999999997,-0.8660254037844388,0.9749279121818236,-0.22252093395631434
2025-07-03,70.0,3191.1971830985913,137.43,149.0,0,False,True,False,False,2.2,8.599999,1003.87897,23.023584,31.400002,1005.3625,19.5,29.798666,4.4999995,999.72906,23.113374999999998,1004.1395600000001,3,0,-0.4999999999999997,-0.8660254037844388,0.43388373911755823,-0.900968867902419
2025-07-04,68.33,3128.8732394366198,136.8,149.0,0,False,True,False,False,2.2,30.2,1003.7334,22.792336,25.3,1005.1082,17.300001,29.59242,4.4999995,999.5542,22.5946255,1003.954225,4,0,-0.4999999999999997,-0.8660254037844388,-0.433883739117558,-0.9009688679024191
2025-07-05,65.0,3066.549295774648,136.94,149.0,0,False,True,False,False,2.2,33.0,1002.4458,22.504831,13.0,1003.92505,7.1999993,29.686165,8.3,998.24164,22.395668999999998,1002.6916799999999,5,1,-0.4999999999999997,-0.8660254037844388,-0.9749279121818236,-0.2225209339563146
2025-07-06,65.0,3004.225352112676,136.94,149.0,0,False,True,False,False,2.2,33.6,1002.3083,22.617334,4.9,1003.7668,6.599999,30.298666,2.1999998,997.9126,22.5967105,1002.5354,6,1,-0.4999999999999997,-0.8660254037844388,-0.7818314824680299,0.6234898018587334
2025-07-07,69.0,2941.9014084507044,136.94,149.0,0,False,True,False,False,2.2,3.2,1002.0791,23.275667,4.3,1003.4334,9.599999,30.63408,4.6,997.88336,23.2165015,1002.3603800000001,7,0,-0.4999999999999997,-0.8660254037844388,0.0,1.0
2025-07-08,69.0,2879.5774647887324,137.67,149.0,0,False,True,False,False,2.2,13.0,1002.7459,23.136084,11.800001,1004.02094,9.799999,30.09658,6.3999996,998.5291,22.9498335,1002.914575,8,0,-0.4999999999999997,-0.8660254037844388,0.7818314824680298,0.6234898018587336
2025-07-09,68.0,2817.2535211267605,137.42,149.0,0,False,True,False,False,2.2,13.400002,1004.34576,22.256918,48.899998,1005.7375,8.0,29.709085,1.8000001,1000.1999,22.4248355,1004.54998,9,0,-0.4999999999999997,-0.8660254037844388,0.9749279121818236,-0.22252093395631434
2025-07-10,65.0,2754.929577464789,137.38,149.0,0,False,True,False,False,2.2,8.600001,1005.1958,22.704834,16.300001,1006.58325,18.500004,30.584078,0.6,1001.1834,22.6133785,1005.46243,10,0,-0.4999999999999997,-0.8660254037844388,0.43388373911755823,-0.900968867902419
2025-07-11,70.0,2692.605633802817,137.32,149.0,0,False,True,False,False,2.2,11.799999,1004.7749,23.034002,10.2,1006.1624,6.7000003,30.454918,2.5,1000.59174,22.945667,1004.9791250000001,11,0,-0.4999999999999997,-0.8660254037844388,-0.433883739117558,-0.9009688679024191
2025-07-12,65.0,2630.281690140845,137.59,149.0,0,False,True,False,False,2.2,10.1,1004.90015,23.296495,10.6,1006.63745,8.2,31.302834,0.5,1000.3833,23.6935845,1005.2125550000001,12,1,-0.4999999999999997,-0.8660254037844388,-0.9749279121818236,-0.2225209339563146
2025-07-13,65.0,2567.9577464788736,137.59,149.0,0,False,True,False,False,2.2,8.3,1005.7834,23.402748,21.3,1007.50006,6.4,31.69033,2.0,1000.85406,23.708168,1006.1146,13,1,-0.4999999999999997,-0.8660254037844388,-0.7818314824680299,0.6234898018587334
2025-07-14,65.0,2505.633802816901,137.59,149.0,0,False,True,False,False,2.2,5.5999994,1005.2292,22.99025,25.400003,1006.8958,25.500002,30.265327,12.6,1001.0542,22.9852505,1005.61045,14,0,-0.4999999999999997,-0.8660254037844388,0.0,1.0
2025-07-15,65.0,2443.3098591549297,137.88,148.0,0,False,True,False,False,2.2,3.8,1003.84174,22.927752,25.5,1005.396,11.8,29.92575,0.7,999.9124,23.086292,1004.11255,15,0,-0.4999999999999997,-0.8660254037844388,0.7818314824680298,0.6234898018587336
2025-07-16,65.0,2380.9859154929577,137.6,148.0,0,False,True,False,False,2.2,8.400001,1004.75806,22.713167,1.0,1006.3918,6.2999997,28.021582,9.3,1001.4209,22.714416,1005.178955,16,0,-0.4999999999999997,-0.8660254037844388,0.9749279121818236,-0.22252093395631434
2025-07-17,65.0,2318.6619718309857,137.81,148.0,0,False,True,False,False,2.2,6.9,1007.1917,22.752748,1.0,1008.9126,2.2,29.698664,5.0,1003.46655,22.866502,1007.5645999999999,17,0,-0.4999999999999997,-0.8660254037844388,0.43388373911755823,-0.900968867902419
2025-07-18,65.0,2256.3380281690143,138.03,148.0,0,False,True,False,False,2.2,3.9,1005.85425,23.406916,1.1,1007.3542,1.5000001,30.723663,0.8,1001.7293,23.8456665,1006.054225,18,0,-0.4999999999999997,-0.8660254037844388,-0.433883739117558,-0.9009688679024191
2025-07-19,65.0,2194.0140845070423,138.14,148.0,0,False,True,False,False,2.2,2.8000002,1001.8457,24.569414,1.4000002,1003.3291,13.5,32.39034,0.2,997.65845,24.539413500000002,1002.127075,19,1,-0.4999999999999997,-0.8660254037844388,-0.9749279121818236,-0.2225209339563146
2025-07-20,65.0,2131.6901408450703,138.14,148.0,0,False,True,False,False,2.2,14.200001,1002.7041,23.325666,8.400002,1004.1917,16.6,29.092415,6.1,999.1624,23.4258765,1002.9708250000001,20,1,-0.4999999999999997,-0.8660254037844388,-0.7818314824680299,0.6234898018587334
2025-07-21,60.0,2069.366197183099,138.14,148.0,0,False,True,False,False,2.2,4.5,1003.83344,23.64025,3.6000001,1005.39594,5.9000006,30.069498,1.7000002,1000.05414,23.658167499999998,1004.16047,21,0,-0.4999999999999997,-0.8660254037844388,0.0,1.0
2025-07-22,60.0,2007.042253521127,138.38,148.0,0,False,True,False,False,2.2,5.9999986,1002.40826,23.346498,21.2,1004.01666,3.4999998,30.05075,1.2,998.3333,23.5758795,1002.70831,22,0,-0.4999999999999997,-0.8660254037844388,0.7818314824680298,0.6234898018587336
2025-07-23,58.75,1944.718309859155,138.5,148.0,0,False,True,False,False,2.2,1.3000001,999.62085,23.4965,19.1,1001.4792,3.7,31.752832,0.1,995.16656,24.016502,1000.014625,23,0,-0.4999999999999997,-0.8660254037844388,0.9749279121818236,-0.22252093395631434
2025-07-24,55.0,1882.394366197183,138.56,148.0,0,False,True,False,False,2.2,0.7,998.12085,23.950663,10.6,1000.0334,1.8000001,32.892414,0.1,993.3208,24.808169,998.4625550000001,24,0,-0.4999999999999997,-0.8660254037844388,0.43388373911755823,-0.900968867902419
2025-07-25,55.0,1820.0704225352115,138.56,148.0,0,False,True,False,False,2.2,7.2000003,998.60834,24.109,0.70000005,1000.2376,9.999999,30.709084,11.4,994.31665,24.3060895,998.88337,25,0,-0.4999999999999997,-0.8660254037844388,-0.433883739117558,-0.9009688679024191
2025-07-26,55.0,1757.7464788732395,138.73,148.0,0,False,True,False,False,2.2,13.3,1000.67926,23.629831,5.4999995,1002.2334,23.4,31.0445,1.4000001,996.5,23.6362925,1001.0042100000001,26,1,-0.4999999999999997,-0.8660254037844388,-0.9749279121818236,-0.2225209339563146
2025-07-27,55.0,1695.4225352112676,138.73,148.0,0,False,True,False,False,2.2,11.5,1000.7166,23.80275,16.3,1002.29987,7.3,30.867414,2.7999997,996.7793,23.872752,1001.00415,27,1,-0.4999999999999997,-0.8660254037844388,-0.7818314824680299,0.6234898018587334
2025-07-28,55.0,1633.0985915492956,138.73,148.0,0,False,True,False,False,2.2,44.5,1001.45013,22.538168,40.1,1002.96234,12.100001,27.725752,33.0,997.7417,22.506083500000003,1001.69589,28,0,-0.4999999999999997,-0.8660254037844388,0.0,1.0
2025-07-29,55.6,1570.7746478873241,138.97,148.0,0,False,True,False,False,2.2,10.000001,1002.5749,22.573584,11.599999,1004.01666,13.6,29.048668,2.6999998,998.46655,22.5862935,1002.7479,29,0,-0.4999999999999997,-0.8660254037844388,0.7818314824680298,0.6234898018587336
2025-07-30,55.0,1508.4507042253522,139.21,148.0,0,False,True,False,False,2.2,13.2,1003.45416,22.92775,13.699999,1004.97095,15.500001,29.4195,3.1999996,999.4751,23.042544,1003.7395300000001,30,0,-0.4999999999999997,-0.8660254037844388,0.9749279121818236,-0.22252093395631434
2025-07-31,55.4,1446.1267605633802,140.18,150.0,0,False,True,False,False,2.2,4.7000003,1003.4917,22.75483,35.0,1004.93317,4.5,29.62575,6.6,999.50415,23.0935855,1003.708375,31,0,-0.4999999999999997,-0.8660254037844388,0.43388373911755823,-0.900968867902419
2025-08-01,55.75,1383.8028169014083,140.46,150.0,0,False,True,False,False,1.68,4.1,1003.30835,23.098585,2.8,1004.77496,3.6000001,28.61117,10.5,999.64575,23.216502,1003.531225,1,0,-0.8660254037844385,-0.5000000000000004,-0.433883739117558,-0.9009688679024191
2025-08-02,55.0,1321.4788732394368,140.37,150.0,0,False,True,False,False,1.68,25.800003,1003.84576,23.10483,20.400003,1005.40424,6.2000003,28.2445,9.099999,1000.26245,23.1467095,1004.09998,2,1,-0.8660254037844385,-0.5000000000000004,-0.9749279121818236,-0.2225209339563146
2025-08-03,55.6,1259.1549295774648,140.37,150.0,0,False,True,False,False,1.68,34.100002,1005.7874,21.908997,38.399998,1007.5,19.900003,26.4195,42.100006,1002.69574,22.024835,1006.2146,3,1,-0.8660254037844385,-0.5000000000000004,-0.7818314824680299,0.6234898018587334
2025-08-04,55.2,1196.8309859154929,140.37,150.0,0,False,True,False,False,1.68,22.499998,1006.78754,22.098585,14.800001,1008.49585,5.8999996,26.021584,53.4,1004.14166,22.194626,1007.243745,4,0,-0.8660254037844385,-0.5000000000000004,0.0,1.0
2025-08-05,55.0,1134.5070422535214,140.56,150.0,0,False,True,False,False,1.68,10.400001,1007.80835,21.300669,28.4,1009.05835,2.0000002,27.569504,2.0000002,1004.28345,21.681086,1007.945825,5,0,-0.8660254037844385,-0.5000000000000004,0.7818314824680298,0.6234898018587336
2025-08-06,56.0,1072.1830985915494,140.79,150.0,0,False,True,False,False,1.68,1.5000001,1005.96246,22.361084,0.5,1007.29175,1.8,28.384085,0.6,1002.5583,22.9040015,1006.20001,6,0,-0.8660254037844385,-0.5000000000000004,0.9749279121818236,-0.22252093395631434
2025-08-07,55.0,1009.8591549295775,140.68,150.0,0,False,True,False,False,1.68,2.6999998,1004.6668,23.242332,8.499999,1006.32495,11.100001,28.452835,15.200001,1001.39996,23.517544,1005.00842,7,0,-0.8660254037844385,-0.5000000000000004,0.43388373911755823,-0.900968867902419
2025-08-08,55.0,947.5352112676055,140.63,150.0,0,False,True,False,False,1.68,20.8,1007.5999,22.769417,13.500002,1009.26666,12.4,27.202835,17.800003,1004.4915,22.556084499999997,1008.0562649999999,8,0,-0.8660254037844385,-0.5000000000000004,-0.433883739117558,-0.9009688679024191
2025-08-09,54.25,885.211267605634,140.56,150.0,0,False,True,False,False,1.68,6.8999996,1009.19995,22.409002,15.700002,1010.65826,16.300001,27.567415,3.7999997,1005.804,22.236292499999998,1009.5083,9,1,-0.8660254037844385,-0.5000000000000004,-0.9749279121818236,-0.2225209339563146
2025-08-10,55.0,822.8873239436621,140.56,150.0,0,False,True,False,False,1.68,2.3,1007.5208,22.771502,1.9000002,1008.9041,5.3999996,27.936165,10.400001,1004.0208,22.977959,1007.72075,10,1,-0.8660254037844385,-0.5000000000000004,-0.7818314824680299,0.6234898018587334
2025-08-11,65.0,760.5633802816901,140.56,150.0,0,False,True,False,False,1.68,10.5,1006.1792,22.72775,2.4999998,1007.68335,6.0999994,27.613249,13.7,1002.7959,22.8019165,1006.4729,11,0,-0.8660254037844385,-0.5000000000000004,0.0,1.0
2025-08-12,64.0,698.2394366197182,140.56,150.0,0,False,True,False,False,1.68,10.799999,1004.2043,23.879837,11.500001,1005.7,8.9,28.740334,12.700004,1000.59174,23.8269205,1004.4812999999999,12,0,-0.8660254037844385,-0.5000000000000004,0.7818314824680298,0.6234898018587336
2025-08-13,63.6,635.9154929577467,140.65,150.0,0,False,True,False,False,1.68,37.0,1006.14594,22.325666,54.000004,1008.0374,25.400002,26.532,20.4,1003.425,22.305044000000002,1006.7145399999999,13,0,-0.8660254037844385,-0.5000000000000004,0.9749279121818236,-0.22252093395631434
2025-08-14,65.6,573.5915492957747,140.21,150.0,0,False,True,False,False,1.68,35.699993,1008.96265,21.700666,19.500002,1010.3916,2.8999994,28.019503,0.70000005,1005.2332,21.886294,1009.2125550000001,14,0,-0.8660254037844385,-0.5000000000000004,0.43388373911755823,-0.900968867902419
2025-08-15,65.0,511.26760563380276,140.39,149.0,0,False,True,False,False,1.68,15.700001,1006.37915,22.042336,2.4999998,1007.95416,7.999999,28.617418,1.0,1002.3833,22.234209999999997,1006.702025,15,0,-0.8660254037844385,-0.5000000000000004,-0.433883739117558,-0.9009688679024191
2025-08-16,65.0,448.94366197183126,140.39,149.0,0,False,True,False,False,1.68,20.800001,1005.78735,22.725668,26.3,1007.3667,11.299999,29.131996,1.7,1001.46674,22.917541999999997,1006.072875,16,1,-0.8660254037844385,-0.5000000000000004,-0.9749279121818236,-0.2225209339563146
2025-08-17,65.0,386.6197183098593,140.39,149.0,0,False,True,False,False,1.68,9.1,1007.4207,22.644417,35.599995,1009.0251,12.9,28.679916,5.4999995,1002.8582,22.866501,1007.76452,17,1,-0.8660254037844385,-0.5000000000000004,-0.7818314824680299,0.6234898018587334
2025-08-18,74.4,324.2957746478878,140.39,149.0,0,False,True,False,False,1.68,6.1,1008.58746,22.754831,9.900001,1010.2917,7.0,28.621582,7.8999996,1004.4126,22.944625000000002,1008.95623,18,0,-0.8660254037844385,-0.5000000000000004,0.0,1.0
2025-08-19,75.6,261.9718309859154,140.07,149.0,0,False,True,False,False,1.68,6.5,1007.21674,22.67775,12.1,1008.8208,7.7999997,28.848665,7.0,1003.2417,22.810250500000002,1007.54169,19,0,-0.8660254037844385,-0.5000000000000004,0.7818314824680298,0.6234898018587336
2025-08-20,84.0,199.6478873239439,139.43,149.0,0,False,True,False,False,1.68,6.1000004,1006.9834,22.325668,7.9999995,1008.3625,8.900001,28.821585,0.3,1003.1958,22.392546,1007.2084,20,0,-0.8660254037844385,-0.5000000000000004,0.9749279121818236,-0.22252093395631434
2025-08-21,85.0,137.3239436619715,139.61,149.0,0,False,True,False,False,1.68,3.8999999,1006.4958,22.294416,10.600001,1008.1333,13.1,28.36534,11.499999,1002.9041,22.482127,1006.83955,21,0,-0.8660254037844385,-0.5000000000000004,0.43388373911755823,-0.900968867902419
2025-08-22,85.0,75.0,139.94,149.0,0,False,True,False,False,1.68,10.1,1004.75415,22.31108,15.200001,1006.06665,15.200001,27.813248,1.7000002,1001.0583,22.249838,1004.94165,22,0,-0.8660254037844385,-0.5000000000000004,-0.433883739117558,-0.9009688679024191
2025-08-23,86.25,191.66666666666666,140.36,149.0,0,False,True,False,False,1.68,14.5,1004.03754,22.706911,14.800001,1005.46265,10.7,28.57575,1.1,1000.2751,22.504001000000002,1004.2688,23,1,-0.8660254037844385,-0.5000000000000004,-0.9749279121818236,-0.2225209339563146
2025-08-24,86.25,308.3333333333333,140.36,149.0,0,False,True,False,False,1.68,20.8,1005.59985,22.67775,5.5999994,1007.01263,12.799999,28.823668,0.4,1001.9001,22.366503,1005.8769749999999,24,1,-0.8660254037844385,-0.5000000000000004,-0.7818314824680299,0.6234898018587334
2025-08-25,82.6,425.0,140.36,149.0,0,False,True,False,False,1.68,10.900001,1007.05414,22.123583,17.800001,1008.5584,5.899999,28.769499,0.6,1003.3374,22.0529605,1007.40207,25,0,-0.8660254037844385,-0.5000000000000004,0.0,1.0
2025-08-26,82.0,3062.5,140.44,149.0,0,False,True,False,False,1.68,7.2,1008.31244,22.14025,10.0,1009.69604,5.2,28.907003,3.1000001,1004.03754,22.396708500000003,1008.518645,26,0,-0.8660254037844385,-0.5000000000000004,0.7818314824680298,0.6234898018587336
2025-08-27,76.25,5700.0,140.6,149.0,0,False,True,False,False,1.68,8.200001,1006.9292,22.350664,15.299999,1008.48334,3.9999998,27.773668,12.300001,1003.1958,22.398792,1007.30417,27,0,-0.8660254037844385,-0.5000000000000004,0.9749279121818236,-0.22252093395631434
2025-08-28,75.0,6595.0,140.6,149.0,0,False,True,False,False,1.68,25.5,1007.17505,22.017334,21.299997,1008.6125,7.4999995,28.592417,1.4000002,1003.12506,22.1842085,1007.4021,28,0,-0.8660254037844385,-0.5000000000000004,0.43388373911755823,-0.900968867902419
2025-08-29,72.0,7490.0,140.51,149.0,0,False,True,False,False,1.68,17.300003,1008.4375,21.888166,11.1,1010.0459,1.8000001,28.273666,9.900002,1004.8125,22.036291499999997,1008.806275,29,0,-0.8660254037844385,-0.5000000000000004,-0.433883739117558,-0.9009688679024191
2025-08-30,75.0,8385.0,141.42,149.0,0,False,True,False,False,1.68,8.9,1009.7749,22.090248,15.600001,1011.1209,2.8,28.919502,1.0,1005.85004,22.158168500000002,1009.97705,30,1,-0.8660254037844385,-0.5000000000000004,-0.9749279121818236,-0.2225209339563146
2025-08-31,75.0,9280.0,141.42,145.0,0,False,True,False,False,1.68,6.399999,1008.47906,21.721498,28.199999,1009.99994,5.8,27.694498,12.600002,1004.625,21.864418,1008.79583,31,1,-0.8660254037844385,-0.5000000000000004,-0.7818314824680299,0.6234898018587334
2025-09-01,67.0,10175.0,141.42,145.0,0,False,True,False,False,1.87,2.7,1006.3249,21.729834,48.2,1008.10834,2.0,29.334085,0.0,1001.51245,22.463376500000003,1006.6583,1,0,-1.0,-1.8369701987210297e-16,0.0,1.0
2025-09-02,68.0,9841.176470588236,141.42,145.0,0,False,True,False,False,1.87,4.0,1006.53754,22.277748,10.5,1008.31665,22.4,29.06533,0.0,1002.06665,22.598793999999998,1006.98127,2,0,-1.0,-1.8369701987210297e-16,0.7818314824680298,0.6234898018587336
2025-09-03,67.5,9507.35294117647,141.36,145.0,0,False,True,False,False,1.87,6.2000003,1007.72504,22.465248,14.700001,1009.2541,3.2999997,29.248667,0.9000001,1003.5415,22.493584,1008.08542,3,0,-1.0,-1.8369701987210297e-16,0.9749279121818236,-0.22252093395631434
2025-09-04,67.5,9173.529411764706,141.22,145.0,0,False,True,False,False,1.87,4.5,1008.2456,22.433998,2.7999997,1009.9292,5.7000003,29.256998,0.1,1004.25415,22.4602505,1008.6686,4,0,-1.0,-1.8369701987210297e-16,0.43388373911755823,-0.900968867902419
2025-09-05,70.0,8839.70588235294,141.34,145.0,0,False,True,False,False,1.87,2.8999999,1009.19995,22.298584,9.599999,1010.6958,4.8,29.025751,5.7999997,1005.0583,22.563377,1009.483275,5,0,-1.0,-1.8369701987210297e-16,-0.433883739117558,-0.9009688679024191
2025-09-06,70.0,8505.882352941177,141.53,145.0,0,False,True,False,False,1.87,8.6,1009.90845,21.938166,16.1,1011.50824,6.1,28.386164,4.3,1005.8125,22.046711,1010.285525,6,1,-1.0,-1.8369701987210297e-16,-0.9749279121818236,-0.2225209339563146
2025-09-07,65.6,8172.058823529412,141.53,145.0,0,False,True,False,False,1.87,0.6,1008.76263,21.946497,3.0,1010.2542,7.6,27.979918,7.099999,1004.98755,22.116498999999997,1009.0687849999999,7,1,-1.0,-1.8369701987210297e-16,-0.7818314824680299,0.6234898018587334
2025-09-08,64.0,7838.235294117647,141.53,145.0,0,False,True,False,False,1.87,6.2999997,1008.80414,21.975668,2.6999998,1010.2458,3.1999993,27.946585,6.5999994,1005.05,22.07275,1009.07702,8,0,-1.0,-1.8369701987210297e-16,0.0,1.0
2025-09-09,65.0,7504.411764705882,141.53,145.0,0,False,True,False,False,1.87,1.9000001,1009.0042,22.148582,1.5000001,1010.43744,3.4999998,27.794497,8.0,1005.31256,22.380043,1009.2626,9,0,-1.0,-1.8369701987210297e-16,0.7818314824680298,0.6234898018587336
2025-09-10,65.0,7170.588235294117,141.27,145.0,0,False,True,False,False,1.87,1.6,1007.41254,22.056915,2.7999997,1008.9958,6.799999,27.600752,9.299999,1004.14594,22.370669,1007.79587,10,0,-1.0,-1.8369701987210297e-16,0.9749279121818236,-0.22252093395631434
2025-09-11,65.0,6836.764705882353,141.27,145.0,0,False,True,False,False,1.87,10.2,1007.86664,22.204834,9.7,1009.43744,4.6999993,26.804916,22.800001,1004.7625,21.9894165,1008.2353499999999,11,0,-1.0,-1.8369701987210297e-16,0.43388373911755823,-0.900968867902419
2025-09-12,64.0,6502.941176470587,141.82,145.0,0,False,True,False,False,1.87,3.9,1009.425,22.284002,13.800002,1010.93335,1.3000001,27.90492,4.3999996,1005.79175,22.310252,1009.66455,12,0,-1.0,-1.8369701987210297e-16,-0.433883739117558,-0.9009688679024191
2025-09-13,56.0,6169.117647058823,141.55,145.0,0,False,True,False,False,1.87,21.0,1010.30005,22.167334,4.7999997,1011.68744,5.1,27.757002,5.8999996,1006.62085,22.1290015,1010.5376000000001,13,1,-1.0,-1.8369701987210297e-16,-0.9749279121818236,-0.2225209339563146
2025-09-14,56.0,5835.294117647059,141.55,145.0,0,False,True,False,False,1.87,20.300001,1009.9834,21.609,24.0,1011.45,4.7999997,26.311165,20.4,1006.9207,21.557126,1010.34165,14,1,-1.0,-1.8369701987210297e-16,-0.7818314824680299,0.6234898018587334
2025-09-15,55.0,5501.470588235294,141.55,142.5,0,False,True,False,False,1.87,37.999996,1009.16254,21.611084,24.900002,1010.44165,4.3,26.694504,14.900001,1005.8709,21.497751,1009.375,15,0,-1.0,-1.8369701987210297e-16,0.0,1.0
2025-09-16,55.0,5167.647058823529,141.44,142.5,0,False,True,False,False,1.87,19.2,1009.1875,21.100664,19.100002,1010.71246,13.5,25.788254,20.400002,1006.07086,20.962335,1009.5353700000001,16,0,-1.0,-1.8369701987210297e-16,0.7818314824680298,0.6234898018587336
2025-09-17,55.0,4833.823529411764,141.19,142.5,0,False,True,False,False,1.87,15.100001,1009.47925,20.881916,29.200003,1010.95404,5.4999995,26.438253,4.2,1006.14996,21.2675425,1009.741725,17,0,-1.0,-1.8369701987210297e-16,0.9749279121818236,-0.22252093395631434
2025-09-18,55.0,4500.0,140.81,142.5,0,False,True,False,False,1.87,3.0,1009.20416,21.061079,20.600002,1010.6042,1.8000002,26.844503,6.1999993,1005.7083,21.572751,1009.40003,18,0,-1.0,-1.8369701987210297e-16,0.43388373911755823,-0.900968867902419
2025-09-19,64.4,3493.0566666666664,141.31,142.5,0,False,True,False,False,1.87,1.9,1009.32916,21.202747,4.8999996,1010.7375,10.6,26.982002,5.0999994,1005.88763,21.335251,1009.639555,19,0,-1.0,-1.8369701987210297e-16,-0.433883739117558,-0.9009688679024191
2025-09-20,65.0,2486.1133333333332,141.25,142.5,0,False,True,False,False,1.87,2.9999998,1008.125,21.513166,22.0,1009.59576,1.2,27.290335,1.3000001,1004.7542,21.4290015,1008.4687200000001,20,1,-1.0,-1.8369701987210297e-16,-0.9749279121818236,-0.2225209339563146
2025-09-21,64.17,1479.17,141.25,142.5,0,False,True,False,False,1.87,2.3,1007.32916,21.58608,5.7,1008.87085,5.4,27.865334,0.0,1003.4875,22.0123355,1007.5790999999999,21,1,-1.0,-1.8369701987210297e-16,-0.7818314824680299,0.6234898018587334
2025-09-22,63.33,2958.33,141.25,142.5,0,False,True,False,False,1.87,1.4000001,1007.63324,22.406916,1.4000001,1009.19574,4.6,28.623665,0.3,1003.5042,22.559207999999998,1007.9540999999999,22,0,-1.0,-1.8369701987210297e-16,0.0,1.0
2025-09-23,62.5,4437.5,141.6,142.5,0,False,True,False,False,1.87,3.0000002,1007.37933,22.550667,7.8999996,1009.06665,6.2999997,28.842413,0.7,1003.41675,22.6310845,1007.775085,23,0,-1.0,-1.8369701987210297e-16,0.7818314824680298,0.6234898018587336
2025-09-24,61.67,5916.67,142.32,142.5,0,False,True,False,False,1.87,0.90000004,1005.83746,21.956917,8.1,1007.60834,7.6999993,27.671583,5.6,1001.8625,22.457127,1006.237455,24,0,-1.0,-1.8369701987210297e-16,0.9749279121818236,-0.22252093395631434
2025-09-25,60.83,7395.83,142.21,142.5,1,False,True,False,False,1.87,5.7,1006.7083,21.956917,6.2999997,1008.35406,2.4,28.944498,0.0,1002.13763,22.5956665,1007.02288,25,0,-1.0,-1.8369701987210297e-16,0.43388373911755823,-0.900968867902419
2025-09-26,60.0,8875.0,142.17,142.5,1,False,True,False,False,1.87,7.5,1008.45013,22.881918,1.9000002,1010.5166,26.099998,30.079916,0.3,1003.71246,23.264414000000002,1009.116765,26,0,-1.0,-1.8369701987210297e-16,-0.433883739117558,-0.9009688679024191
2025-09-27,65.0,9437.5,142.26,142.5,1,False,True,False,False,1.87,0.6,1011.22906,22.190252,2.0,1013.0334,1.2,30.061167,0.0,1006.8708,22.724832499999998,1011.66248,27,1,-1.0,-1.8369701987210297e-16,-0.9749279121818236,-0.2225209339563146
2025-09-28,75.0,10000.0,142.26,142.5,1,False,True,False,False,1.87,1.2,1011.1917,21.536081,3.9,1012.67487,2.4999998,29.084084,4.1,1007.0793,22.029000500000002,1011.47918,28,1,-1.0,-1.8369701987210297e-16,-0.7818314824680299,0.6234898018587334
2025-09-29,75.0,8915.0,142.26,142.5,1,False,True,False,False,1.87,3.3999999,1009.0376,21.250668,15.099999,1010.7334,9.200001,29.071579,0.7,1004.76245,21.826919,1009.4104,29,0,-1.0,-1.8369701987210297e-16,0.0,1.0
2025-09-30,75.0,7830.0,142.32,145.0,1,False,True,False,False,1.87,2.2,1006.5957,21.413168,9.599999,1008.3667,9.7,28.998667,0.3,1002.3499,21.670669,1007.064575,30,0,-1.0,-1.8369701987210297e-16,0.7818314824680298,0.6234898018587336
2025-10-01,75.0,6745.0,142.37,145.0,1,True,False,False,False,1.87,2.1000001,1006.66254,21.013166,18.1,1008.5417,7.8999996,27.748667,18.5,1003.23755,21.446708,1007.19372,1,0,-0.8660254037844386,0.5000000000000001,0.9749279121818236,-0.22252093395631434
2025-10-02,75.0,5660.0,142.21,145.0,1,True,False,False,False,1.87,11.200001,1012.02924,20.634,20.700003,1013.33765,12.700002,26.63408,6.4999995,1008.4417,20.2019175,1012.2896450000001,2,0,-0.8660254037844386,0.5000000000000001,0.43388373911755823,-0.900968867902419
2025-10-03,75.0,4575.0,142.21,145.0,1,True,False,False,False,1.87,1.5,1013.0083,20.973585,9.4,1014.5542,1.3000001,27.38617,0.0,1009.4917,21.410252,1013.2854,3,0,-0.8660254037844386,0.5000000000000001,-0.433883739117558,-0.9009688679024191
2025-10-04,75.0,9150.0,142.34,145.0,1,True,False,False,False,1.87,96.7,1009.64166,18.506918,89.1,1011.4375,55.000004,24.696587,57.599995,1005.9834,18.88421,1010.1666299999999,4,1,-0.8660254037844386,0.5000000000000001,-0.9749279121818236,-0.2225209339563146
2025-10-05,73.15,8540.0,142.34,145.0,1,True,False,False,False,1.87,0.9000001,1010.0625,19.627748,24.100002,1011.425,25.800003,24.359083,31.900002,1007.50006,19.4300425,1010.577025,5,1,-0.8660254037844386,0.5000000000000001,-0.7818314824680299,0.6234898018587334
2025-10-06,71.3,7930.0,142.34,145.0,1,True,False,False,False,1.87,0.6,1012.0251,20.492334,2.4999995,1013.1208,0.4,25.71742,0.1,1008.86255,20.2685835,1012.21882,6,0,-0.8660254037844386,0.5000000000000001,0.0,1.0
2025-10-07,69.45,7320.0,142.36,145.0,1,True,False,False,False,1.87,0.70000005,1012.2,19.51525,10.7,1013.48755,1.4000001,25.738253,0.8000001,1009.0625,19.718584,1012.4938,7,0,-0.8660254037844386,0.5000000000000001,0.7818314824680298,0.6234898018587336
2025-10-08,67.6,6710.0,142.34,145.0,1,True,False,False,False,1.87,0.2,1012.69165,19.929834,3.2999997,1014.1084,1.7,26.3945,0.0,1009.1709,19.965459,1013.03125,8,0,-0.8660254037844386,0.5000000000000001,0.9749279121818236,-0.22252093395631434
2025-10-09,65.75,6100.0,142.38,145.0,1,True,False,False,False,1.87,0.0,1013.32495,19.794416,0.70000005,1014.60425,0.3,26.261168,0.0,1009.8001,19.9550415,1013.55005,9,0,-0.8660254037844386,0.5000000000000001,0.43388373911755823,-0.900968867902419
2025-10-10,63.9,5490.0,142.36,145.0,1,True,False,False,False,1.87,0.0,1012.8208,19.298584,0.2,1014.2041,0.0,25.473663,0.0,1009.31665,19.786293,1013.1083699999999,10,0,-0.8660254037844386,0.5000000000000001,-0.433883739117558,-0.9009688679024191
2025-10-11,62.05,4880.0,142.2,145.0,1,True,False,False,False,1.87,0.0,1012.2624,19.21525,0.0,1013.6374,0.0,24.725752,0.0,1009.0542,19.517542499999998,1012.5499299999999,11,1,-0.8660254037844386,0.5000000000000001,-0.9749279121818236,-0.2225209339563146
2025-10-12,60.2,4270.0,142.2,145.0,1,True,False,False,False,1.87,0.0,1012.5166,19.129831,0.0,1013.7334,0.0,24.117418,0.0,1009.7124,18.8029605,1012.8478700000001,12,1,-0.8660254037844386,0.5000000000000001,-0.7818314824680299,0.6234898018587334
2025-10-13,58.35,3660.0,142.2,145.0,1,True,False,False,False,1.87,0.0,1013.84174,18.698584,0.0,1014.9624,0.0,24.06325,0.0,1011.12506,18.8498335,1014.09592,13,0,-0.8660254037844386,0.5000000000000001,0.0,1.0
2025-10-14,56.5,3050.0,142.18,145.0,1,True,False,False,False,1.87,0.0,1012.91235,18.979834,1.5,1014.24164,0.0,23.571585,0.0,1010.3333,18.76546,1013.2519749999999,14,0,-0.8660254037844386,0.5000000000000001,0.7818314824680298,0.6234898018587336
2025-10-15,54.65,2440.0,142.38,145.0,1,True,False,False,False,1.87,0.0,1012.6292,19.421501,1.6,1014.03345,0.2,24.429918,0.0,1009.3833,19.436292,1012.93127,15,0,-0.8660254037844386,0.5000000000000001,0.9749279121818236,-0.22252093395631434
2025-10-16,52.8,1830.0,141.23,145.0,1,True,False,False,False,1.87,0.0,1012.8792,19.565248,0.0,1014.2708,0.1,25.100752,0.0,1009.8,19.45921,1013.320825,16,0,-0.8660254037844386,0.5000000000000001,0.43388373911755823,-0.900968867902419
2025-10-17,50.95,1220.0,140.82,145.0,1,True,False,False,False,1.87,0.2,1014.6458,19.131916,0.8,1015.96246,0.90000004,25.536165,0.0,1011.24585,19.364416,1015.000025,17,0,-0.8660254037844386,0.5000000000000001,-0.433883739117558,-0.9009688679024191
2025-10-18,49.1,610.0,141.07,145.0,1,True,False,False,False,1.87,0.5,1014.56244,19.150667,0.5,1015.80853,0.0,26.013252,0.0,1011.1001,19.318586,1014.84162,18,1,-0.8660254037844386,0.5000000000000001,-0.9749279121818236,-0.2225209339563146
2025-10-19,47.25,610.0,141.07,145.0,1,True,False,False,False,1.87,0.1,1013.92084,19.090248,0.1,1015.2417,0.0,25.865335,0.0,1010.4458,19.149834499999997,1014.20832,19,1,-0.8660254037844386,0.5000000000000001,-0.7818314824680299,0.6234898018587334
2025-10-20,47.75,610.0,141.07,145.0,1,True,False,False,False,1.87,0.0,1014.27496,19.106916,0.0,1015.62085,0.0,25.51533,0.0,1010.97095,19.249834,1014.59375,20,0,-0.8660254037844386,0.5000000000000001,0.0,1.0
