Date,Average_Price,Supply_Volume,USD_TO_NPR,Diesel,is_festival,Season_Autumn,Season_Monsoon,Season_Spring,Season_Winter,Inflation,Dhading_Wind_Speed,Dhading_Temperature,Dhading_Precipitation,Dhading_Rainfall_MM,Dhading_Air_Pressure,Kathmandu_Wind_Speed,Kathmandu_Temperature,Kathmandu_Precipitation,Kathmandu_Rainfall_MM,Kathmandu_Air_Pressure,Kavre_Wind_Speed,Kavre_Temperature,Kavre_Precipitation,Kavre_Rainfall_MM,Kavre_Air_Pressure,Sarlahi_Wind_Speed,Sarlahi_Temperature,Sarlahi_Precipitation,Sarlahi_Rainfall_MM,Sarlahi_Air_Pressure,day,month,day_of_week,is_weekend,month_sin,month_cos,Average_Price_lag1,Average_Price_lag3,Average_Price_lag7,Supply_Volume_lag1,Supply_Volume_lag7,Supply_Volume_lag30,Average_Price_rollmean_7,Average_Price_rollmean_30,Supply_Volume_rollmean_30,Supply_Volume_rollmean_90
2022-03-31,55.0,107060.0,121.76,138.0,0,False,False,True,False,7.14,2.6710646,17.964418,27.699999,27.699999,1010.5,2.675255,18.07775,12.000001,12.000001,1011.58746,3.309703,18.649836,10.5,10.5,1010.94183,10.383812,26.065332,3.3000002,3.3000002,1007.35004,31,3,3,0,1.0,6.123233995736766e-17,55.0,60.0,67.5,76280.0,159257.5,86640.0,60.0,59.451,76907.96666666666,45691.48888888889
2022-04-01,56.67,110200.0,121.57,138.0,0,False,False,True,False,7.61,5.257998,19.74775,7.499999,7.499999,1009.48334,5.332451,19.556915,1.5000002,1.5000002,1010.7458,4.1434503,20.23525,3.3000002,3.3000002,1010.08344,7.78324,27.111168,0.0,0.0,1006.3125,1,4,4,0,0.8660254037844387,-0.4999999999999998,55.0,55.0,65.0,107060.0,185920.0,62800.0,58.81,59.451,78487.96666666666,46827.044444444444
2022-04-02,56.67,106650.0,121.57,138.0,0,False,False,True,False,7.61,3.663872,19.829004,14.800001,14.800001,1012.7083,3.3320532,18.934002,13.900002,13.900002,1014.07086,4.4839897,19.870668,6.799999,6.799999,1013.29584,13.325183,27.734085,0.8,0.8,1009.14166,2,4,5,1,0.8660254037844387,-0.4999999999999998,56.67,55.0,65.0,110200.0,85960.0,23750.0,57.620000000000005,59.451,81251.3,47923.15555555555
2022-04-03,55.0,141475.0,121.57,138.0,0,False,False,True,False,7.61,5.0691466,19.974836,5.7999997,5.7999997,1011.14166,6.0904403,19.206915,0.1,0.1,1012.33746,4.2201495,20.354,2.4999998,2.4999998,1011.6292,8.269715,26.929918,1.5,1.5,1007.9792,3,4,6,1,0.8660254037844387,-0.4999999999999998,56.67,55.0,65.0,106650.0,59825.0,35600.0,56.191428571428574,59.25633333333333,84780.46666666666,49246.48888888889
2022-04-04,55.0,105025.0,121.57,138.0,0,False,False,True,False,7.61,4.6397605,20.979002,0.0,0.0,1009.57495,4.273023,20.261084,0.0,0.0,1011.1541,4.9814906,21.38317,0.70000005,0.70000005,1010.50415,7.3141837,27.606997,0.0,0.0,1006.3916,4,4,0,0,0.8660254037844387,-0.4999999999999998,55.0,56.67,60.0,141475.0,52662.5,47450.0,55.47714285714286,58.922999999999995,86699.63333333333,50324.544444444444
2022-04-05,55.0,72750.0,121.18,143.0,0,False,False,True,False,7.61,4.827763,21.462334,0.0,0.0,1012.6875,4.57962,20.554832,1.4000001,1.4000001,1014.3791,3.6018322,22.295668,0.90000004,0.90000004,1013.62085,9.630179,28.834082,0.0,0.0,1009.1792,5,4,1,0,0.8660254037844387,-0.4999999999999998,55.0,56.67,55.0,105025.0,45500.0,65425.0,55.47714285714286,58.58966666666666,86943.8,50771.76666666667
2022-04-06,65.0,80900.0,120.88,143.0,0,False,False,True,False,7.61,5.2415676,21.856085,0.2,0.2,1012.38745,4.1278567,20.821499,0.0,0.0,1014.27496,5.3721886,22.274834,0.1,0.1,1013.6082,10.085193,28.819502,0.0,0.0,1009.3542,6,4,2,0,0.8660254037844387,-0.4999999999999998,55.0,55.0,55.0,72750.0,76280.0,84650.0,56.90571428571429,58.58966666666666,86818.8,51545.65555555555
2022-04-07,65.0,125650.0,121.52,143.0,0,False,False,True,False,7.61,4.8422656,19.987333,5.9999995,5.9999995,1013.34595,4.2735343,19.275665,2.5,2.5,1014.90826,4.3815103,20.476921,2.8,2.8,1014.1418,11.509675,27.434082,0.6,0.6,1010.17926,7,4,3,0,0.8660254037844387,-0.4999999999999998,65.0,55.0,55.0,80900.0,107060.0,42975.0,58.33428571428572,58.922999999999995,89574.63333333333,52580.65555555555
2022-04-08,65.0,78285.0,121.84,143.0,0,False,False,True,False,7.61,4.031865,19.731085,3.8999999,3.8999999,1011.15424,4.1787686,19.09233,5.9,5.9,1012.75006,5.0749917,20.324835,1.5999999,1.5999999,1011.9209,10.668788,28.175749,0.1,0.1,1007.75836,8,4,4,0,0.8660254037844387,-0.4999999999999998,65.0,55.0,56.67,125650.0,110200.0,81950.0,59.52428571428572,59.20066666666666,89452.46666666666,53089.37777777778
2022-04-09,65.0,72385.0,121.74,143.0,0,False,False,True,False,7.61,3.9951575,19.156084,19.400002,19.400002,1010.23334,4.228649,18.948584,3.6999998,3.6999998,1011.5666,4.146514,20.029001,5.899999,5.899999,1010.7126,12.922332,27.979918,0.0,0.0,1006.65424,9,4,5,1,0.8660254037844387,-0.4999999999999998,65.0,65.0,56.67,78285.0,106650.0,65700.0,60.714285714285715,59.47833333333333,89675.3,53510.322222222225
2022-04-10,75.0,79875.0,121.74,143.0,0,False,False,True,False,7.61,4.1702113,19.158167,5.1999993,5.1999993,1008.6458,4.6122594,18.411081,1.2,1.2,1009.90015,3.962938,19.651918,0.9000001,0.9000001,1009.1917,10.778968,26.021584,2.9,2.9,1005.7126,10,4,6,1,0.8660254037844387,-0.4999999999999998,65.0,65.0,55.0,72385.0,141475.0,47500.0,63.57142857142857,60.422666666666665,90754.46666666666,54242.26666666667
2022-04-11,75.0,121975.0,121.74,143.0,0,False,False,True,False,7.61,4.7800913,21.020668,0.1,0.1,1007.6375,4.010149,20.15275,0.2,0.2,1009.1084,5.0512443,21.214418,0.1,0.1,1008.44147,10.019483,27.052835,0.1,0.1,1005.12506,11,4,0,0,0.8660254037844387,-0.4999999999999998,75.0,65.0,55.0,79875.0,105025.0,69250.0,66.42857142857143,61.367,92511.96666666666,55319.76666666667
2022-04-12,75.0,57350.0,121.83,143.0,0,False,False,True,False,7.61,3.886482,20.020668,10.4,10.4,1009.0293,2.7415292,19.740248,1.7000002,1.7000002,1010.30414,3.559618,20.531082,1.2000002,1.2000002,1009.63336,10.519433,28.161165,0.0,0.0,1005.44586,12,4,1,0,0.8660254037844387,-0.4999999999999998,75.0,65.0,55.0,121975.0,72750.0,88375.0,69.28571428571429,62.367,91477.8,55823.65555555555
2022-04-13,55.0,82450.0,122.12,143.0,1,False,False,True,False,7.61,4.5669055,20.395666,10.5,10.5,1007.25,4.9438086,19.99025,5.4000006,5.4000006,1008.63336,5.1255927,21.091505,4.0,4.0,1007.75824,8.419097,28.517418,0.0,0.0,1003.11255,13,4,2,0,0.8660254037844387,-0.4999999999999998,75.0,75.0,65.0,57350.0,80900.0,35506.0,67.85714285714286,62.31133333333333,93042.6,56606.433333333334
2022-04-14,66.67,107950.0,122.19,143.0,1,False,False,True,False,7.61,5.410546,22.00817,0.1,0.1,1004.86237,7.4587364,21.165249,0.0,0.0,1006.50006,7.0414433,22.6165,0.0,0.0,1005.7874,9.230577,28.467415,0.0,0.0,1000.63336,14,4,3,0,0.8660254037844387,-0.4999999999999998,55.0,75.0,65.0,82450.0,125650.0,56500.0,68.09571428571428,62.50033333333333,94757.6,57672.544444444444
2022-04-15,56.67,93750.0,122.19,143.0,0,False,False,True,False,7.61,7.348749,21.635252,0.0,0.0,1004.3584,5.7813296,22.256912,0.0,0.0,1006.2249,5.212712,23.454,0.4,0.4,1005.6001,9.051255,27.542418,0.0,0.0,1000.63745,15,4,4,0,0.8660254037844387,-0.4999999999999998,66.67,75.0,65.0,107950.0,78285.0,93695.0,66.90571428571428,62.556000000000004,94759.43333333333,58580.87777777778
2022-04-16,56.67,77935.0,122.19,143.0,0,False,False,True,False,7.61,5.9628654,21.720667,0.0,0.0,1004.6125,6.1866975,21.756918,0.0,0.0,1006.71655,6.651071,23.78942,0.0,0.0,1005.80005,9.281534,27.479914,0.0,0.0,1000.5208,16,4,5,1,0.8660254037844387,-0.4999999999999998,56.67,55.0,65.0,93750.0,72385.0,107243.0,65.71571428571428,62.27833333333333,93782.5,59313.48888888889
2022-04-17,55.0,40075.0,122.19,143.0,0,False,False,True,False,7.61,5.295776,22.056084,0.0,0.0,1005.60016,5.6631894,22.325666,0.0,0.0,1007.575,4.9489017,23.943583,0.0,0.0,1006.875,8.488124,28.261168,0.0,0.0,1002.06665,17,4,6,1,0.8660254037844387,-0.4999999999999998,56.67,66.67,75.0,77935.0,79875.0,93260.0,62.85857142857143,61.945,92009.66666666667,59633.76666666667
2022-04-18,55.0,76885.0,122.19,143.0,0,False,False,True,False,7.61,5.237004,22.758165,0.0,0.0,1008.1165,3.4255493,22.448584,0.0,0.0,1010.0542,5.4906535,23.437338,0.0,0.0,1009.5,11.943523,29.72783,0.0,0.0,1005.0208,18,4,0,0,0.8660254037844387,-0.4999999999999998,55.0,56.67,75.0,40075.0,121975.0,97000.0,60.00142857142857,61.861666666666665,91339.16666666667,60238.044444444444
2022-04-19,56.67,64475.0,122.32,143.0,0,False,False,True,False,7.61,3.9573987,21.304,2.0,2.0,1010.3708,5.447453,20.869417,1.4,1.4,1011.7292,3.9436264,21.893585,4.0,4.0,1011.1375,14.228976,29.671587,0.7,0.7,1006.8709,19,4,1,0,0.8660254037844387,-0.4999999999999998,55.0,56.67,75.0,76885.0,57350.0,50625.0,57.38285714285714,61.75066666666667,91800.83333333333,60684.98888888889
2022-04-20,56.67,48450.0,122.72,143.0,0,False,False,True,False,7.61,2.6816041,19.643587,23.599998,23.599998,1010.20416,3.3085773,19.03192,12.3,12.3,1011.64996,3.9909916,20.354002,9.6,9.6,1010.75836,17.528303,28.034082,0.0,0.0,1006.8459,20,4,2,0,0.8660254037844387,-0.4999999999999998,56.67,55.0,55.0,64475.0,82450.0,55575.0,57.621428571428574,61.473,91563.33333333333,61105.26666666667
2022-04-21,55.0,46575.0,122.24,143.0,0,False,False,True,False,7.61,4.3851743,20.312334,4.8999996,4.8999996,1010.25836,3.8410537,19.513166,3.2999997,3.2999997,1011.6875,4.440413,20.389418,2.4,2.4,1010.87067,10.593652,28.461166,0.0,0.0,1006.51245,21,4,3,0,0.8660254037844387,-0.4999999999999998,56.67,55.0,66.67,48450.0,107950.0,97350.0,55.954285714285724,61.13966666666667,89870.83333333333,61364.433333333334
2022-04-22,56.67,59156.0,122.14,143.0,0,False,False,True,False,7.61,4.7745223,19.981085,3.9,3.9,1010.05005,6.459927,19.556915,1.0,1.0,1011.2835,6.102724,21.2915,1.2,1.2,1010.33746,7.2733097,28.211168,1.0000001,1.0000001,1006.05414,22,4,4,0,0.8660254037844387,-0.4999999999999998,55.0,56.67,56.67,46575.0,93750.0,132595.0,55.95428571428572,60.69533333333334,87422.86666666667,61763.38888888889
2022-04-23,56.67,48750.0,122.68,143.0,0,False,False,True,False,7.61,5.5604053,21.78525,0.0,0.0,1008.05,7.5678897,21.006918,0.0,0.0,1009.68756,5.3574185,23.14775,0.0,0.0,1008.82916,11.013588,28.732,0.0,0.0,1004.7083,23,4,5,1,0.8660254037844387,-0.4999999999999998,56.67,56.67,56.67,59156.0,77935.0,159257.5,55.95428571428572,60.33433333333333,83739.28333333334,62171.72222222222
2022-04-24,55.0,47700.0,122.68,143.0,0,False,False,True,False,7.61,5.8765635,22.831085,0.0,0.0,1005.3374,6.464809,22.294416,0.0,0.0,1007.1667,4.886372,23.822752,0.0,0.0,1006.5708,8.531068,27.892416,0.0,0.0,1002.0708,24,4,6,1,0.8660254037844387,-0.4999999999999998,56.67,55.0,55.0,48750.0,40075.0,185920.0,55.95428571428572,60.001,79131.95,62517.0
2022-04-25,65.0,39500.0,122.68,143.0,0,False,False,True,False,7.61,5.641998,23.229002,0.0,0.0,1005.4875,4.63552,22.475662,0.0,0.0,1007.67084,5.1675453,23.739416,0.2,0.2,1007.0334,8.473302,28.082,0.0,0.0,1002.36255,25,4,0,0,0.8660254037844387,-0.4999999999999998,55.0,56.67,55.0,47700.0,76885.0,85960.0,57.38285714285714,60.001,77583.28333333334,62771.166666666664
2022-04-26,56.67,16500.0,123.01,143.0,0,False,False,True,False,7.61,5.504471,22.431084,0.1,0.1,1007.41254,6.1104255,22.336082,0.5,0.5,1009.11664,4.7710724,24.06442,0.0,0.0,1008.2834,9.335215,29.002832,0.0,0.0,1003.5583,26,4,1,0,0.8660254037844387,-0.4999999999999998,65.0,56.67,56.67,39500.0,64475.0,59825.0,57.38285714285714,59.723333333333336,76139.11666666667,62776.72222222222
2022-04-27,55.0,22200.0,122.84,143.0,0,False,False,True,False,7.61,5.3877335,22.801918,0.0,0.0,1006.9499,6.0307574,23.163164,0.0,0.0,1008.63745,6.1175156,23.676918,0.0,0.0,1008.06683,10.032008,29.279913,0.4,0.4,1003.72906,27,4,2,0,0.8660254037844387,-0.4999999999999998,56.67,55.0,56.67,16500.0,48450.0,52662.5,57.144285714285715,59.556666666666665,75123.7,62912.27777777778
2022-04-28,66.67,27050.0,122.76,143.0,0,False,False,True,False,7.61,4.1600003,22.051916,2.9,2.9,1009.15424,4.928822,22.013168,0.0,0.0,1010.68335,5.2545247,23.564417,0.5,0.5,1009.8665,11.303712,30.332,0.0,0.0,1005.5125,28,4,3,0,0.8660254037844387,-0.4999999999999998,55.0,65.0,55.0,22200.0,46575.0,45500.0,58.811428571428564,59.94566666666667,74508.7,63101.72222222222
2022-04-29,66.67,49650.0,122.68,143.0,0,False,False,True,False,7.61,4.0112743,21.816504,1.9000002,1.9000002,1008.09985,4.87176,20.373583,6.0,6.0,1009.9209,3.9052217,21.941504,2.5,2.5,1009.0999,9.9943,28.973665,6.7,6.7,1004.4334,29,4,4,0,0.8660254037844387,-0.4999999999999998,66.67,56.67,56.67,27050.0,59156.0,76280.0,60.24,60.334666666666664,73621.03333333334,63542.27777777778
2022-04-30,66.67,8450.0,122.59,143.0,0,False,False,True,False,7.61,4.556027,19.99775,11.2,11.2,1007.7583,4.2393284,18.625666,17.7,17.7,1009.66254,4.2710385,19.810251,5.2999997,5.2999997,1008.7834,16.810968,27.729914,0.5,0.5,1004.375,30,4,5,1,0.8660254037844387,-0.4999999999999998,66.67,55.0,56.67,49650.0,48750.0,107060.0,61.66857142857143,60.72366666666667,70334.03333333334,63377.833333333336
2022-05-01,66.67,40175.0,122.59,143.0,0,False,False,True,False,7.04,4.2691655,19.433168,23.500002,23.500002,1007.97504,4.118794,17.934,30.799997,30.799997,1009.9209,4.8713527,19.245665,3.5,3.5,1008.9832,9.736874,26.550749,9.3,9.3,1004.4458,1,5,6,1,0.49999999999999994,-0.8660254037844387,66.67,66.67,55.0,8450.0,47700.0,110200.0,63.33571428571429,61.057,67999.86666666667,63624.22222222222
2022-05-02,66.67,35700.0,122.59,143.0,0,False,False,True,False,7.04,4.7993236,20.029001,14.000001,14.000001,1007.9207,4.399986,18.748583,13.0,13.0,1009.92914,4.9292836,19.50817,5.6,5.6,1009.2126,12.177277,26.05075,10.3,10.3,1004.70416,2,5,0,0,0.49999999999999994,-0.8660254037844387,66.67,66.67,65.0,40175.0,39500.0,106650.0,63.574285714285715,61.39033333333334,65634.86666666667,63737.555555555555
2022-05-03,85.0,42375.0,122.73,143.0,0,False,False,True,False,7.04,5.2605042,21.226917,0.8,0.8,1008.1833,3.4557407,19.61733,2.0,2.0,1009.89996,5.0863547,20.047752,3.0999997,3.0999997,1009.4626,13.196823,26.30075,0.0,0.0,1005.70844,3,5,1,0,0.49999999999999994,-0.8660254037844387,66.67,66.67,56.67,35700.0,16500.0,141475.0,67.62142857142858,62.39033333333334,62331.53333333333,63841.72222222222
2022-05-04,76.67,33470.0,122.73,143.0,0,False,False,True,False,7.04,4.14492,19.366499,17.5,17.5,1010.90826,3.319835,18.731916,18.300001,18.300001,1012.27075,3.6701658,19.25817,18.6,18.6,1011.63336,13.498055,26.471582,2.0,2.0,1007.7166,4,5,2,0,0.49999999999999994,-0.8660254037844387,85.0,66.67,55.0,42375.0,22200.0,105025.0,70.71714285714286,63.11266666666667,59946.36666666667,63763.61111111111
2022-05-05,76.67,18125.0,122.57,143.0,0,False,False,True,False,7.04,3.6241353,18.853998,21.800001,21.800001,1010.32074,3.6555617,18.592333,14.700001,14.700001,1011.5583,4.381471,19.076918,7.4999995,7.4999995,1010.92914,9.229772,26.319502,2.1,2.1,1007.02496,5,5,3,0,0.49999999999999994,-0.8660254037844387,76.67,66.67,66.67,33470.0,27050.0,72750.0,72.14571428571429,63.83500000000001,58125.53333333333,63431.666666666664
2022-05-06,66.67,29450.0,122.32,143.0,0,False,False,True,False,7.04,3.7107973,19.101915,10.099999,10.099999,1010.2292,3.7593668,18.6965,30.800001,30.800001,1011.7126,2.843315,19.818583,5.1,5.1,1010.82916,9.10643,27.15908,0.5,0.5,1006.36237,6,5,4,0,0.49999999999999994,-0.8660254037844387,76.67,85.0,66.67,18125.0,49650.0,80900.0,72.14571428571429,63.89066666666667,56410.53333333333,63703.333333333336
2022-05-07,66.67,28250.0,123.37,143.0,0,False,False,True,False,7.04,4.358884,19.931084,4.9,4.9,1010.0,3.7907593,19.327747,11.6,11.6,1011.51666,4.169916,20.074835,8.499999,8.499999,1010.72095,8.409743,27.00075,0.8,0.8,1006.2,7,5,5,1,0.49999999999999994,-0.8660254037844387,66.67,76.67,66.67,29450.0,8450.0,125650.0,72.14571428571428,63.946333333333335,53163.86666666667,63715.0
2022-05-08,65.0,31000.0,123.37,143.0,0,False,False,True,False,7.04,4.4936385,20.458166,2.0,2.0,1009.2834,4.309905,19.852753,5.7,5.7,1010.83325,3.8043764,20.59775,2.6999998,2.6999998,1010.03766,8.022266,27.615332,0.6,0.6,1005.30414,8,5,6,1,0.49999999999999994,-0.8660254037844387,66.67,76.67,66.67,28250.0,40175.0,78285.0,71.90714285714286,63.946333333333335,51587.7,63926.11111111111
2022-05-09,75.0,48675.0,123.37,143.0,0,False,False,True,False,7.04,4.0436263,21.243586,0.5,0.5,1008.7166,3.896907,20.661085,0.2,0.2,1010.2751,4.492888,21.443586,0.0,0.0,1009.50415,10.137647,28.277834,0.0,0.0,1004.8665,9,5,0,0,0.49999999999999994,-0.8660254037844387,65.0,66.67,66.67,31000.0,35700.0,72385.0,73.09714285714287,64.27966666666667,50797.36666666667,64066.944444444445
2022-05-10,76.67,16250.0,124.25,143.0,0,False,False,True,False,7.04,4.1528864,21.89775,3.3999999,3.3999999,1007.99164,2.826086,20.836082,5.4,5.4,1009.88336,4.2664604,21.974833,5.1,5.1,1008.9958,10.446952,28.694502,0.0,0.0,1004.675,10,5,1,0,0.49999999999999994,-0.8660254037844387,75.0,66.67,85.0,48675.0,42375.0,79875.0,71.90714285714286,64.33533333333334,48676.53333333333,63598.055555555555
2022-05-11,66.67,22000.0,124.04,143.0,0,False,False,True,False,7.04,4.334252,22.081083,0.5,0.5,1006.35004,3.3935385,21.073584,6.2999997,6.2999997,1008.175,3.7207918,21.96025,1.4000001,1.4000001,1007.26666,9.679145,29.077835,0.0,0.0,1002.69183,11,5,2,0,0.49999999999999994,-0.8660254037844387,76.67,65.0,76.67,16250.0,33470.0,121975.0,70.47857142857143,64.05766666666666,45344.03333333333,63717.5
2022-05-12,65.0,11250.0,123.89,143.0,0,False,False,True,False,7.04,3.7470675,22.51442,0.7,0.7,1004.86676,3.4632175,21.240252,4.4,4.4,1006.7126,4.335323,22.08525,1.4000001,1.4000001,1005.84174,11.3722925,29.231997,2.4,2.4,1001.2957,12,5,3,0,0.49999999999999994,-0.8660254037844387,66.67,75.0,76.67,22000.0,18125.0,57350.0,68.81142857142858,63.724333333333334,43807.36666666667,63707.77777777778
2022-05-13,73.61,12958.33,124.17,143.0,0,False,False,True,False,7.04,4.403142,21.816504,7.6999993,7.6999993,1002.2209,3.515523,20.984,7.7,7.7,1003.9084,3.7612505,21.791498,5.2999997,5.2999997,1003.00006,10.244731,28.563253,1.1,1.1,998.5417,13,5,4,0,0.49999999999999994,-0.8660254037844387,65.0,76.67,66.67,11250.0,29450.0,82450.0,69.80285714285715,64.34466666666667,41490.977666666666,63717.037000000004
2022-05-14,82.22,14666.67,124.23,143.0,0,False,False,True,False,7.04,4.3347864,22.333166,2.8999999,2.8999999,1002.56647,3.114837,21.652748,5.0,5.0,1004.3709,3.5642836,22.274834,1.9000001,1.9000001,1003.51654,9.001161,26.859085,19.800001,19.800001,999.68353,14,5,5,1,0.49999999999999994,-0.8660254037844387,73.61,66.67,66.67,12958.33,28250.0,107950.0,72.02428571428571,64.863,38381.53333333333,63745.27777777778
2022-05-15,90.84,16375.0,124.23,143.0,0,False,False,True,False,7.04,4.632529,22.01442,9.900001,9.900001,1005.06256,3.1698883,21.423584,26.9,26.9,1006.99176,4.6647687,21.968584,7.8,7.8,1006.1958,9.0952215,29.261164,5.7,5.7,1000.9084,15,5,6,1,0.49999999999999994,-0.8660254037844387,82.22,65.0,65.0,14666.67,31000.0,93750.0,75.71571428571428,66.002,35802.36666666667,63557.77777777778
2022-05-16,99.45,18083.33,124.23,143.0,0,False,False,True,False,7.04,4.7226186,21.99775,22.500002,22.500002,1005.1917,4.3023586,21.554832,6.9,6.9,1006.91675,4.441976,21.920668,8.400001,8.400001,1006.06256,14.187627,28.798662,4.3,4.3,1001.14594,16,5,0,0,0.49999999999999994,-0.8660254037844387,90.84,73.61,75.0,16375.0,48675.0,77935.0,79.20857142857143,67.428,33807.311,62810.09255555556
2022-05-17,108.06,19791.67,124.23,143.0,0,False,False,True,False,7.04,4.422525,23.268583,1.6,1.6,1004.12915,6.7284527,22.631918,0.3,0.3,1005.7292,5.5696874,23.245668,1.5,1.5,1004.8833,8.899656,28.944498,0.0,0.0,1000.65826,17,5,1,0,0.49999999999999994,-0.8660254037844387,99.45,82.22,76.67,18083.33,16250.0,40075.0,83.69285714285715,69.19666666666667,33131.2,62416.11111111111
2022-05-18,116.67,21500.0,124.41,143.0,0,False,False,True,False,7.04,3.6955755,22.756086,1.5,1.5,1005.6375,5.1332045,21.963167,1.0,1.0,1007.39575,4.314902,22.568583,2.6999998,2.6999998,1006.66254,7.0957375,29.879913,0.0,0.0,1001.51245,18,5,2,0,0.49999999999999994,-0.8660254037844387,108.06,90.84,66.67,19791.67,22000.0,76885.0,90.83571428571429,71.25233333333334,31285.033333333333,62530.0
2022-05-19,115.0,4400.0,124.44,143.0,0,False,False,True,False,7.04,4.9658875,22.537333,1.4,1.4,1005.5791,4.783835,21.921503,2.2,2.2,1007.3582,5.313507,22.412333,2.9,2.9,1006.6501,10.137535,29.117414,0.8000001,0.8000001,1001.7,19,5,3,0,0.49999999999999994,-0.8660254037844387,116.67,99.45,65.0,21500.0,11250.0,64475.0,97.97857142857141,73.19666666666667,29282.533333333333,61842.77777777778
2022-05-20,115.0,2200.0,124.67,143.0,0,False,False,True,False,7.04,5.303181,21.479002,38.000004,38.000004,1005.0168,4.3305254,20.744417,15.6,15.6,1006.57086,4.4846835,21.512335,24.5,24.5,1005.7209,12.584084,28.940332,1.2,1.2,1001.02905,20,5,4,0,0.49999999999999994,-0.8660254037844387,115.0,108.06,73.61,4400.0,12958.33,48450.0,103.89142857142858,75.141,27740.866666666665,61458.88888888889
2022-05-21,115.0,2200.0,124.38,143.0,0,False,False,True,False,7.04,4.083218,20.312338,25.4,25.4,1002.12085,3.6205285,20.413166,8.199999,8.199999,1003.29584,4.7655783,20.614416,14.900001,14.900001,1002.66675,12.435267,27.16742,14.0,14.0,998.64594,21,5,5,1,0.49999999999999994,-0.8660254037844387,115.0,116.67,82.22,2200.0,14666.67,46575.0,108.57428571428571,77.141,26261.7,60939.38888888889
2022-05-22,95.0,21000.0,124.38,163.0,0,False,False,True,False,7.04,3.9431946,20.410248,2.1,2.1,1001.0168,3.8669603,19.667334,1.9,1.9,1002.49585,4.532909,20.329,1.4000001,1.4000001,1001.75836,9.846633,26.427834,7.7000003,7.7000003,998.1167,22,5,6,1,0.49999999999999994,-0.8660254037844387,115.0,115.0,90.84,2200.0,16375.0,59156.0,109.16857142857143,78.41866666666667,24989.833333333332,60444.944444444445
2022-05-23,125.0,11900.0,124.38,163.0,0,False,False,True,False,7.04,4.4926305,19.843588,5.7999997,5.7999997,1003.60815,4.5596604,19.002748,13.4,13.4,1005.44586,4.476952,19.885252,8.0,8.0,1004.61664,5.583524,26.9945,3.0,3.0,999.91254,23,5,0,0,0.49999999999999994,-0.8660254037844387,95.0,115.0,99.45,21000.0,18083.33,48750.0,112.81857142857143,80.69633333333333,23761.5,59828.555555555555
2022-05-24,115.0,11500.0,124.33,163.0,0,False,False,True,False,7.04,4.357451,21.204,0.0,0.0,1006.9167,3.4652545,19.092333,10.8,10.8,1008.77924,4.227088,21.033167,0.5,0.5,1007.7959,6.11284,27.69242,0.0,0.0,1003.24164,24,5,1,0,0.49999999999999994,-0.8660254037844387,125.0,115.0,108.06,11900.0,19791.67,47700.0,113.80999999999999,82.69633333333333,22554.833333333332,59356.333333333336
2022-05-25,105.0,11500.0,124.44,163.0,0,False,False,True,False,7.04,3.6119683,20.44775,1.9000001,1.9000001,1007.875,3.8627672,18.758999,0.8,0.8,1009.82086,4.634929,19.781084,1.2,1.2,1008.97504,5.5485306,26.846586,0.0,0.0,1003.85425,25,5,2,0,0.49999999999999994,-0.8660254037844387,115.0,95.0,116.67,11500.0,21500.0,39500.0,112.14285714285714,84.02966666666666,21621.5,58493.0
2022-05-26,108.89,11500.0,124.35,163.0,0,False,False,True,False,7.04,4.29464,20.656082,3.6000001,3.6000001,1005.9168,3.6446724,19.050667,2.5,2.5,1007.6834,3.813357,20.404001,2.6,2.6,1006.81665,5.835144,27.446589,0.0,0.0,1002.33344,26,5,3,0,0.49999999999999994,-0.8660254037844387,105.0,125.0,115.0,11500.0,4400.0,16500.0,111.27000000000001,85.77033333333334,21454.833333333332,58123.555555555555
2022-05-27,112.78,11500.0,124.43,163.0,0,False,False,True,False,7.04,4.899797,21.987335,0.6,0.6,1003.61664,3.9211187,20.27775,1.6,1.6,1005.3916,2.7858343,21.395668,3.9999998,3.9999998,1004.6082,7.5509276,29.309082,0.2,0.2,999.7959,27,5,4,0,0.49999999999999994,-0.8660254037844387,108.89,115.0,115.0,11500.0,2200.0,22200.0,110.95285714285716,87.69633333333334,21098.166666666668,57530.5
2022-05-28,116.67,11500.0,124.41,163.0,0,False,False,True,False,7.04,3.7192857,20.808168,12.300001,12.300001,1003.35004,3.1826916,20.031916,1.6000001,1.6000001,1004.8333,3.032488,21.156086,1.2,1.2,1004.04584,10.080974,29.3445,21.0,21.0,999.52924,28,5,5,1,0.49999999999999994,-0.8660254037844387,112.78,105.0,115.0,11500.0,2200.0,27050.0,111.19142857142857,89.36300000000001,20579.833333333332,56713.833333333336
2022-05-29,125.0,11000.0,124.41,163.0,0,False,False,True,False,7.04,3.307269,21.04775,10.5,10.5,1003.95416,3.620814,20.504835,18.5,18.5,1005.52924,4.5075145,21.472748,7.7,7.7,1004.64996,8.616232,27.448668,12.6,12.6,1000.5791,29,5,6,1,0.49999999999999994,-0.8660254037844387,116.67,108.89,95.0,11500.0,21000.0,49650.0,115.47714285714287,91.30733333333335,19291.5,56379.944444444445
2022-05-30,115.0,2400.0,124.41,163.0,0,False,False,True,False,7.04,3.3061628,21.45192,3.6,3.6,1004.57495,3.665107,20.852753,20.500002,20.500002,1006.175,3.7099438,21.672752,5.0999994,5.0999994,1005.3457,9.265199,27.102835,13.0,13.0,1000.9751,30,5,0,0,0.49999999999999994,-0.8660254037844387,125.0,112.78,125.0,11000.0,11900.0,8450.0,114.04857142857144,92.91833333333334,19089.833333333332,55443.944444444445
2022-05-31,140.0,1875.0,124.37,163.0,0,False,False,True,False,7.04,3.9852273,22.362335,1.9000001,1.9000001,1003.8708,2.7862895,21.2465,1.6000001,1.6000001,1005.6209,3.4413111,22.239416,2.4,2.4,1004.7708,8.056994,29.05908,0.6,0.6,1000.0542,31,5,1,0,0.49999999999999994,-0.8660254037844387,115.0,116.67,115.0,2400.0,11500.0,40175.0,117.62,95.36266666666667,17813.166666666668,54767.0
2022-06-01,150.0,3726.0,124.53,163.0,0,False,True,False,False,6.71,4.1373944,22.349836,6.6,6.6,1004.17505,3.83269,21.498583,4.8,4.8,1005.929,4.2598042,22.322754,2.3,2.3,1005.0501,8.937897,29.690338,0.1,0.1,1000.1709,1,6,2,0,1.2246467991473532e-16,-1.0,140.0,125.0,105.0,1875.0,11500.0,35700.0,124.04857142857144,98.14033333333333,16747.366666666665,54544.51111111111
2022-06-02,147.11,3766.74,124.34,163.0,0,False,True,False,False,6.71,3.8335705,22.606085,2.1000001,2.1000001,1003.7124,2.6687238,21.725668,2.6999998,2.6999998,1005.425,3.3389904,22.53525,16.0,16.0,1004.5583,10.208001,29.421585,7.7999997,7.7999997,1000.0042,2,6,3,0,1.2246467991473532e-16,-1.0,150.0,115.0,108.89,3726.0,11500.0,42375.0,129.50857142857143,100.21066666666665,15460.424666666666,54190.80822222222
2022-06-03,144.21,3807.47,124.48,163.0,0,False,True,False,False,6.71,4.2308784,22.856087,1.7,1.7,1003.12494,2.9823081,21.959,2.5,2.5,1004.9207,3.7089403,22.689417,1.5000001,1.5000001,1004.1084,8.422622,29.313248,3.3999999,3.3999999,999.55414,3,6,4,0,1.2246467991473532e-16,-1.0,147.11,140.0,112.78,3766.74,11500.0,33470.0,133.99857142857144,102.46199999999999,14471.673666666667,53705.89122222222
2022-06-04,141.32,3848.21,124.5,163.0,0,False,True,False,False,6.71,4.4232516,22.995668,4.2,4.2,1003.76666,3.5955255,22.394417,0.5,0.5,1005.5374,4.5145636,22.781084,10.0,10.0,1004.7375,11.318253,30.000753,0.6,0.6,999.94586,4,6,5,1,1.2246467991473532e-16,-1.0,144.21,150.0,116.67,3807.47,11500.0,18125.0,137.52,104.617,13995.780666666666,53021.704666666665
2022-06-05,138.42,3888.95,124.5,163.0,0,False,True,False,False,6.71,3.5809724,22.506086,12.0,12.0,1004.3542,3.2605202,21.750666,2.9,2.9,1006.02924,3.883788,22.572748,10.1,10.1,1005.2541,14.560318,29.965332,0.0,0.0,1000.7085,5,6,6,1,1.2246467991473532e-16,-1.0,141.32,147.11,125.0,3848.21,11000.0,29450.0,139.43714285714285,107.00866666666667,13143.745666666666,52124.35966666667
2022-06-06,135.53,3929.68,124.5,163.0,0,False,True,False,False,6.71,3.677416,22.583168,4.8,4.8,1004.13745,2.7373488,21.681921,2.0,2.0,1005.7834,3.3890734,21.831083,12.700001,12.700001,1005.0791,12.591481,29.357,1.3,1.3,1000.52924,6,6,0,0,1.2246467991473532e-16,-1.0,138.42,144.21,115.0,3888.95,2400.0,28250.0,142.37,109.304,12333.068333333333,51690.522777777776
2022-06-07,132.63,3970.42,124.52,163.0,0,False,True,False,False,6.71,4.0682244,22.837334,18.5,18.5,1003.50415,3.679015,22.242332,7.499998,7.499998,1005.1751,3.1749566,22.672752,18.800001,18.800001,1004.3667,11.422997,29.5195,0.4,0.4,999.71265,7,6,1,0,1.2246467991473532e-16,-1.0,135.53,141.32,140.0,3929.68,1875.0,31000.0,141.31714285714287,111.55833333333334,11432.082333333332,50824.083
2022-06-08,129.74,4011.16,124.64,163.0,0,False,True,False,False,6.71,4.843043,22.603998,16.500002,16.500002,1002.6792,3.1537802,21.963163,6.4,6.4,1004.425,3.922313,22.368584,18.7,18.7,1003.54175,10.527515,29.619501,18.0,18.0,998.84576,8,6,2,0,1.2246467991473532e-16,-1.0,132.63,138.42,150.0,3970.42,3726.0,48675.0,138.42285714285714,113.38300000000001,9943.287666666667,50138.65144444444
2022-06-09,126.84,4051.89,124.68,163.0,0,False,True,False,False,6.71,3.7258012,22.181084,19.000002,19.000002,1002.44183,3.7004888,22.215248,16.800001,16.800001,1003.86255,3.6469572,22.42275,20.599998,20.599998,1003.1042,11.410637,28.7195,5.7,5.7,998.76245,9,6,3,0,1.2246467991473532e-16,-1.0,129.74,135.53,147.11,4011.16,3766.74,16250.0,135.52714285714288,115.05533333333332,9536.684000000001,49655.89466666666
2022-06-10,123.95,4092.63,124.73,163.0,0,False,True,False,False,6.71,4.47618,22.870667,13.800001,13.800001,1002.6584,4.7778935,22.934,6.199999,6.199999,1004.0667,3.6857698,23.064417,23.700003,23.700003,1003.3626,9.758039,29.721588,3.3,3.3,998.89996,10,6,4,0,1.2246467991473532e-16,-1.0,126.84,132.63,144.21,4051.89,3807.47,22000.0,132.63285714285715,116.96466666666667,8939.771666666667,48931.923888888894
2022-06-11,121.05,4133.37,124.84,163.0,0,False,True,False,False,6.71,4.567387,23.11025,9.400001,9.400001,1002.7292,2.7820587,22.61525,3.8,3.8,1004.4875,3.9219654,22.824835,10.299999,10.299999,1003.6875,9.331976,29.242416,8.7,8.7,999.27924,11,6,5,1,1.2246467991473532e-16,-1.0,123.95,129.74,141.32,4092.63,3848.21,11250.0,129.73714285714286,118.833,8702.550666666666,47995.90577777777
2022-06-12,118.16,4174.11,124.84,163.0,0,False,True,False,False,6.71,4.160709,22.933167,2.8000002,2.8000002,1004.01666,3.1945465,21.971498,3.8,3.8,1005.99585,3.7933075,22.679,5.3000007,5.3000007,1005.10406,8.833362,27.657,37.1,37.1,1000.81665,12,6,6,1,1.2246467991473532e-16,-1.0,121.05,126.84,138.42,4133.37,3888.95,12958.33,126.84285714285714,120.31800000000001,8409.743333333334,47647.77366666667
2022-06-13,115.26,4214.84,124.84,163.0,0,False,True,False,False,6.71,5.0871797,22.768583,11.000001,11.000001,1005.00824,4.4071236,22.421501,4.2,4.2,1006.6291,3.7308495,23.24775,2.4,2.4,1005.625,6.938246,29.292414,2.0,2.0,1000.9499,13,6,0,0,1.2246467991473532e-16,-1.0,118.16,123.95,135.53,4174.11,3929.68,14666.67,123.94714285714285,121.41933333333333,8061.349,47066.82744444444
2022-06-14,112.37,4255.58,125.16,163.0,0,False,True,False,False,6.71,4.136714,22.797747,20.5,20.5,1004.05005,3.5998142,22.721502,8.8,8.8,1005.5457,2.9244335,23.166498,16.5,16.5,1004.60406,10.011067,29.042414,0.3,0.3,1000.3166,14,6,1,0,1.2246467991473532e-16,-1.0,115.26,121.05,132.63,4214.84,3970.42,16375.0,121.05285714285715,122.13699999999999,7657.368333333333,46073.05611111111
2022-06-15,109.47,4296.32,125.08,163.0,0,False,True,False,False,6.71,4.131565,22.310251,26.199999,26.199999,1003.3999,3.9417446,22.275667,17.800001,17.800001,1005.01666,4.381432,22.426918,17.800001,17.800001,1004.1667,11.3336,28.461166,17.8,17.8,999.72504,15,6,2,0,1.2246467991473532e-16,-1.0,112.37,118.16,129.74,4255.58,4011.16,18083.33,118.15714285714286,122.471,7197.801333333333,44929.20411111111
2022-06-16,106.58,4337.05,125.21,163.0,0,False,True,False,False,6.71,4.623716,22.072752,37.5,37.5,1004.23755,4.2719812,22.192335,17.1,17.1,1005.58746,4.137166,22.543587,13.700001,13.700001,1004.7124,6.106522,28.082,14.099999,14.099999,1000.6792,16,6,3,0,1.2246467991473532e-16,-1.0,109.47,115.26,126.84,4296.32,4051.89,19791.67,115.26285714285713,122.42166666666667,6682.647333333332,43941.17133333333
2022-06-17,103.68,4377.79,125.22,163.0,0,False,True,False,False,6.71,4.8774095,22.126917,12.500002,12.500002,1003.9541,4.1799464,21.808998,21.9,21.9,1005.4749,4.267784,22.274836,18.300001,18.300001,1004.5417,6.634363,27.700752,15.700003,15.700003,1000.37103,17,6,4,0,1.2246467991473532e-16,-1.0,106.58,112.37,123.95,4337.05,4092.63,21500.0,112.36714285714287,121.98866666666666,6111.907,42912.03566666666
2022-06-18,100.79,4418.53,125.22,163.0,0,False,True,False,False,6.71,4.655311,22.239418,24.200003,24.200003,1004.1458,4.715247,21.76525,6.5999994,6.5999994,1005.62494,4.1869884,22.395666,8.3,8.3,1004.80414,5.563944,27.702833,21.1,21.1,1000.9167,18,6,5,1,1.2246467991473532e-16,-1.0,103.68,109.47,121.05,4377.79,4133.37,4400.0,109.47285714285714,121.515,6112.524666666666,42398.63044444445
2022-06-19,97.89,4459.26,125.22,163.0,0,False,True,False,False,6.71,4.8739543,22.572752,14.7,14.7,1003.4292,4.856294,22.181915,4.2000003,4.2000003,1004.9209,4.3319745,22.299835,2.8999999,2.8999999,1004.1001,7.134674,27.475748,17.5,17.5,1000.25415,19,6,6,1,1.2246467991473532e-16,-1.0,100.79,106.58,118.16,4418.53,4174.11,2200.0,106.57714285714285,120.94466666666668,6187.833333333333,41830.677777777775
2022-06-20,95.0,4500.0,125.22,163.0,0,False,True,False,False,6.71,4.6689816,22.339417,7.499999,7.499999,1002.1833,5.214351,22.036081,3.8999999,3.8999999,1003.61237,4.099027,22.074835,5.2999997,5.2999997,1002.8665,7.455893,27.065332,7.3999996,7.3999996,999.1082,20,6,0,0,1.2246467991473532e-16,-1.0,97.89,103.68,115.26,4459.26,4214.84,2200.0,103.68285714285715,120.278,6264.5,40799.01111111111
2022-06-21,86.67,14450.0,125.07,163.0,0,False,True,False,False,6.71,4.400236,22.210253,2.6999996,2.6999996,1002.625,2.624772,22.011086,2.4,2.4,1004.11664,3.4754007,22.112335,3.7000003,3.7000003,1003.4458,9.40389,27.327833,3.1999996,3.1999996,999.72504,21,6,1,0,1.2246467991473532e-16,-1.0,95.0,100.79,112.37,4500.0,4255.58,21000.0,100.01142857142858,120.00033333333334,6046.166666666667,39486.28888888889
2022-06-22,86.39,12041.67,125.22,163.0,0,False,True,False,False,6.71,4.2005944,22.818586,3.6,3.6,1006.1624,3.1117175,22.200663,2.9,2.9,1007.7791,4.3348913,22.708166,11.5,11.5,1006.9334,8.050887,28.213247,3.2,3.2,1002.6292,22,6,2,0,1.2246467991473532e-16,-1.0,86.67,97.89,109.47,14450.0,4296.32,11900.0,96.71428571428571,118.71333333333334,6050.888999999999,37850.55744444444
2022-06-23,86.11,9633.33,125.72,163.0,0,False,True,False,False,6.71,4.4923053,22.939415,3.2999997,3.2999997,1006.66675,2.805827,22.623583,6.4,6.4,1008.2,4.0365987,23.124834,14.7,14.7,1007.4251,7.751469,28.61325,10.5,10.5,1003.07086,23,6,3,0,1.2246467991473532e-16,-1.0,86.39,95.0,106.58,12041.67,4337.05,11500.0,93.79,117.75033333333334,5988.666666666667,35891.816666666666
2022-06-24,85.84,7225.0,125.59,163.0,0,False,True,False,False,6.71,4.098102,23.370668,6.6,6.6,1004.92926,2.6273768,22.754831,34.899998,34.899998,1006.75836,3.7709734,23.03525,21.4,21.4,1005.92914,9.26763,28.242418,27.0,27.0,1001.69586,24,6,4,0,1.2246467991473532e-16,-1.0,86.11,86.67,103.68,9633.33,4377.79,11500.0,91.24142857142856,117.11166666666666,5846.166666666667,35016.98333333333
2022-06-25,85.56,4816.67,125.66,163.0,0,False,True,False,False,6.71,3.3580456,22.670668,6.7,6.7,1004.53754,2.8133907,22.461082,15.099999,15.099999,1006.17914,3.0474055,22.826914,13.8,13.8,1005.34564,14.18002,28.692413,1.4000001,1.4000001,1000.92505,25,6,5,1,1.2246467991473532e-16,-1.0,85.84,86.39,100.79,7225.0,4418.53,11500.0,89.0657142857143,116.334,5623.388999999999,34405.77966666667
2022-06-26,85.28,2408.33,125.66,163.0,0,False,True,False,False,6.71,3.5741298,22.95192,27.800003,27.800003,1006.02094,3.4767253,22.644417,9.4,9.4,1007.70844,4.2686663,22.881083,4.2,4.2,1006.8877,12.637561,28.657,3.9999998,3.9999998,1002.52075,26,6,6,1,1.2246467991473532e-16,-1.0,85.56,86.11,97.89,4816.67,4459.26,11500.0,87.26428571428572,115.41733333333333,5320.333333333333,33847.4
2022-06-27,85.0,2408.33,125.66,163.0,0,False,True,False,False,6.71,2.887271,22.801918,24.9,24.9,1006.4624,2.3441231,22.279833,13.900001,13.900001,1008.17914,3.0218937,23.033165,6.0999994,6.0999994,1007.2583,8.800689,27.36117,40.599995,40.599995,1003.1875,27,6,0,0,1.2246467991473532e-16,-1.0,85.28,85.84,95.0,2408.33,4500.0,11500.0,85.83571428571429,114.36166666666666,5017.277666666666,33368.60366666667
2022-06-28,88.89,1558.33,125.65,163.0,0,False,True,False,False,6.71,3.3725383,22.587334,70.3,70.3,1003.54175,2.9392748,22.344414,44.7,44.7,1005.31665,4.427205,22.585249,38.5,38.5,1004.5876,10.108006,25.990334,86.8,86.8,1001.125,28,6,1,0,1.2246467991473532e-16,-1.0,85.0,85.56,86.67,2408.33,14450.0,11000.0,86.15285714285713,113.15799999999999,4702.555333333334,32538.36288888889
2022-06-29,92.78,3116.67,126.34,163.0,0,False,True,False,False,6.71,2.7203429,21.626915,59.1,59.1,1002.81244,5.1900487,20.733995,90.00001,90.00001,1005.15424,3.3028862,21.22692,120.19998,120.19998,1004.3875,13.577649,24.977837,123.40001,123.40001,1000.4876,29,6,2,0,1.2246467991473532e-16,-1.0,88.89,85.28,86.39,1558.33,12041.67,2400.0,87.0657142857143,112.41733333333333,4726.444333333333,31383.437
2022-06-30,96.67,4675.0,126.65,163.0,0,False,True,False,False,6.71,3.5540059,22.464418,8.400001,8.400001,1003.71246,3.7477415,22.156916,9.799999,9.799999,1005.4084,3.9648454,22.685251,0.6,0.6,1004.5081,7.1718106,26.486168,28.500002,28.500002,1000.72906,30,6,3,0,1.2246467991473532e-16,-1.0,92.78,85.0,86.11,3116.67,9633.33,1875.0,88.57428571428571,110.973,4819.777666666666,30210.937
2022-07-01,96.67,5500.0,126.66,163.0,0,False,True,False,False,6.71,4.26948,23.29567,4.7999997,4.7999997,1002.80426,3.2353277,23.079834,4.2,4.2,1004.34576,4.356856,22.953997,9.2,9.2,1003.6792,7.2306275,27.971582,20.0,20.0,999.5083,1,7,4,0,-0.4999999999999997,-0.8660254037844388,96.67,88.89,85.84,4675.0,7225.0,3726.0,90.12142857142858,109.19533333333332,4878.910999999999,29087.04811111111
2022-07-02,96.67,2500.0,126.78,163.0,0,False,True,False,False,6.71,4.018855,23.08525,10.2,10.2,1002.3459,2.8336477,22.481918,14.700001,14.700001,1004.1082,4.009181,22.799833,14.700001,14.700001,1003.2957,9.292756,28.00492,1.0000001,1.0000001,998.875,2,7,5,1,-0.4999999999999997,-0.8660254037844388,96.67,92.78,85.56,5500.0,4816.67,3766.74,91.70857142857143,107.514,4836.686333333333,27542.881444444447
2022-07-03,95.0,9425.0,126.78,163.0,0,False,True,False,False,6.71,3.4626558,23.156084,17.100002,17.100002,1002.93756,2.685193,22.361084,20.0,20.0,1004.76666,2.7316675,23.264418,9.099999,9.099999,1003.7541,7.5786586,29.07367,5.7000003,5.7000003,998.9626,3,7,6,1,-0.4999999999999997,-0.8660254037844388,96.67,96.67,85.28,2500.0,2408.33,3807.47,93.09714285714287,105.87366666666667,5023.937333333333,26480.659222222224
2022-07-04,85.0,22500.0,126.78,172.0,0,False,True,False,False,6.71,4.11309,24.17275,2.8999999,2.8999999,1002.42505,2.7806149,23.800667,7.3999996,7.3999996,1004.11676,4.2497654,23.989418,8.499999,8.499999,1003.32495,10.291129,29.717417,0.6,0.6,998.7585,4,7,0,0,-0.4999999999999997,-0.8660254037844388,95.0,96.67,85.0,9425.0,2408.33,3848.21,93.09714285714287,103.99633333333333,5645.663666666665,25922.32588888889
2022-07-05,75.0,2750.0,126.63,172.0,0,False,True,False,False,6.71,3.6834068,23.924835,24.300001,24.300001,1003.36676,2.600939,23.72775,21.9,21.9,1005.1375,3.4363515,24.287333,18.2,18.2,1004.10834,9.589036,30.248663,0.8,0.8,999.08344,5,7,1,0,-0.4999999999999997,-0.8660254037844388,85.0,96.67,88.89,22500.0,1558.33,3888.95,91.11285714285715,101.88233333333332,5607.698666666666,25053.992555555556
2022-07-06,86.67,5150.0,127.3,172.0,0,False,True,False,False,6.71,3.3613899,24.093584,5.7999997,5.7999997,1006.2749,2.9781678,23.613165,6.6,6.6,1008.1541,3.9388962,23.622751,10.400001,10.400001,1007.30835,14.192307,30.359085,0.9,0.9,1002.3582,6,7,2,0,-0.4999999999999997,-0.8660254037844388,75.0,95.0,92.78,2750.0,3116.67,3929.68,90.24,100.25366666666667,5648.376,23715.103666666666
2022-07-07,76.67,1825.0,127.19,172.0,0,False,True,False,False,6.71,3.9427135,24.510254,2.6999998,2.6999998,1007.2209,3.216112,24.269417,3.9999995,3.9999995,1008.90826,4.3738914,23.793585,7.5,7.5,1008.0876,9.483218,29.986166,0.0,0.0,1003.41675,7,7,3,0,-0.4999999999999997,-0.8660254037844388,86.67,85.0,96.67,5150.0,4675.0,3970.42,87.38285714285713,98.38833333333334,5576.861999999999,22865.54811111111
2022-07-08,66.67,25750.0,126.99,172.0,0,False,True,False,False,6.71,3.9444983,23.466501,23.2,23.2,1005.35004,2.6824644,23.184,19.800003,19.800003,1007.12506,3.1790807,23.59775,10.5,10.5,1006.17505,9.290539,29.513247,3.7,3.7,1001.26666,8,7,4,0,-0.4999999999999997,-0.8660254037844388,76.67,75.0,96.67,1825.0,5500.0,4011.16,83.09714285714287,96.286,6301.49,22347.381444444447
2022-07-09,66.67,7750.0,127.11,172.0,0,False,True,False,False,6.71,3.7131212,23.07067,17.800001,17.800001,1003.97925,3.8246534,22.694414,19.2,19.2,1005.7917,2.6169517,23.316504,7.5999994,7.5999994,1004.8501,10.281865,28.902834,10.800001,10.800001,1000.1709,9,7,5,1,-0.4999999999999997,-0.8660254037844388,66.67,86.67,96.67,25750.0,2500.0,4051.89,78.81142857142858,94.28033333333335,6424.760333333334,21545.992555555556
2022-07-10,60.0,3350.0,127.11,172.0,0,False,True,False,False,6.71,3.8874083,23.745667,6.1999993,6.1999993,1003.8084,2.6704175,22.694418,13.100001,13.100001,1005.5916,4.2746615,23.531084,3.8999999,3.8999999,1004.6084,9.449046,29.763254,4.5,4.5,999.6792,10,7,6,1,-0.4999999999999997,-0.8660254037844388,66.67,76.67,95.0,7750.0,9425.0,4092.63,73.81142857142858,92.14866666666667,6400.005999999999,20227.937
2022-07-11,65.0,3350.0,127.11,172.0,0,False,True,False,False,6.71,4.1499085,24.045668,10.4,10.4,1004.27496,2.8786032,22.969416,20.1,20.1,1006.0959,3.9842386,23.579002,8.1,8.1,1005.14154,11.08213,30.098665,0.2,0.2,1000.27094,11,7,0,0,-0.4999999999999997,-0.8660254037844388,60.0,66.67,85.0,3350.0,22500.0,4133.37,70.95428571428572,90.28033333333335,6373.893666666667,19627.937
2022-07-12,65.0,3350.0,127.41,172.0,0,False,True,False,False,6.71,3.8339097,23.583168,15.800001,15.800001,1004.07495,2.6746504,22.773584,7.2,7.2,1006.01666,4.461869,23.389418,2.8,2.8,1004.9917,11.88329,30.402832,0.0,0.0,999.73334,12,7,1,0,-0.4999999999999997,-0.8660254037844388,65.0,66.67,75.0,3350.0,2750.0,4174.11,69.52571428571429,88.50833333333334,6346.423333333333,18749.04811111111
2022-07-13,61.67,666.67,127.66,172.0,0,False,True,False,False,6.71,4.630092,24.262337,3.6000001,3.6000001,1002.0249,3.416271,23.227747,2.3,2.3,1004.08746,3.912864,23.693583,1.9000002,1.9000002,1003.1709,10.97432,30.623667,0.0,0.0,997.88336,13,7,2,0,-0.4999999999999997,-0.8660254037844388,65.0,60.0,86.67,3350.0,5150.0,4214.84,65.95428571428572,86.722,6228.151,17557.01111111111
2022-07-14,58.33,1333.33,127.72,172.0,0,False,True,False,False,6.71,3.6317253,24.17692,11.400001,11.400001,1002.64575,3.2815197,23.481913,0.6,0.6,1004.4375,3.5564744,24.358168,4.6999993,4.6999993,1003.4041,13.199329,30.54242,0.70000005,0.70000005,998.22925,14,7,3,0,-0.4999999999999997,-0.8660254037844388,61.67,65.0,76.67,666.67,1825.0,4255.58,63.33428571428571,84.92066666666668,6130.742666666667,16530.159222222224
2022-07-15,55.0,2000.0,128.11,172.0,0,False,True,False,False,6.71,3.2556906,24.881083,5.6,5.6,1004.2166,3.1704543,23.798584,4.8999996,4.8999996,1006.2375,3.9563828,24.562334,9.500001,9.500001,1005.24567,9.569368,30.7945,1.4000001,1.4000001,999.9417,15,7,4,0,-0.4999999999999997,-0.8660254037844388,58.33,65.0,66.67,1333.33,25750.0,4296.32,61.66714285714285,83.105,6054.198666666666,15686.437000000002
2022-07-16,56.0,1800.0,128.11,172.0,0,False,True,False,False,6.71,3.4447453,24.206085,6.2,6.2,1005.19165,3.2540457,23.625666,5.4,5.4,1007.12085,4.096064,24.037336,7.7999997,7.7999997,1006.17084,11.9507065,30.531998,1.1,1.1,1001.0083,16,7,5,1,-0.4999999999999997,-0.8660254037844388,55.0,61.67,66.67,2000.0,7750.0,4337.05,60.142857142857146,81.41900000000001,5969.630333333333,15261.159222222223
2022-07-17,57.0,1600.0,128.11,172.0,0,False,True,False,False,6.71,3.9823322,24.56233,2.1000001,2.1000001,1006.47064,3.2555208,23.815252,11.200002,11.200002,1008.4333,3.8807533,24.23525,10.400001,10.400001,1007.4958,13.239417,31.054916,0.1,0.1,1002.2917,17,7,6,1,-0.4999999999999997,-0.8660254037844388,56.0,58.33,60.0,1800.0,3350.0,4377.79,59.714285714285715,79.86300000000001,5877.037333333333,14424.659222222223
2022-07-18,58.0,1400.0,128.11,172.0,0,False,True,False,False,6.71,3.0551827,23.520668,16.5,16.5,1005.7874,2.6392205,23.57775,24.900003,24.900003,1007.42487,4.23962,23.651918,11.3,11.3,1006.63745,13.832391,30.361168,0.6,0.6,1001.7249,18,7,0,0,-0.4999999999999997,-0.8660254037844388,57.0,55.0,65.0,1600.0,3350.0,4418.53,58.714285714285715,78.43666666666668,5776.419666666667,13723.82588888889
2022-07-19,59.0,1200.0,128.26,172.0,0,False,True,False,False,6.71,3.81097,23.364418,25.799997,25.799997,1003.875,2.1861954,22.99025,32.0,32.0,1005.554,3.4104233,22.989418,11.000002,11.000002,1004.7957,8.963956,29.457,2.4,2.4,1000.0876,19,7,1,0,-0.4999999999999997,-0.8660254037844388,58.0,56.0,65.0,1400.0,3350.0,4459.26,57.857142857142854,77.14033333333333,5667.777666666666,13198.82588888889
2022-07-20,60.0,1000.0,128.21,172.0,0,False,True,False,False,6.71,2.9430835,22.816498,8.8,8.8,1004.12915,2.4086053,22.563164,34.0,34.0,1005.81665,3.5574992,22.939417,8.2,8.2,1004.97504,9.651982,28.119501,31.500006,31.500006,1000.64154,20,7,2,0,-0.4999999999999997,-0.8660254037844388,59.0,57.0,61.67,1200.0,666.67,4500.0,57.61857142857143,75.97366666666667,5551.111,12692.437000000002
2022-07-21,61.0,800.0,128.29,172.0,0,False,True,False,False,6.71,2.612354,22.526918,9.100002,9.100002,1005.75415,3.5298297,21.963165,20.299997,20.299997,1007.62506,1.9740305,22.624834,12.0,12.0,1006.64594,9.473393,27.175749,25.6,25.6,1002.2375,21,7,3,0,-0.4999999999999997,-0.8660254037844388,60.0,58.0,58.33,1000.0,1333.33,14450.0,58.0,75.118,5096.111,12044.037
2022-07-22,62.0,600.0,128.22,172.0,0,False,True,False,False,6.71,3.37825,22.856085,23.300001,23.300001,1007.41675,4.0376225,22.7965,15.900002,15.900002,1009.14996,2.7811687,23.341501,12.4,12.4,1008.1875,11.553605,28.648666,18.2,18.2,1003.54156,22,7,4,0,-0.4999999999999997,-0.8660254037844388,61.0,59.0,55.0,800.0,2000.0,12041.67,59.0,74.305,4714.721999999999,11509.037
2022-07-23,63.0,400.0,128.08,172.0,0,False,True,False,False,6.71,3.5985851,23.633171,17.9,17.9,1006.7625,3.563516,23.315247,7.399999,7.399999,1008.54175,2.8622262,23.28525,19.999998,19.999998,1007.7751,11.169793,29.396582,4.9,4.9,1002.7375,23,7,5,1,-0.4999999999999997,-0.8660254037844388,62.0,60.0,56.0,600.0,1800.0,9633.33,60.0,73.53466666666667,4406.944333333333,10983.481444444444
2022-07-24,64.0,200.0,128.08,172.0,0,False,True,False,False,6.71,3.3763502,22.895668,12.099999,12.099999,1007.4707,3.516681,22.01525,32.699997,32.699997,1009.34155,2.924591,22.50817,12.7,12.7,1008.40424,14.118451,26.784086,11.8,11.8,1004.2292,24,7,6,1,-0.4999999999999997,-0.8660254037844388,63.0,61.0,57.0,400.0,1600.0,7225.0,61.0,72.80666666666667,4172.777666666667,10546.814777777778
2022-07-25,65.0,200.0,128.08,172.0,0,False,True,False,False,6.71,3.4898198,22.433167,18.400002,18.400002,1009.4834,4.7831416,22.296495,11.600002,11.600002,1011.1541,4.3963933,22.489416,14.400001,14.400001,1010.41266,15.464835,28.096582,1.1,1.1,1006.19574,25,7,0,0,-0.4999999999999997,-0.8660254037844388,64.0,62.0,58.0,200.0,1400.0,4816.67,62.0,72.12133333333334,4018.8886666666667,10365.703666666666
2022-07-26,66.67,5250.0,127.88,172.0,0,False,True,False,False,6.71,3.780701,22.14775,21.499998,21.499998,1010.2541,3.2728775,21.87358,25.100002,25.100002,1011.9417,4.1794224,22.381086,10.800001,10.800001,1011.07495,10.886035,26.796585,20.800001,20.800001,1007.2541,26,7,1,0,-0.4999999999999997,-0.8660254037844388,65.0,63.0,59.0,200.0,1200.0,2408.33,63.09571428571429,71.50099999999999,4113.611,10177.370333333332
2022-07-27,67.5,5250.0,127.96,172.0,0,False,True,False,False,6.71,3.4893522,22.612333,23.300001,23.300001,1009.30835,3.2331526,22.290247,15.200001,15.200001,1010.9666,3.4887733,22.72692,7.1999993,7.1999993,1010.0916,9.399798,27.329918,21.400003,21.400003,1006.19586,27,7,2,0,-0.4999999999999997,-0.8660254037844388,66.67,64.0,60.0,5250.0,1000.0,2408.33,64.16714285714286,70.91766666666666,4208.333333333333,9935.14811111111
2022-07-28,63.93,1428.57,128.14,172.0,0,False,True,False,False,6.71,2.77254,22.38942,3.9999998,3.9999998,1009.38336,2.2708235,22.238167,12.200001,12.200001,1010.9084,3.3450377,22.774834,2.0,2.0,1010.07495,4.6298385,27.461166,9.7,9.7,1006.23755,28,7,3,0,-0.4999999999999997,-0.8660254037844388,67.5,65.0,61.0,5250.0,800.0,1558.33,64.58571428571429,70.08566666666667,4204.008,9399.354444444445
2022-07-29,60.36,2857.14,127.92,172.0,0,False,True,False,False,6.71,3.066414,22.479002,9.300002,9.300002,1008.25,2.7624848,22.004831,30.100002,30.100002,1009.90826,3.7536728,22.437334,5.299999,5.299999,1009.04156,5.6386375,26.998665,13.1,13.1,1005.1833,29,7,4,0,-0.4999999999999997,-0.8660254037844388,63.93,66.67,62.0,1428.57,600.0,3116.67,64.35142857142857,69.00500000000001,4195.357,9337.211555555556
2022-07-30,56.79,4285.71,127.11,172.0,0,False,True,False,False,6.71,3.0572138,22.651918,12.400001,12.400001,1006.02075,3.020341,22.256914,25.300001,25.300001,1007.6792,3.557048,22.485252,7.199999,7.199999,1006.8293,5.2939076,26.990334,17.600002,17.600002,1003.09174,30,7,5,1,-0.4999999999999997,-0.8660254037844388,60.36,67.5,63.0,2857.14,400.0,4675.0,63.464285714285715,67.67566666666667,4182.380666666667,8938.441666666668
2022-07-31,53.21,5714.29,127.11,172.0,0,False,True,False,False,6.71,3.0444994,22.00192,30.600002,30.600002,1003.52496,2.751561,21.7715,49.000004,49.000004,1005.1626,4.0241485,22.033167,6.4,6.4,1004.38354,6.05255,26.179922,34.9,34.9,1000.87915,31,7,6,1,-0.4999999999999997,-0.8660254037844388,56.79,63.93,64.0,4285.71,200.0,5500.0,61.92285714285715,66.227,4189.523666666666,8605.267111111112
2022-08-01,49.64,7142.86,127.11,172.0,0,False,True,False,False,8.26,2.4327316,21.901917,78.299995,78.299995,1003.67084,2.6652548,21.719416,30.400002,30.400002,1005.46246,3.8648388,22.156084,20.800001,20.800001,1004.7083,4.5375566,26.079912,37.90001,37.90001,1001.3708,1,8,0,0,-0.8660254037844385,-0.5000000000000004,53.21,60.36,65.0,5714.29,200.0,2500.0,59.728571428571435,64.65933333333334,4344.285666666667,8213.798888888889
2022-08-02,46.07,8571.43,126.74,172.0,0,False,True,False,False,8.26,1.9640961,21.899836,39.9,39.9,1004.5085,2.2644334,21.840248,34.100002,34.100002,1006.2124,3.4050496,22.131086,15.299999,15.299999,1005.38336,7.0386662,26.407003,9.6,9.6,1001.7458,2,8,1,0,-0.8660254037844385,-0.5000000000000004,49.64,56.79,66.67,7142.86,5250.0,9425.0,56.785714285714285,63.02833333333333,4315.833333333333,7937.148111111111
2022-08-03,42.5,10000.0,126.25,172.0,0,False,True,False,False,8.26,2.7598321,22.4915,23.699999,23.699999,1006.48737,3.844155,22.34025,13.500001,13.500001,1008.1624,4.877105,22.793585,12.200001,12.200001,1007.29584,6.1855664,27.477837,30.199999,30.199999,1003.075,3,8,2,0,-0.8660254037844385,-0.5000000000000004,46.07,53.21,67.5,8571.43,5250.0,22500.0,53.214285714285715,61.611666666666665,3899.1666666666665,7846.870333333333
2022-08-04,42.5,10000.0,126.96,172.0,0,False,True,False,False,8.26,3.1558352,22.574835,8.7,8.7,1007.14996,4.0797257,23.013163,9.900001,9.900001,1008.571,3.0461485,23.114418,3.1,3.1,1007.78345,9.654087,28.113253,17.9,17.9,1003.3875,4,8,3,0,-0.8660254037844385,-0.5000000000000004,42.5,49.64,63.93,10000.0,1428.57,2750.0,50.152857142857144,60.52833333333333,4140.833333333333,7630.759222222222
2022-08-05,47.5,5000.0,127.45,172.0,0,False,True,False,False,8.26,3.7830954,23.566498,2.3000002,2.3000002,1005.0166,3.12685,23.171501,12.699999,12.699999,1006.8584,3.530877,23.181086,23.800001,23.800001,1006.1001,6.34581,28.863249,25.9,25.9,1001.28326,5,8,4,0,-0.8660254037844385,-0.5000000000000004,42.5,46.07,60.36,10000.0,2857.14,5150.0,48.315714285714286,59.22266666666667,4135.833333333333,7372.425888888888
2022-08-06,57.5,750.0,127.08,172.0,0,False,True,False,False,8.26,3.4958334,23.2165,28.8,28.8,1003.24176,3.2477,23.061079,18.5,18.5,1004.97504,3.8575976,23.02275,20.3,20.3,1004.2334,9.725292,28.02992,42.4,42.4,999.78754,6,8,5,1,-0.8660254037844385,-0.5000000000000004,47.5,42.5,56.79,5000.0,4285.71,1825.0,48.417142857142856,58.583666666666666,4100.0,7036.314777777778
2022-08-07,55.0,750.0,127.08,172.0,0,False,True,False,False,8.26,3.83373,24.029001,4.4,4.4,1003.06256,3.2839096,23.096498,14.100001,14.100001,1005.05414,3.8708851,23.504,10.599999,10.599999,1004.1458,7.8488216,28.800749,5.5,5.5,999.10004,7,8,6,1,-0.8660254037844385,-0.5000000000000004,57.5,42.5,53.21,750.0,5714.29,25750.0,48.67285714285714,58.19466666666666,3266.6666666666665,6503.814777777778
2022-08-08,57.5,11350.0,127.08,172.0,0,False,True,False,False,8.26,3.95655,24.322752,14.7,14.7,1002.4126,2.9654763,23.421495,1.7,1.7,1004.2583,3.5803661,23.985252,12.099999,12.099999,1003.2791,9.148851,29.006996,5.2000003,5.2000003,998.33325,8,8,0,0,-0.8660254037844385,-0.5000000000000004,55.0,47.5,49.64,750.0,7142.86,7750.0,49.79571428571428,57.889,3386.6666666666665,6449.370333333333
2022-08-09,60.0,6000.0,127.76,172.0,0,False,True,False,False,8.26,4.4707346,24.693583,15.6,15.6,1002.02496,2.7657802,24.190247,2.5,2.5,1003.97504,4.5720143,23.843584,11.699999,11.699999,1003.19165,18.759056,29.819502,0.1,0.1,998.3542,9,8,1,0,-0.8660254037844385,-0.5000000000000004,57.5,57.5,46.07,11350.0,8571.43,3350.0,51.785714285714285,57.889,3475.0,6271.592555555555
2022-08-10,57.5,6000.0,127.76,172.0,0,False,True,False,False,8.26,4.047973,23.624834,42.500004,42.500004,1001.81244,3.6514847,23.281914,5.3,5.3,1003.55005,4.3320823,23.268585,13.599999,13.599999,1002.625,23.227243,29.552832,0.0,0.0,997.94574,10,8,2,0,-0.8660254037844385,-0.5000000000000004,60.0,55.0,42.5,6000.0,10000.0,3350.0,53.92857142857143,57.639,3563.3333333333335,6213.259222222222
2022-08-11,65.0,18250.0,127.54,172.0,0,False,True,False,False,8.26,3.7796297,23.791504,23.199999,23.199999,1003.7334,4.505584,23.352753,9.100001,9.100001,1005.50415,4.0902233,23.112335,13.500001,13.500001,1004.6958,19.597273,29.636168,0.0,0.0,999.9832,11,8,3,0,-0.8660254037844385,-0.5000000000000004,57.5,57.5,42.5,6000.0,10000.0,3350.0,57.142857142857146,57.639,4060.0,6272.055555555556
2022-08-12,67.0,18250.0,127.72,172.0,0,False,True,False,False,8.26,4.5739074,23.916502,1.2,1.2,1003.63745,3.4015195,23.436087,2.0,2.0,1005.22906,4.056702,23.095665,3.7,3.7,1004.54156,11.160287,29.1695,0.2,0.2,1000.1208,12,8,4,0,-0.8660254037844385,-0.5000000000000004,65.0,60.0,47.5,18250.0,5000.0,666.67,59.92857142857143,57.81666666666667,4646.111,6311.870333333333
2022-08-13,53.0,18250.0,127.76,172.0,0,False,True,False,False,8.26,4.227556,23.570671,23.7,23.7,1003.04175,2.8142385,23.423582,23.9,23.9,1004.69574,4.0565,23.304,34.2,34.2,1003.9084,9.995467,29.961166,0.0,0.0,998.89575,13,8,5,1,-0.8660254037844385,-0.5000000000000004,67.0,57.5,57.5,18250.0,750.0,1333.33,59.285714285714285,57.639,5210.0,6332.703666666666
2022-08-14,51.67,9150.0,127.76,172.0,0,False,True,False,False,8.26,3.6905515,23.168585,5.299999,5.299999,1005.354,4.0143847,22.650665,12.600001,12.600001,1007.20825,3.426328,22.4915,21.9,21.9,1006.41254,21.129831,29.01325,6.4,6.4,1001.54175,14,8,6,1,-0.8660254037844385,-0.5000000000000004,53.0,65.0,55.0,18250.0,750.0,2000.0,58.81,57.528000000000006,5448.333333333333,6233.444444444444
2022-08-15,55.0,13875.0,127.76,172.0,0,False,True,False,False,8.26,3.1350472,23.385252,2.5,2.5,1007.43335,6.53747,22.609001,5.0,5.0,1009.56665,3.9108326,23.322752,1.9,1.9,1008.5291,25.489065,29.148664,0.0,0.0,1003.89575,15,8,0,0,-0.8660254037844385,-0.5000000000000004,51.67,67.0,57.5,9150.0,11350.0,1800.0,58.45285714285715,57.494666666666674,5850.833333333333,6167.703666666666
2022-08-16,52.5,13875.0,127.76,172.0,0,False,True,False,False,8.26,3.559389,23.401918,3.4999998,3.4999998,1007.93317,3.9351616,22.45275,3.3999999,3.3999999,1009.73334,4.169567,22.981085,4.5999994,4.5999994,1008.72504,8.039287,29.154915,1.5000001,1.5000001,1004.40015,16,8,1,0,-0.8660254037844385,-0.5000000000000004,55.0,53.0,60.0,13875.0,6000.0,1600.0,57.38142857142857,57.34466666666667,6260.0,6082.981444444444
2022-08-17,52.5,8050.0,127.76,172.0,0,False,True,False,False,8.26,3.611392,23.579,1.9000002,1.9000002,1006.10004,4.952644,22.754831,2.5,2.5,1007.72504,2.9309094,23.5165,2.8,2.8,1006.6125,6.6307597,29.20075,0.9000001,0.9000001,1002.2708,17,8,2,0,-0.8660254037844385,-0.5000000000000004,52.5,51.67,57.5,13875.0,6000.0,1400.0,56.667142857142856,57.16133333333334,6481.666666666667,6123.536999999999
2022-08-18,53.75,16750.0,127.42,172.0,0,False,True,False,False,8.26,3.8801763,23.876917,7.6,7.6,1003.5457,3.2488983,22.948584,10.1,10.1,1005.43353,3.7672892,23.660248,6.9,6.9,1004.3916,8.873303,29.61325,0.0,0.0,999.6665,18,8,3,0,-0.8660254037844385,-0.5000000000000004,52.5,55.0,65.0,8050.0,18250.0,1200.0,55.06,56.98633333333334,7000.0,6285.203666666666
2022-08-19,47.5,16750.0,127.78,172.0,0,False,True,False,False,8.26,3.0789392,23.045671,25.500002,25.500002,1004.87085,3.0137444,22.644417,4.3,4.3,1006.7834,3.399456,22.822752,26.700003,26.700003,1005.8167,7.1384144,28.084085,22.1,22.1,1000.8625,19,8,4,0,-0.8660254037844385,-0.5000000000000004,53.75,52.5,67.0,16750.0,18250.0,1000.0,52.27428571428572,56.56966666666667,7525.0,6446.870333333333
2022-08-20,48.33,16750.0,127.95,172.0,0,False,True,False,False,8.26,3.9288146,24.062332,1.0,1.0,1004.6875,2.6883948,22.804834,4.4,4.4,1006.86255,4.1370187,22.885252,5.6,5.6,1005.99567,16.482403,29.265337,0.1,0.1,1000.9207,20,8,5,1,-0.8660254037844385,-0.5000000000000004,47.5,52.5,53.0,16750.0,18250.0,800.0,51.607142857142854,56.147333333333336,8056.666666666667,6399.648111111111
2022-08-21,47.67,4750.0,127.95,172.0,0,False,True,False,False,8.26,3.6678503,23.2165,8.4,8.4,1004.4126,5.054303,22.554832,5.5,5.5,1006.3042,3.4180727,22.954,3.5,3.5,1005.4084,17.091434,29.438248,0.0,0.0,1000.69165,21,8,6,1,-0.8660254037844385,-0.5000000000000004,48.33,53.75,51.67,16750.0,9150.0,600.0,51.035714285714285,55.66966666666667,8195.0,6320.203666666666
2022-08-22,47.5,4750.0,127.95,172.0,0,False,True,False,False,8.26,3.5125415,23.354004,1.1,1.1,1004.1125,4.2944684,22.588167,2.2,2.2,1006.10004,4.0092635,23.149834,3.8999999,3.8999999,1005.21246,10.6048355,29.225748,7.0,7.0,1000.45,22,8,0,0,-0.8660254037844385,-0.5000000000000004,47.67,47.5,55.0,4750.0,13875.0,400.0,49.964285714285715,55.153000000000006,8340.0,6245.203666666666
2022-08-23,42.5,3250.0,128.1,172.0,0,False,True,False,False,8.26,3.3868625,23.599833,5.799999,5.799999,1006.65424,2.8600073,22.794418,18.0,18.0,1008.53735,3.5741851,23.020666,12.599999,12.599999,1007.7292,8.292773,28.317415,5.3,5.3,1002.9417,23,8,1,0,-0.8660254037844385,-0.5000000000000004,47.5,48.33,52.5,4750.0,13875.0,200.0,48.535714285714285,54.43633333333334,8441.666666666666,6153.536999999999
2022-08-24,47.5,14625.0,128.09,172.0,0,False,True,False,False,8.26,3.417527,23.447752,5.0,5.0,1008.81244,3.1822155,22.823584,1.7,1.7,1010.4792,3.4602888,23.45192,8.599999,8.599999,1009.53754,7.4656334,28.231997,7.5,7.5,1005.05426,24,8,2,0,-0.8660254037844385,-0.5000000000000004,42.5,47.67,52.5,3250.0,8050.0,200.0,47.82142857142857,53.853,8922.5,6188.259222222222
2022-08-25,47.5,24775.0,128.0,172.0,0,False,True,False,False,8.26,4.5354033,23.651918,2.4,2.4,1006.8,3.3797598,23.519417,4.2,4.2,1008.1584,4.8024373,23.368586,3.1999998,3.1999998,1007.6458,9.908994,28.902832,0.2,0.2,1003.45844,25,8,3,0,-0.8660254037844385,-0.5000000000000004,47.5,47.5,53.75,14625.0,16750.0,5250.0,46.92857142857143,53.214000000000006,9573.333333333334,6335.759222222222
2022-08-26,57.5,1075.0,128.12,172.0,0,False,True,False,False,8.26,3.626713,22.885252,9.4,9.4,1005.9666,3.2433777,22.871498,7.4999995,7.4999995,1007.5833,3.4843798,23.429,4.8999996,4.8999996,1006.5959,5.9941125,29.77575,0.6,0.6,1001.9875,26,8,4,0,-0.8660254037844385,-0.5000000000000004,47.5,42.5,47.5,24775.0,16750.0,5250.0,48.357142857142854,52.88066666666667,9434.166666666666,6219.925888888888
2022-08-27,65.0,4000.0,128.09,172.0,0,False,True,False,False,8.26,3.6450346,22.970667,30.6,30.6,1004.8874,3.1059933,22.481918,16.0,16.0,1006.67914,2.784731,23.193586,11.700001,11.700001,1005.7083,6.1839275,28.640335,10.400001,10.400001,1001.28326,27,8,5,1,-0.8660254037844385,-0.5000000000000004,57.5,47.5,48.33,1075.0,16750.0,1428.57,50.73857142857143,52.916333333333334,9519.881,6142.148111111111
2022-08-28,65.0,4000.0,128.09,172.0,0,False,True,False,False,8.26,2.5650213,21.80192,18.000002,18.000002,1007.2,2.99057,21.283998,18.100002,18.100002,1009.12915,2.4604576,21.954002,22.7,22.7,1008.21674,11.771333,26.400751,20.500002,20.500002,1004.29584,28,8,6,1,-0.8660254037844385,-0.5000000000000004,65.0,47.5,47.67,4000.0,4750.0,2857.14,53.214285714285715,53.071000000000005,9557.976333333332,6159.925888888888
2022-08-29,68.33,4000.0,128.09,172.0,0,False,True,False,False,8.26,3.9381666,22.804,2.4000003,2.4000003,1010.13336,2.556014,22.163168,14.4,14.4,1011.93744,3.6179762,22.554003,2.2,2.2,1011.0,8.465945,27.119497,31.7,31.7,1007.0625,29,8,0,0,-0.8660254037844385,-0.5000000000000004,65.0,57.5,47.5,4000.0,4750.0,4285.71,56.19,53.455666666666666,9548.452666666668,6183.536999999999
2022-08-30,62.5,375.0,128.25,172.0,0,False,True,False,False,8.26,3.787432,23.074831,3.0,3.0,1010.28326,3.4906723,22.631918,1.9000001,1.9000001,1011.8667,3.2081544,22.737335,3.1999996,3.1999996,1011.0042,5.2069287,27.517416,6.299999,6.299999,1007.06256,30,8,1,0,-0.8660254037844385,-0.5000000000000004,68.33,65.0,42.5,4000.0,3250.0,5714.29,59.04714285714285,53.76533333333334,9370.476333333332,6146.303666666666
2022-08-31,62.5,9775.0,127.43,172.0,0,False,True,False,False,8.26,2.9211407,22.187332,17.600002,17.600002,1008.28754,2.0253696,22.113167,11.600001,11.600001,1009.84174,3.4596188,22.406084,7.7,7.7,1008.98755,3.4764779,26.965338,10.0,10.0,1005.2583,31,8,2,0,-0.8660254037844385,-0.5000000000000004,62.5,65.0,47.5,375.0,14625.0,7142.86,61.19,54.193999999999996,9458.214333333333,6213.06211111111
2022-09-01,58.33,22000.0,127.43,178.0,0,False,True,False,False,8.64,3.1983454,21.416504,47.399998,47.399998,1009.19995,2.3518329,21.394415,29.800003,29.800003,1010.8208,2.2231274,21.681084,42.9,42.9,1010.02075,5.371959,26.38825,22.000002,22.000002,1006.25415,1,9,3,0,-1.0,-1.8369701987210297e-16,62.5,68.33,47.5,9775.0,24775.0,8571.43,62.73714285714285,54.602666666666664,9905.833333333334,6415.201333333333
2022-09-02,57.22,14666.67,127.6,178.0,0,False,True,False,False,8.64,2.9232442,22.2415,1.2,1.2,1009.2332,3.588936,21.92775,1.8000002,1.8000002,1010.69995,2.430329,22.460253,13.800001,13.800001,1009.8542,5.2032638,26.815344,2.9,2.9,1006.13324,2,9,4,0,-1.0,-1.8369701987210297e-16,58.33,62.5,57.5,22000.0,1075.0,10000.0,62.69714285714286,55.093333333333334,10061.389,6535.406444444444
2022-09-03,56.11,7333.33,127.98,178.0,0,False,True,False,False,8.64,4.4709973,22.626917,6.3,6.3,1005.9582,3.408677,22.544418,6.8999996,6.8999996,1007.4375,3.51986,22.270668,7.6,7.6,1006.7666,6.7060666,26.644503,13.4,13.4,1003.2542,3,9,5,1,-1.0,-1.8369701987210297e-16,57.22,62.5,65.0,14666.67,4000.0,10000.0,61.42714285714286,55.547000000000004,9972.5,6573.677333333333
2022-09-04,55.0,7333.33,127.98,178.0,0,False,True,False,False,8.64,3.6344225,22.479004,2.3999999,2.3999999,1005.5833,2.8649304,22.229834,3.0,3.0,1007.24585,3.3079765,22.143585,7.399999,7.399999,1006.50415,3.9964979,26.927834,10.000002,10.000002,1002.87506,4,9,6,1,-1.0,-1.8369701987210297e-16,56.11,58.33,65.0,7333.33,4000.0,5000.0,59.99857142857143,55.797000000000004,10050.277666666667,6611.495666666667
2022-09-05,56.67,550.0,127.98,178.0,0,False,True,False,False,8.64,4.0292253,22.29567,3.8999999,3.8999999,1006.95844,2.7413132,22.384,2.2,2.2,1008.5208,2.8544385,22.656082,3.7999997,3.7999997,1007.72076,6.081924,27.215332,1.8,1.8,1003.9666,5,9,0,0,-1.0,-1.8369701987210297e-16,55.0,57.22,68.33,7333.33,4000.0,750.0,58.332857142857144,55.76933333333333,10043.611,6573.491000000001
2022-09-06,58.33,1100.0,128.06,178.0,0,False,True,False,False,8.64,3.5697327,22.50192,10.000001,10.000001,1008.42096,2.5503156,22.109,12.700002,12.700002,1010.1999,3.2110002,22.18942,5.0999994,5.0999994,1009.49164,8.411444,26.807001,2.8,2.8,1005.62915,6,9,1,0,-1.0,-1.8369701987210297e-16,56.67,56.11,62.5,550.0,375.0,750.0,57.73714285714285,55.88033333333333,10055.277666666667,6541.1447777777785
2022-09-07,53.33,1100.0,128.04,178.0,0,False,True,False,False,8.64,3.0975935,22.135252,4.6,4.6,1010.72504,2.8750372,21.763166,13.2,13.2,1012.42914,3.2652843,22.510248,5.4,5.4,1011.54987,7.1157627,27.065332,13.599999,13.599999,1007.28345,7,9,2,0,-1.0,-1.8369701987210297e-16,58.33,55.0,62.5,1100.0,9775.0,11350.0,56.42714285714286,55.74133333333334,9713.611,6508.3460000000005
2022-09-08,57.5,4250.0,128.15,178.0,0,False,True,False,False,8.64,3.166992,22.158167,5.9,5.9,1012.13745,3.0573034,21.61525,3.1,3.1,1013.80835,2.2609844,22.47067,3.6,3.6,1012.89166,6.1347084,27.886164,17.800001,17.800001,1008.11664,8,9,3,0,-1.0,-1.8369701987210297e-16,53.33,56.67,58.33,1100.0,22000.0,6000.0,56.30857142857143,55.658,9655.277666666667,6510.094555555555
2022-09-09,52.5,6400.0,127.84,178.0,0,False,True,False,False,8.64,2.9928446,22.266502,6.3,6.3,1011.95404,2.4182236,21.279833,12.900001,12.900001,1013.7041,3.2307994,22.262337,3.4999995,3.4999995,1012.7041,5.8118806,27.961166,5.5,5.5,1007.79584,9,9,4,0,-1.0,-1.8369701987210297e-16,57.5,58.33,57.22,4250.0,14666.67,6000.0,55.63428571428572,55.49133333333334,9668.611,6535.279333333334
2022-09-10,52.5,13675.0,127.64,178.0,0,False,True,False,False,8.64,3.2540271,21.781084,54.899998,54.899998,1011.16675,2.5887005,21.604834,6.0999994,6.0999994,1012.6792,3.8770103,21.666502,8.400001,8.400001,1011.82074,7.005964,28.654917,0.0,0.0,1006.33344,10,9,5,1,-1.0,-1.8369701987210297e-16,52.5,53.33,56.11,6400.0,7333.33,18250.0,55.118571428571435,55.074666666666666,9516.111,6640.844777777778
2022-09-11,52.5,12000.0,127.64,178.0,0,False,True,False,False,8.64,3.0664673,22.529,2.8999999,2.8999999,1008.1499,2.8462665,22.002752,5.1000004,5.1000004,1009.71674,4.068364,22.389418,9.0,9.0,1008.89575,13.518646,28.444504,0.8,0.8,1004.42084,11,9,6,1,-1.0,-1.8369701987210297e-16,52.5,57.5,55.0,13675.0,7333.33,18250.0,54.761428571428574,54.59133333333333,9307.777666666667,6727.346555555556
2022-09-12,53.33,1500.0,127.64,178.0,0,False,True,False,False,8.64,3.204236,21.929,10.400002,10.400002,1006.7293,4.500044,21.259,9.699999,9.699999,1008.44165,4.1970286,21.603998,18.300001,18.300001,1007.57513,21.394533,27.263252,1.2,1.2,1003.49164,12,9,0,0,-1.0,-1.8369701987210297e-16,52.5,52.5,56.67,12000.0,550.0,18250.0,54.284285714285716,54.602333333333334,8749.444333333335,6696.729
2022-09-13,53.33,2375.0,127.54,178.0,0,False,True,False,False,8.64,2.7608197,21.86442,3.7,3.7,1008.01666,3.8036592,21.673582,3.3000002,3.3000002,1009.6335,4.4553113,21.554,8.2,8.2,1008.9541,18.650812,26.829916,1.0,1.0,1004.99585,13,9,1,0,-1.0,-1.8369701987210297e-16,53.33,52.5,58.33,1500.0,1100.0,9150.0,53.56999999999999,54.657666666666664,8523.611,6675.381
2022-09-14,47.5,2500.0,126.94,178.0,0,False,True,False,False,8.64,3.1061275,21.760252,11.6,11.6,1009.196,4.392344,21.298582,14.3,14.3,1010.83344,3.9054916,21.443583,5.4,5.4,1010.07916,15.9486475,26.432,10.4,10.4,1006.40826,14,9,2,0,-1.0,-1.8369701987210297e-16,53.33,52.5,53.33,2375.0,1100.0,13875.0,52.73714285714285,54.407666666666664,8144.444333333334,6654.969333333333
2022-09-15,52.33,4625.0,127.41,178.0,0,False,True,False,False,8.64,3.111367,21.326918,4.6,4.6,1007.64166,4.512835,21.342333,12.700001,12.700001,1009.4124,3.515894,21.760252,3.7999997,3.7999997,1008.60406,9.753486,25.996588,12.999999,12.999999,1004.89996,15,9,3,0,-1.0,-1.8369701987210297e-16,47.5,53.33,57.5,2500.0,4250.0,13875.0,51.99857142857143,54.402,7836.111000000001,6657.716111111112
2022-09-16,65.0,500.0,127.82,178.0,0,False,True,False,False,8.64,2.7797976,21.337334,7.5,7.5,1004.5833,3.6824882,20.84233,12.6,12.6,1006.37915,3.0112362,21.42692,14.500001,14.500001,1005.554,6.788506,26.1445,29.300003,29.300003,1001.7874,16,9,4,0,-1.0,-1.8369701987210297e-16,52.33,53.33,52.5,4625.0,6400.0,8050.0,53.784285714285716,54.818666666666665,7584.444333333334,6614.176888888889
2022-09-17,65.0,5400.0,127.89,178.0,0,False,True,False,False,8.64,3.0396783,21.293585,10.2,10.2,1006.1291,3.8615162,20.773582,15.299999,15.299999,1007.96655,3.262642,21.212334,4.4,4.4,1007.0417,7.017433,25.86325,26.500002,26.500002,1003.054,17,9,5,1,-1.0,-1.8369701987210297e-16,65.0,47.5,52.5,500.0,13675.0,16750.0,55.57,55.193666666666665,7206.111000000001,6624.629555555556
2022-09-18,65.0,5000.0,127.89,178.0,0,False,True,False,False,8.64,3.3507516,21.993586,1.5,1.5,1007.58746,3.0517378,21.2715,4.0,4.0,1009.2166,3.5880873,22.078997,4.2999997,4.2999997,1008.35004,4.906032,27.41117,13.100002,13.100002,1003.94586,18,9,6,1,-1.0,-1.8369701987210297e-16,65.0,52.33,52.5,5400.0,12000.0,16750.0,57.355714285714285,55.777,6814.444333333334,6630.185111111112
2022-09-19,65.0,5000.0,127.89,178.0,0,False,True,False,False,8.64,2.9915695,22.989416,1.5,1.5,1008.3833,3.1752331,21.777748,6.3,6.3,1010.2417,4.251497,22.547752,7.2000003,7.2000003,1009.35004,6.2213492,27.20492,4.0,4.0,1004.7375,19,9,0,0,-1.0,-1.8369701987210297e-16,65.0,65.0,53.33,5000.0,1500.0,16750.0,59.02285714285714,56.33266666666667,6422.777666666667,6525.185111111112
2022-09-20,47.5,5000.0,127.94,178.0,0,False,True,False,False,8.64,3.490833,23.28525,7.8999996,7.8999996,1007.66675,2.9859402,22.406914,0.70000005,0.70000005,1009.39996,4.231019,22.589418,2.0,2.0,1008.74164,8.365839,27.811167,5.3999996,5.3999996,1004.2541,20,9,1,0,-1.0,-1.8369701987210297e-16,65.0,65.0,53.33,5000.0,2375.0,4750.0,58.190000000000005,56.327,6431.111000000001,6446.944333333333
2022-09-21,48.33,11250.0,127.91,178.0,0,False,True,False,False,8.64,3.131584,22.3665,3.6000001,3.6000001,1008.45416,3.4695847,21.698584,3.3,3.3,1010.1292,4.108832,22.324835,8.1,8.1,1009.27496,14.518678,28.45075,0.5,0.5,1004.75006,21,9,2,0,-1.0,-1.8369701987210297e-16,47.5,65.0,47.5,5000.0,2500.0,4750.0,58.30857142857143,56.35466666666666,6647.777666666667,6464.907333333334
2022-09-22,48.33,11250.0,128.27,178.0,0,False,True,False,False,8.64,3.251341,22.451918,3.3999999,3.3999999,1008.44165,3.0854483,21.944418,7.3,7.3,1010.06256,4.5631013,21.943586,2.6,2.6,1009.33746,10.665492,27.600748,9.8,9.8,1005.0957,22,9,3,0,-1.0,-1.8369701987210297e-16,48.33,65.0,52.33,11250.0,4625.0,3250.0,57.737142857142864,56.54899999999999,6914.444333333334,6509.629555555556
2022-09-23,47.6,2500.0,129.68,178.0,0,False,True,False,False,8.64,3.9543803,22.220667,3.1999998,3.1999998,1008.1792,3.0511744,21.509,15.6,15.6,1009.93335,4.7009254,21.716501,3.7,3.7,1009.12085,9.40762,27.13408,8.299999,8.299999,1004.85406,23,9,4,0,-1.0,-1.8369701987210297e-16,48.33,47.5,65.0,11250.0,500.0,14625.0,55.25142857142857,56.55233333333333,6510.277666666667,6483.888777777777
2022-09-24,53.33,4525.0,129.89,178.0,0,False,True,False,False,8.64,3.5358582,21.662333,1.1,1.1,1008.04156,2.8552945,20.936083,12.9,12.9,1009.75,3.8328063,21.47692,3.2,3.2,1008.9334,7.5582023,26.002838,15.700001,15.700001,1005.03754,24,9,5,1,-1.0,-1.8369701987210297e-16,47.6,48.33,65.0,2500.0,5400.0,24775.0,53.58428571428571,56.74666666666666,5835.277666666667,6507.407333333334
2022-09-25,55.0,11500.0,129.89,178.0,1,False,True,False,False,8.64,3.7533543,21.524836,3.3000002,3.3000002,1009.16254,2.5960996,20.744417,12.0,12.0,1010.8167,3.7084904,21.299833,3.3999996,3.3999996,1010.0208,6.8752923,26.3445,1.5000001,1.5000001,1006.31256,25,9,6,1,-1.0,-1.8369701987210297e-16,53.33,48.33,65.0,4525.0,5000.0,1075.0,52.15571428571429,56.66333333333333,6182.777666666667,6608.42588888889
2022-09-26,55.0,250.0,129.89,178.0,1,False,True,False,False,8.64,3.69785,21.020666,4.0,4.0,1010.21246,3.2997544,20.75067,4.1,4.1,1011.64575,2.5095756,21.368586,4.5,4.5,1010.87915,6.0560327,25.650747,1.8000002,1.8000002,1007.3208,26,9,0,0,-1.0,-1.8369701987210297e-16,55.0,47.6,65.0,11500.0,5000.0,4000.0,50.72714285714286,56.33,6057.777666666667,6593.888888888889
2022-09-27,55.0,12000.0,130.9,178.0,1,False,True,False,False,8.64,3.5179818,20.795668,4.5,4.5,1008.72485,3.0877812,20.519417,6.7000003,6.7000003,1010.25,3.8643153,20.818584,1.0,1.0,1009.5916,4.4076843,26.040335,1.2,1.2,1005.59155,27,9,1,0,-1.0,-1.8369701987210297e-16,55.0,53.33,47.5,250.0,5000.0,4000.0,51.798571428571435,55.99666666666666,6324.444333333334,6692.592555555557
2022-09-28,48.33,1750.0,130.84,178.0,1,False,True,False,False,8.64,3.8734672,21.370665,0.4,0.4,1007.925,3.8387835,20.629833,0.9000001,0.9000001,1009.55,3.498039,21.035254,1.1,1.1,1008.75836,5.2407475,26.915337,0.0,0.0,1004.6958,28,9,2,0,-1.0,-1.8369701987210297e-16,55.0,55.0,48.33,12000.0,11250.0,4000.0,51.79857142857143,55.330000000000005,6249.444333333334,6660.092555555557
2022-09-29,55.0,3500.0,131.41,178.0,1,False,True,False,False,8.64,3.8569615,21.13317,1.4000001,1.4000001,1008.30005,3.6812506,20.425667,0.4,0.4,1009.8376,3.3560898,21.287333,1.7,1.7,1009.10834,5.51461,26.802832,6.2,6.2,1005.05414,29,9,3,0,-1.0,-1.8369701987210297e-16,48.33,55.0,48.33,1750.0,11250.0,375.0,52.75142857142857,55.080000000000005,6353.611000000001,6637.870333333334
2022-09-30,43.33,11000.0,131.28,178.0,1,False,True,False,False,8.64,3.709193,20.943584,4.9999995,4.9999995,1008.96674,3.0718403,20.533998,22.4,22.4,1010.55,4.2204804,21.52275,4.0,4.0,1009.696,4.3241487,26.60283,10.2,10.2,1005.27075,30,9,4,0,-1.0,-1.8369701987210297e-16,55.0,55.0,47.6,3500.0,2500.0,9775.0,52.14142857142856,54.441,6394.444333333334,6732.3147777777785
2022-10-01,49.0,11000.0,130.45,178.0,1,True,False,False,False,8.5,3.3772051,21.481085,3.6,3.6,1007.7625,3.1346004,20.519419,8.200001,8.200001,1009.5749,3.4450085,21.662333,2.6,2.6,1008.68317,4.0460978,27.381998,1.2,1.2,1003.8374,1,10,5,1,-0.8660254037844386,0.5000000000000001,43.33,48.33,53.33,11000.0,4525.0,22000.0,51.52285714285714,54.13,6027.777666666667,6749.8147777777785
2022-10-02,55.0,5050.0,130.45,178.0,1,True,False,False,False,8.5,4.4122353,22.73525,0.3,0.3,1007.24176,3.448486,21.36525,3.3,3.3,1009.20404,4.271799,22.512331,0.2,0.2,1008.3042,4.3319955,28.475752,0.0,0.0,1003.3584,2,10,6,1,-0.8660254037844386,0.5000000000000001,49.0,55.0,55.0,11000.0,11500.0,14666.67,51.52285714285714,54.056000000000004,5707.222,6555.92588888889
2022-10-03,60.0,5050.0,130.45,178.0,1,True,False,False,False,8.5,4.1566963,22.354002,1.3000001,1.3000001,1008.85004,3.7247314,21.86525,1.9000001,1.9000001,1010.80005,4.425982,22.239418,3.1,3.1,1009.97906,8.2354965,28.088255,2.5,2.5,1005.15826,3,10,0,0,-0.8660254037844386,0.5000000000000001,55.0,43.33,55.0,5050.0,250.0,7333.33,52.23714285714285,54.18566666666666,5631.111000000001,6581.4814444444455
2022-10-04,58.33,5050.0,131.3,178.0,1,True,False,False,False,8.5,2.2682037,20.837336,8.7,8.7,1011.90826,3.598119,19.69025,15.299999,15.299999,1013.79175,2.2536047,20.19775,17.0,17.0,1013.0042,14.567382,25.538252,18.199999,18.199999,1008.81665,4,10,1,0,-0.8660254037844386,0.5000000000000001,60.0,49.0,55.0,5050.0,12000.0,7333.33,52.712857142857146,54.29666666666666,5555.0,6580.370333333334
2022-10-05,42.5,5050.0,130.74,178.0,1,True,False,False,False,8.5,3.0258882,20.276917,37.100002,37.100002,1012.8001,3.815512,19.875668,29.900003,29.900003,1014.75836,2.7366493,20.395668,26.2,26.2,1013.93744,9.922912,26.12992,12.300001,12.300001,1009.47076,5,10,2,0,-0.8660254037844386,0.5000000000000001,58.33,55.0,48.33,5050.0,1750.0,550.0,51.88,53.824333333333335,5705.0,6616.203666666667
2022-10-06,47.5,5050.0,130.74,178.0,1,True,False,False,False,8.5,2.5658472,19.60817,39.199997,39.199997,1013.39996,3.3825543,19.484,31.199999,31.199999,1015.0166,3.1107635,20.229,16.599998,16.599998,1014.1416,9.255887,26.23825,19.199999,19.199999,1009.69574,6,10,3,0,-0.8660254037844386,0.5000000000000001,42.5,60.0,55.0,5050.0,3500.0,1100.0,50.80857142857143,53.46333333333333,5836.666666666667,6386.203666666667
2022-10-07,47.5,5050.0,131.32,178.0,1,True,False,False,False,8.5,3.4162722,20.92692,0.4,0.4,1013.1873,3.2919016,19.781914,4.9999995,4.9999995,1014.875,3.97025,20.54775,0.5,0.5,1014.00836,5.040974,26.473665,0.0,0.0,1009.67914,7,10,4,0,-0.8660254037844386,0.5000000000000001,47.5,58.33,43.33,5050.0,11000.0,1100.0,51.40428571428572,53.269,5968.333333333333,6356.203666666667
2022-10-08,47.5,5050.0,132.02,178.0,1,True,False,False,False,8.5,3.8956063,21.63317,1.0,1.0,1012.4375,4.663906,20.104834,3.1,3.1,1014.075,3.796158,20.745668,0.2,0.2,1013.32495,5.375234,26.367418,1.0,1.0,1009.12506,8,10,5,1,-0.8660254037844386,0.5000000000000001,47.5,42.5,49.0,5050.0,11000.0,4250.0,51.190000000000005,52.93566666666666,5995.0,6375.092555555557
2022-10-09,47.67,5050.0,132.02,178.0,1,True,False,False,False,8.5,4.0045433,21.408173,1.5,1.5,1013.51666,4.957702,20.338165,1.4000001,1.4000001,1015.1374,3.9057922,21.314417,7.5,7.5,1014.32513,5.3042665,26.975754,3.5,3.5,1010.14575,9,10,6,1,-0.8660254037844386,0.5000000000000001,47.5,47.5,55.0,5050.0,5050.0,6400.0,50.142857142857146,52.77466666666667,5950.0,6393.9814444444455
2022-10-10,42.5,1125.0,132.02,178.0,1,True,False,False,False,8.5,3.321153,20.904001,0.6,0.6,1013.8042,4.7628565,19.873583,1.7,1.7,1015.2043,3.33747,21.035252,7.0999994,7.0999994,1014.3001,5.710441,25.72367,6.7999997,6.7999997,1010.6084,10,10,0,0,-0.8660254037844386,0.5000000000000001,47.67,47.5,60.0,5050.0,5050.0,13675.0,47.642857142857146,52.44133333333333,5531.666666666667,6369.259222222223
2022-10-11,41.67,1125.0,132.02,178.0,1,True,False,False,False,8.5,4.4376607,20.335253,0.0,0.0,1011.75415,5.223423,19.57775,0.1,0.1,1013.12915,3.6292276,21.004004,4.8,4.8,1012.2959,6.496773,25.82992,0.0,0.0,1008.8416,11,10,1,0,-0.8660254037844386,0.5000000000000001,42.5,47.5,58.33,1125.0,5050.0,12000.0,45.262857142857136,52.080333333333336,5169.166666666667,6374.351777777778
2022-10-12,65.0,1125.0,132.01,178.0,1,True,False,False,False,8.5,3.5985534,20.139418,0.7,0.7,1011.9333,3.986386,19.15275,2.4,2.4,1013.51245,3.6511185,19.464418,7.2,7.2,1012.925,4.709631,24.959084,0.2,0.2,1009.5042,12,10,2,0,-0.8660254037844386,0.5000000000000001,41.67,47.67,42.5,1125.0,5050.0,1500.0,48.47714285714285,52.46933333333333,5156.666666666667,6372.037000000001
2022-10-13,75.0,10000.0,132.01,178.0,1,True,False,False,False,8.5,3.8943455,19.949835,0.3,0.3,1013.17505,3.4643834,18.350668,2.2,2.2,1014.76685,4.1760864,19.185251,1.7,1.7,1014.05817,4.2786417,25.084085,0.0,0.0,1010.33765,13,10,3,0,-0.8660254037844386,0.5000000000000001,65.0,42.5,47.5,1125.0,5050.0,2375.0,52.40571428571428,53.19166666666667,5410.833333333333,6460.92588888889
2022-10-14,65.0,8900.0,132.06,178.0,1,True,False,False,False,8.5,4.022921,19.32275,0.1,0.1,1013.04584,3.1607094,17.650667,2.0,2.0,1014.50006,3.756695,18.818584,0.0,0.0,1013.7209,5.6765385,24.56742,0.0,0.0,1010.075,14,10,4,0,-0.8660254037844386,0.5000000000000001,75.0,41.67,47.5,10000.0,5050.0,2500.0,54.90571428571428,53.775,5624.166666666667,6539.8147777777785
2022-10-15,70.0,3750.0,132.07,178.0,1,True,False,False,False,8.5,4.3675423,19.508167,0.0,0.0,1012.7458,3.5772095,17.731913,0.4,0.4,1014.1375,4.1587853,18.758167,0.0,0.0,1013.5876,6.4029098,24.002832,0.0,0.0,1010.03754,15,10,5,1,-0.8660254037844386,0.5000000000000001,65.0,65.0,47.5,8900.0,5050.0,4625.0,58.12,54.364000000000004,5595.0,6563.703666666667
2022-10-16,65.0,3750.0,132.07,178.0,1,True,False,False,False,8.5,3.931002,19.222752,0.0,0.0,1014.9749,3.0281746,17.602747,0.0,0.0,1016.3083,3.8866587,18.576916,0.0,0.0,1015.81665,7.3371468,23.327833,0.0,0.0,1012.10834,16,10,6,1,-0.8660254037844386,0.5000000000000001,70.0,75.0,47.67,3750.0,5050.0,500.0,60.59571428571429,54.364000000000004,5703.333333333333,6589.8147777777785
2022-10-17,65.0,3750.0,132.07,178.0,1,True,False,False,False,8.5,4.5116754,19.57275,0.0,0.0,1014.77515,2.7943113,18.240252,0.0,0.0,1016.3958,4.607174,19.04775,0.0,0.0,1015.86676,8.996784,22.715332,0.0,0.0,1012.25006,17,10,0,0,-0.8660254037844386,0.5000000000000001,65.0,65.0,42.5,3750.0,1125.0,5400.0,63.81,54.364000000000004,5648.333333333333,6618.148111111112
2022-10-18,65.0,1275.0,132.07,178.0,1,True,False,False,False,8.5,4.3857946,18.408167,0.0,0.0,1013.8835,6.1482754,17.342333,0.0,0.0,1015.59155,4.360822,18.206083,0.0,0.0,1014.8291,4.8321247,22.354918,0.0,0.0,1011.4749,18,10,1,0,-0.8660254037844386,0.5000000000000001,65.0,70.0,41.67,3750.0,1125.0,5000.0,67.14285714285714,54.364000000000004,5524.166666666667,6621.203666666667
2022-10-19,65.0,625.0,132.08,178.0,1,True,False,False,False,8.5,3.7360432,17.931084,0.0,0.0,1014.14575,3.6900527,16.413166,0.0,0.0,1015.7,2.7922115,17.547752,0.0,0.0,1014.9958,3.9039395,23.186167,0.0,0.0,1011.429,19,10,2,0,-0.8660254037844386,0.5000000000000001,65.0,65.0,65.0,1275.0,1125.0,5000.0,67.14285714285714,54.364000000000004,5378.333333333333,6619.259222222223
2022-10-20,65.0,625.0,133.14,178.0,1,True,False,False,False,8.5,4.085727,17.441504,0.0,0.0,1015.90424,3.364233,16.383999,0.7,0.7,1017.3542,3.1070757,17.895666,0.0,0.0,1016.71674,5.3325915,23.100752,0.0,0.0,1013.0874,20,10,3,0,-0.8660254037844386,0.5000000000000001,65.0,65.0,75.0,625.0,10000.0,5000.0,65.71428571428571,54.94733333333333,5232.5,6619.537000000001
2022-10-21,65.0,2525.0,132.72,178.0,1,True,False,False,False,8.5,4.230659,17.93525,0.0,0.0,1017.3333,3.2279994,17.317333,0.0,0.0,1018.9583,4.042984,18.120668,0.0,0.0,1018.35004,4.909915,22.63617,0.0,0.0,1014.45416,21,10,4,0,-0.8660254037844386,0.5000000000000001,65.0,65.0,65.0,625.0,8900.0,11250.0,65.71428571428571,55.50300000000001,4941.666666666667,6643.148111111112
2022-10-22,65.0,2525.0,132.59,178.0,1,True,False,False,False,8.5,3.9852798,18.222754,0.0,0.0,1018.20416,4.000261,17.192333,0.0,0.0,1019.86255,3.6285746,18.381083,0.0,0.0,1019.2209,6.7069297,22.798668,0.0,0.0,1014.8833,22,10,5,1,-0.8660254037844386,0.5000000000000001,65.0,65.0,70.0,2525.0,3750.0,11250.0,65.0,56.058666666666674,4650.833333333333,6668.9814444444455
2022-10-23,65.0,5550.0,132.59,178.0,1,True,False,False,False,8.5,3.8278148,18.968582,0.0,0.0,1016.35834,3.529556,17.8715,0.0,0.0,1018.16675,5.5824604,19.224834,0.0,0.0,1017.54156,7.9591565,23.31117,0.0,0.0,1011.8,23,10,6,1,-0.8660254037844386,0.5000000000000001,65.0,65.0,65.0,2525.0,3750.0,2500.0,65.0,56.63866666666666,4752.5,6728.42588888889
2022-10-24,65.0,5550.0,132.59,178.0,1,True,False,False,False,8.5,4.527374,19.031084,0.0,0.0,1010.6668,5.8043704,18.384,0.0,0.0,1012.1707,4.9732137,18.397753,0.9,0.9,1011.8208,8.316021,24.36325,0.0,0.0,1007.87067,24,10,0,0,-0.8660254037844386,0.5000000000000001,65.0,65.0,65.0,5550.0,3750.0,4525.0,65.0,57.02766666666666,4786.666666666667,6731.759222222223
2022-10-25,75.0,5550.0,132.59,178.0,1,True,False,False,False,8.5,4.337847,18.287333,0.6,0.6,1009.83765,5.2746797,17.004835,0.3,0.3,1010.93335,5.3500767,17.485252,0.0,0.0,1010.5667,5.594768,23.382002,0.0,0.0,1007.5501,25,10,1,0,-0.8660254037844386,0.5000000000000001,65.0,65.0,65.0,5550.0,1275.0,11500.0,66.42857142857143,57.69433333333333,4588.333333333333,6735.092555555557
2022-10-26,75.0,5550.0,132.67,178.0,1,True,False,False,False,8.5,4.0864797,17.82692,2.4,2.4,1014.72925,3.3653014,16.173584,0.1,0.1,1015.87085,3.860283,17.260248,0.0,0.0,1015.47076,6.101995,22.719498,0.0,0.0,1012.2917,26,10,2,0,-0.8660254037844386,0.5000000000000001,75.0,65.0,65.0,5550.0,625.0,250.0,67.85714285714286,58.361,4765.0,6780.886222222222
2022-10-27,80.0,5550.0,132.67,178.0,1,True,False,False,False,8.5,4.6460266,17.503998,0.3,0.3,1015.2168,3.5069468,16.279835,2.2,2.2,1016.58746,3.5856047,16.9915,0.1,0.1,1015.95844,4.686158,22.054916,0.0,0.0,1012.71246,27,10,3,0,-0.8660254037844386,0.5000000000000001,75.0,65.0,65.0,5550.0,625.0,12000.0,70.0,59.19433333333333,4550.0,6810.806888888889
2022-10-28,85.0,5550.0,132.29,178.0,1,True,False,False,False,8.5,3.6300716,17.460249,0.0,0.0,1015.04987,2.9516983,15.704833,0.70000005,0.70000005,1016.41675,2.6432984,17.29775,0.0,0.0,1015.7668,4.5159154,22.163252,0.0,0.0,1012.56683,28,10,4,0,-0.8660254037844386,0.5000000000000001,80.0,75.0,65.0,5550.0,2525.0,1750.0,72.85714285714286,60.416666666666664,4676.666666666667,6824.854555555556
2022-10-29,75.0,6750.0,132.26,178.0,1,True,False,False,False,8.5,4.038745,17.806084,0.0,0.0,1015.375,3.4536743,16.440248,1.0,1.0,1016.929,3.1498296,18.34775,0.0,0.0,1016.23334,4.616039,21.986166,0.0,0.0,1012.6416,29,10,5,1,-0.8660254037844386,0.5000000000000001,85.0,75.0,65.0,5550.0,2525.0,3500.0,74.28571428571429,61.083333333333336,4785.0,6836.362444444444
2022-10-30,95.0,6750.0,132.26,178.0,1,True,False,False,False,8.5,4.007931,17.583168,0.0,0.0,1015.52515,4.6396174,17.4965,0.0,0.0,1016.9167,4.255358,18.385252,0.0,0.0,1016.44165,4.3322444,21.72367,0.0,0.0,1012.7166,30,10,6,1,-0.8660254037844386,0.5000000000000001,75.0,80.0,65.0,6750.0,5550.0,11000.0,78.57142857142857,62.80566666666667,4643.333333333333,6831.997333333334
2022-10-31,95.0,3000.0,132.26,178.0,1,True,False,False,False,8.5,3.9676676,17.945667,0.0,0.0,1015.59174,4.064186,17.417334,0.0,0.0,1016.98755,3.469451,18.38942,0.0,0.0,1016.49164,3.961008,21.934084,0.0,0.0,1012.68756,31,10,0,0,-0.8660254037844386,0.5000000000000001,95.0,85.0,65.0,6750.0,5550.0,11000.0,82.85714285714286,64.339,4376.666666666667,6770.092555555557
2022-11-01,95.0,4200.0,132.76,178.0,1,True,False,False,False,8.08,4.4861083,17.783167,0.0,0.0,1016.1667,4.094307,16.811083,0.0,0.0,1017.56665,2.9788332,17.885252,0.0,0.0,1017.0957,4.9797826,22.081999,0.0,0.0,1013.3542,1,11,1,0,-0.5000000000000004,0.8660254037844384,95.0,75.0,75.0,3000.0,5550.0,5050.0,85.71428571428571,65.67233333333334,4348.333333333333,6705.648111111112
2022-11-02,76.67,13600.0,132.62,178.0,1,True,False,False,False,8.08,4.237741,17.114418,0.0,0.0,1013.9666,4.2570877,16.613167,0.0,0.0,1015.30835,4.3759103,17.151918,0.0,0.0,1015.05005,5.924774,21.304918,0.0,0.0,1011.42914,2,11,2,0,-0.5000000000000004,0.8660254037844384,95.0,95.0,75.0,4200.0,5550.0,5050.0,85.95285714285714,66.228,4633.333333333333,6745.648111111112
2022-11-03,76.67,2000.0,132.76,178.0,1,True,False,False,False,8.08,3.8634405,16.514418,0.0,0.0,1013.8125,3.5245621,16.54025,0.0,0.0,1014.9624,3.9585836,16.458168,0.0,0.0,1014.64996,4.3274837,21.659082,0.0,0.0,1011.30426,3,11,3,0,-0.5000000000000004,0.8660254037844384,76.67,95.0,80.0,13600.0,5550.0,5050.0,85.47714285714287,66.83933333333333,4531.666666666667,6712.3147777777785
2022-11-04,76.67,2000.0,132.92,178.0,1,True,False,False,False,8.08,3.729307,17.199835,0.0,0.0,1015.99994,3.2016652,16.609,0.0,0.0,1017.33344,4.048939,17.222752,0.0,0.0,1016.93335,5.5516915,22.554916,0.0,0.0,1013.1709,4,11,4,0,-0.5000000000000004,0.8660254037844384,76.67,95.0,85.0,2000.0,5550.0,5050.0,84.28714285714285,67.97833333333334,4430.0,6726.203666666667
2022-11-05,65.0,10000.0,132.21,178.0,1,True,False,False,False,8.08,4.160682,17.899834,0.0,0.0,1017.72925,3.223528,17.527748,0.2,0.2,1019.11664,4.506458,17.845667,0.1,0.1,1018.69147,4.5165105,22.179916,0.0,0.0,1015.00006,5,11,5,1,-0.5000000000000004,0.8660254037844384,76.67,76.67,75.0,2000.0,6750.0,5050.0,82.85857142857142,68.56166666666667,4595.0,6828.9814444444455
2022-11-06,75.0,3750.0,132.21,178.0,1,True,False,False,False,8.08,4.4060025,17.083168,0.0,0.0,1017.74164,3.7843688,16.298582,1.7,1.7,1019.1291,3.4257576,17.579002,0.1,0.1,1018.51245,5.0874634,22.117416,0.0,0.0,1014.94586,6,11,6,1,-0.5000000000000004,0.8660254037844384,65.0,76.67,95.0,10000.0,6750.0,5050.0,80.00142857142858,69.47833333333332,4551.666666666667,6744.537000000001
2022-11-07,76.67,2500.0,132.21,178.0,1,True,False,False,False,8.08,4.6566668,17.331085,0.0,0.0,1016.94995,4.0670342,16.244415,0.0,0.0,1018.25836,4.0272098,16.806082,0.0,0.0,1017.89166,4.948073,21.915335,0.0,0.0,1014.42914,7,11,0,0,-0.5000000000000004,0.8660254037844384,75.0,76.67,95.0,3750.0,3000.0,5050.0,77.38285714285715,70.45066666666666,4466.666666666667,6705.648111111112
2022-11-08,65.0,7350.0,131.38,178.0,1,True,False,False,False,8.08,4.026573,17.091503,0.0,0.0,1017.02075,3.1698382,16.51525,0.0,0.0,1018.30414,3.9476554,16.793587,0.0,0.0,1017.91675,5.0121417,21.66117,0.0,0.0,1014.60834,8,11,1,0,-0.5000000000000004,0.8660254037844384,76.67,65.0,95.0,2500.0,4200.0,5050.0,73.09714285714286,71.02833333333334,4543.333333333333,6720.648111111112
2022-11-09,60.0,7350.0,131.38,178.0,1,True,False,False,False,8.08,3.8941395,16.464415,0.1,0.1,1017.13745,3.0192907,15.82983,3.1999998,3.1999998,1018.446,3.8127291,16.599833,0.3,0.3,1017.9417,6.123673,21.607004,0.0,0.0,1014.57086,9,11,2,0,-0.5000000000000004,0.8660254037844384,65.0,75.0,76.67,7350.0,13600.0,1125.0,70.71571428571428,71.61166666666666,4750.833333333333,6599.537000000001
2022-11-10,60.0,16750.0,130.6,178.0,1,True,False,False,False,8.08,3.7103796,16.48317,0.3,0.3,1017.0959,2.8142254,15.373584,0.8000001,0.8000001,1018.3376,3.4703732,16.36442,0.0,0.0,1017.80835,5.5427537,21.432001,0.0,0.0,1014.6458,10,11,3,0,-0.5000000000000004,0.8660254037844384,60.0,76.67,76.67,7350.0,2000.0,1125.0,68.33428571428571,72.22266666666665,5271.666666666667,6582.870333333334
2022-11-11,55.0,5000.0,131.2,178.0,1,True,False,False,False,8.08,4.0235,15.922751,0.1,0.1,1016.529,3.6657994,14.442332,0.4,0.4,1017.70844,3.6331527,15.74775,0.5,0.5,1017.2834,5.711842,21.215336,0.8,0.8,1014.07916,11,11,4,0,-0.5000000000000004,0.8660254037844384,60.0,65.0,76.67,16750.0,2000.0,1125.0,65.23857142857143,71.88933333333333,5400.833333333333,6435.648111111112
2022-11-12,55.0,5000.0,129.58,178.0,1,True,False,False,False,8.08,4.6356616,15.793584,0.0,0.0,1015.425,4.4172044,14.167335,0.0,0.0,1016.53326,4.4575496,15.145667,0.0,0.0,1016.2583,5.645287,20.204918,0.0,0.0,1013.6082,12,11,5,1,-0.5000000000000004,0.8660254037844384,55.0,60.0,65.0,5000.0,10000.0,10000.0,63.81,71.22266666666665,5234.166666666667,6389.537000000001
2022-11-13,55.0,4000.0,129.58,178.0,1,True,False,False,False,8.08,5.066072,15.278999,0.0,0.0,1015.2041,3.1181395,13.306918,0.0,0.0,1016.2876,3.3455331,14.087333,0.0,0.0,1016.21246,5.472912,19.613249,0.0,0.0,1013.77905,13,11,6,1,-0.5000000000000004,0.8660254037844384,55.0,60.0,75.0,5000.0,3750.0,8900.0,60.95285714285715,70.88933333333333,5070.833333333333,6279.8147777777785
2022-11-14,55.0,2600.0,129.58,178.0,1,True,False,False,False,8.08,3.6002858,15.591499,0.0,0.0,1016.44165,3.7665777,13.529832,0.0,0.0,1017.35425,3.0891235,14.8185835,0.0,0.0,1017.1834,5.087057,19.53825,0.0,0.0,1014.60004,14,11,0,0,-0.5000000000000004,0.8660254037844384,55.0,55.0,76.67,4000.0,2500.0,3750.0,57.857142857142854,70.38933333333333,5032.5,6154.537000000001
2022-11-15,55.0,500.0,130.32,178.0,1,True,False,False,False,8.08,3.834833,15.706085,0.0,0.0,1015.31665,3.6198056,14.613168,0.0,0.0,1016.3875,3.7038147,15.187333,0.0,0.0,1016.05835,5.4468627,19.440332,0.0,0.0,1013.4084,15,11,1,0,-0.5000000000000004,0.8660254037844384,55.0,55.0,65.0,2600.0,7350.0,3750.0,56.42857142857143,70.056,4924.166666666667,6070.648111111112
2022-11-16,55.0,4800.0,130.06,178.0,0,True,False,False,False,8.08,3.9128892,15.499835,0.0,0.0,1013.66254,3.8477771,14.156918,0.2,0.2,1014.78735,3.1427763,15.354,0.2,0.2,1014.49164,5.424822,19.709082,0.0,0.0,1011.89984,16,11,2,0,-0.5000000000000004,0.8660254037844384,55.0,55.0,60.0,500.0,7350.0,3750.0,55.714285714285715,69.72266666666665,4959.166666666667,5937.870333333334
2022-11-17,55.0,4800.0,130.38,178.0,0,True,False,False,False,8.08,4.1125674,14.999836,0.4,0.4,1013.55835,3.3447545,13.494416,0.0,0.0,1014.6292,3.7088232,14.168584,0.0,0.0,1014.4167,5.38769,19.423668,0.0,0.0,1011.91254,17,11,3,0,-0.5000000000000004,0.8660254037844384,55.0,55.0,60.0,4800.0,16750.0,1275.0,55.0,69.38933333333333,5076.666666666667,5805.092555555555
2022-11-18,55.0,1750.0,130.95,178.0,0,True,False,False,False,8.08,4.025885,14.551917,0.0,0.0,1016.1167,3.9349232,13.784,0.0,0.0,1017.29156,3.2128232,14.570667,0.0,0.0,1016.81665,5.0531077,18.819502,0.0,0.0,1014.63336,18,11,4,0,-0.5000000000000004,0.8660254037844384,55.0,55.0,55.0,4800.0,5000.0,625.0,55.0,69.056,5114.166666666667,5638.425888888888
2022-11-19,55.0,1750.0,131.0,178.0,0,True,False,False,False,8.08,4.234344,16.014418,0.0,0.0,1016.10834,3.1618764,14.9215,0.0,0.0,1017.2959,4.346257,15.726918,0.0,0.0,1016.99176,6.470984,18.507002,0.0,0.0,1014.14996,19,11,5,1,-0.5000000000000004,0.8660254037844384,55.0,55.0,55.0,1750.0,5000.0,625.0,55.0,68.72266666666665,5151.666666666667,5605.092555555555
2022-11-20,55.0,1750.0,131.0,178.0,0,True,False,False,False,8.08,4.120305,16.181086,0.0,0.0,1014.4209,3.574373,15.354835,0.0,0.0,1015.53754,4.1718955,16.1165,0.0,0.0,1015.2292,5.346455,18.4945,0.0,0.0,1012.5208,20,11,6,1,-0.5000000000000004,0.8660254037844384,55.0,55.0,55.0,1750.0,4000.0,2525.0,55.0,68.38933333333333,5125.833333333333,5571.759222222222
2022-11-21,55.0,1750.0,131.0,178.0,0,True,False,False,False,8.08,3.982344,15.572751,0.0,0.0,1012.9958,5.0520473,14.448583,0.0,0.0,1013.9167,5.0636106,15.679,0.0,0.0,1013.7874,6.3128395,18.309084,0.0,0.0,1011.4499,21,11,0,0,-0.5000000000000004,0.8660254037844384,55.0,55.0,55.0,1750.0,2600.0,2525.0,55.0,68.056,5100.0,5555.092555555555
2022-11-22,55.0,6000.0,131.25,178.0,0,True,False,False,False,8.08,3.6347897,15.576917,0.0,0.0,1013.25836,4.1501737,14.3569145,0.0,0.0,1013.87915,3.3447754,15.179001,0.0,0.0,1013.8835,5.2198977,18.08825,0.0,0.0,1011.925,22,11,1,0,-0.5000000000000004,0.8660254037844384,55.0,55.0,55.0,1750.0,500.0,5550.0,55.0,67.72266666666665,5115.0,5459.259222222222
2022-11-23,55.0,2000.0,130.97,178.0,0,True,False,False,False,8.08,4.2634377,15.162335,0.0,0.0,1013.5666,3.591879,14.36525,0.0,0.0,1014.2124,4.325603,14.437335,0.0,0.0,1014.29584,4.954694,18.111166,0.0,0.0,1012.2959,23,11,2,0,-0.5000000000000004,0.8660254037844384,55.0,55.0,55.0,6000.0,4800.0,5550.0,55.0,67.38933333333333,4996.666666666667,5206.203666666666
2022-11-24,55.0,5000.0,131.26,178.0,0,True,False,False,False,8.08,3.9758503,14.731084,0.0,0.0,1014.7,3.5227916,13.792333,0.0,0.0,1015.7249,3.175107,14.981084,0.0,0.0,1015.5041,5.437798,18.009085,0.0,0.0,1013.00415,24,11,3,0,-0.5000000000000004,0.8660254037844384,55.0,55.0,55.0,2000.0,4800.0,5550.0,55.0,66.72266666666665,4978.333333333333,5249.814777777778
2022-11-25,55.0,5000.0,130.92,178.0,0,True,False,False,False,8.08,3.9924405,15.943584,0.0,0.0,1015.97095,4.086512,15.56525,0.0,0.0,1017.09576,4.160993,16.595667,0.0,0.0,1016.7417,6.706843,18.619501,0.0,0.0,1013.48334,25,11,4,0,-0.5000000000000004,0.8660254037844384,55.0,55.0,55.0,5000.0,1750.0,5550.0,55.0,66.056,4960.0,5260.925888888888
2022-11-26,45.0,750.0,131.0,178.0,0,True,False,False,False,8.08,4.052113,16.299835,0.0,0.0,1013.1792,4.218539,16.204832,0.0,0.0,1014.2666,4.6173263,16.224836,0.0,0.0,1014.16675,4.014875,19.1695,0.0,0.0,1011.5876,26,11,5,1,-0.5000000000000004,0.8660254037844384,55.0,55.0,55.0,5000.0,1750.0,5550.0,53.57142857142857,64.88933333333333,4800.0,5224.814777777778
2022-11-27,55.0,4000.0,131.0,178.0,0,True,False,False,False,8.08,4.512878,15.549835,0.0,0.0,1011.75415,3.7969573,14.777752,0.0,0.0,1012.8708,4.1681705,14.851918,0.0,0.0,1012.69165,4.895694,19.396582,0.0,0.0,1010.04584,27,11,6,1,-0.5000000000000004,0.8660254037844384,45.0,55.0,55.0,750.0,1750.0,5550.0,53.57142857142857,63.889333333333326,4748.333333333333,5224.814777777778
2022-11-28,45.0,1075.0,131.0,178.0,0,True,False,False,False,8.08,4.5216537,15.156085,0.0,0.0,1013.6375,3.2285128,13.592334,0.0,0.0,1014.6291,3.530533,14.681084,0.0,0.0,1014.49164,4.5204186,19.186167,0.0,0.0,1011.68744,28,11,0,0,-0.5000000000000004,0.8660254037844384,55.0,55.0,55.0,4000.0,1750.0,6750.0,52.142857142857146,62.889333333333326,4559.166666666667,5232.592555555555
2022-11-29,45.0,1075.0,130.98,178.0,0,True,False,False,False,8.08,4.8106303,15.24775,0.0,0.0,1015.4834,3.047786,13.933998,0.0,0.0,1016.4875,3.7681768,15.072751,0.0,0.0,1016.3916,5.3087826,19.427834,0.0,0.0,1013.18317,29,11,1,0,-0.5000000000000004,0.8660254037844384,45.0,45.0,55.0,1075.0,6000.0,6750.0,50.714285714285715,61.22266666666666,4370.0,5135.925888888888
2022-11-30,46.0,3750.0,131.06,178.0,0,True,False,False,False,8.08,4.621166,15.154003,0.0,0.0,1016.30005,3.3454914,14.152748,0.0,0.0,1017.29156,3.8595753,15.185249,0.0,0.0,1017.08746,6.2900357,18.790333,0.0,0.0,1014.0542,30,11,2,0,-0.5000000000000004,0.8660254037844384,45.0,55.0,55.0,1075.0,2000.0,3000.0,49.42857142857143,59.58933333333333,4395.0,4933.148111111111
2022-12-01,55.0,18550.0,130.58,178.0,0,False,False,False,True,7.38,4.4316754,14.606082,0.0,0.0,1015.1082,3.221308,14.154835,0.0,0.0,1016.02484,4.0881934,14.783166,0.0,0.0,1015.88745,6.611813,17.148668,0.0,0.0,1013.62494,1,12,3,0,-2.4492935982947064e-16,1.0,46.0,45.0,55.0,3750.0,5000.0,4200.0,49.42857142857143,58.25599999999999,4873.333333333333,4976.296222222222
2022-12-02,45.0,18550.0,130.25,178.0,0,False,False,False,True,7.38,4.163154,14.689415,0.0,0.0,1014.63336,3.3691595,14.138167,0.0,0.0,1015.4998,3.4163172,14.804,0.0,0.0,1015.3042,6.251143,16.813253,0.0,0.0,1013.37085,2,12,4,0,-2.4492935982947064e-16,1.0,55.0,45.0,55.0,18550.0,5000.0,13600.0,48.0,57.20033333333333,5038.333333333333,5100.925888888888
2022-12-03,65.0,2750.0,130.42,178.0,0,False,False,False,True,7.38,4.0253487,14.68525,0.0,0.0,1014.8457,3.1084864,14.109,0.0,0.0,1015.75,3.4196355,14.956082,0.0,0.0,1015.46674,5.533777,17.0445,0.0,0.0,1013.3208,3,12,5,1,-2.4492935982947064e-16,1.0,45.0,46.0,45.0,18550.0,750.0,2000.0,50.857142857142854,56.81133333333333,5063.333333333333,5050.0
2022-12-04,65.0,7025.0,130.42,178.0,0,False,False,False,True,7.38,4.165365,15.020667,0.0,0.0,1015.1499,4.053796,13.967334,0.0,0.0,1016.04584,4.5462785,14.416501,0.0,0.0,1015.96674,5.047527,17.69242,0.0,0.0,1013.72076,4,12,6,1,-2.4492935982947064e-16,1.0,65.0,55.0,55.0,2750.0,4000.0,2000.0,52.285714285714285,56.42233333333333,5230.833333333333,5121.944444444444
2022-12-05,45.0,14250.0,130.42,178.0,0,False,False,False,True,7.38,4.2019486,14.426918,0.0,0.0,1016.56244,4.128871,13.111084,0.0,0.0,1017.47504,3.0791109,14.399833,0.0,0.0,1017.21655,7.4503646,17.546583,0.0,0.0,1014.78326,5,12,0,0,-2.4492935982947064e-16,1.0,65.0,45.0,45.0,7025.0,1075.0,10000.0,52.285714285714285,55.75566666666666,5372.5,5268.055555555556
2022-12-06,55.0,14250.0,131.17,178.0,0,False,False,False,True,7.38,4.0785394,13.93525,0.0,0.0,1014.4209,3.3299992,13.213165,0.0,0.0,1015.25,3.8336647,14.212335,0.0,0.0,1015.2083,8.294123,16.7195,0.0,0.0,1013.4124,6,12,1,0,-2.4492935982947064e-16,1.0,45.0,65.0,45.0,14250.0,1075.0,3750.0,53.714285714285715,55.08899999999999,5722.5,5414.166666666667
2022-12-07,45.0,12100.0,132.49,178.0,0,False,False,False,True,7.38,4.3928437,13.649835,0.0,0.0,1013.93335,2.3481765,13.011083,0.0,0.0,1014.79175,3.8393135,13.789417,0.0,0.0,1014.7876,5.9059925,16.290335,0.0,0.0,1013.1458,7,12,2,0,-2.4492935982947064e-16,1.0,55.0,65.0,46.0,14250.0,3750.0,2500.0,53.57142857142857,54.03333333333333,6042.5,5501.388888888889
2022-12-08,45.0,11125.0,132.26,178.0,0,False,False,False,True,7.38,3.9989986,13.824832,0.0,0.0,1015.2917,3.305403,12.900665,0.0,0.0,1016.17505,3.4492378,14.274834,0.0,0.0,1016.02094,5.478622,16.465334,0.0,0.0,1013.84576,8,12,3,0,-2.4492935982947064e-16,1.0,45.0,45.0,55.0,12100.0,18550.0,7350.0,52.142857142857146,53.36666666666667,6168.333333333333,5553.888888888889
2022-12-09,55.0,11125.0,132.18,178.0,0,False,False,False,True,7.38,4.0835776,13.837334,0.0,0.0,1014.85406,3.1689682,12.911083,0.0,0.0,1015.72095,3.682745,14.208169,0.0,0.0,1015.5916,5.0172005,16.952837,0.0,0.0,1013.1292,9,12,4,0,-2.4492935982947064e-16,1.0,45.0,55.0,45.0,11125.0,18550.0,7350.0,53.57142857142857,53.2,6294.166666666667,5525.555555555556
2022-12-10,55.0,11125.0,131.94,178.0,0,False,False,False,True,7.38,3.4738429,14.435249,0.0,0.0,1014.7124,3.8902247,12.740249,0.0,0.0,1015.4375,3.433177,14.6831665,0.0,0.0,1015.23334,5.8929677,17.515335,0.0,0.0,1013.1541,10,12,5,1,-2.4492935982947064e-16,1.0,55.0,45.0,65.0,11125.0,2750.0,16750.0,52.142857142857146,53.03333333333333,6106.666666666667,5515.833333333333
2022-12-11,55.0,15750.0,131.94,178.0,0,False,False,False,True,7.38,3.7549956,14.629001,0.0,0.0,1014.02496,3.910346,13.709,0.0,0.0,1014.4167,4.6571813,14.595668,0.0,0.0,1014.45416,6.4170203,16.150751,0.0,0.0,1013.22504,11,12,6,1,-2.4492935982947064e-16,1.0,55.0,45.0,65.0,11125.0,7025.0,5000.0,50.714285714285715,53.03333333333333,6465.0,5674.166666666667
2022-12-12,45.0,2300.0,131.94,178.0,0,False,False,False,True,7.38,3.6003468,15.056085,0.0,0.0,1013.38763,3.8986778,13.896501,0.0,0.0,1013.72906,5.01665,13.593585,0.0,0.0,1014.00824,5.522736,17.282,0.0,0.0,1012.5124,12,12,0,0,-2.4492935982947064e-16,1.0,55.0,55.0,45.0,15750.0,14250.0,5000.0,50.714285714285715,52.7,6375.0,5673.333333333333
2022-12-13,45.0,3000.0,132.36,178.0,0,False,False,False,True,7.38,3.829563,13.964417,0.0,0.0,1013.925,3.8202496,12.511083,0.0,0.0,1014.0667,4.1043577,14.106084,0.0,0.0,1014.2874,6.2452354,17.619501,0.0,0.0,1012.67084,13,12,1,0,-2.4492935982947064e-16,1.0,45.0,55.0,55.0,2300.0,14250.0,4000.0,49.285714285714285,52.36666666666667,6341.666666666667,5678.888888888889
2022-12-14,55.0,3000.0,132.8,178.0,0,False,False,False,True,7.38,4.411773,13.418583,0.0,0.0,1014.4333,3.7079182,11.82775,0.0,0.0,1014.9001,4.5464005,12.3289995,0.0,0.0,1015.24585,6.3146815,17.571585,0.0,0.0,1013.47504,14,12,2,0,-2.4492935982947064e-16,1.0,45.0,55.0,45.0,3000.0,12100.0,2600.0,50.714285714285715,52.36666666666667,6355.0,5660.833333333333
2022-12-15,55.0,23450.0,132.24,178.0,0,False,False,False,True,7.38,4.762155,12.512334,0.0,0.0,1013.7664,3.4861243,12.227749,0.0,0.0,1014.2166,4.2042947,12.8289995,0.0,0.0,1014.4001,5.307947,16.490335,0.0,0.0,1012.47906,15,12,3,0,-2.4492935982947064e-16,1.0,55.0,45.0,45.0,3000.0,11125.0,500.0,52.142857142857146,52.36666666666667,7120.0,5915.833333333333
2022-12-16,55.0,6475.0,132.72,175.0,0,False,False,False,True,7.38,3.7233775,12.737334,0.0,0.0,1013.45825,3.8664067,13.040253,0.0,0.0,1014.0959,4.7657247,13.560252,0.1,0.1,1013.95416,5.178611,16.484083,0.0,0.0,1012.5125,16,12,4,0,-2.4492935982947064e-16,1.0,55.0,45.0,55.0,23450.0,11125.0,4800.0,52.142857142857146,52.36666666666667,7175.833333333333,5927.777777777777
2022-12-17,45.0,6475.0,132.9,175.0,0,False,False,False,True,7.38,3.939026,13.629001,0.0,0.0,1015.45,3.1815088,12.136085,1.9000001,1.9000001,1016.4124,3.849058,13.908168,0.0,0.0,1015.9583,4.0720916,17.379917,0.0,0.0,1014.01654,17,12,5,1,-2.4492935982947064e-16,1.0,55.0,55.0,55.0,6475.0,11125.0,4800.0,50.714285714285715,52.03333333333333,7231.666666666667,5944.166666666667
2022-12-18,45.0,6475.0,132.9,175.0,0,False,False,False,True,7.38,4.279839,14.018584,0.0,0.0,1015.7166,3.2734635,13.363167,0.2,0.2,1016.7332,4.3288035,14.837337,0.0,0.0,1016.23334,4.91944,17.507,0.0,0.0,1013.9041,18,12,6,1,-2.4492935982947064e-16,1.0,45.0,55.0,55.0,6475.0,15750.0,1750.0,49.285714285714285,51.7,7389.166666666667,5960.555555555556
2022-12-19,35.0,6475.0,132.9,175.0,0,False,False,False,True,7.38,4.925262,14.183169,0.0,0.0,1013.8499,3.4556417,13.158999,0.0,0.0,1014.88354,4.7851224,14.429001,0.0,0.0,1014.61255,4.9900484,17.321583,0.0,0.0,1012.38324,19,12,0,0,-2.4492935982947064e-16,1.0,45.0,55.0,45.0,6475.0,2300.0,1750.0,47.857142857142854,51.03333333333333,7546.666666666667,5976.944444444444
2022-12-20,36.67,10500.0,132.64,175.0,0,False,False,False,True,7.38,4.340467,13.258167,0.0,0.0,1013.05414,3.7631721,12.334001,0.0,0.0,1013.85004,4.349446,13.195667,0.0,0.0,1013.7751,5.4107223,17.200752,0.0,0.0,1011.9751,20,12,1,0,-2.4492935982947064e-16,1.0,35.0,45.0,45.0,6475.0,3000.0,1750.0,46.667142857142856,50.422333333333334,7838.333333333333,5968.611111111111
2022-12-21,35.0,10500.0,132.72,175.0,0,False,False,False,True,7.38,4.110435,13.204001,0.0,0.0,1014.1582,3.041958,11.22775,0.0,0.0,1014.7874,4.1697345,12.806085,0.0,0.0,1014.75415,6.472896,16.765333,0.0,0.0,1012.87494,21,12,2,0,-2.4492935982947064e-16,1.0,36.67,45.0,55.0,10500.0,3000.0,1750.0,43.81,49.75566666666667,8130.0,5960.277777777777
2022-12-22,35.0,10500.0,132.8,175.0,0,False,False,False,True,7.38,3.8507736,13.151919,0.0,0.0,1012.825,3.8827817,11.319417,0.0,0.0,1013.325,4.3908353,12.906083,0.0,0.0,1013.4541,6.364956,15.352836,0.0,0.0,1012.28754,22,12,3,0,-2.4492935982947064e-16,1.0,35.0,35.0,55.0,10500.0,23450.0,6000.0,40.95285714285715,49.089000000000006,8280.0,6049.166666666667
2022-12-23,34.0,10500.0,132.73,175.0,0,False,False,False,True,7.38,3.93705,12.468583,0.0,0.0,1013.64154,3.3052561,11.217334,0.0,0.0,1014.0749,4.401962,11.914416,0.0,0.0,1014.34174,4.729062,14.609084,0.0,0.0,1012.9583,23,12,4,0,-2.4492935982947064e-16,1.0,35.0,36.67,55.0,10500.0,6475.0,2000.0,37.95285714285715,48.389,8563.333333333334,6115.555555555556
2022-12-24,35.0,2000.0,132.88,175.0,0,False,False,False,True,7.38,4.0056915,12.651919,0.0,0.0,1014.4209,3.2544978,11.371501,0.0,0.0,1015.38763,3.2299368,12.008166,0.0,0.0,1015.1875,6.537606,14.298668,0.0,0.0,1013.33746,24,12,5,1,-2.4492935982947064e-16,1.0,34.0,35.0,45.0,10500.0,6475.0,5000.0,36.52428571428572,47.72233333333334,8463.333333333334,6010.0
2022-12-25,35.0,1350.0,132.88,175.0,0,False,False,False,True,7.38,4.454224,11.910248,0.0,0.0,1014.8166,4.5397234,11.261085,0.0,0.0,1015.56665,5.423447,12.968583,0.0,0.0,1015.58746,5.7532134,14.954918,0.0,0.0,1013.8125,25,12,6,1,-2.4492935982947064e-16,1.0,35.0,35.0,45.0,2000.0,6475.0,5000.0,35.09571428571429,47.05566666666667,8341.666666666666,6022.222222222223
2022-12-26,36.67,4000.0,132.88,175.0,0,False,False,False,True,7.38,4.221151,11.749833,0.0,0.0,1016.7959,3.55416,11.286083,0.0,0.0,1017.42084,3.6607893,12.208165,0.0,0.0,1017.26666,7.666586,15.111167,0.0,0.0,1015.64166,26,12,0,0,-2.4492935982947064e-16,1.0,35.0,34.0,35.0,1350.0,6475.0,750.0,35.33428571428571,46.778000000000006,8450.0,5933.333333333333
2022-12-27,50.0,15500.0,132.55,175.0,0,False,False,False,True,7.38,3.4250526,10.670666,0.0,0.0,1014.47076,5.7528024,9.569417,0.0,0.0,1014.64166,5.086456,11.789418,0.0,0.0,1014.65826,9.367906,13.825749,0.0,0.0,1014.3042,27,12,1,0,-2.4492935982947064e-16,1.0,36.67,35.0,36.67,4000.0,10500.0,4000.0,37.23857142857143,46.61133333333334,8833.333333333334,6086.111111111111
2022-12-28,55.0,10500.0,132.86,175.0,0,False,False,False,True,7.38,3.7334988,10.154,0.0,0.0,1015.3084,2.7894087,10.317334,0.0,0.0,1015.49585,6.458313,9.501918,0.0,0.0,1016.2585,4.923305,13.0424185,0.0,0.0,1016.5249,28,12,2,0,-2.4492935982947064e-16,1.0,50.0,35.0,35.0,15500.0,10500.0,1075.0,40.09571428571429,46.94466666666667,9147.5,6163.888888888889
2022-12-29,45.0,10500.0,132.88,175.0,0,False,False,False,True,7.38,3.4675477,9.666499,0.0,0.0,1018.896,3.7056196,9.692332,0.0,0.0,1018.7126,4.5195827,8.989416,0.0,0.0,1019.0459,5.6335797,13.336166,0.0,0.0,1018.5417,29,12,3,0,-2.4492935982947064e-16,1.0,55.0,36.67,35.0,10500.0,10500.0,1075.0,41.52428571428572,46.94466666666667,9461.666666666666,6158.333333333333
2022-12-30,45.0,250.0,132.78,175.0,0,False,False,False,True,7.38,3.5506952,10.137333,0.0,0.0,1019.9583,2.8347752,9.554832,0.1,0.1,1020.24994,3.116511,11.539417,0.0,0.0,1019.77924,4.8210797,14.377833,0.0,0.0,1018.7708,30,12,4,0,-2.4492935982947064e-16,1.0,45.0,50.0,34.0,10500.0,10500.0,3750.0,43.09571428571429,46.91133333333334,9345.0,6038.888888888889
2022-12-31,45.0,4500.0,132.66,175.0,0,False,False,False,True,7.38,4.284124,10.918583,0.0,0.0,1018.13763,2.8589742,9.238166,0.2,0.2,1018.7583,4.2136717,11.339416,0.1,0.1,1018.6082,4.04514,14.3445015,0.0,0.0,1017.66656,31,12,5,1,-2.4492935982947064e-16,1.0,45.0,55.0,35.0,250.0,2000.0,18550.0,44.52428571428572,46.578,8876.666666666666,6032.777777777777
2023-01-01,45.0,10000.0,132.66,175.0,0,False,False,False,True,7.26,4.65866,11.126918,0.0,0.0,1019.97925,3.200823,9.769418,0.2,0.2,1020.4543,3.7465966,10.581082,0.3,0.3,1020.3833,4.205847,14.490333,0.0,0.0,1019.44165,1,1,6,1,0.49999999999999994,0.8660254037844387,45.0,45.0,35.0,4500.0,1350.0,18550.0,45.95285714285715,46.578,8591.666666666666,6087.777777777777
2023-01-02,46.67,10375.0,132.66,175.0,0,False,False,False,True,7.26,3.7622452,11.497749,0.0,0.0,1020.5708,3.5166295,9.42775,0.0,0.0,1020.90405,4.0677752,10.1727495,0.0,0.0,1020.95,5.5842996,13.015334,0.0,0.0,1020.10834,2,1,0,0,0.49999999999999994,0.8660254037844387,45.0,45.0,36.67,10000.0,4000.0,2750.0,47.38142857142857,45.967,8845.833333333334,6146.944444444444
2023-01-03,45.0,30650.0,132.69,175.0,0,False,False,False,True,7.26,4.233355,10.424833,0.0,0.0,1020.68335,3.2041504,8.60275,0.0,0.0,1020.91656,3.4109561,10.891499,0.0,0.0,1020.97925,5.9281516,12.413251,0.0,0.0,1020.1458,3,1,1,0,0.49999999999999994,0.8660254037844387,46.67,45.0,50.0,10375.0,15500.0,7025.0,46.667142857142856,45.300333333333334,9633.333333333334,6431.388888888889
2023-01-04,55.0,22975.0,132.92,175.0,0,False,False,False,True,7.26,4.2577615,10.439418,0.0,0.0,1020.2083,3.553694,7.7652507,0.0,0.0,1020.6916,4.455834,10.683167,0.0,0.0,1020.53754,6.2695236,11.973667,0.0,0.0,1020.1582,4,1,2,0,0.49999999999999994,0.8660254037844387,45.0,45.0,55.0,30650.0,10500.0,14250.0,46.667142857142856,45.63366666666666,9924.166666666666,6630.555555555556
2023-01-05,46.67,48750.0,132.79,175.0,0,False,False,False,True,7.26,4.1905484,10.62275,0.0,0.0,1021.38324,4.1123195,9.554833,0.0,0.0,1021.9792,4.287984,11.24775,0.0,0.0,1021.9626,6.907396,10.990333,0.0,0.0,1021.4167,5,1,3,0,0.49999999999999994,0.8660254037844387,55.0,46.67,45.0,22975.0,10500.0,14250.0,46.90571428571429,45.356,11074.166666666666,7116.111111111111
2023-01-06,36.67,51275.0,132.4,175.0,0,False,False,False,True,7.26,3.7460449,11.760249,0.0,0.0,1021.3625,4.1213393,10.87775,0.0,0.0,1022.1209,4.9104414,13.1727495,0.0,0.0,1021.94165,8.093917,11.417417,0.0,0.0,1020.571,6,1,4,0,0.49999999999999994,0.8660254037844387,46.67,45.0,45.0,48750.0,250.0,12100.0,45.715714285714284,45.07833333333334,12380.0,7629.722222222223
2023-01-07,45.0,47750.0,132.66,175.0,0,False,False,False,True,7.26,3.5262241,13.162334,0.0,0.0,1019.2834,5.073539,11.717335,0.0,0.0,1020.4417,5.062254,14.183167,0.0,0.0,1020.2625,7.2541575,11.029918,0.0,0.0,1019.20825,7,1,5,1,0.49999999999999994,0.8660254037844387,36.67,55.0,45.0,51275.0,4500.0,11125.0,45.715714285714284,45.07833333333334,13600.833333333334,8104.166666666667
2023-01-08,45.0,60500.0,132.66,172.0,0,False,False,False,True,7.26,4.17404,13.201917,0.0,0.0,1017.91675,3.3504164,12.546501,0.0,0.0,1019.06256,4.758799,13.864415,0.0,0.0,1018.88336,7.1034856,10.431999,0.0,0.0,1018.14166,8,1,6,1,0.49999999999999994,0.8660254037844387,45.0,46.67,45.0,47750.0,10000.0,11125.0,45.715714285714284,44.745000000000005,15246.666666666666,8763.888888888889
2023-01-09,45.0,61150.0,132.66,172.0,0,False,False,False,True,7.26,3.791505,13.306084,0.0,0.0,1018.7751,3.571224,12.767333,0.0,0.0,1019.825,4.2162967,13.585251,0.0,0.0,1019.7085,6.326296,10.300751,0.0,0.0,1019.0042,9,1,0,0,0.49999999999999994,0.8660254037844387,45.0,36.67,46.67,60500.0,10375.0,11125.0,45.47714285714285,44.41166666666667,16914.166666666668,9430.833333333334
2023-01-10,45.0,45750.0,132.08,172.0,0,False,False,False,True,7.26,4.113972,12.839419,0.0,0.0,1016.7292,3.6296132,12.069416,0.0,0.0,1017.5334,4.7570524,13.393584,0.0,0.0,1017.35004,6.110596,10.671584,0.0,0.0,1017.2,10,1,1,0,0.49999999999999994,0.8660254037844387,45.0,45.0,45.0,61150.0,30650.0,15750.0,45.47714285714285,44.07833333333334,17914.166666666668,9926.666666666666
2023-01-11,46.67,45750.0,131.16,172.0,0,False,False,False,True,7.26,3.8239973,12.0685835,0.0,0.0,1014.6501,4.122841,11.088166,0.0,0.0,1015.4583,3.9760199,12.618585,0.0,0.0,1015.4751,6.138929,10.669501,0.0,0.0,1015.45013,11,1,2,0,0.49999999999999994,0.8660254037844387,45.0,45.0,55.0,45750.0,22975.0,2300.0,44.287142857142854,44.134,19362.5,10323.888888888889
2023-01-12,46.67,52750.0,130.83,172.0,0,False,False,False,True,7.26,3.7038252,12.395665,0.0,0.0,1013.17505,3.6735477,10.74025,0.0,0.0,1013.74176,4.4033093,12.601917,0.0,0.0,1013.63745,5.174763,11.209084,0.0,0.0,1013.25836,12,1,3,0,0.49999999999999994,0.8660254037844387,46.67,45.0,46.67,45750.0,48750.0,3000.0,44.28714285714286,44.18966666666667,21020.833333333332,10811.111111111111
2023-01-13,46.67,66050.0,130.79,172.0,0,False,False,False,True,7.26,4.1261506,11.512334,0.0,0.0,1013.9998,7.6205573,10.023583,0.0,0.0,1014.3999,3.9603395,13.383167,0.0,0.0,1013.7542,4.3667407,11.821584,0.0,0.0,1013.4792,13,1,4,0,0.49999999999999994,0.8660254037844387,46.67,45.0,36.67,52750.0,51275.0,3000.0,45.715714285714284,43.912000000000006,23122.5,11503.333333333334
2023-01-14,45.0,66050.0,130.43,172.0,0,False,False,False,True,7.26,4.28805,11.472749,0.0,0.0,1013.5542,6.815889,9.848583,0.0,0.0,1013.9751,5.2425985,13.218583,0.0,0.0,1013.4709,7.276642,13.504918,0.0,0.0,1012.6084,14,1,5,1,0.49999999999999994,0.8660254037844387,46.67,46.67,45.0,66050.0,47750.0,23450.0,45.715714285714284,43.57866666666667,24542.5,12195.555555555555
2023-01-15,45.0,21000.0,130.43,172.0,0,False,False,False,True,7.26,4.5187488,10.910251,0.0,0.0,1012.4917,4.4476247,9.60275,0.0,0.0,1012.57086,5.0394444,11.024833,0.0,0.0,1012.81665,9.5022545,13.452835,0.0,0.0,1013.07495,15,1,6,1,0.49999999999999994,0.8660254037844387,45.0,46.67,45.0,66050.0,60500.0,6475.0,45.715714285714284,43.245333333333335,25026.666666666668,12387.222222222223
2023-01-16,45.0,32500.0,130.43,172.0,0,False,False,False,True,7.26,3.3623438,9.706083,0.0,0.0,1014.7542,3.4465256,8.544415,0.0,0.0,1014.1375,3.841532,9.651917,0.1,0.1,1014.5708,8.144768,12.144501,0.0,0.0,1015.14575,16,1,0,0,0.49999999999999994,0.8660254037844387,45.0,46.67,45.0,21000.0,61150.0,6475.0,45.715714285714284,43.245333333333335,25894.166666666668,12734.166666666666
2023-01-17,45.0,55500.0,130.89,172.0,0,False,False,False,True,7.26,4.0076337,8.989417,0.0,0.0,1015.46674,3.6994393,8.502749,0.0,0.0,1014.7957,4.180674,8.889417,0.0,0.0,1015.3833,5.8477893,11.727836,0.0,0.0,1016.0293,17,1,1,0,0.49999999999999994,0.8660254037844387,45.0,45.0,45.0,32500.0,45750.0,6475.0,45.715714285714284,43.245333333333335,27528.333333333332,13343.888888888889
2023-01-18,45.0,76250.0,131.12,172.0,0,False,False,False,True,7.26,3.6799767,8.76025,0.0,0.0,1017.64166,4.6389666,8.094417,0.0,0.0,1016.86664,3.7930832,8.52275,0.0,0.0,1017.51245,5.5978303,12.569499,0.0,0.0,1017.9458,18,1,2,0,0.49999999999999994,0.8660254037844387,45.0,45.0,46.67,55500.0,45750.0,6475.0,45.47714285714286,43.57866666666667,29854.166666666668,14184.166666666666
2023-01-19,56.67,59500.0,130.29,172.0,0,False,False,False,True,7.26,3.1546705,9.437332,0.0,0.0,1018.4543,3.7715302,8.79025,0.0,0.0,1018.2249,3.365364,9.256083,0.0,0.0,1018.4207,5.326661,12.669499,0.0,0.0,1018.64166,19,1,3,0,0.49999999999999994,0.8660254037844387,45.0,45.0,46.67,76250.0,52750.0,10500.0,46.90571428571428,44.24533333333333,31487.5,14817.222222222223
2023-01-20,56.67,79425.0,130.48,172.0,0,False,False,False,True,7.26,3.3648884,11.2560835,0.0,0.0,1017.10406,4.7535396,10.9715,0.0,0.0,1017.0959,4.2367606,12.4748335,0.0,0.0,1017.0251,4.7295146,13.419502,0.0,0.0,1017.12915,20,1,4,0,0.49999999999999994,0.8660254037844387,56.67,45.0,46.67,59500.0,66050.0,10500.0,48.33428571428571,44.967666666666666,33785.0,15671.666666666666
2023-01-21,56.67,79425.0,130.1,172.0,0,False,False,False,True,7.26,4.4891124,12.360251,0.0,0.0,1015.8167,8.254123,10.767333,0.0,0.0,1016.06244,5.656176,14.610251,0.0,0.0,1015.54596,7.9650154,14.888249,0.0,0.0,1014.9917,21,1,5,1,0.49999999999999994,0.8660254037844387,56.67,45.0,45.0,79425.0,66050.0,10500.0,50.001428571428576,45.690000000000005,36082.5,16492.5
2023-01-22,56.67,59250.0,130.1,172.0,0,False,False,False,True,7.26,4.094226,12.756084,0.0,0.0,1015.7126,7.1451793,10.60275,0.0,0.0,1016.2583,6.162415,13.701917,0.0,0.0,1015.8625,6.5385876,14.046582,0.0,0.0,1014.89154,22,1,6,1,0.49999999999999994,0.8660254037844387,56.67,56.67,45.0,79425.0,21000.0,10500.0,51.66857142857142,46.44566666666666,37707.5,17089.166666666668
2023-01-23,55.0,114550.0,130.1,172.0,0,False,False,False,True,7.26,4.92367,13.633166,0.0,0.0,1014.80414,8.210874,11.952751,0.0,0.0,1015.4875,6.594145,13.931085,0.0,0.0,1015.3333,6.2764835,14.9695015,0.0,0.0,1013.94586,23,1,0,0,0.49999999999999994,0.8660254037844387,56.67,56.67,45.0,59250.0,32500.0,2000.0,53.09714285714285,47.11233333333333,41459.166666666664,18300.277777777777
2023-01-24,56.67,46250.0,130.53,172.0,0,False,False,False,True,7.26,4.5190206,14.454001,0.0,0.0,1016.0249,7.188439,13.348582,0.0,0.0,1016.58325,4.7838335,14.597752,0.0,0.0,1016.2375,7.693607,16.081999,0.0,0.0,1015.19586,24,1,1,0,0.49999999999999994,0.8660254037844387,55.0,56.67,45.0,114550.0,55500.0,1350.0,54.76428571428571,47.834666666666664,42955.833333333336,18752.5
2023-01-25,56.67,53900.0,131.06,172.0,0,False,False,False,True,7.26,3.8842695,14.481083,0.0,0.0,1015.77496,7.835548,13.754833,0.0,0.0,1016.44165,5.776733,15.735248,0.0,0.0,1015.8335,6.4455037,17.004915,0.0,0.0,1014.2583,25,1,2,0,0.49999999999999994,0.8660254037844387,56.67,56.67,45.0,46250.0,76250.0,4000.0,56.431428571428576,48.501333333333335,44619.166666666664,19289.722222222223
2023-01-26,55.0,11250.0,130.85,172.0,0,False,False,False,True,7.26,3.8965492,16.170668,0.0,0.0,1014.8374,8.033267,13.625667,0.0,0.0,1015.8125,7.838287,16.02275,0.0,0.0,1015.1667,6.0663085,16.075748,0.0,0.0,1013.52924,26,1,3,0,0.49999999999999994,0.8660254037844387,56.67,55.0,56.67,53900.0,59500.0,15500.0,56.19285714285714,48.668,44477.5,19353.055555555555
2023-01-27,55.0,32750.0,130.85,172.0,0,False,False,False,True,7.26,3.6757793,16.158167,0.0,0.0,1014.2583,8.275185,13.900666,0.0,0.0,1014.99585,5.8608394,16.61025,0.0,0.0,1014.5042,6.528917,16.717417,0.0,0.0,1013.471,27,1,4,0,0.49999999999999994,0.8660254037844387,55.0,56.67,56.67,11250.0,79425.0,10500.0,55.95428571428572,48.668,45219.166666666664,19641.944444444445
2023-01-28,56.0,45100.0,130.74,172.0,0,False,False,False,True,7.26,4.1586747,14.649834,0.0,0.0,1013.48334,4.4689403,14.277751,0.0,0.0,1014.14575,4.857615,14.008167,0.0,0.0,1014.22504,5.811827,14.627833,0.0,0.0,1014.13324,28,1,5,1,0.49999999999999994,0.8660254037844387,55.0,56.67,56.67,32750.0,79425.0,10500.0,55.85857142857143,49.034666666666666,46372.5,20068.055555555555
2023-01-29,55.0,97400.0,130.74,172.0,0,False,False,False,True,7.26,4.1396356,14.326917,0.0,0.0,1015.6126,3.549958,14.194416,0.0,0.0,1016.44165,4.072759,14.2560835,0.0,0.0,1016.3293,5.4793067,15.227834,0.0,0.0,1014.75415,29,1,6,1,0.49999999999999994,0.8660254037844387,56.0,55.0,56.67,45100.0,59250.0,250.0,55.620000000000005,49.368,49610.833333333336,21116.944444444445
2023-01-30,45.0,34250.0,130.74,172.0,0,False,False,False,True,7.26,4.22415,16.189417,0.0,0.0,1017.39575,3.421198,15.25275,0.0,0.0,1018.35834,3.1000004,16.064417,0.0,0.0,1018.0291,7.2078776,17.498669,0.0,0.0,1015.2874,30,1,0,0,0.49999999999999994,0.8660254037844387,55.0,55.0,55.0,97400.0,114550.0,4500.0,54.191428571428574,49.368,50602.5,21450.833333333332
2023-01-31,45.0,42500.0,130.7,172.0,0,False,False,False,True,7.26,4.5047283,16.714417,0.0,0.0,1014.06244,7.421701,14.023583,0.0,0.0,1015.05005,4.9393992,17.612333,0.0,0.0,1014.4167,9.046546,17.792418,0.0,0.0,1012.6584,31,1,1,0,0.49999999999999994,0.8660254037844387,45.0,56.0,56.67,34250.0,46250.0,10000.0,52.52428571428572,49.368,51685.833333333336,21771.944444444445
2023-02-01,45.0,62000.0,131.38,172.0,0,False,False,False,True,7.88,4.9244514,14.347749,0.0,0.0,1013.33746,5.644398,13.436085,0.0,0.0,1014.1499,4.8698688,14.866502,0.0,0.0,1013.8792,10.657697,16.273668,0.0,0.0,1013.2791,1,2,2,0,0.8660254037844386,0.5000000000000001,45.0,55.0,56.67,42500.0,53900.0,10375.0,50.857142857142854,49.312333333333335,53406.666666666664,22438.61111111111
2023-02-02,45.0,29000.0,131.38,172.0,0,False,False,False,True,7.88,3.9517984,13.7873335,0.0,0.0,1014.375,3.9489841,13.4465,0.0,0.0,1014.81665,5.201432,13.816502,0.0,0.0,1014.97485,6.6359715,14.286168,0.0,0.0,1014.92096,2,2,3,0,0.8660254037844386,0.5000000000000001,45.0,45.0,55.0,62000.0,11250.0,30650.0,49.42857142857143,49.312333333333335,53351.666666666664,22738.61111111111
2023-02-03,46.67,21000.0,131.78,172.0,0,False,False,False,True,7.88,4.210132,13.783169,0.0,0.0,1014.44183,3.3337772,12.809001,0.0,0.0,1015.1458,4.071792,13.808169,0.0,0.0,1015.0791,7.8983817,15.227837,0.0,0.0,1013.8584,3,2,4,0,0.8660254037844386,0.5000000000000001,45.0,45.0,55.0,29000.0,32750.0,22975.0,48.23857142857143,49.03466666666667,53285.833333333336,22860.833333333332
2023-02-04,46.0,5000.0,131.23,172.0,0,False,False,False,True,7.88,4.3489547,13.791501,0.0,0.0,1011.9666,3.8795192,12.923583,0.70000005,0.70000005,1012.66266,4.8841367,13.6102495,0.0,0.0,1012.6917,7.4178085,15.050754,0.0,0.0,1011.846,4,2,5,1,0.8660254037844386,0.5000000000000001,46.67,45.0,56.0,21000.0,45100.0,48750.0,46.81,49.01233333333334,51827.5,22874.722222222223
2023-02-05,45.0,7000.0,131.23,172.0,0,False,False,False,True,7.88,4.623429,13.539417,0.0,0.0,1011.9875,4.222238,12.400665,0.0,0.0,1012.69586,3.997429,12.370666,0.0,0.0,1012.63336,5.5211453,16.232,0.0,0.0,1011.5249,5,2,6,1,0.8660254037844386,0.5000000000000001,46.0,45.0,55.0,5000.0,97400.0,51275.0,45.38142857142857,49.29,50351.666666666664,22924.722222222223
2023-02-06,46.67,7000.0,131.23,175.0,0,False,False,False,True,7.88,4.9207606,13.649834,0.0,0.0,1012.1167,4.759871,12.683998,0.2,0.2,1012.60834,4.264406,12.497752,0.0,0.0,1012.6125,6.656166,15.894501,0.0,0.0,1011.29584,6,2,0,0,0.8660254037844386,0.5000000000000001,45.0,46.67,45.0,7000.0,34250.0,47750.0,45.620000000000005,49.345666666666666,48993.333333333336,22920.833333333332
2023-02-07,46.67,20575.0,132.67,175.0,0,False,False,False,True,7.88,3.5722072,13.133167,0.0,0.0,1010.6418,5.779536,12.329834,0.4,0.4,1011.17926,4.884072,12.697751,0.0,0.0,1010.97906,6.8385587,16.790335,0.0,0.0,1009.66235,7,2,1,0,0.8660254037844386,0.5000000000000001,46.67,46.0,45.0,7000.0,42500.0,60500.0,45.85857142857143,49.40133333333333,47662.5,23067.777777777777
2023-02-08,45.0,5950.0,132.63,175.0,0,False,False,False,True,7.88,4.8257995,13.106084,0.0,0.0,1012.07074,4.7557535,12.146501,0.0,0.0,1012.6958,4.1612005,13.262333,0.0,0.0,1012.6042,6.9212937,16.567417,0.0,0.0,1011.29584,8,2,2,0,0.8660254037844386,0.5000000000000001,46.67,45.0,45.0,20575.0,62000.0,61150.0,45.85857142857143,49.40133333333333,45822.5,22947.777777777777
2023-02-09,46.67,12000.0,132.3,175.0,0,False,False,False,True,7.88,4.394275,13.366502,0.0,0.0,1013.4167,4.1320906,11.652752,0.1,0.1,1013.8791,4.173421,11.643584,0.3,0.3,1014.00006,7.0265145,16.746584,0.0,0.0,1012.91656,9,2,3,0,0.8660254037844386,0.5000000000000001,45.0,46.67,45.0,5950.0,29000.0,45750.0,46.097142857142856,49.457,44697.5,23025.555555555555
2023-02-10,46.67,4000.0,132.32,175.0,0,False,False,False,True,7.88,3.8778527,13.762334,0.0,0.0,1013.79584,6.6202064,12.446499,0.0,0.0,1014.2041,4.75763,13.493584,0.0,0.0,1013.8,5.6470532,16.84867,0.0,0.0,1012.78345,10,2,4,0,0.8660254037844386,0.5000000000000001,46.67,46.67,46.67,12000.0,21000.0,45750.0,46.097142857142856,49.457,43305.833333333336,23014.444444444445
2023-02-11,45.0,4000.0,132.3,175.0,0,False,False,False,True,7.88,4.763875,15.422751,0.0,0.0,1012.8792,8.228829,13.667335,0.0,0.0,1013.5667,5.3724685,15.926915,0.0,0.0,1013.13763,7.618132,17.361166,0.0,0.0,1011.64996,11,2,5,1,0.8660254037844386,0.5000000000000001,46.67,45.0,46.0,4000.0,5000.0,52750.0,45.95428571428572,49.40133333333333,41680.833333333336,23014.444444444445
2023-02-12,45.0,14000.0,132.3,175.0,0,False,False,False,True,7.88,5.1336756,13.870667,0.0,0.0,1012.40424,7.347816,12.527749,0.0,0.0,1012.8208,6.2030506,14.051918,0.0,0.0,1012.44183,15.471387,18.742416,0.0,0.0,1011.1125,12,2,6,1,0.8660254037844386,0.5000000000000001,45.0,46.67,45.0,4000.0,7000.0,66050.0,45.95428571428572,49.345666666666666,39945.833333333336,23141.11111111111
2023-02-13,56.67,12000.0,132.3,175.0,0,False,False,False,True,7.88,4.343751,12.8914995,0.0,0.0,1011.5542,4.1891723,11.979833,0.0,0.0,1011.875,5.5244465,11.841499,0.0,0.0,1012.3376,7.670853,15.713252,0.0,0.0,1012.42505,13,2,0,0,0.8660254037844386,0.5000000000000001,45.0,46.67,46.67,14000.0,7000.0,66050.0,47.382857142857134,49.73466666666666,38144.166666666664,23268.88888888889
2023-02-14,55.0,12000.0,132.66,175.0,0,False,False,False,True,7.88,5.0046177,12.910252,0.0,0.0,1014.72906,4.309443,12.742333,0.0,0.0,1014.95,4.7375607,12.233167,0.0,0.0,1015.10425,5.613875,15.673667,0.0,0.0,1014.17914,14,2,1,0,0.8660254037844386,0.5000000000000001,56.67,45.0,46.67,12000.0,20575.0,21000.0,48.57285714285714,50.068,37844.166666666664,23348.88888888889
2023-02-15,56.67,22000.0,132.72,175.0,0,False,False,False,True,7.88,5.037662,14.583167,0.0,0.0,1013.4167,4.9678197,14.058999,0.0,0.0,1014.1916,5.5420566,14.316501,0.0,0.0,1014.0334,5.1158643,16.379917,0.0,0.0,1012.4084,15,2,2,0,0.8660254037844386,0.5000000000000001,55.0,45.0,45.0,12000.0,5950.0,32500.0,50.24,50.457,37494.166666666664,23540.0
2023-02-16,56.67,14250.0,132.79,175.0,0,False,False,False,True,7.88,4.8329253,15.499835,0.0,0.0,1015.3499,5.386707,14.950667,0.0,0.0,1016.6125,5.871805,16.437332,0.0,0.0,1016.10834,6.136412,18.619501,0.0,0.0,1013.7126,16,2,3,0,0.8660254037844386,0.5000000000000001,56.67,56.67,46.67,22000.0,12000.0,55500.0,51.66857142857143,50.846,36119.166666666664,23678.88888888889
2023-02-17,45.0,14250.0,132.66,175.0,0,False,False,False,True,7.88,4.786659,16.541502,0.0,0.0,1016.72095,4.9188867,15.725669,0.0,0.0,1018.0542,5.2730327,16.929,0.0,0.0,1017.5916,5.7900925,20.465334,0.0,0.0,1014.56256,17,2,4,0,0.8660254037844386,0.5000000000000001,56.67,55.0,46.67,14250.0,4000.0,76250.0,51.43,50.846,34052.5,23817.777777777777
2023-02-18,41.0,2000.0,132.84,175.0,0,False,False,False,True,7.88,5.05029,16.635252,0.0,0.0,1016.24164,4.2438493,16.3215,0.0,0.0,1017.51263,5.683726,16.603998,0.0,0.0,1017.22906,6.4734154,21.006998,0.0,0.0,1014.0584,18,2,5,1,0.8660254037844386,0.5000000000000001,45.0,56.67,45.0,14250.0,4000.0,59500.0,50.85857142857143,50.32366666666667,32135.833333333332,23820.555555555555
2023-02-19,37.67,625.0,132.84,175.0,0,False,False,False,True,7.88,4.813891,17.181084,0.0,0.0,1015.0666,4.423095,16.406918,0.0,0.0,1016.2791,5.0120225,16.714417,0.0,0.0,1016.03326,7.0160356,21.196585,0.0,0.0,1013.2334,19,2,6,1,0.8660254037844386,0.5000000000000001,41.0,56.67,45.0,2000.0,14000.0,79425.0,49.81142857142857,49.690333333333335,29509.166666666668,23808.055555555555
2023-02-20,42.0,18125.0,132.84,175.0,0,False,False,False,True,7.88,5.5094185,16.683168,0.0,0.0,1013.65424,4.3762097,15.711082,0.0,0.0,1014.9792,4.660028,16.576918,0.0,0.0,1014.65405,5.3394322,20.890333,0.0,0.0,1011.9959,20,2,0,0,0.8660254037844386,0.5000000000000001,37.67,45.0,56.67,625.0,12000.0,79425.0,47.715714285714284,49.20133333333333,27465.833333333332,23942.777777777777
2023-02-21,38.33,13000.0,132.66,175.0,0,False,False,False,True,7.88,4.9435897,17.204002,0.0,0.0,1013.7041,5.4064827,15.094417,0.0,0.0,1014.80414,3.9167702,16.926916,0.0,0.0,1014.4458,6.2526937,21.265335,0.0,0.0,1011.5542,21,2,1,0,0.8660254037844386,0.5000000000000001,42.0,41.0,55.0,18125.0,12000.0,59250.0,45.33428571428571,48.589999999999996,25924.166666666668,24065.0
2023-02-22,55.0,42000.0,132.77,175.0,0,False,False,False,True,7.88,5.1430564,16.599833,0.4,0.4,1012.02924,5.7997108,15.181915,0.1,0.1,1013.15424,4.675795,17.435251,0.4,0.4,1012.4792,8.068964,21.546583,0.0,0.0,1009.675,22,2,2,0,0.8660254037844386,0.5000000000000001,38.33,37.67,56.67,13000.0,22000.0,114550.0,45.09571428571429,48.589999999999996,23505.833333333332,24476.11111111111
2023-02-23,55.0,6550.0,132.87,175.0,0,False,False,False,True,7.88,6.063455,17.02067,0.3,0.3,1011.45844,5.256911,15.431914,0.0,0.0,1012.67914,4.929554,16.7665,0.90000004,0.90000004,1012.425,7.677738,20.025747,0.0,0.0,1009.9709,23,2,3,0,0.8660254037844386,0.5000000000000001,55.0,42.0,56.67,42000.0,14250.0,46250.0,44.857142857142854,48.53433333333333,22182.5,24493.333333333332
2023-02-24,55.0,31800.0,132.68,175.0,0,False,False,False,True,7.88,5.48756,16.847752,0.1,0.1,1014.45,4.259667,14.984,0.0,0.0,1015.7459,4.96818,16.133167,0.0,0.0,1015.62085,7.688891,20.144499,0.0,0.0,1013.1418,24,2,4,0,0.8660254037844386,0.5000000000000001,55.0,38.33,45.0,6550.0,14250.0,53900.0,46.285714285714285,48.47866666666666,21445.833333333332,24838.333333333332
2023-02-25,55.0,24875.0,132.71,175.0,0,False,False,False,True,7.88,4.369954,15.2769165,4.3,4.3,1018.55414,2.7659035,13.629834,1.1000001,1.1000001,1019.7541,3.5645192,15.270668,1.6000001,1.6000001,1019.39996,8.648338,20.92992,0.0,0.0,1016.4626,25,2,5,1,0.8660254037844386,0.5000000000000001,55.0,55.0,41.0,31800.0,2000.0,11250.0,48.285714285714285,48.47866666666666,21900.0,25070.277777777777
2023-02-26,55.0,46000.0,132.71,175.0,0,False,False,False,True,7.88,4.2633047,13.399833,12.8,12.8,1020.75,2.7611582,11.881917,3.8,3.8,1021.82916,4.588951,13.285253,1.4,1.4,1021.54584,7.902752,20.902832,1.6,1.6,1017.72504,26,2,6,1,0.8660254037844386,0.5000000000000001,55.0,55.0,37.67,24875.0,625.0,32750.0,50.76142857142857,48.47866666666666,22341.666666666668,25569.444444444445
2023-02-27,55.0,7000.0,132.71,175.0,0,False,False,False,True,7.88,4.3832946,13.551915,7.2999997,7.2999997,1019.325,4.217079,12.052749,4.7000003,4.7000003,1020.51263,4.8849587,14.043583,1.8,1.8,1020.0542,6.9681067,20.821585,0.0,0.0,1016.6084,27,2,0,0,0.8660254037844386,0.5000000000000001,55.0,55.0,42.0,46000.0,18125.0,45100.0,52.61857142857143,48.44533333333333,21071.666666666668,25635.277777777777
2023-02-28,56.67,18000.0,132.84,175.0,0,False,False,False,True,7.88,4.7231164,15.170666,0.2,0.2,1018.35425,4.063353,13.41525,1.1,1.1,1019.6291,3.9706051,15.410251,1.3,1.3,1019.375,6.957458,20.734085,0.0,0.0,1016.2541,28,2,1,0,0.8660254037844386,0.5000000000000001,55.0,55.0,38.33,7000.0,13000.0,97400.0,55.23857142857143,48.501,18425.0,25793.61111111111
2023-03-01,55.0,19475.0,132.57,175.0,0,False,False,True,False,7.44,4.811004,15.816501,0.1,0.1,1019.07916,5.424509,14.459001,0.2,0.2,1020.3166,3.560786,16.789415,0.0,0.0,1019.96674,8.091472,22.009085,0.0,0.0,1016.87085,1,3,2,0,1.0,6.123233995736766e-17,56.67,55.0,55.0,18000.0,42000.0,34250.0,55.23857142857143,48.83433333333333,17932.5,25803.88888888889
2023-03-02,55.0,32060.0,132.31,175.0,0,False,False,True,False,7.44,4.501154,16.089418,1.1,1.1,1018.30414,4.3591957,15.142333,0.3,0.3,1019.76245,3.2961833,16.7915,5.0,5.0,1019.37915,8.58159,22.411165,0.0,0.0,1016.08746,2,3,3,0,1.0,6.123233995736766e-17,55.0,55.0,55.0,19475.0,6550.0,42500.0,55.23857142857143,49.16766666666667,17584.5,25954.0
2023-03-03,45.0,14000.0,132.46,175.0,0,False,False,True,False,7.44,4.9391317,16.889418,0.5,0.5,1018.1126,2.792599,16.136084,0.2,0.2,1019.5957,3.8879821,17.131084,0.2,0.2,1019.2334,8.394007,22.994501,0.0,0.0,1016.18744,3,3,4,0,1.0,6.123233995736766e-17,55.0,56.67,55.0,32060.0,31800.0,62000.0,53.81,49.16766666666667,15984.5,26079.0
2023-03-04,45.0,32212.5,131.45,175.0,0,False,False,True,False,7.44,4.062745,16.862333,5.4,5.4,1019.11255,3.518833,15.338168,0.3,0.3,1020.24567,3.5416882,17.108168,2.8,2.8,1019.74585,6.231922,23.875748,0.0,0.0,1016.04596,4,3,5,1,1.0,6.123233995736766e-17,45.0,55.0,55.0,14000.0,24875.0,29000.0,52.38142857142857,49.16766666666667,16091.583333333334,26358.86111111111
2023-03-05,45.0,50425.0,131.45,175.0,1,False,False,True,False,7.44,4.7972503,17.760252,5.4,5.4,1017.30414,5.747236,16.481916,0.2,0.2,1018.8166,4.2364836,17.929,0.2,0.2,1018.28326,7.3080525,23.8945,0.0,0.0,1014.5,5,3,6,1,1.0,6.123233995736766e-17,45.0,55.0,55.0,32212.5,46000.0,21000.0,50.95285714285715,49.111999999999995,17072.416666666668,26760.805555555555
2023-03-06,46.67,12000.0,131.45,175.0,1,False,False,True,False,7.44,6.0661507,17.920668,0.0,0.0,1014.7251,5.3411536,16.548582,0.0,0.0,1016.1543,5.4956894,18.010248,0.3,0.3,1015.804,8.834523,22.413252,0.0,0.0,1012.92914,6,3,0,0,1.0,6.123233995736766e-17,45.0,45.0,55.0,50425.0,7000.0,5000.0,49.76285714285715,49.13433333333333,17305.75,26735.805555555555
2023-03-07,56.67,6000.0,131.36,175.0,1,False,False,True,False,7.44,5.368725,17.683167,0.0,0.0,1015.9124,4.7534246,16.036081,0.3,0.3,1017.3376,4.6366563,17.689417,0.0,0.0,1016.82495,8.565595,21.713251,0.0,0.0,1014.08746,7,3,1,0,1.0,6.123233995736766e-17,46.67,45.0,56.67,12000.0,18000.0,7000.0,49.762857142857136,49.523333333333326,17272.416666666668,26668.027777777777
2023-03-08,56.67,4000.0,131.36,175.0,1,False,False,True,False,7.44,4.1571965,15.545669,1.5,1.5,1019.12915,5.012774,13.538165,2.0,2.0,1020.3376,3.149809,15.499835,1.9,1.9,1019.69165,7.7443867,18.70075,4.0,4.0,1016.5959,8,3,2,0,1.0,6.123233995736766e-17,56.67,45.0,55.0,6000.0,19475.0,7000.0,50.00142857142857,49.85666666666667,17172.416666666668,26588.86111111111
2023-03-09,65.0,2750.0,131.6,175.0,1,False,False,True,False,7.44,4.3427205,15.674835,0.0,0.0,1017.40405,3.4450305,14.6465,7.1,7.1,1018.92084,4.261954,16.61025,1.6999999,1.6999999,1018.2835,8.259214,20.692417,0.0,0.0,1014.85425,9,3,3,0,1.0,6.123233995736766e-17,56.67,46.67,55.0,4000.0,32060.0,20575.0,51.43,50.467666666666666,16578.25,26495.805555555555
2023-03-10,65.0,2750.0,131.47,175.0,1,False,False,True,False,7.44,4.6421146,16.914417,0.0,0.0,1016.35834,3.5665038,15.842331,0.2,0.2,1017.88336,4.867759,17.558167,0.0,0.0,1017.29584,7.812319,21.192415,0.0,0.0,1013.86237,10,3,4,0,1.0,6.123233995736766e-17,65.0,56.67,45.0,2750.0,14000.0,5950.0,54.287142857142854,51.13433333333333,16471.583333333332,26402.75
2023-03-11,65.0,1750.0,131.57,175.0,1,False,False,True,False,7.44,4.1861906,17.118582,0.3,0.3,1016.69586,4.1554766,15.408997,0.4,0.4,1018.26245,4.138413,17.937334,0.5,0.5,1017.5376,6.8440475,21.507002,0.0,0.0,1014.13745,11,3,5,1,1.0,6.123233995736766e-17,65.0,56.67,45.0,2750.0,32212.5,12000.0,57.144285714285715,51.74533333333333,16129.916666666666,26247.194444444445
2023-03-12,65.0,3500.0,131.57,175.0,1,False,False,True,False,7.44,5.1249948,18.045668,0.0,0.0,1016.29175,3.5956366,17.159,0.0,0.0,1017.7666,5.634697,18.295668,0.0,0.0,1017.22485,7.0302854,22.902838,0.0,0.0,1013.62085,12,3,6,1,1.0,6.123233995736766e-17,65.0,65.0,45.0,1750.0,50425.0,4000.0,60.00142857142857,52.35633333333333,16113.25,26260.527777777777
2023-03-13,66.67,19750.0,131.57,175.0,1,False,False,True,False,7.44,4.326723,17.685251,2.8000002,2.8000002,1015.2166,3.5336854,16.361082,6.2999997,6.2999997,1016.99585,4.027618,17.874832,0.6,0.6,1016.27496,6.725126,23.059088,0.0,0.0,1012.05414,13,3,0,0,1.0,6.123233995736766e-17,65.0,65.0,46.67,3500.0,12000.0,4000.0,62.85857142857144,53.07866666666667,16638.25,26446.63888888889
2023-03-14,36.67,23625.0,131.7,175.0,1,False,False,True,False,7.44,4.718882,16.368586,4.1,4.1,1012.76666,3.4168587,15.783999,1.4000001,1.4000001,1014.11676,4.924471,16.376917,3.9,3.9,1013.6751,6.7732773,22.207,1.1,1.1,1009.35004,14,3,1,0,1.0,6.123233995736766e-17,66.67,65.0,56.67,19750.0,6000.0,14000.0,60.00142857142857,52.80100000000001,16959.083333333332,26675.805555555555
2023-03-15,55.0,19600.0,132.29,175.0,1,False,False,True,False,7.44,4.543834,16.729002,1.2,1.2,1011.5793,4.366459,15.475665,3.5,3.5,1013.0501,3.3537252,17.46025,1.7,1.7,1012.5,7.6937156,22.748665,0.0,0.0,1008.6707,15,3,2,0,1.0,6.123233995736766e-17,36.67,65.0,56.67,23625.0,4000.0,12000.0,59.76285714285715,52.745333333333335,17212.416666666668,26633.027777777777
2023-03-16,45.0,65000.0,132.46,175.0,1,False,False,True,False,7.44,4.891079,17.374832,0.70000005,0.70000005,1013.4458,5.0488844,16.529833,0.8000001,0.8000001,1014.93317,4.7329473,17.84775,0.1,0.1,1014.42926,9.980274,23.134085,0.0,0.0,1011.1582,16,3,3,0,1.0,6.123233995736766e-17,55.0,66.67,65.0,19600.0,2750.0,12000.0,56.90571428571429,52.412000000000006,18979.083333333332,27283.305555555555
2023-03-17,46.67,49250.0,132.68,175.0,1,False,False,True,False,7.44,4.843636,16.17275,1.3000001,1.3000001,1014.7625,4.2724466,15.390247,1.1,1.1,1016.0083,4.3297668,16.4415,5.4,5.4,1015.66656,6.0797734,21.829916,1.3,1.3,1012.7583,17,3,4,0,1.0,6.123233995736766e-17,45.0,36.67,65.0,65000.0,2750.0,22000.0,54.287142857142854,52.07866666666666,19887.416666666668,27758.583333333332
2023-03-18,46.67,28825.0,132.39,175.0,1,False,False,True,False,7.44,4.862572,16.151918,0.3,0.3,1013.16675,3.0451586,14.411084,9.800001,9.800001,1014.72076,4.206254,15.991501,13.5,13.5,1014.1584,7.3032956,22.540335,0.0,0.0,1010.9124,18,3,5,1,1.0,6.123233995736766e-17,46.67,55.0,65.0,49250.0,1750.0,14250.0,51.66857142857143,51.745333333333335,20373.25,28006.916666666668
2023-03-19,45.0,53925.0,132.39,175.0,1,False,False,True,False,7.44,3.894914,15.674834,2.1000001,2.1000001,1011.375,3.1194088,14.219417,14.300001,14.300001,1012.69586,3.3763778,15.128999,8.1,8.1,1012.2458,9.487615,21.257,7.2,7.2,1009.9084,19,3,6,1,1.0,6.123233995736766e-17,46.67,45.0,65.0,28825.0,3500.0,14250.0,48.81142857142857,51.745333333333335,21695.75,28534.13888888889
2023-03-20,56.67,75050.0,132.39,175.0,1,False,False,True,False,7.44,3.5447848,14.56025,5.4000006,5.4000006,1010.47504,3.2613993,13.386085,12.3,12.3,1011.27094,3.207883,14.27275,9.4,9.4,1010.77905,8.819944,20.032,8.999999,8.999999,1008.86664,20,3,0,0,1.0,6.123233995736766e-17,45.0,46.67,66.67,53925.0,19750.0,2000.0,47.38285714285714,52.26766666666667,24130.75,29251.36111111111
2023-03-21,56.67,23275.0,132.52,175.0,1,False,False,True,False,7.44,4.1662164,14.608169,11.000001,11.000001,1010.68335,4.1398034,12.975666,16.400003,16.400003,1011.6125,4.322705,14.137334,10.200001,10.200001,1011.1084,6.675057,20.1695,5.3999996,5.3999996,1009.2751,21,3,1,0,1.0,6.123233995736766e-17,56.67,46.67,36.67,75050.0,23625.0,625.0,50.239999999999995,52.900999999999996,24885.75,29393.305555555555
2023-03-22,56.67,97600.0,132.56,175.0,1,False,False,True,False,7.44,5.4565005,15.366501,0.2,0.2,1009.69165,5.605634,13.277749,2.6,2.6,1010.7251,4.0041833,14.804001,1.9000001,1.9000001,1010.2959,9.158197,20.984083,0.0,0.0,1007.80414,22,3,2,0,1.0,6.123233995736766e-17,56.67,45.0,55.0,23275.0,19600.0,18125.0,50.47857142857142,53.39,27534.916666666668,30361.083333333332
2023-03-23,56.67,101050.0,132.56,175.0,1,False,False,True,False,7.44,4.9291053,15.451917,13.099998,13.099998,1009.15826,4.630425,14.086083,0.8000001,0.8000001,1010.2041,4.3588166,16.122751,2.0,2.0,1009.7625,7.5895467,21.252832,0.0,0.0,1007.31665,23,3,3,0,1.0,6.123233995736766e-17,56.67,56.67,45.0,97600.0,65000.0,13000.0,52.14571428571429,54.00133333333334,30469.916666666668,31367.194444444445
2023-03-24,45.0,56125.0,131.93,175.0,1,False,False,True,False,7.44,4.70337,15.995667,3.3999999,3.3999999,1011.4958,4.1171813,14.906918,6.3,6.3,1012.7417,3.6566737,16.42275,0.8000001,0.8000001,1012.2708,7.882426,21.982,0.0,0.0,1008.9458,24,3,4,0,1.0,6.123233995736766e-17,56.67,56.67,46.67,101050.0,49250.0,42000.0,51.90714285714286,53.668000000000006,30940.75,31968.583333333332
2023-03-25,46.67,14000.0,132.28,175.0,1,False,False,True,False,7.44,5.319291,17.218584,1.1,1.1,1012.9915,7.469536,16.188168,0.5,0.5,1014.31244,6.4428763,17.8165,0.3,0.3,1013.6167,9.596451,23.494505,0.1,0.1,1010.31256,25,3,5,1,1.0,6.123233995736766e-17,45.0,56.67,46.67,56125.0,28825.0,6550.0,51.90714285714286,53.39033333333334,31189.083333333332,32109.13888888889
2023-03-26,45.0,102075.0,132.28,175.0,0,False,False,True,False,7.44,5.4108443,18.210253,0.0,0.0,1010.08344,6.760468,16.850666,0.0,0.0,1011.325,4.81055,19.001919,0.0,0.0,1010.8083,12.252046,24.465338,0.0,0.0,1007.3667,26,3,6,1,1.0,6.123233995736766e-17,46.67,56.67,45.0,14000.0,53925.0,31800.0,51.90714285714286,53.057,33531.583333333336,33198.86111111111
2023-03-27,45.0,89900.0,132.28,175.0,0,False,False,True,False,7.44,6.0044193,17.947752,0.0,0.0,1009.2332,5.010596,16.34025,0.1,0.1,1010.696,4.034503,18.058168,0.0,0.0,1010.24585,9.72067,23.602835,0.0,0.0,1007.01245,27,3,0,0,1.0,6.123233995736766e-17,45.0,45.0,56.67,102075.0,75050.0,24875.0,50.24,52.72366666666667,35699.083333333336,34025.52777777778
2023-03-28,45.0,97000.0,132.1,175.0,0,False,False,True,False,7.44,5.1452208,18.495667,0.0,0.0,1010.04584,3.6331198,16.436083,0.0,0.0,1011.7542,4.0313053,18.3665,0.0,0.0,1011.2166,8.715316,23.1695,0.0,0.0,1007.8416,28,3,1,0,1.0,6.123233995736766e-17,45.0,46.67,56.67,89900.0,23275.0,46000.0,48.57285714285714,52.39033333333334,37399.083333333336,34986.63888888889
2023-03-29,55.0,37550.0,131.81,175.0,0,False,False,True,False,7.44,4.9790187,18.54567,0.0,0.0,1011.6084,4.884513,17.05483,0.4,0.4,1013.3918,4.261351,18.874832,0.0,0.0,1012.78735,7.4135337,23.134085,0.0,0.0,1009.2,29,3,2,0,1.0,6.123233995736766e-17,45.0,45.0,56.67,97000.0,97600.0,7000.0,48.33428571428572,52.39033333333334,38417.416666666664,35287.194444444445
2023-03-30,45.0,97100.0,132.05,175.0,0,False,False,True,False,7.44,5.9464793,19.347752,0.0,0.0,1009.6208,4.5717416,17.506918,0.0,0.0,1011.4124,4.8536353,18.904,0.0,0.0,1010.98334,9.531436,24.188248,0.0,0.0,1007.429,30,3,3,0,1.0,6.123233995736766e-17,55.0,45.0,56.67,37550.0,101050.0,18000.0,46.667142857142856,52.001333333333335,41054.083333333336,36363.305555555555
2023-03-31,45.0,88800.0,132.05,175.0,0,False,False,True,False,7.44,4.8143387,16.729,1.6000001,1.6000001,1011.39594,3.5554292,15.992332,7.9999995,7.9999995,1013.01245,4.832388,16.426916,4.1,4.1,1012.3625,11.291129,22.779915,8.1,8.1,1008.96655,31,3,4,0,1.0,6.123233995736766e-17,45.0,45.0,45.0,97100.0,56125.0,19475.0,46.667142857142856,51.668,43364.916666666664,37299.97222222222
2023-04-01,45.0,17800.0,131.77,175.0,0,False,False,True,False,7.76,4.7520394,15.418583,2.8,2.8,1010.8459,3.876895,13.954833,8.1,8.1,1012.3083,5.586908,14.676919,2.2,2.2,1011.73737,7.121308,21.467415,0.4,0.4,1008.61255,1,4,5,1,0.8660254037844387,-0.4999999999999998,45.0,55.0,46.67,88800.0,14000.0,32060.0,46.42857142857143,51.334666666666664,42889.583333333336,37386.63888888889
2023-04-02,55.0,52500.0,131.77,175.0,0,False,False,True,False,7.76,4.9981008,14.451916,5.2,5.2,1008.78345,4.4928613,13.067334,13.300001,13.300001,1009.84576,4.1316485,14.637336,11.400001,11.400001,1009.42926,7.4697533,20.99033,0.9,0.9,1006.47504,2,4,6,1,0.8660254037844387,-0.4999999999999998,45.0,45.0,45.0,17800.0,102075.0,14000.0,47.857142857142854,51.668,44172.916666666664,37854.694444444445
2023-04-03,65.0,73400.0,131.77,165.0,0,False,False,True,False,7.76,5.3855367,16.491499,5.1000004,5.1000004,1007.7,3.7933378,14.7715,0.6,0.6,1009.0249,3.664934,17.256086,3.2,3.2,1008.51245,7.054128,22.471586,0.0,0.0,1005.42084,3,4,0,0,0.8660254037844387,-0.4999999999999998,55.0,45.0,45.0,52500.0,89900.0,32212.5,50.714285714285715,52.334666666666664,45545.833333333336,38329.694444444445
2023-04-04,65.0,58500.0,132.04,165.0,0,False,False,True,False,7.76,5.8835278,17.204,3.0,3.0,1009.4043,6.0201135,17.381916,0.8,0.8,1010.84155,5.013735,17.608168,4.7,4.7,1010.3792,9.657041,23.727835,0.9,0.9,1006.22516,4,4,1,0,0.8660254037844387,-0.4999999999999998,65.0,45.0,45.0,73400.0,97000.0,50425.0,53.57142857142857,53.001333333333335,45815.0,38724.416666666664
2023-04-05,65.0,40800.0,132.04,165.0,0,False,False,True,False,7.76,5.394254,18.791502,0.1,0.1,1008.8418,4.920257,17.052752,0.1,0.1,1010.1875,4.6,18.599834,1.0,1.0,1009.6458,9.54656,23.796585,0.0,0.0,1006.325,5,4,2,0,0.8660254037844387,-0.4999999999999998,65.0,55.0,55.0,58500.0,37550.0,12000.0,55.0,53.61233333333333,46775.0,38636.083333333336
2023-04-06,65.0,27250.0,131.51,165.0,0,False,False,True,False,7.76,5.6907163,19.456083,0.0,0.0,1010.81256,4.2760587,17.934,0.0,0.0,1012.5208,4.336431,19.268583,0.0,0.0,1012.1375,8.28817,23.8945,0.0,0.0,1008.5459,6,4,3,0,0.8660254037844387,-0.4999999999999998,65.0,65.0,45.0,40800.0,97100.0,6000.0,57.857142857142854,53.89,47483.333333333336,38369.13888888889
2023-04-07,65.0,19000.0,131.32,165.0,0,False,False,True,False,7.76,5.7709413,20.178999,0.0,0.0,1012.9707,4.109277,18.863165,0.0,0.0,1014.83344,4.5980635,19.426918,0.0,0.0,1014.5542,8.494548,24.465332,0.0,0.0,1010.7583,7,4,4,0,0.8660254037844387,-0.4999999999999998,65.0,65.0,45.0,27250.0,88800.0,4000.0,60.714285714285715,54.16766666666667,47983.333333333336,38049.694444444445
2023-04-08,55.0,10625.0,131.32,165.0,0,False,False,True,False,7.76,5.7023206,20.737333,0.0,0.0,1015.0417,5.713793,19.411085,0.0,0.0,1016.875,4.495298,20.0165,0.0,0.0,1016.41675,7.994495,24.636168,0.0,0.0,1012.3,8,4,5,1,0.8660254037844387,-0.4999999999999998,65.0,65.0,45.0,19000.0,17800.0,2750.0,62.142857142857146,53.83433333333333,48245.833333333336,37495.52777777778
2023-04-09,55.0,29250.0,131.32,165.0,0,False,False,True,False,7.76,5.240486,21.168585,0.0,0.0,1014.35834,6.684772,19.440248,0.0,0.0,1016.1624,5.0076017,20.749834,0.3,0.3,1015.57495,10.655875,25.938248,0.0,0.0,1011.05426,9,4,6,1,0.8660254037844387,-0.4999999999999998,55.0,65.0,55.0,10625.0,52500.0,2750.0,62.142857142857146,53.501,49129.166666666664,37141.083333333336
2023-04-10,55.0,47250.0,131.32,165.0,0,False,False,True,False,7.76,5.8193507,20.833166,0.0,0.0,1011.89154,4.996604,19.698584,0.0,0.0,1013.6792,4.209542,21.06442,0.0,0.0,1012.97076,10.587239,25.813253,0.0,0.0,1008.99994,10,4,0,0,0.8660254037844387,-0.4999999999999998,55.0,65.0,65.0,29250.0,73400.0,1750.0,60.714285714285715,53.16766666666667,50645.833333333336,37157.75
2023-04-11,55.0,25100.0,131.48,165.0,0,False,False,True,False,7.76,5.6201158,21.833166,0.0,0.0,1011.23737,3.8804934,19.817331,0.0,0.0,1013.32916,4.5508876,21.71025,0.0,0.0,1012.7373,7.884947,25.007004,0.0,0.0,1008.76666,11,4,1,0,0.8660254037844387,-0.4999999999999998,55.0,55.0,65.0,47250.0,58500.0,3500.0,59.285714285714285,52.83433333333333,51365.833333333336,36928.305555555555
2023-04-12,55.0,55250.0,131.71,165.0,0,False,False,True,False,7.76,6.37755,22.751917,0.0,0.0,1010.78754,5.283756,20.586082,0.0,0.0,1012.8582,4.615805,22.191498,0.0,0.0,1012.31244,8.154145,25.400751,0.0,0.0,1007.9876,12,4,2,0,0.8660254037844387,-0.4999999999999998,55.0,55.0,65.0,25100.0,40800.0,19750.0,57.857142857142854,52.44533333333333,52549.166666666664,36956.083333333336
2023-04-13,55.0,11250.0,131.63,165.0,1,False,False,True,False,7.76,5.61171,23.472748,0.0,0.0,1009.40845,5.7054234,21.7715,0.0,0.0,1011.4209,4.7833476,22.656084,0.0,0.0,1010.9126,8.421597,26.186165,0.0,0.0,1006.5833,13,4,3,0,0.8660254037844387,-0.4999999999999998,55.0,55.0,65.0,55250.0,27250.0,23625.0,56.42857142857143,53.056333333333335,52136.666666666664,36347.194444444445
2023-04-14,55.0,27450.0,131.27,165.0,1,False,False,True,False,7.76,6.3246236,24.195671,0.0,0.0,1009.85004,5.4908233,22.267336,0.0,0.0,1011.95825,4.623662,23.260254,0.0,0.0,1011.42926,8.788743,27.654917,0.0,0.0,1006.8667,14,4,4,0,0.8660254037844387,-0.4999999999999998,55.0,55.0,65.0,11250.0,19000.0,19600.0,55.0,53.056333333333335,52398.333333333336,35918.305555555555
2023-04-15,55.0,24480.0,131.27,165.0,0,False,False,True,False,7.76,5.774485,24.670668,0.0,0.0,1010.6917,3.65582,22.331917,0.8,0.8,1012.85004,3.538574,24.022753,0.0,0.0,1012.0127,8.424049,28.409082,0.0,0.0,1007.31244,15,4,5,1,0.8660254037844387,-0.4999999999999998,55.0,55.0,55.0,27450.0,10625.0,65000.0,55.0,53.38966666666667,51047.666666666664,35956.97222222222
2023-04-16,55.0,8550.0,131.27,165.0,0,False,False,True,False,7.76,6.246475,25.10817,0.0,0.0,1008.3708,4.9209657,22.311087,0.0,0.0,1010.61664,4.365742,24.874838,0.0,0.0,1009.77496,9.172196,28.48408,0.0,0.0,1004.7126,16,4,6,1,0.8660254037844387,-0.4999999999999998,55.0,55.0,55.0,24480.0,29250.0,49250.0,55.0,53.66733333333333,49691.0,35690.86111111111
2023-04-17,45.0,15275.0,131.27,165.0,0,False,False,True,False,7.76,6.4785633,25.266504,0.0,0.0,1008.2,5.004895,23.742332,0.0,0.0,1010.3875,4.9727015,24.860252,0.0,0.0,1009.70013,8.753559,28.469498,0.0,0.0,1004.69165,17,4,0,0,0.8660254037844387,-0.4999999999999998,55.0,55.0,55.0,8550.0,47250.0,28825.0,53.57142857142857,53.611666666666665,49239.333333333336,35243.916666666664
2023-04-18,55.0,11250.0,131.46,165.0,0,False,False,True,False,7.76,6.8063087,25.770666,0.0,0.0,1009.05426,6.890997,24.49025,0.0,0.0,1011.28754,4.915482,25.75817,0.0,0.0,1010.3084,10.068906,29.802834,0.0,0.0,1005.2625,18,4,1,0,0.8660254037844387,-0.4999999999999998,45.0,55.0,55.0,15275.0,25100.0,53925.0,53.57142857142857,53.945,47816.833333333336,34521.694444444445
2023-04-19,55.0,16590.0,131.57,165.0,0,False,False,True,False,7.76,6.914421,25.70817,0.0,0.0,1005.13324,6.0919595,24.338167,0.0,0.0,1007.2749,5.364224,25.470667,0.3,0.3,1006.646,10.734174,29.79033,0.0,0.0,1001.7541,19,4,2,0,0.8660254037844387,-0.4999999999999998,55.0,55.0,55.0,11250.0,55250.0,75050.0,53.57142857142857,53.889333333333326,45868.166666666664,34044.916666666664
2023-04-20,55.0,17720.0,131.87,165.0,0,False,False,True,False,7.76,6.7228923,24.839418,0.0,0.0,1003.1333,5.222962,23.627752,0.1,0.1,1005.2292,5.2510824,24.162333,0.0,0.0,1004.6501,9.102308,28.596582,0.0,0.0,999.771,20,4,3,0,0.8660254037844387,-0.4999999999999998,55.0,45.0,55.0,16590.0,11250.0,23275.0,53.57142857142857,53.833666666666666,45683.0,33359.305555555555
2023-04-21,55.0,34050.0,131.74,165.0,0,False,False,True,False,7.76,5.6967063,21.508165,1.9,1.9,1005.89166,7.284435,20.88608,0.1,0.1,1007.6208,7.8045883,22.312332,0.0,0.0,1006.5666,10.361667,27.846582,2.6,2.6,1001.5959,21,4,4,0,0.8660254037844387,-0.4999999999999998,55.0,55.0,55.0,17720.0,27450.0,97600.0,53.57142857142857,53.778,43564.666666666664,32855.13888888889
2023-04-22,55.0,21365.0,131.65,165.0,0,False,False,True,False,7.76,7.0708537,21.5165,0.0,0.0,1006.0,4.1349154,20.033998,0.8000001,0.8000001,1007.7624,4.8690934,21.337336,0.4,0.4,1007.1834,8.918773,27.498667,0.0,0.0,1003.17926,22,4,5,1,0.8660254037844387,-0.4999999999999998,55.0,55.0,55.0,34050.0,24480.0,101050.0,53.57142857142857,53.72233333333333,40908.5,32434.194444444445
2023-04-23,55.0,15000.0,131.65,165.0,0,False,False,True,False,7.76,7.6508255,21.23317,0.0,0.0,1008.56665,4.3641896,19.792336,3.6999998,3.6999998,1010.6125,5.0860887,20.464417,1.5999999,1.5999999,1010.04584,12.340966,26.917418,0.0,0.0,1006.4082,23,4,6,1,0.8660254037844387,-0.4999999999999998,55.0,55.0,55.0,21365.0,8550.0,56125.0,53.57142857142857,54.05566666666666,39537.666666666664,31328.083333333332
2023-04-24,55.0,27830.0,131.65,165.0,0,False,False,True,False,7.76,4.32246,17.908169,1.3000001,1.3000001,1014.17926,4.2374215,16.21525,0.3,0.3,1015.7791,4.455055,17.747751,5.1,5.1,1015.00415,8.602454,24.319502,0.6,0.6,1011.3625,24,4,0,0,0.8660254037844387,-0.4999999999999998,55.0,55.0,45.0,15000.0,15275.0,14000.0,55.0,54.333333333333336,39998.666666666664,31123.416666666668
2023-04-25,55.0,24250.0,131.36,165.0,0,False,False,True,False,7.76,4.482447,18.79775,0.6,0.6,1013.72504,4.1480527,16.646498,2.6,2.6,1015.45825,4.367118,19.297752,0.0,0.0,1014.5166,6.0502415,25.940332,0.0,0.0,1010.57074,25,4,1,0,0.8660254037844387,-0.4999999999999998,55.0,55.0,55.0,27830.0,11250.0,102075.0,55.0,54.666666666666664,37404.5,30793.972222222223
2023-04-26,55.0,56575.0,131.37,165.0,0,False,False,True,False,7.76,5.0489125,20.312334,0.1,0.1,1010.8792,5.7092547,18.3715,0.4,0.4,1012.6541,4.555549,20.695665,1.6,1.6,1011.82916,8.295651,27.488249,0.0,0.0,1007.58325,26,4,2,0,0.8660254037844387,-0.4999999999999998,55.0,55.0,55.0,24250.0,16590.0,89900.0,55.0,55.0,36293.666666666664,31297.583333333332
2023-04-27,55.0,28000.0,131.13,165.0,0,False,False,True,False,7.76,5.454702,20.912334,0.1,0.1,1010.6958,5.184435,19.138166,0.1,0.1,1012.53754,4.688149,20.956083,0.0,0.0,1011.68756,8.517187,27.092417,0.0,0.0,1007.57513,27,4,3,0,0.8660254037844387,-0.4999999999999998,55.0,55.0,55.0,56575.0,17720.0,97000.0,55.0,55.333333333333336,33993.666666666664,31244.805555555555
2023-04-28,55.0,30750.0,131.25,165.0,0,False,False,True,False,7.76,6.1637416,21.218584,0.0,0.0,1010.62067,7.7041645,19.269419,0.0,0.0,1012.34174,5.540033,21.11025,0.0,0.0,1011.58344,7.9005466,27.56325,0.0,0.0,1007.3083,28,4,4,0,0.8660254037844387,-0.4999999999999998,55.0,55.0,55.0,28000.0,34050.0,37550.0,55.0,55.333333333333336,33767.0,31085.36111111111
2023-04-29,55.0,30750.0,131.23,165.0,0,False,False,True,False,7.76,5.828287,21.137335,0.70000005,0.70000005,1009.94574,4.7662005,19.004831,2.0,2.0,1012.03754,5.0678964,20.764418,2.6,2.6,1011.30005,6.903707,27.479918,0.5,0.5,1006.9082,29,4,5,1,0.8660254037844387,-0.4999999999999998,55.0,55.0,55.0,30750.0,21365.0,97100.0,55.0,55.666666666666664,31555.333333333332,30344.805555555555
2023-04-30,55.0,10925.0,131.23,165.0,0,False,False,True,False,7.76,3.873769,19.0165,3.6999998,3.6999998,1009.875,3.9414914,17.475668,2.6,2.6,1011.4709,4.2964883,19.274836,0.7,0.7,1010.5959,9.614539,25.52575,5.9,5.9,1007.17914,30,4,6,1,0.8660254037844387,-0.4999999999999998,55.0,55.0,55.0,30750.0,15000.0,88800.0,55.0,56.0,28959.5,30085.63888888889
2023-05-01,45.0,10925.0,131.23,165.0,0,False,False,True,False,7.41,3.7134283,18.19775,1.6000001,1.6000001,1011.15424,3.5125923,15.829831,6.7000003,6.7000003,1012.89996,3.7089674,16.933168,3.2999997,3.2999997,1012.1916,3.8321245,24.3945,0.4,0.4,1008.6125,1,5,0,0,0.49999999999999994,-0.8660254037844387,55.0,55.0,55.0,10925.0,27830.0,17800.0,53.57142857142857,56.0,28730.333333333332,29734.805555555555
2023-05-02,55.0,10260.0,131.23,165.0,0,False,False,True,False,7.41,4.275594,17.92275,4.2999997,4.2999997,1011.9417,3.4215968,15.965251,13.4,13.4,1013.4666,3.9916947,17.756086,1.9,1.9,1012.6541,4.8173776,24.992416,0.4,0.4,1008.93335,2,5,1,0,0.49999999999999994,-0.8660254037844387,45.0,55.0,55.0,10925.0,24250.0,52500.0,53.57142857142857,56.0,27322.333333333332,29159.916666666668
2023-05-03,55.0,28300.0,131.32,165.0,0,False,False,True,False,7.41,4.4975657,19.306084,3.6000001,3.6000001,1012.3333,3.4542847,17.556915,6.0,6.0,1014.00836,4.192605,19.158169,7.3999996,7.3999996,1013.13745,6.593063,26.831999,0.0,0.0,1008.9875,3,5,2,0,0.49999999999999994,-0.8660254037844387,55.0,55.0,55.0,10260.0,56575.0,73400.0,53.57142857142857,55.666666666666664,25819.0,29152.13888888889
2023-05-04,55.0,32200.0,131.22,165.0,0,False,False,True,False,7.41,4.005202,19.001917,0.5,0.5,1011.19586,3.6793432,16.750666,11.9,11.9,1013.01666,3.822717,18.4415,8.400001,8.400001,1012.22925,6.8037105,26.24659,6.1,6.1,1008.1333,4,5,3,0,0.49999999999999994,-0.8660254037844387,55.0,45.0,55.0,28300.0,28000.0,58500.0,53.57142857142857,55.333333333333336,24942.333333333332,29276.583333333332
2023-05-05,55.0,12000.0,131.19,165.0,0,False,False,True,False,7.41,5.504024,20.343584,0.0,0.0,1008.32086,5.7424164,18.494417,0.4,0.4,1009.79987,5.202573,20.0665,0.0,0.0,1009.1125,9.436031,27.55075,0.0,0.0,1005.43335,5,5,4,0,0.49999999999999994,-0.8660254037844387,55.0,55.0,55.0,32200.0,30750.0,40800.0,53.57142857142857,55.0,23982.333333333332,29354.36111111111
2023-05-06,55.0,12000.0,131.19,165.0,0,False,False,True,False,7.41,5.065104,21.966501,0.5,0.5,1006.2708,5.0054994,19.829832,0.1,0.1,1008.07916,5.390528,21.562334,0.0,0.0,1007.39996,11.126602,29.042414,0.0,0.0,1003.02094,6,5,5,1,0.49999999999999994,-0.8660254037844387,55.0,55.0,55.0,12000.0,30750.0,27250.0,53.57142857142857,54.666666666666664,23474.0,29409.916666666668
2023-05-07,55.0,12525.0,131.19,165.0,0,False,False,True,False,7.41,6.4751263,21.881083,3.0999997,3.0999997,1006.67084,4.389991,20.252748,0.4,0.4,1008.70416,5.1239667,22.516502,0.3,0.3,1007.75415,9.5373535,30.28408,0.0,0.0,1002.7834,7,5,6,1,0.49999999999999994,-0.8660254037844387,55.0,55.0,55.0,12000.0,10925.0,19000.0,53.57142857142857,54.333333333333336,23258.166666666668,29471.305555555555
2023-05-08,55.0,20000.0,131.19,165.0,0,False,False,True,False,7.41,6.597198,23.266504,0.0,0.0,1006.425,4.697688,21.834002,0.1,0.1,1008.5334,4.9696245,23.458168,0.0,0.0,1007.7585,10.503653,30.33825,0.0,0.0,1003.1084,8,5,0,0,0.49999999999999994,-0.8660254037844387,55.0,55.0,45.0,12525.0,10925.0,10625.0,55.0,54.333333333333336,23570.666666666668,29464.916666666668
2023-05-09,55.0,11250.0,131.18,165.0,0,False,False,True,False,7.41,6.4030433,23.429,0.0,0.0,1006.57904,4.571966,21.988165,0.0,0.0,1008.72906,5.21179,23.547752,0.0,0.0,1007.9998,10.586921,29.982004,0.0,0.0,1003.1584,9,5,1,0,0.49999999999999994,-0.8660254037844387,55.0,55.0,55.0,20000.0,10260.0,29250.0,55.0,54.333333333333336,22970.666666666668,29523.805555555555
2023-05-10,56.67,11250.0,131.57,165.0,0,False,False,True,False,7.41,6.2275214,23.581083,0.0,0.0,1006.3125,5.1303754,22.454834,0.0,0.0,1008.6543,4.4867654,23.985252,0.0,0.0,1007.7917,8.709554,29.698664,0.0,0.0,1003.17096,10,5,2,0,0.49999999999999994,-0.8660254037844387,55.0,55.0,55.0,11250.0,28300.0,47250.0,55.238571428571426,54.389,21770.666666666668,29515.472222222223
2023-05-11,55.0,11250.0,131.48,165.0,0,False,False,True,False,7.41,6.909613,24.112335,0.0,0.0,1009.00006,4.384855,21.675667,0.0,0.0,1011.32916,4.6677775,23.568586,0.0,0.0,1010.4749,7.7677855,29.22367,0.0,0.0,1005.79596,11,5,3,0,0.49999999999999994,-0.8660254037844387,56.67,55.0,55.0,11250.0,32200.0,25100.0,55.238571428571426,54.389,21309.0,29596.027777777777
2023-05-12,55.0,11250.0,131.65,165.0,0,False,False,True,False,7.41,7.303175,24.353998,0.0,0.0,1009.3208,4.471254,22.088165,0.1,0.1,1011.57074,5.573562,23.470667,0.0,0.0,1010.83746,9.72558,30.454918,0.0,0.0,1006.0041,12,5,4,0,0.49999999999999994,-0.8660254037844387,55.0,55.0,55.0,11250.0,12000.0,55250.0,55.238571428571426,54.389,19842.333333333332,29676.583333333332
2023-05-13,55.0,10625.0,131.77,165.0,0,False,False,True,False,7.41,5.285121,24.310251,0.0,0.0,1009.0166,4.349667,21.725664,0.70000005,0.70000005,1011.0999,5.698723,23.620667,0.0,0.0,1010.22076,8.860509,31.709078,0.0,0.0,1005.5083,13,5,5,1,0.49999999999999994,-0.8660254037844387,55.0,56.67,55.0,11250.0,12000.0,11250.0,55.238571428571426,54.389,19821.5,29639.083333333332
2023-05-14,55.0,39950.0,131.77,165.0,0,False,False,True,False,7.41,4.3758817,23.018585,5.1999993,5.1999993,1006.27075,4.1593776,20.525667,11.2,11.2,1008.37085,5.771007,22.6915,1.9000001,1.9000001,1007.3582,10.2810755,31.996588,0.0,0.0,1001.40424,14,5,6,1,0.49999999999999994,-0.8660254037844387,55.0,55.0,55.0,10625.0,12525.0,27450.0,55.238571428571426,54.389,20238.166666666668,29949.63888888889
2023-05-15,55.0,41300.0,131.77,165.0,0,False,False,True,False,7.41,6.285641,21.1165,13.6,13.6,1006.06256,5.7795024,19.204834,2.0,2.0,1007.779,5.687052,21.431086,2.1,2.1,1006.72076,7.4937625,30.184082,0.0,0.0,1001.8127,15,5,0,0,0.49999999999999994,-0.8660254037844387,55.0,55.0,55.0,39950.0,20000.0,24480.0,55.238571428571426,54.389,20798.833333333332,30275.194444444445
2023-05-16,55.0,2625.0,131.98,155.0,0,False,False,True,False,7.41,4.6867423,20.312334,24.8,24.8,1007.61255,3.5235472,19.613167,17.5,17.5,1009.3376,5.2281985,20.6415,10.5,10.5,1008.53754,11.349361,29.29658,1.6,1.6,1003.51245,16,5,1,0,0.49999999999999994,-0.8660254037844387,55.0,55.0,55.0,41300.0,11250.0,8550.0,55.238571428571426,54.389,20601.333333333332,30059.916666666668
2023-05-17,55.0,2500.0,131.84,155.0,0,False,False,True,False,7.41,5.3365593,20.537333,41.599995,41.599995,1010.13745,4.288051,19.971498,10.099999,10.099999,1011.83325,5.30096,20.849833,3.0,3.0,1010.87506,11.195926,28.404917,6.1000004,6.1000004,1006.2207,17,5,2,0,0.49999999999999994,-0.8660254037844387,55.0,55.0,56.67,2625.0,11250.0,15275.0,55.0,54.72233333333334,20175.5,29929.36111111111
2023-05-18,55.0,2500.0,132.12,155.0,0,False,False,True,False,7.41,5.2973084,20.510252,36.000004,36.000004,1010.90015,5.984855,19.736082,7.4999995,7.4999995,1012.22925,4.7000504,20.904001,8.600002,8.600002,1011.33746,9.668312,27.975748,1.2,1.2,1007.2961,18,5,3,0,0.49999999999999994,-0.8660254037844387,55.0,55.0,55.0,2500.0,11250.0,11250.0,55.0,54.72233333333334,19883.833333333332,29798.805555555555
2023-05-19,55.0,25275.0,132.47,155.0,0,False,False,True,False,7.41,4.8330436,21.060251,11.400001,11.400001,1008.521,6.3129025,20.265247,0.6,0.6,1009.92914,5.904658,22.279001,0.3,0.3,1008.9084,8.702121,28.31117,0.0,0.0,1004.79175,19,5,4,0,0.49999999999999994,-0.8660254037844387,55.0,55.0,55.0,2500.0,11250.0,16590.0,55.0,54.72233333333334,20173.333333333332,30057.416666666668
2023-05-20,55.0,5125.0,132.56,155.0,0,False,False,True,False,7.41,4.323064,21.083168,6.5,6.5,1007.61664,4.0141816,19.981916,0.70000005,0.70000005,1009.51245,5.1192203,21.795668,8.7,8.7,1008.59174,8.938805,28.95492,0.0,0.0,1003.89166,20,5,5,1,0.49999999999999994,-0.8660254037844387,55.0,55.0,55.0,25275.0,10625.0,17720.0,55.0,54.72233333333334,19753.5,30107.416666666668
2023-05-21,55.0,2625.0,132.56,155.0,0,False,False,True,False,7.41,5.183294,21.456085,0.6,0.6,1008.60406,4.901633,20.836086,1.2,1.2,1010.29584,4.7049317,22.12692,0.5,0.5,1009.6208,9.238637,29.1445,1.6,1.6,1005.1209,21,5,6,1,0.49999999999999994,-0.8660254037844387,55.0,55.0,55.0,5125.0,39950.0,34050.0,55.0,54.72233333333334,18706.0,29935.194444444445
2023-05-22,55.0,13000.0,132.56,155.0,0,False,False,True,False,7.41,5.055761,22.741503,0.8,0.8,1009.89594,4.597051,21.579834,1.4,1.4,1011.5418,4.6079926,22.726915,0.9,0.9,1010.7876,12.587669,30.23617,0.3,0.3,1006.50836,22,5,0,0,0.49999999999999994,-0.8660254037844387,55.0,55.0,55.0,2625.0,41300.0,21365.0,55.0,54.72233333333334,18427.166666666668,29935.194444444445
2023-05-23,45.0,6575.0,132.83,155.0,0,False,False,True,False,7.41,3.5229967,21.762335,0.2,0.2,1010.1792,3.14248,20.400663,4.4,4.4,1011.96246,4.7769065,21.041502,5.4999995,5.4999995,1011.20844,8.645089,26.396585,7.5999994,7.5999994,1007.3875,23,5,1,0,0.49999999999999994,-0.8660254037844387,55.0,55.0,55.0,13000.0,2625.0,15000.0,53.57142857142857,54.389,18146.333333333332,29541.583333333332
2023-05-24,45.0,2625.0,132.79,155.0,0,False,False,True,False,7.41,3.9226234,21.69567,11.3,11.3,1008.9334,4.5848956,20.631914,8.1,8.1,1010.59576,4.4135585,21.418585,8.2,8.2,1009.7959,7.8723187,28.18825,0.2,0.2,1005.675,24,5,2,0,0.49999999999999994,-0.8660254037844387,45.0,55.0,55.0,6575.0,2500.0,27830.0,52.142857142857146,54.05566666666667,17306.166666666668,29497.972222222223
2023-05-25,45.0,1250.0,132.56,155.0,0,False,False,True,False,7.41,4.2283645,19.9415,15.700001,15.700001,1008.52905,4.562876,19.548582,17.000002,17.000002,1009.98334,4.3776574,20.408167,12.3,12.3,1009.0708,8.071662,28.119501,2.6000001,2.6000001,1004.5125,25,5,3,0,0.49999999999999994,-0.8660254037844387,45.0,55.0,55.0,2625.0,2500.0,24250.0,50.714285714285715,53.72233333333334,16539.5,29158.527777777777
2023-05-26,45.0,18125.0,132.69,155.0,0,False,False,True,False,7.41,4.6124873,20.674835,0.6,0.6,1008.73755,3.5989063,19.04233,4.8,4.8,1010.4124,3.9339797,19.849834,1.6000001,1.6000001,1009.68744,6.9137874,26.079916,17.300001,17.300001,1006.0417,26,5,4,0,0.49999999999999994,-0.8660254037844387,45.0,45.0,55.0,1250.0,25275.0,56575.0,49.285714285714285,53.389,15257.833333333334,29083.527777777777
2023-05-27,45.0,5000.0,132.43,155.0,0,False,False,True,False,7.41,4.466575,19.799835,7.0,7.0,1008.38763,3.5225208,18.738169,2.8999999,2.8999999,1009.8833,4.7373133,19.324835,5.1,5.1,1009.3167,5.075319,26.309082,7.1000004,7.1000004,1005.6875,27,5,5,1,0.49999999999999994,-0.8660254037844387,45.0,45.0,55.0,18125.0,5125.0,28000.0,47.857142857142854,53.05566666666667,14491.166666666666,28627.972222222223
2023-05-28,45.0,2800.0,132.43,155.0,0,False,False,True,False,7.41,4.825532,20.604002,1.6,1.6,1009.9709,2.8725646,19.02775,1.4000002,1.4000002,1011.68335,4.200808,20.272753,1.1000001,1.1000001,1010.99164,7.6034684,27.194498,1.3000001,1.3000001,1007.09174,28,5,6,1,0.49999999999999994,-0.8660254037844387,45.0,45.0,55.0,5000.0,2625.0,30750.0,46.42857142857143,52.72233333333334,13559.5,28581.305555555555
2023-05-29,45.0,9000.0,132.43,155.0,0,False,False,True,False,7.41,4.853761,22.114416,0.0,0.0,1011.19183,3.143382,20.850666,1.3000001,1.3000001,1012.9666,3.321954,22.231085,1.3000001,1.3000001,1012.1541,5.0017915,29.27575,0.0,0.0,1007.48755,29,5,0,0,0.49999999999999994,-0.8660254037844387,45.0,45.0,55.0,2800.0,13000.0,30750.0,45.0,52.389,12834.5,28481.305555555555
2023-05-30,38.75,5975.0,132.51,155.0,0,False,False,True,False,7.41,5.518551,23.933167,0.0,0.0,1010.18335,3.807792,22.323584,1.6000001,1.6000001,1012.32904,4.2990813,23.901918,0.0,0.0,1011.4167,7.0421424,31.204916,0.0,0.0,1005.85834,30,5,1,0,0.49999999999999994,-0.8660254037844387,45.0,45.0,45.0,9000.0,6575.0,10925.0,44.107142857142854,51.84733333333334,12669.5,28331.305555555555
2023-05-31,32.5,2950.0,132.64,155.0,0,False,False,True,False,7.41,6.1252875,25.056084,0.0,0.0,1007.85406,6.3099484,23.829834,0.1,0.1,1010.04987,4.7869577,25.38317,0.0,0.0,1008.88324,10.029719,32.381996,0.0,0.0,1003.40826,31,5,2,0,0.49999999999999994,-0.8660254037844387,38.75,45.0,45.0,5975.0,2625.0,10925.0,42.32142857142857,51.43066666666667,12403.666666666666,28007.86111111111
2023-06-01,27.5,10325.0,132.66,155.0,0,False,True,False,False,6.83,5.312603,25.335249,0.0,0.0,1005.00415,4.224907,23.702745,0.0,0.0,1006.9124,4.700769,25.868586,0.0,0.0,1006.0249,12.688183,32.42158,0.0,0.0,1001.3,1,6,3,0,1.2246467991473532e-16,-1.0,32.5,45.0,45.0,2950.0,1250.0,10260.0,39.82142857142857,50.514,12405.833333333334,27967.027777777777
2023-06-02,27.5,1425.0,132.16,155.0,0,False,True,False,False,6.83,5.7840486,24.86025,0.0,0.0,1004.96246,5.203756,23.302748,0.0,0.0,1007.07074,3.8382292,26.024836,0.0,0.0,1005.9167,10.494607,32.440334,0.0,0.0,1001.1335,2,6,4,0,1.2246467991473532e-16,-1.0,27.5,38.75,45.0,10325.0,18125.0,28300.0,37.32142857142857,49.59733333333334,11510.0,27624.944444444445
2023-06-03,27.5,1425.0,132.0,155.0,0,False,True,False,False,6.83,5.219419,25.370668,0.0,0.0,1006.1458,4.0528135,23.12358,0.4,0.4,1008.4958,4.3059235,25.814417,0.0,0.0,1007.44586,9.303121,32.352833,0.0,0.0,1002.35406,3,6,5,1,1.2246467991473532e-16,-1.0,27.5,32.5,45.0,1425.0,5000.0,32200.0,34.82142857142857,48.68066666666667,10484.166666666666,27080.5
2023-06-04,27.67,4150.0,132.0,155.0,0,False,True,False,False,6.83,5.9325395,25.197748,0.0,0.0,1006.05005,4.2936587,24.084,0.0,0.0,1008.21246,4.6985917,25.493584,0.0,0.0,1007.34985,6.8065586,32.040333,0.0,0.0,1002.3667,4,6,6,1,1.2246467991473532e-16,-1.0,27.5,27.5,45.0,1425.0,2800.0,12000.0,32.34571428571429,47.76966666666667,10222.5,26993.277777777777
2023-06-05,27.5,14950.0,132.0,155.0,0,False,True,False,False,6.83,5.90756,24.824831,0.0,0.0,1005.83746,4.523147,22.961082,0.0,0.0,1008.2041,3.6499698,25.404001,0.1,0.1,1007.13745,8.995474,32.79658,0.0,0.0,1001.72095,5,6,0,0,1.2246467991473532e-16,-1.0,27.67,27.5,45.0,4150.0,9000.0,12000.0,29.845714285714287,46.853,10320.833333333334,27092.722222222223
2023-06-06,25.0,14950.0,132.58,155.0,0,False,True,False,False,6.83,5.340983,25.189417,0.1,0.1,1005.13336,3.334479,23.463167,3.3999999,3.3999999,1007.72504,4.0104675,25.353998,0.3,0.3,1006.62506,9.53441,33.492416,0.0,0.0,1000.7,6,6,1,0,1.2246467991473532e-16,-1.0,27.5,27.5,38.75,14950.0,5975.0,12525.0,27.881428571428575,45.853,10401.666666666666,27214.38888888889
2023-06-07,22.5,6200.0,132.48,155.0,0,False,True,False,False,6.83,5.6973457,25.199835,0.1,0.1,1004.7165,2.95799,23.77983,0.3,0.3,1007.2251,3.7256851,25.895668,0.5,0.5,1006.03326,7.302143,34.107,0.0,0.0,1000.0041,7,6,2,0,1.2246467991473532e-16,-1.0,25.0,27.67,32.5,14950.0,2950.0,20000.0,26.452857142857145,44.76966666666667,9941.666666666666,27252.722222222223
2023-06-08,30.63,6425.0,132.38,155.0,0,False,True,False,False,6.83,5.537622,26.201914,0.1,0.1,1004.06647,3.2018855,25.0215,0.2,0.2,1006.6499,4.1200986,26.637337,0.1,0.1,1005.37085,8.482054,34.727833,0.0,0.0,999.3291,8,6,3,0,1.2246467991473532e-16,-1.0,22.5,27.5,27.5,6200.0,10325.0,11250.0,26.900000000000002,43.95733333333333,9780.833333333334,27293.555555555555
2023-06-09,38.75,6650.0,132.41,155.0,0,False,True,False,False,6.83,6.0876694,26.833166,0.0,0.0,1001.65845,3.936598,25.296495,0.2,0.2,1004.2417,4.7191887,26.806086,0.0,0.0,1003.1584,11.046096,34.68408,0.0,0.0,997.6208,9,6,4,0,1.2246467991473532e-16,-1.0,30.63,25.0,27.5,6425.0,1425.0,11250.0,28.50714285714286,43.36,9627.5,27348.0
2023-06-10,46.88,6875.0,132.25,155.0,0,False,True,False,False,6.83,5.264278,26.22692,0.3,0.3,1001.3125,4.8679585,23.934,1.4,1.4,1003.73334,4.437857,25.447754,0.3,0.3,1002.7834,11.559361,33.340332,0.9,0.9,997.80835,10,6,5,1,1.2246467991473532e-16,-1.0,38.75,22.5,27.5,6650.0,1425.0,11250.0,31.275714285714287,43.089333333333336,9481.666666666666,27385.5
2023-06-11,55.0,7100.0,132.25,155.0,0,False,True,False,False,6.83,5.2917233,24.739418,3.7999997,3.7999997,1000.9292,5.449364,23.431915,1.8,1.8,1002.86664,4.35394,24.6165,2.8999999,2.8999999,1001.92914,10.685509,31.327833,2.6999998,2.6999998,997.0,11,6,6,1,1.2246467991473532e-16,-1.0,46.88,30.63,27.67,6875.0,4150.0,11250.0,35.18,43.089333333333336,9343.333333333334,27244.944444444445
2023-06-12,55.0,7450.0,132.25,155.0,0,False,True,False,False,6.83,5.544481,23.735252,10.8,10.8,1001.52924,3.3575075,22.815248,4.2999997,4.2999997,1003.56244,4.521981,23.395666,11.8,11.8,1002.51245,14.662014,29.36534,2.6999998,2.6999998,998.03326,12,6,0,0,1.2246467991473532e-16,-1.0,55.0,38.75,27.5,7100.0,14950.0,10625.0,39.10857142857143,43.089333333333336,9237.5,27065.222222222223
2023-06-13,35.0,2500.0,132.2,155.0,0,False,True,False,False,6.83,5.5110087,23.381086,16.7,16.7,1000.5999,3.641072,22.773582,5.7,5.7,1002.4041,5.212297,23.229002,11.5,11.5,1001.48315,9.350166,28.827833,11.9,11.9,996.93756,13,6,1,0,1.2246467991473532e-16,-1.0,55.0,46.88,25.0,7450.0,14950.0,39950.0,40.537142857142854,42.42266666666667,7989.166666666667,26875.222222222223
2023-06-14,35.0,1875.0,132.1,155.0,0,False,True,False,False,6.83,5.260508,22.004,109.899994,109.899994,1001.00006,4.8760896,21.331915,44.89999,44.89999,1003.03345,4.078634,22.214417,31.2,31.2,1001.99164,8.954613,29.907003,0.6,0.6,996.19586,14,6,2,0,1.2246467991473532e-16,-1.0,35.0,55.0,22.5,2500.0,6200.0,41300.0,42.32285714285714,41.756,6675.0,26173.833333333332
2023-06-15,35.0,2000.0,131.66,155.0,0,False,True,False,False,6.83,5.9190326,22.976915,40.7,40.7,1000.80414,4.569378,22.300667,17.300001,17.300001,1002.9167,5.410334,23.297754,13.500001,13.500001,1001.85425,11.327296,31.529917,0.0,0.0,995.7918,15,6,3,0,1.2246467991473532e-16,-1.0,35.0,55.0,30.63,1875.0,6425.0,2625.0,42.94714285714286,41.089333333333336,6654.166666666667,25648.833333333332
2023-06-16,35.0,2125.0,131.79,155.0,0,False,True,False,False,6.83,5.464302,23.949837,9.9,9.9,1001.2,4.013311,23.136086,1.4000001,1.4000001,1003.41675,4.181627,24.16025,2.5,2.5,1002.37506,12.399007,31.938248,0.0,0.0,996.67487,16,6,4,0,1.2246467991473532e-16,-1.0,35.0,35.0,38.75,2000.0,6650.0,2500.0,42.41142857142857,40.42266666666667,6641.666666666667,25352.166666666668
2023-06-17,34.53,1416.67,131.4,155.0,0,False,True,False,False,6.83,5.2021756,24.735252,27.9,27.9,1003.1084,4.8479767,23.767336,2.3,2.3,1005.1584,4.2561746,25.231081,2.0,2.0,1003.8874,11.767766,32.0695,0.0,0.0,998.67505,17,6,5,1,1.2246467991473532e-16,-1.0,35.0,35.0,46.88,2125.0,6875.0,2500.0,40.64714285714285,39.74033333333333,6605.555666666667,24768.740777777777
2023-06-18,34.07,708.33,131.4,155.0,0,False,True,False,False,6.83,5.5092406,23.639418,32.800003,32.800003,1004.73315,6.3843327,23.6465,1.9000002,1.9000002,1006.38354,5.146849,23.751915,6.4,6.4,1005.4416,12.799596,30.902832,3.8,3.8,1000.22504,18,6,6,1,1.2246467991473532e-16,-1.0,34.53,35.0,55.0,1416.67,7100.0,25275.0,37.65714285714286,39.04266666666667,5786.666666666667,23942.722222222223
2023-06-19,33.6,708.33,131.4,155.0,0,False,True,False,False,6.83,4.8577323,23.685251,16.1,16.1,1003.8459,6.016296,23.252752,1.4000001,1.4000001,1005.5083,4.000896,23.674837,6.1,6.1,1004.55,11.848594,30.338247,13.700001,13.700001,1000.0251,19,6,0,0,1.2246467991473532e-16,-1.0,34.07,35.0,55.0,708.33,7450.0,5125.0,34.6,38.32933333333334,5639.444333333333,23691.981444444446
2023-06-20,40.0,1750.0,131.4,155.0,0,False,True,False,False,6.83,3.9799337,24.112335,9.7,9.7,1003.58344,6.15312,23.129837,5.5,5.5,1005.4001,5.326471,23.954002,4.3999996,4.3999996,1004.35004,9.52556,29.609083,1.0,1.0,999.97906,20,6,1,0,1.2246467991473532e-16,-1.0,33.6,34.53,35.0,708.33,2500.0,2625.0,35.31428571428571,37.82933333333334,5610.277666666666,22626.981444444446
2023-06-21,39.0,2250.0,131.7,155.0,0,False,True,False,False,6.83,4.1844263,24.651918,2.2000003,2.2000003,1004.01245,5.6549344,23.811083,9.700002,9.700002,1005.8,3.757074,23.801918,18.400003,18.400003,1005.10834,9.387769,29.79033,10.799999,10.799999,1000.60425,21,6,2,0,1.2246467991473532e-16,-1.0,40.0,34.07,35.0,1750.0,1875.0,13000.0,35.885714285714286,37.29600000000001,5251.944333333333,21529.203666666668
2023-06-22,37.5,5125.0,131.57,155.0,0,False,True,False,False,6.83,4.0931964,24.587334,9.699999,9.699999,1004.5208,3.03422,23.84233,5.2000003,5.2000003,1006.375,4.4795036,23.854002,13.599999,13.599999,1005.67487,8.742893,28.813248,56.0,56.0,1001.45844,22,6,3,0,1.2246467991473532e-16,-1.0,39.0,33.6,35.0,2250.0,2000.0,6575.0,36.24285714285714,37.04600000000001,5203.611,20962.537
2023-06-23,45.0,5125.0,131.43,155.0,0,False,True,False,False,6.83,4.9075584,24.447752,8.599999,8.599999,1004.9583,3.5800831,23.984001,9.2,9.2,1006.84155,4.383963,24.154001,47.399994,47.399994,1006.0708,10.14355,29.104914,26.099998,26.099998,1001.67084,23,6,4,0,1.2246467991473532e-16,-1.0,37.5,40.0,35.0,5125.0,2125.0,2625.0,37.67142857142857,37.04600000000001,5286.944333333333,20863.92588888889
2023-06-24,45.0,5600.0,131.56,155.0,0,False,True,False,False,6.83,3.942668,23.7165,36.700005,36.700005,1004.81244,2.8996296,23.671501,27.200005,27.200005,1006.45404,4.6002827,23.96025,11.899999,11.899999,1005.61255,9.7879305,29.513252,3.8,3.8,1000.90826,24,6,5,1,1.2246467991473532e-16,-1.0,45.0,39.0,34.53,5125.0,1416.67,1250.0,39.167142857142856,37.04600000000001,5431.944333333333,19791.981444444446
2023-06-25,45.0,375.0,131.56,155.0,0,False,True,False,False,6.83,4.044442,23.843582,31.399998,31.399998,1005.1541,2.948492,23.402748,24.100002,24.100002,1007.0584,4.6568384,23.572754,16.3,16.3,1006.0874,13.167358,30.16742,7.3,7.3,1000.8791,25,6,6,1,1.2246467991473532e-16,-1.0,45.0,37.5,34.07,5600.0,708.33,18125.0,40.728571428571435,37.04600000000001,4840.277666666666,18797.259222222223
2023-06-26,45.0,6150.0,131.56,155.0,0,False,True,False,False,6.83,3.5860748,24.004,6.6,6.6,1004.74585,3.2347906,23.402748,3.7,3.7,1006.49585,4.509501,23.474836,10.0,10.0,1005.60004,16.20733,30.677834,0.0,0.0,1000.7126,26,6,0,0,1.2246467991473532e-16,-1.0,45.0,45.0,33.6,375.0,708.33,5000.0,42.357142857142854,37.04600000000001,4878.611,17787.814777777778
2023-06-27,45.0,6150.0,131.57,155.0,0,False,True,False,False,6.83,3.9147968,23.556082,7.6,7.6,1004.48737,3.6611118,22.90692,11.500002,11.500002,1006.24164,4.199056,22.945671,22.1,22.1,1005.42084,21.069801,29.792418,0.1,0.1,1000.7959,27,6,1,0,1.2246467991473532e-16,-1.0,45.0,45.0,40.0,6150.0,1750.0,2800.0,43.07142857142857,37.04600000000001,4990.277666666666,17438.92588888889
2023-06-28,50.0,3175.0,131.55,155.0,0,False,True,False,False,6.83,4.021317,22.81025,21.8,21.8,1006.1875,3.8119965,23.019415,26.200003,26.200003,1007.5999,4.458795,23.047752,16.699999,16.699999,1006.72076,21.82678,29.004915,1.8000002,1.8000002,1002.4666,28,6,2,0,1.2246467991473532e-16,-1.0,45.0,45.0,39.0,6150.0,2250.0,9000.0,44.642857142857146,37.21266666666667,4796.111,16395.314777777778
2023-06-29,65.0,3175.0,131.6,155.0,0,False,True,False,False,6.83,3.6264837,22.870667,15.8,15.8,1005.32495,6.4600444,22.533998,7.8999996,7.8999996,1007.24164,4.69744,22.697748,10.500001,10.500001,1006.4417,20.12295,27.484085,13.800001,13.800001,1002.40405,29,6,3,0,1.2246467991473532e-16,-1.0,50.0,45.0,37.5,3175.0,5125.0,5975.0,48.57142857142857,38.08766666666667,4702.777666666666,15443.925888888889
2023-06-30,55.0,3175.0,131.6,155.0,0,False,True,False,False,6.83,3.5694802,22.024832,29.400002,29.400002,1004.8416,4.999594,21.798584,30.1,30.1,1006.8584,3.3182023,22.487335,46.099995,46.099995,1005.91675,12.261163,26.850754,22.199999,22.199999,1002.09576,30,6,4,0,1.2246467991473532e-16,-1.0,65.0,45.0,45.0,3175.0,5125.0,2950.0,50.0,38.83766666666667,4710.277666666666,15281.425888888889
2023-07-01,55.0,3175.0,131.57,155.0,0,False,True,False,False,7.44,3.6736305,22.239418,19.800003,19.800003,1005.20844,4.349038,21.82358,31.300003,31.300003,1007.2249,4.4242,22.381086,14.700002,14.700002,1006.34155,8.16116,26.881998,22.900002,22.900002,1002.1916,1,7,5,1,-0.4999999999999997,-0.8660254037844388,55.0,50.0,45.0,3175.0,5600.0,10325.0,51.42857142857143,39.754333333333335,4471.944333333333,14733.370333333334
2023-07-02,55.0,3175.0,131.57,155.0,0,False,True,False,False,7.44,3.881116,22.870668,11.5,11.5,1004.76263,3.297328,22.840248,24.5,24.5,1006.42505,4.0733724,23.168581,4.7999997,4.7999997,1005.5166,6.0057635,27.792418,28.400002,28.400002,1001.37085,2,7,6,1,-0.4999999999999997,-0.8660254037844388,55.0,65.0,45.0,3175.0,375.0,1425.0,52.857142857142854,40.67100000000001,4530.277666666666,13953.092555555557
2023-07-03,65.0,3175.0,131.57,150.0,0,False,True,False,False,7.44,3.4299717,22.866499,13.0,13.0,1004.72076,4.0306935,22.906914,29.700003,29.700003,1006.3625,4.834247,23.337336,6.2,6.2,1005.50415,9.24656,27.111168,25.6,25.6,1001.76666,3,7,0,0,-0.4999999999999997,-0.8660254037844388,55.0,55.0,45.0,3175.0,6150.0,1425.0,55.714285714285715,41.92100000000001,4588.611,13338.370333333334
2023-07-04,75.0,3175.0,131.44,150.0,0,False,True,False,False,7.44,2.9661655,22.368586,23.999998,23.999998,1004.97076,3.4683218,22.486082,38.100006,38.100006,1006.575,3.823889,23.174835,8.700001,8.700001,1005.5833,11.140976,28.50908,15.200002,15.200002,1001.17487,4,7,1,0,-0.4999999999999997,-0.8660254037844388,65.0,55.0,45.0,3175.0,6150.0,4150.0,60.0,43.498666666666665,4556.111,12920.31477777778
2023-07-05,84.0,3175.0,131.54,150.0,0,False,True,False,False,7.44,3.2769926,22.558168,2.5999997,2.5999997,1004.4832,3.8240955,21.767332,9.799999,9.799999,1006.4416,2.986952,22.481081,11.0,11.0,1005.43335,9.017342,27.832,22.0,22.0,1000.8,5,7,2,0,-0.4999999999999997,-0.8660254037844388,75.0,55.0,50.0,3175.0,3175.0,14950.0,64.85714285714286,45.382,4163.611,12652.81477777778
2023-07-06,85.0,3175.0,131.87,150.0,0,False,True,False,False,7.44,4.890064,23.324835,3.4999995,3.4999995,1005.6084,2.4756665,22.790247,26.9,26.9,1007.2832,3.8678896,23.504,5.9999995,5.9999995,1006.2834,11.223728,29.369497,2.6,2.6,1001.65845,6,7,3,0,-0.4999999999999997,-0.8660254037844388,84.0,65.0,65.0,3175.0,3175.0,14950.0,67.71428571428571,47.382,3771.111,12476.981444444446
2023-07-07,95.0,3175.0,132.32,150.0,0,False,True,False,False,7.44,3.8013551,23.55192,7.1,7.1,1006.5374,4.157326,23.219416,28.200003,28.200003,1008.3416,4.651112,23.50817,12.0,12.0,1007.39154,18.164057,29.323671,0.5,0.5,1002.8499,7,7,4,0,-0.4999999999999997,-0.8660254037844388,85.0,75.0,55.0,3175.0,3175.0,6200.0,73.42857142857143,49.79866666666667,3670.277666666667,12394.203666666668
2023-07-08,95.0,1050.0,132.69,150.0,0,False,True,False,False,7.44,3.8723986,23.412336,14.000002,14.000002,1007.77924,3.4429724,23.388163,21.3,21.3,1009.42926,5.073346,23.5165,2.6,2.6,1008.55835,13.36943,29.223665,5.3000007,5.3000007,1003.97076,8,7,5,1,-0.4999999999999997,-0.8660254037844388,95.0,84.0,55.0,3175.0,3175.0,6425.0,79.14285714285714,51.94433333333333,3491.111,12080.870333333334
2023-07-09,95.0,1050.0,132.69,150.0,0,False,True,False,False,7.44,4.260483,23.616503,5.1000004,5.1000004,1006.7959,2.9452734,23.515245,14.400001,14.400001,1008.49176,4.1651573,24.122751,4.5999994,4.5999994,1007.4583,11.051674,29.982,0.8000001,0.8000001,1002.83746,9,7,6,1,-0.4999999999999997,-0.8660254037844388,95.0,85.0,55.0,1050.0,3175.0,6650.0,84.85714285714286,53.81933333333333,3304.4443333333334,11567.537
2023-07-10,95.0,1050.0,132.69,150.0,0,False,True,False,False,7.44,4.7439904,23.904001,3.4999998,3.4999998,1005.81665,3.2608178,23.302748,22.100002,22.100002,1007.6958,4.184059,24.22692,2.4,2.4,1006.61255,9.343602,29.26533,3.9,3.9,1001.9709,10,7,0,0,-0.4999999999999997,-0.8660254037844388,95.0,95.0,65.0,1050.0,3175.0,6875.0,89.14285714285714,55.423333333333325,3110.277666666667,11300.31477777778
2023-07-11,95.0,1050.0,132.41,150.0,0,False,True,False,False,7.44,4.2273736,23.826914,4.4999995,4.4999995,1005.2959,2.7483807,23.46733,18.499998,18.499998,1007.0625,4.561308,23.851915,9.700001,9.700001,1006.1501,9.30612,29.10283,2.8999999,2.8999999,1001.66254,11,7,1,0,-0.4999999999999997,-0.8660254037844388,95.0,95.0,75.0,1050.0,3175.0,7100.0,92.0,56.75666666666666,2908.611,10698.092555555557
2023-07-12,85.0,1050.0,132.09,150.0,0,False,True,False,False,7.44,4.00018,22.956083,13.799999,13.799999,1005.7541,2.8273275,22.809,26.000002,26.000002,1007.3792,4.2238946,23.59567,4.1,4.1,1006.4334,9.724195,28.184082,22.900003,22.900003,1002.12915,12,7,2,0,-0.4999999999999997,-0.8660254037844388,95.0,95.0,84.0,1050.0,3175.0,7450.0,92.14285714285714,57.75666666666666,2695.277666666667,10584.759222222223
2023-07-13,95.0,1600.0,131.9,150.0,0,False,True,False,False,7.44,4.555779,22.84775,2.8,2.8,1005.7917,2.2794847,22.704834,3.6,3.6,1007.4583,2.5977051,23.024834,20.5,20.5,1006.625,7.629631,27.467415,17.6,17.6,1002.4917,13,7,3,0,-0.4999999999999997,-0.8660254037844388,85.0,95.0,85.0,1050.0,3175.0,2500.0,93.57142857142857,59.75666666666666,2665.277666666667,10297.537
2023-07-14,75.0,1600.0,131.62,150.0,0,False,True,False,False,7.44,3.6347084,22.801918,27.199997,27.199997,1005.89575,2.382357,22.77775,26.4,26.4,1007.4292,3.2393315,23.212334,7.7000003,7.7000003,1006.58325,8.49451,27.157003,36.8,36.8,1002.80835,14,7,4,0,-0.4999999999999997,-0.8660254037844388,95.0,95.0,95.0,1600.0,3175.0,1875.0,90.71428571428571,61.089999999999996,2656.111,10043.31477777778
2023-07-15,75.0,1600.0,131.77,150.0,0,False,True,False,False,7.44,4.0733724,23.220667,11.4,11.4,1005.7209,3.4179776,23.281916,11.5,11.5,1007.175,4.8630404,23.666502,3.4,3.4,1006.35834,8.331397,28.521584,20.800001,20.800001,1002.25,15,7,5,1,-0.4999999999999997,-0.8660254037844388,75.0,85.0,95.0,1600.0,1050.0,2000.0,87.85714285714286,62.423333333333325,2642.777666666667,9966.092555555557
2023-07-16,75.0,1600.0,131.77,146.0,0,False,True,False,False,7.44,4.480177,23.168585,14.700001,14.700001,1005.3709,2.4614475,22.981918,39.499992,39.499992,1006.81665,4.0077286,23.595667,9.799999,9.799999,1005.77075,11.405084,29.586166,0.9,0.9,1001.3084,16,7,6,1,-0.4999999999999997,-0.8660254037844388,75.0,95.0,95.0,1600.0,1050.0,2125.0,85.0,63.75666666666666,2625.277666666667,9814.148111111112
2023-07-17,85.0,1600.0,131.77,146.0,0,False,True,False,False,7.44,4.1549582,22.760252,20.000002,20.000002,1004.94586,2.3040726,23.17775,44.3,44.3,1006.19165,4.221948,23.491499,10.8,10.8,1005.325,15.645883,29.248665,0.90000004,0.90000004,1000.9375,17,7,0,0,-0.4999999999999997,-0.8660254037844388,75.0,75.0,95.0,1600.0,1050.0,1416.67,83.57142857142857,65.43900000000001,2631.3886666666667,9706.925888888889
2023-07-18,86.0,1600.0,131.57,146.0,0,False,True,False,False,7.44,3.0179403,22.824835,10.300003,10.300003,1005.3293,2.6927903,22.488169,10.7,10.7,1006.9709,3.755769,23.018583,6.099999,6.099999,1005.8748,9.615778,29.123667,0.0,0.0,1000.9041,18,7,1,0,-0.4999999999999997,-0.8660254037844388,85.0,75.0,95.0,1600.0,1050.0,708.33,82.28571428571429,67.17,2661.111,9540.370333333334
2023-07-19,85.0,1600.0,131.56,146.0,0,False,True,False,False,7.44,3.4048803,24.0165,1.2,1.2,1004.23737,3.4717195,23.51108,3.3999999,3.3999999,1005.8792,3.0086267,24.04775,2.3999999,2.3999999,1004.88763,8.813345,30.771582,0.0,0.0,999.39575,19,7,2,0,-0.4999999999999997,-0.8660254037844388,86.0,75.0,85.0,1600.0,1050.0,708.33,82.28571428571429,68.88333333333334,2690.8333333333335,9361.259222222223
2023-07-20,85.0,1600.0,131.66,146.0,0,False,True,False,False,7.44,4.4325256,24.826918,3.1999998,3.1999998,1003.73755,2.9168108,24.313166,2.7999997,2.7999997,1005.4084,4.4620843,24.662336,2.3999996,2.3999996,1004.5334,9.3581915,30.711166,2.3,2.3,999.47076,20,7,3,0,-0.4999999999999997,-0.8660254037844388,85.0,85.0,95.0,1600.0,1600.0,1750.0,80.85714285714286,70.38333333333334,2685.8333333333335,9000.703666666668
2023-07-21,85.0,1600.0,131.48,146.0,0,False,True,False,False,7.44,4.154063,23.906082,24.899998,24.899998,1006.9749,2.689175,23.5465,35.1,35.1,1008.6709,4.011958,23.912336,12.6,12.6,1007.69995,11.832005,30.350748,1.1,1.1,1002.49994,21,7,4,0,-0.4999999999999997,-0.8660254037844388,85.0,86.0,75.0,1600.0,1600.0,2250.0,82.28571428571429,71.91666666666667,2664.1666666666665,8781.092555555557
2023-07-22,86.67,1600.0,131.42,146.0,0,False,True,False,False,7.44,4.2527013,23.926916,6.2999997,6.2999997,1009.7043,3.5085344,23.86733,1.3000001,1.3000001,1011.30835,3.7968266,24.129,13.599998,13.599998,1010.4041,13.12691,30.242422,3.8999999,3.8999999,1005.49994,22,7,5,1,-0.4999999999999997,-0.8660254037844388,85.0,85.0,75.0,1600.0,1600.0,5125.0,83.95285714285714,73.55566666666667,2546.6666666666665,8632.203666666668
2023-07-23,85.0,1600.0,131.42,146.0,0,False,True,False,False,7.44,4.681813,23.316504,19.499998,19.499998,1009.4041,3.7916708,23.002752,36.2,36.2,1010.95416,4.343037,23.737335,5.3,5.3,1009.9917,10.427882,30.107002,9.6,9.6,1004.98737,23,7,6,1,-0.4999999999999997,-0.8660254037844388,86.67,85.0,75.0,1600.0,1600.0,5125.0,85.38142857142857,74.889,2429.1666666666665,8340.759222222223
2023-07-24,96.67,1600.0,131.42,146.0,0,False,True,False,False,7.44,3.7610085,22.974833,4.6000004,4.6000004,1007.09576,2.7318096,22.546495,4.6000004,4.6000004,1008.65845,3.679719,22.924833,4.4999995,4.4999995,1007.81256,9.27847,29.150751,10.8,10.8,1003.0374,24,7,0,0,-0.4999999999999997,-0.8660254037844388,85.0,85.0,85.0,1600.0,1600.0,5600.0,87.04857142857144,76.61133333333332,2295.8333333333335,8089.092555555557
2023-07-25,110.0,1600.0,131.21,146.0,0,False,True,False,False,7.44,2.744437,22.329,23.100002,23.100002,1007.6833,2.4821932,22.1715,13.2,13.2,1009.25006,2.4715397,22.7665,5.8999996,5.8999996,1008.2708,7.828341,28.234083,21.900002,21.900002,1003.6626,25,7,1,0,-0.4999999999999997,-0.8660254037844388,96.67,86.67,86.0,1600.0,1600.0,375.0,90.47714285714287,78.77799999999999,2336.6666666666665,7478.259222222223
2023-07-26,100.0,1600.0,131.3,146.0,0,False,True,False,False,7.44,4.276322,23.291502,1.3000001,1.3000001,1007.7292,2.1748738,23.000666,4.5999994,4.5999994,1009.38745,3.236202,23.641502,2.6999998,2.6999998,1008.4041,8.109735,29.829916,0.6,0.6,1003.51666,26,7,2,0,-0.4999999999999997,-0.8660254037844388,110.0,85.0,85.0,1600.0,1600.0,6150.0,92.62,80.61133333333332,2185.0,7184.92588888889
2023-07-27,93.33,1600.0,131.5,146.0,0,False,True,False,False,7.44,4.0238957,23.408167,2.3000002,2.3000002,1006.321,2.344934,23.125666,11.599999,11.599999,1007.875,3.6967764,23.751917,2.8999996,2.8999996,1006.8916,10.852665,29.394503,2.0,2.0,1002.32904,27,7,3,0,-0.4999999999999997,-0.8660254037844388,100.0,96.67,85.0,1600.0,1600.0,6150.0,93.80999999999999,82.22233333333334,2033.3333333333333,6861.037000000001
2023-07-28,106.67,1600.0,131.4,146.0,0,False,True,False,False,7.44,3.6527798,23.099833,12.400002,12.400002,1003.81665,2.1683629,23.446495,8.1,8.1,1005.1125,3.2880166,23.72692,7.9,7.9,1004.2334,9.516645,29.636168,1.8000001,1.8000001,999.63745,28,7,4,0,-0.4999999999999997,-0.8660254037844388,93.33,110.0,85.0,1600.0,1600.0,3175.0,96.9057142857143,84.11133333333332,1980.8333333333333,6537.148111111112
2023-07-29,106.0,1600.0,131.9,146.0,0,False,True,False,False,7.44,4.265533,22.78525,11.6,11.6,1003.33746,2.7629852,22.85275,6.8999996,6.8999996,1004.9041,3.3341057,23.024834,16.100002,16.100002,1004.04584,5.931692,28.80075,7.5,7.5,999.3918,29,7,5,1,-0.4999999999999997,-0.8660254037844388,106.67,100.0,86.67,1600.0,1600.0,3175.0,99.66714285714286,85.478,1928.3333333333333,6433.537000000001
2023-07-30,105.0,1600.0,131.9,146.0,0,False,True,False,False,7.44,3.4918768,23.245668,9.599999,9.599999,1002.3791,2.273441,22.90275,7.6,7.6,1003.9917,3.9167852,22.968584,6.5,6.5,1003.1543,4.990862,28.221586,19.3,19.3,998.90424,30,7,6,1,-0.4999999999999997,-0.8660254037844388,106.0,93.33,85.0,1600.0,1600.0,3175.0,102.52428571428572,87.14466666666665,1875.8333333333333,6329.92588888889
2023-07-31,130.0,1600.0,131.9,146.0,0,False,True,False,False,7.44,3.930148,23.72067,6.6,6.6,1001.4124,3.6235256,23.400665,8.0,8.0,1003.12506,4.059397,23.897753,10.7,10.7,1002.1584,3.6927745,29.561167,3.5,3.5,997.30835,31,7,0,0,-0.4999999999999997,-0.8660254037844388,105.0,106.67,96.67,1600.0,1600.0,3175.0,107.28571428571429,89.64466666666665,1823.3333333333333,6233.703666666667
2023-08-01,130.0,1600.0,131.9,153.0,0,False,True,False,False,7.52,3.9042752,24.466501,5.5,5.5,1000.4543,2.9682148,23.975668,13.8,13.8,1002.28345,4.402106,24.510252,10.799999,10.799999,1001.2625,5.0020266,30.163252,7.1,7.1,995.9084,1,8,1,0,-0.8660254037844385,-0.5000000000000004,130.0,106.0,110.0,1600.0,1600.0,3175.0,110.14285714285714,92.14466666666665,1770.8333333333333,5937.037000000001
2023-08-02,146.0,1600.0,131.92,153.0,0,False,True,False,False,7.52,4.852959,24.914415,1.8,1.8,1000.55005,4.1488724,24.617332,3.1000001,3.1000001,1002.2209,4.0516257,24.620668,5.6000004,5.6000004,1001.3499,11.763054,29.98408,1.1,1.1,996.40405,2,8,2,0,-0.8660254037844385,-0.5000000000000004,130.0,105.0,100.0,1600.0,1600.0,3175.0,116.71428571428571,94.84466666666665,1718.3333333333333,5597.037
2023-08-03,170.0,1600.0,132.44,153.0,0,False,True,False,False,7.52,3.4287097,23.712336,25.8,25.8,1001.77905,2.5408695,23.829832,5.0999994,5.0999994,1003.18317,3.8668988,24.072748,11.200001,11.200001,1002.2041,20.210106,29.784079,1.0,1.0,997.72076,3,8,3,0,-0.8660254037844385,-0.5000000000000004,146.0,130.0,93.33,1600.0,1600.0,3175.0,127.66714285714286,98.01133333333333,1665.8333333333333,5481.481444444444
2023-08-04,170.0,875.0,132.66,153.0,0,False,True,False,False,7.52,3.10954,22.910254,20.1,20.1,1004.57074,4.053072,23.513168,8.700002,8.700002,1006.0166,4.236425,23.70192,3.1000001,3.1000001,1005.10004,16.815649,29.11741,2.0,2.0,1000.62085,4,8,4,0,-0.8660254037844385,-0.5000000000000004,170.0,130.0,106.67,1600.0,1600.0,3175.0,136.71428571428572,100.87799999999999,1589.1666666666667,5357.870333333333
2023-08-05,170.0,875.0,132.85,153.0,0,False,True,False,False,7.52,3.4048555,22.82692,5.399999,5.399999,1005.26666,2.6942513,23.31317,37.899998,37.899998,1006.6125,3.2700245,23.526918,5.4999995,5.4999995,1005.69574,10.7945795,28.48825,2.0,2.0,1001.50836,5,8,5,1,-0.8660254037844385,-0.5000000000000004,170.0,146.0,106.0,875.0,1600.0,3175.0,145.85714285714286,103.71133333333333,1512.5,5228.425888888888
2023-08-06,168.33,875.0,132.85,153.0,0,False,True,False,False,7.52,3.7385967,22.801924,7.8,7.8,1002.2417,3.4185417,23.140245,9.200001,9.200001,1003.53326,2.7489672,23.712332,17.9,17.9,1002.51245,5.5741496,28.448668,11.200001,11.200001,998.4832,6,8,6,1,-0.8660254037844385,-0.5000000000000004,170.0,170.0,105.0,875.0,1600.0,3175.0,154.9042857142857,106.15566666666668,1435.8333333333333,5015.925888888888
2023-08-07,160.0,875.0,132.85,153.0,0,False,True,False,False,7.52,2.6711214,22.404001,14.2,14.2,999.5249,2.5490427,22.37567,26.4,26.4,1001.13763,3.1852512,22.835249,21.400002,21.400002,1000.23755,6.8876653,26.834084,24.000002,24.000002,996.72095,7,8,0,0,-0.8660254037844385,-0.5000000000000004,168.33,170.0,130.0,875.0,1600.0,1050.0,159.19,108.32233333333333,1430.0,4900.648111111111
2023-08-08,170.0,875.0,132.7,153.0,0,False,True,False,False,7.52,2.5276692,22.10192,14.500002,14.500002,1001.4751,2.7965362,22.0465,51.699993,51.699993,1003.1624,3.5972679,22.56025,16.1,16.1,1002.24585,5.5205173,26.475748,42.6,42.6,998.67487,8,8,1,0,-0.8660254037844385,-0.5000000000000004,160.0,170.0,130.0,875.0,1600.0,1050.0,164.9042857142857,110.82233333333333,1424.1666666666667,4785.370333333333
2023-08-09,170.0,875.0,132.83,153.0,0,False,True,False,False,7.52,3.936971,23.543585,7.0,7.0,1004.3792,2.862958,23.463165,4.4999995,4.4999995,1005.9416,4.8076706,23.485252,5.0000005,5.0000005,1005.075,10.457191,27.725752,3.8,3.8,1001.1584,9,8,2,0,-0.8660254037844385,-0.5000000000000004,170.0,168.33,146.0,875.0,1600.0,1050.0,168.33285714285714,113.32233333333333,1418.3333333333333,4670.092555555555
2023-08-10,170.0,875.0,132.81,153.0,0,False,True,False,False,7.52,3.774493,23.385252,10.6,10.6,1006.51245,4.760842,23.53192,7.9,7.9,1008.0125,5.1842327,23.474836,3.5,3.5,1007.2542,11.413334,28.027832,7.2,7.2,1003.14575,10,8,3,0,-0.8660254037844385,-0.5000000000000004,170.0,160.0,170.0,875.0,1600.0,1050.0,168.33285714285714,115.82233333333333,1412.5,4554.814777777778
2023-08-11,150.0,875.0,132.65,153.0,0,False,True,False,False,7.52,3.6919658,23.42275,2.4,2.4,1006.0999,2.5914414,23.5465,7.1,7.1,1007.57074,3.77834,23.660248,3.5000002,3.5000002,1006.66235,7.536394,27.836166,8.0,8.0,1002.5999,11,8,4,0,-0.8660254037844385,-0.5000000000000004,170.0,170.0,170.0,875.0,875.0,1050.0,165.47571428571428,117.989,1406.6666666666667,4446.481444444444
2023-08-12,140.0,875.0,132.86,153.0,0,False,True,False,False,7.52,3.51472,22.906084,18.499998,18.499998,1003.6626,2.8161056,23.250664,36.300003,36.300003,1005.0584,3.062855,23.376917,32.600002,32.600002,1004.196,8.131432,27.669504,3.2,3.2,1000.43335,12,8,5,1,-0.8660254037844385,-0.5000000000000004,150.0,170.0,170.0,875.0,875.0,1600.0,161.19,119.489,1382.5,4012.314777777777
2023-08-13,140.0,875.0,132.86,153.0,0,False,True,False,False,7.52,2.6797764,21.762335,36.200005,36.200005,1004.60834,3.2300825,22.12358,66.899994,66.899994,1006.0334,4.407543,22.22275,28.099998,28.099998,1005.2585,4.4044843,27.623665,1.6000001,1.6000001,1001.64166,13,8,6,1,-0.8660254037844385,-0.5000000000000004,140.0,170.0,168.33,875.0,875.0,1600.0,157.14285714285714,121.65566666666668,1358.3333333333333,3563.1481111111107
2023-08-14,170.0,875.0,132.86,153.0,0,False,True,False,False,7.52,3.7543757,22.637335,1.7,1.7,1007.22076,4.6008735,22.55275,3.1000001,3.1000001,1008.5168,2.661658,23.733168,0.3,0.3,1007.3874,5.301756,27.865332,0.6,0.6,1003.6624,14,8,0,0,-0.8660254037844385,-0.5000000000000004,140.0,150.0,160.0,875.0,875.0,1600.0,158.57142857142858,124.82233333333333,1334.1666666666667,3543.7036666666663
2023-08-15,150.0,875.0,133.03,153.0,0,False,True,False,False,7.52,4.318099,23.53942,1.2,1.2,1006.52094,4.110899,22.80275,0.5,0.5,1007.96674,3.132374,23.514414,0.9,0.9,1007.0374,6.8623924,29.092415,0.0,0.0,1002.6877,15,8,1,0,-0.8660254037844385,-0.5000000000000004,170.0,140.0,170.0,875.0,875.0,1600.0,155.71428571428572,127.32233333333333,1310.0,3525.6481111111107
2023-08-16,145.0,875.0,133.03,167.0,0,False,True,False,False,7.52,3.5812826,23.60817,5.4,5.4,1005.89575,4.3670135,23.2965,2.5000002,2.5000002,1007.31665,3.5081625,23.739418,6.8999996,6.8999996,1006.38745,7.7136235,29.734083,0.8,0.8,1001.84155,16,8,2,0,-0.8660254037844385,-0.5000000000000004,150.0,140.0,170.0,875.0,875.0,1600.0,152.14285714285714,129.32233333333335,1285.8333333333333,3507.592555555555
2023-08-17,137.5,875.0,133.03,167.0,0,False,True,False,False,7.52,4.2386794,23.754,8.500001,8.500001,1006.26245,3.2975605,23.208998,6.0,6.0,1008.2166,3.7620642,23.512337,5.6,5.6,1007.2043,6.023987,29.090338,13.000003,13.000003,1002.5291,17,8,3,0,-0.8660254037844385,-0.5000000000000004,145.0,170.0,170.0,875.0,875.0,1600.0,147.5,131.03900000000002,1261.6666666666667,3236.481444444444
2023-08-18,142.5,875.0,133.34,167.0,0,False,True,False,False,7.52,3.9248378,24.31025,9.299999,9.299999,1006.63745,3.354906,23.817331,12.699999,12.699999,1008.2874,3.7734003,24.05192,12.7,12.7,1007.40405,8.999572,29.202835,3.3,3.3,1002.67914,18,8,4,0,-0.8660254037844385,-0.5000000000000004,137.5,150.0,150.0,875.0,875.0,1600.0,146.42857142857142,132.95566666666667,1237.5,3189.259222222222
2023-08-19,147.5,875.0,133.27,167.0,0,False,True,False,False,7.52,3.8414936,23.729002,11.2,11.2,1007.8291,2.8782942,23.675667,3.8000002,3.8000002,1009.29596,4.582135,23.804,10.100001,10.100001,1008.46674,11.449712,29.665335,0.70000005,0.70000005,1003.7083,19,8,5,1,-0.8660254037844385,-0.5000000000000004,142.5,145.0,140.0,875.0,875.0,1600.0,147.5,135.03900000000002,1213.3333333333333,3169.814777777777
2023-08-20,150.0,2525.0,133.27,167.0,0,False,True,False,False,7.52,3.6380408,23.135254,18.6,18.6,1008.42487,2.2674422,23.4465,17.2,17.2,1009.8374,3.4398682,23.729002,9.900001,9.900001,1008.92084,9.125779,29.569502,1.6000001,1.6000001,1004.3042,20,8,6,1,-0.8660254037844385,-0.5000000000000004,147.5,137.5,140.0,875.0,875.0,1600.0,148.92857142857142,137.20566666666667,1244.1666666666667,3053.4258888888885
2023-08-21,125.0,2525.0,133.27,167.0,0,False,True,False,False,7.52,2.9606307,22.441504,27.100002,27.100002,1007.18335,2.6077979,22.536081,13.399999,13.399999,1008.69586,3.720617,22.824835,10.100001,10.100001,1007.79584,7.185415,27.575752,15.2,15.2,1003.4458,21,8,0,0,-0.8660254037844385,-0.5000000000000004,150.0,142.5,170.0,2525.0,875.0,1600.0,142.5,138.48333333333332,1275.0,3008.4258888888885
2023-08-22,120.0,3000.0,133.28,167.0,0,False,True,False,False,7.52,3.4865227,22.96025,9.7,9.7,1006.26666,2.019109,22.74025,15.400001,15.400001,1007.85406,2.8252647,23.189417,2.0,2.0,1006.925,5.656856,28.238253,3.0,3.0,1002.72925,22,8,1,0,-0.8660254037844385,-0.5000000000000004,125.0,147.5,150.0,2525.0,875.0,1600.0,138.21428571428572,139.65,1321.6666666666667,3012.592555555555
2023-08-23,110.0,2525.0,133.0,167.0,0,False,True,False,False,7.52,2.7979908,22.487333,10.1,10.1,1004.9375,2.0791795,22.267334,17.199999,17.199999,1006.44995,3.3893402,22.749832,8.600002,8.600002,1005.49176,8.482877,27.00075,18.3,18.3,1001.8208,23,8,2,0,-0.8660254037844385,-0.5000000000000004,120.0,150.0,145.0,3000.0,875.0,1600.0,133.21428571428572,140.09433333333334,1352.5,3026.759222222222
2023-08-24,100.0,5000.0,132.6,167.0,0,False,True,False,False,7.52,3.6431515,22.443583,7.8999996,7.8999996,1002.3333,2.106356,22.481916,73.200005,73.200005,1003.72906,3.5726087,22.591501,34.399998,34.399998,1002.9292,6.296266,26.567421,24.800003,24.800003,999.44586,24,8,3,0,-0.8660254037844385,-0.5000000000000004,110.0,125.0,137.5,2525.0,875.0,1600.0,127.85714285714286,139.761,1465.8333333333333,2880.925888888889
2023-08-25,85.0,5000.0,132.42,167.0,0,False,True,False,False,7.52,3.5388002,22.18525,13.099998,13.099998,1002.12915,4.6667967,21.813166,51.3,51.3,1003.9458,4.156159,22.158165,30.900002,30.900002,1003.1626,3.8385878,26.323668,22.1,22.1,999.7375,25,8,4,0,-0.8660254037844385,-0.5000000000000004,100.0,120.0,142.5,5000.0,875.0,1600.0,119.64285714285714,139.261,1579.1666666666667,2880.925888888889
2023-08-26,85.0,5000.0,132.54,167.0,0,False,True,False,False,7.52,3.6873846,22.32692,36.6,36.6,1002.6457,4.3762145,21.586084,59.1,59.1,1004.2542,2.5625877,21.954004,23.799997,23.799997,1003.37085,7.4552646,26.021584,59.599995,59.599995,999.6624,26,8,5,1,-0.8660254037844385,-0.5000000000000004,85.0,110.0,147.5,5000.0,875.0,1600.0,110.71428571428571,138.98333333333332,1692.5,2905.3703333333333
2023-08-27,75.0,2250.0,132.54,167.0,0,False,True,False,False,7.52,3.3395567,21.979002,7.2000003,7.2000003,1002.3835,3.094362,22.163162,7.2,7.2,1003.6499,3.3120687,22.220667,12.500002,12.500002,1002.9124,10.149502,27.159082,23.7,23.7,999.2417,27,8,6,1,-0.8660254037844385,-0.5000000000000004,85.0,100.0,150.0,5000.0,2525.0,1600.0,100.0,137.92766666666665,1714.1666666666667,2830.3703333333333
2023-08-28,75.0,2250.0,132.54,167.0,0,False,True,False,False,7.52,4.0908937,22.141502,5.8,5.8,1003.5417,2.833542,22.352753,3.5999997,3.5999997,1004.89166,3.3724387,22.310251,4.3,4.3,1004.14594,10.603978,27.584082,4.7999997,4.7999997,1000.2874,28,8,0,0,-0.8660254037844385,-0.5000000000000004,75.0,85.0,125.0,2250.0,2525.0,1600.0,92.85714285714286,136.89433333333332,1735.8333333333333,2788.981444444444
2023-08-29,75.0,2250.0,132.52,167.0,0,False,True,False,False,7.52,4.7346663,22.251915,3.0999997,3.0999997,1005.99164,2.78241,21.963167,12.400001,12.400001,1007.65845,3.423136,22.651917,2.6999998,2.6999998,1006.72504,3.7617636,27.419502,13.8,13.8,1002.6333,29,8,1,0,-0.8660254037844385,-0.5000000000000004,75.0,85.0,120.0,2250.0,3000.0,1600.0,86.42857142857143,135.89433333333335,1757.5,2781.2036666666663
2023-08-30,75.0,2250.0,132.64,167.0,0,False,True,False,False,7.52,4.3484464,22.785248,2.5,2.5,1007.84576,2.9730084,22.367332,3.1,3.1,1009.47076,2.4203348,23.368586,2.6,2.6,1008.4792,4.3330684,28.684084,0.4,0.4,1004.0666,30,8,2,0,-0.8660254037844385,-0.5000000000000004,75.0,75.0,110.0,2250.0,2525.0,1600.0,81.42857142857143,134.061,1779.1666666666667,2691.481444444444
2023-08-31,85.0,2500.0,132.68,167.0,0,False,True,False,False,7.52,3.4548037,22.993586,6.0999994,6.0999994,1008.7168,2.671621,22.55483,0.90000004,0.90000004,1010.2915,3.3782942,23.437332,2.1999998,2.1999998,1009.29584,4.6619577,29.344503,0.5,0.5,1004.54175,31,8,3,0,-0.8660254037844385,-0.5000000000000004,75.0,75.0,100.0,2250.0,5000.0,1600.0,79.28571428571429,132.561,1809.1666666666667,2703.425888888889
2023-09-01,95.0,7600.0,132.76,170.0,0,False,True,False,False,8.19,3.8252437,23.339418,8.7,8.7,1007.92084,4.248822,22.756918,4.1,4.1,1009.5124,4.130077,23.508171,2.6999998,2.6999998,1008.49585,4.218846,29.286163,5.7999997,5.7999997,1003.87085,1,9,4,0,-1.0,-1.8369701987210297e-16,85.0,75.0,85.0,2500.0,5000.0,1600.0,80.71428571428571,130.86100000000002,2009.1666666666667,2772.037
2023-09-02,95.0,24350.0,132.65,170.0,0,False,True,False,False,8.19,4.189757,23.260252,8.1,8.1,1006.49164,2.887408,23.079828,3.2,3.2,1008.0334,4.2303176,23.766502,7.1,7.1,1007.17096,4.738614,28.213251,9.000001,9.000001,1002.8833,2,9,5,1,-1.0,-1.8369701987210297e-16,95.0,75.0,85.0,7600.0,5000.0,1600.0,82.14285714285714,128.36100000000002,2767.5,2996.4814444444446
2023-09-03,75.0,7300.0,132.65,170.0,0,False,True,False,False,8.19,4.061022,23.687334,0.8,0.8,1006.10004,3.1135547,23.256918,2.7000003,2.7000003,1008.0667,4.250166,24.087336,1.8,1.8,1007.05005,5.643862,29.471586,0.0,0.0,1001.8833,3,9,6,1,-1.0,-1.8369701987210297e-16,95.0,85.0,75.0,24350.0,2250.0,875.0,82.14285714285714,125.19433333333335,2981.6666666666665,2911.4814444444446
2023-09-04,65.0,19000.0,132.65,170.0,0,False,True,False,False,8.19,3.8017452,23.806086,1.3000001,1.3000001,1005.8582,3.849828,23.121498,0.70000005,0.70000005,1007.66254,4.082482,24.17692,1.0,1.0,1006.69586,7.433409,28.834085,7.6,7.6,1001.70416,4,9,0,0,-1.0,-1.8369701987210297e-16,75.0,95.0,75.0,7300.0,2250.0,875.0,80.71428571428571,121.69433333333335,3585.8333333333335,2956.4814444444446
2023-09-05,60.0,7500.0,132.7,170.0,0,False,True,False,False,8.19,3.0499089,23.295668,0.90000004,0.90000004,1006.88324,2.869706,23.067331,0.1,0.1,1008.5042,3.4423783,23.904001,2.3000002,2.3000002,1007.47504,3.9333715,28.898666,0.0,0.0,1002.21246,5,9,1,0,-1.0,-1.8369701987210297e-16,65.0,95.0,75.0,19000.0,2250.0,875.0,78.57142857142857,118.08333333333333,3806.6666666666665,2970.925888888889
2023-09-06,55.0,4750.0,133.17,170.0,0,False,True,False,False,8.19,4.126406,24.329,0.6,0.6,1007.5,3.0199883,23.625666,0.70000005,0.70000005,1009.31665,3.1325724,24.728998,0.4,0.4,1008.25415,5.6399455,29.944502,0.0,0.0,1002.8083,6,9,2,0,-1.0,-1.8369701987210297e-16,60.0,75.0,75.0,7500.0,2250.0,875.0,75.71428571428571,114.58333333333333,3935.8333333333335,2952.314777777778
2023-09-07,50.0,7375.0,133.32,170.0,0,False,True,False,False,8.19,4.499435,24.16442,6.0,6.0,1007.52094,3.4233103,23.194418,5.3,5.3,1009.1958,4.567628,23.624838,3.1999998,3.1999998,1008.37933,8.113084,29.184084,5.1,5.1,1003.4207,7,9,3,0,-1.0,-1.8369701987210297e-16,55.0,65.0,85.0,4750.0,2500.0,875.0,70.71428571428571,110.58333333333333,4152.5,2960.3703333333333
2023-09-08,45.0,10000.0,133.44,170.0,0,False,True,False,False,8.19,3.5448253,22.7665,3.3,3.3,1007.66254,2.7011576,22.623583,9.4,9.4,1009.1875,4.36379,22.52067,16.1,16.1,1008.4751,15.692436,27.92367,10.700001,10.700001,1004.09174,8,9,4,0,-1.0,-1.8369701987210297e-16,50.0,60.0,95.0,7375.0,7600.0,875.0,63.57142857142857,106.41666666666667,4456.666666666667,2995.092555555556
2023-09-09,45.0,5000.0,133.02,170.0,0,False,True,False,False,8.19,3.3938415,22.268583,9.3,9.3,1007.6792,3.7126114,21.9215,22.199999,22.199999,1009.4207,3.461963,22.20192,4.1,4.1,1008.4666,12.9087515,27.163254,12.4,12.4,1004.17487,9,9,5,1,-1.0,-1.8369701987210297e-16,45.0,55.0,95.0,10000.0,24350.0,875.0,56.42857142857143,102.25,4594.166666666667,2971.7592222222224
2023-09-10,45.0,5000.0,133.02,170.0,0,False,True,False,False,8.19,4.0711417,22.545668,4.8,4.8,1006.0708,3.1527634,22.404833,9.8,9.8,1007.6958,3.4709978,22.926916,2.8000002,2.8000002,1006.7668,6.9379086,29.159082,0.3,0.3,1001.85834,10,9,6,1,-1.0,-1.8369701987210297e-16,45.0,50.0,75.0,5000.0,7300.0,875.0,52.142857142857146,98.75,4731.666666666667,2944.5370000000003
2023-09-11,51.67,2000.0,133.02,170.0,0,False,True,False,False,8.19,3.91998,23.00192,3.1000001,3.1000001,1004.97925,2.7668848,22.51108,0.5,0.5,1006.6167,3.1897275,23.529001,1.8000002,1.8000002,1005.6916,6.231066,29.086166,0.2,0.2,1000.89996,11,9,0,0,-1.0,-1.8369701987210297e-16,45.0,45.0,65.0,5000.0,19000.0,875.0,50.23857142857143,95.80566666666665,4769.166666666667,2938.9814444444446
2023-09-12,58.33,4000.0,133.16,170.0,0,False,True,False,False,8.19,4.301115,23.243586,11.900002,11.900002,1005.5584,2.2482178,22.62358,5.5000005,5.5000005,1007.1667,3.702048,23.201918,5.2,5.2,1006.2375,7.3727136,28.586166,14.0,14.0,1001.63324,12,9,1,0,-1.0,-1.8369701987210297e-16,51.67,45.0,60.0,2000.0,7500.0,875.0,50.0,93.08333333333333,4873.333333333333,2962.592555555556
2023-09-13,65.0,6000.0,132.98,170.0,0,False,True,False,False,8.19,4.0715046,23.629004,4.6,4.6,1006.17084,3.2497864,23.144415,6.7,6.7,1007.83746,4.5982394,23.324835,7.4,7.4,1006.82513,5.5614963,29.736168,0.70000005,0.70000005,1001.95416,13,9,2,0,-1.0,-1.8369701987210297e-16,58.33,45.0,55.0,4000.0,4750.0,875.0,51.42857142857143,89.58333333333333,5044.166666666667,3007.0370000000003
2023-09-14,65.0,6000.0,133.08,170.0,0,False,True,False,False,8.19,3.9668462,23.63942,1.1,1.1,1007.57086,3.0813398,23.306915,1.1000001,1.1000001,1009.1333,3.4261363,24.03733,8.4,8.4,1008.1543,9.878709,29.767416,0.6,0.6,1003.2874,14,9,3,0,-1.0,-1.8369701987210297e-16,65.0,51.67,50.0,6000.0,7375.0,875.0,53.57142857142857,86.75,5215.0,3050.092555555556
2023-09-15,65.0,5031.25,133.16,170.0,0,False,True,False,False,8.19,3.6210907,23.36025,2.3000002,2.3000002,1008.6958,2.877342,23.279833,1.8000001,1.8000001,1010.19586,3.5396912,23.620668,5.7999997,5.7999997,1009.3499,14.370987,29.479918,0.4,0.4,1004.67914,15,9,4,0,-1.0,-1.8369701987210297e-16,65.0,58.33,45.0,6000.0,10000.0,875.0,56.42857142857143,84.08333333333333,5353.541666666667,3090.2545555555557
2023-09-16,65.0,10062.5,133.4,170.0,0,False,True,False,False,8.19,3.272726,22.949835,1.6,1.6,1009.2459,3.7031395,22.861078,1.9000001,1.9000001,1010.6958,4.0359716,23.256083,0.4,0.4,1009.76263,9.501664,29.648666,0.7,0.7,1004.9251,16,9,5,1,-1.0,-1.8369701987210297e-16,65.0,65.0,45.0,5031.25,5000.0,875.0,59.285714285714285,81.66666666666667,5659.791666666667,3194.189777777778
2023-09-17,65.0,15093.75,133.4,170.0,0,False,True,False,False,8.19,4.6689796,22.706085,4.2,4.2,1008.18317,3.4907312,22.373583,4.7999997,4.7999997,1009.79584,4.221153,23.262335,1.0,1.0,1008.71246,5.9755745,29.279917,1.3,1.3,1003.64996,17,9,6,1,-1.0,-1.8369701987210297e-16,65.0,65.0,45.0,10062.5,5000.0,875.0,62.142857142857146,79.08333333333333,6133.75,3354.027777777778
2023-09-18,65.0,20125.0,133.4,170.0,0,False,True,False,False,8.19,4.573096,23.258171,2.9,2.9,1007.4001,3.3280141,22.831915,5.8,5.8,1009.23334,3.8335297,23.47692,6.2999997,6.2999997,1008.2751,5.2897186,28.917414,11.499999,11.499999,1003.40424,18,9,0,0,-1.0,-1.8369701987210297e-16,65.0,65.0,51.67,15093.75,2000.0,875.0,64.04714285714286,76.33333333333333,6775.416666666667,3558.1944444444443
2023-09-19,75.0,13950.0,133.54,170.0,0,False,True,False,False,8.19,4.2174134,22.891502,0.1,0.1,1009.4707,2.9030435,22.38608,2.2999997,2.2999997,1011.1875,4.370979,23.154001,3.4,3.4,1010.1167,6.6719613,28.248665,2.0,2.0,1005.57074,19,9,1,0,-1.0,-1.8369701987210297e-16,65.0,65.0,58.33,20125.0,4000.0,2525.0,66.42857142857143,73.83333333333333,7156.25,3688.1944444444443
2023-09-20,50.0,12250.0,133.54,170.0,0,False,True,False,False,8.19,3.9016466,22.001917,5.7000003,5.7000003,1009.80853,3.9450767,22.048584,4.6,4.6,1011.1208,3.992284,22.61025,18.6,18.6,1010.2625,7.7172236,28.317413,3.5,3.5,1005.98755,20,9,2,0,-1.0,-1.8369701987210297e-16,75.0,65.0,65.0,13950.0,6000.0,2525.0,64.28571428571429,71.33333333333333,7480.416666666667,3767.3611111111113
2023-09-21,50.0,43375.0,133.22,170.0,0,False,True,False,False,8.19,3.5947094,22.11025,4.1,4.1,1009.4041,3.2197487,21.759003,21.1,21.1,1010.9084,3.8836215,22.043585,7.3999996,7.3999996,1009.9126,16.652884,27.657003,0.8000001,0.8000001,1005.92096,21,9,3,0,-1.0,-1.8369701987210297e-16,50.0,65.0,65.0,12250.0,6000.0,3000.0,62.142857142857146,69.0,8826.25,4192.361111111111
2023-09-22,49.81,43187.5,133.25,170.0,0,False,True,False,False,8.19,3.3217049,21.568583,11.4,11.4,1009.5166,3.4941702,21.392332,15.100002,15.100002,1010.9751,3.4681606,21.603998,15.9,15.9,1010.04156,17.602549,27.538254,0.4,0.4,1005.82495,22,9,4,0,-1.0,-1.8369701987210297e-16,50.0,75.0,65.0,43375.0,5031.25,2525.0,59.972857142857144,66.99366666666667,10181.666666666666,4610.0
2023-09-23,49.62,43000.0,133.0,170.0,0,False,True,False,False,8.19,3.5955102,21.481085,0.6,0.6,1009.06256,2.9580429,21.052746,1.3000001,1.3000001,1010.40424,3.5247877,21.204004,1.0,1.0,1009.6458,18.651236,26.06742,6.7,6.7,1005.9292,23,9,5,1,-1.0,-1.8369701987210297e-16,49.81,50.0,65.0,43187.5,10062.5,5000.0,57.77571428571429,65.31433333333334,11448.333333333334,5083.611111111111
2023-09-24,49.42,42812.5,133.0,170.0,0,False,True,False,False,8.19,3.5008783,21.4415,2.8999999,2.8999999,1008.38763,3.2841396,21.317331,1.0,1.0,1009.6125,3.6866949,21.92067,1.4000002,1.4000002,1008.67914,17.697186,26.125753,0.8,0.8,1005.32086,24,9,6,1,-1.0,-1.8369701987210297e-16,49.62,50.0,65.0,43000.0,15093.75,5000.0,55.550000000000004,64.12833333333334,12708.75,5490.972222222223
2023-09-25,49.23,42625.0,133.0,170.0,1,False,True,False,False,8.19,3.1921089,21.037333,3.6,3.6,1009.62915,3.6484683,20.661081,11.0,11.0,1011.00824,3.808854,21.654,1.3000001,1.3000001,1010.07074,7.890984,26.552835,0.3,0.3,1006.1125,25,9,0,0,-1.0,-1.8369701987210297e-16,49.42,49.81,65.0,42812.5,20125.0,5000.0,53.29714285714285,62.93600000000001,13962.916666666666,5896.25
2023-09-26,49.04,42437.5,133.34,170.0,1,False,True,False,False,8.19,4.6122427,21.645666,3.0,3.0,1010.2458,3.3163826,20.923584,6.1,6.1,1011.7292,4.01758,21.864418,3.0000002,3.0000002,1010.8042,4.428921,27.069506,7.6,7.6,1006.45,26,9,1,0,-1.0,-1.8369701987210297e-16,49.23,49.62,75.0,42625.0,13950.0,2250.0,49.58857142857143,62.07066666666667,15302.5,6332.5
2023-09-27,48.85,42250.0,133.48,170.0,1,False,True,False,False,8.19,4.214097,21.972754,0.9000001,0.9000001,1009.5125,3.094946,21.463167,0.90000004,0.90000004,1011.13745,4.5077605,22.581085,1.2000002,1.2000002,1010.19995,3.7692697,27.682,2.1,2.1,1005.8249,27,9,2,0,-1.0,-1.8369701987210297e-16,49.04,49.42,50.0,42437.5,12250.0,2250.0,49.424285714285716,61.199,16635.833333333332,6766.666666666667
2023-09-28,48.65,42062.5,133.46,170.0,1,False,True,False,False,8.19,4.6813264,22.449837,1.5,1.5,1009.3291,3.1500168,21.71733,1.1,1.1,1010.9751,2.8866177,23.429003,1.4,1.4,1009.96246,3.9950502,28.446585,0.0,0.0,1005.27094,28,9,3,0,-1.0,-1.8369701987210297e-16,48.85,49.23,50.0,42250.0,43375.0,2250.0,49.23142857142857,60.32066666666667,17962.916666666668,7198.75
2023-09-29,48.46,41875.0,133.4,170.0,1,False,True,False,False,8.19,4.3950324,22.758165,3.3999999,3.3999999,1009.4375,3.6193943,22.004831,4.2000003,4.2000003,1011.27924,3.1295178,23.541502,1.4,1.4,1010.1499,4.4799,29.350754,0.0,0.0,1004.6584,29,9,4,0,-1.0,-1.8369701987210297e-16,48.65,49.04,49.81,42062.5,43187.5,2250.0,49.03857142857142,59.43600000000001,19283.75,7628.75
2023-09-30,48.27,41687.5,133.17,170.0,1,False,True,False,False,8.19,3.410208,23.397753,0.6,0.6,1009.00415,3.3919876,22.079834,3.6,3.6,1010.8,3.881445,23.299835,2.8,2.8,1009.81665,5.9776273,28.190338,0.0,0.0,1004.696,30,9,5,1,-1.0,-1.8369701987210297e-16,48.46,48.85,49.62,41875.0,43000.0,2500.0,48.84571428571429,58.21166666666667,20590.0,8056.666666666667
2023-10-01,48.08,41500.0,133.17,170.0,1,True,False,False,False,7.5,3.7423189,22.624834,0.0,0.0,1007.88745,3.5375652,21.942331,0.1,0.1,1009.50415,3.6663444,23.164423,0.70000005,0.70000005,1008.5667,4.131319,28.077833,0.4,0.4,1004.05414,1,10,6,1,-0.8660254037844386,0.5000000000000001,48.27,48.65,49.42,41687.5,42812.5,7600.0,48.65428571428571,56.647666666666666,21720.0,8482.5
2023-10-02,47.88,41312.5,133.17,170.0,1,True,False,False,False,7.5,2.9204257,21.504,4.2999997,4.2999997,1009.0334,2.5124996,21.642332,11.5,11.5,1010.47095,3.790762,22.45192,1.0000001,1.0000001,1009.45825,6.2290034,27.7695,3.6999998,3.6999998,1004.88324,2,10,0,0,-0.8660254037844386,0.5000000000000001,48.08,48.46,49.23,41500.0,42625.0,24350.0,48.46142857142858,55.077,22285.416666666668,8906.25
2023-10-03,47.69,41125.0,133.17,170.0,1,True,False,False,False,7.5,4.093745,21.91442,0.6,0.6,1009.4668,3.4115925,21.584002,3.1999998,3.1999998,1010.85004,3.0564167,22.399836,2.0000002,2.0000002,1009.94995,9.186391,26.952835,4.9999995,4.9999995,1005.88763,3,10,1,0,-0.8660254037844386,0.5000000000000001,47.88,48.27,49.04,41312.5,42437.5,7300.0,48.26857142857143,54.166666666666664,23412.916666666668,9327.916666666666
2023-10-04,47.5,40937.5,133.44,170.0,1,True,False,False,False,7.5,2.4396217,20.106085,13.700001,13.700001,1010.42914,3.1516297,20.723581,10.3,10.3,1011.4375,4.004936,21.249834,4.499999,4.499999,1010.4167,10.34814,26.559082,2.3,2.3,1006.31665,4,10,2,0,-0.8660254037844386,0.5000000000000001,47.69,48.08,48.85,41125.0,42250.0,19000.0,48.075714285714284,53.583333333333336,24144.166666666668,9747.5
2023-10-05,47.31,40750.0,133.49,170.0,1,True,False,False,False,7.5,4.246384,21.622751,3.4000003,3.4000003,1008.70416,6.2536216,21.4965,0.4,0.4,1009.85425,3.6289558,21.483168,0.8000001,0.8000001,1009.00415,4.5587864,26.902832,0.6,0.6,1005.22925,5,10,3,0,-0.8660254037844386,0.5000000000000001,47.5,47.88,48.65,40937.5,42062.5,7500.0,47.88428571428572,53.160333333333334,25252.5,10165.0
2023-10-06,47.12,40562.5,133.51,170.0,1,True,False,False,False,7.5,3.9728696,21.031084,3.8000002,3.8000002,1008.94165,4.0045414,21.306917,2.1999998,2.1999998,1010.0791,3.3010054,21.72692,4.2,4.2,1009.2959,6.4261246,27.13825,1.7,1.7,1005.49164,6,10,4,0,-0.8660254037844386,0.5000000000000001,47.31,47.69,48.46,40750.0,41875.0,4750.0,47.69285714285714,52.897666666666666,26446.25,10604.027777777777
2023-10-07,46.92,40375.0,133.5,170.0,1,True,False,False,False,7.5,3.8385046,21.17275,1.6000001,1.6000001,1010.14166,4.3042474,20.719416,1.0,1.0,1011.5083,3.3898041,21.758165,1.8000001,1.8000001,1010.67505,4.382063,26.496582,1.3000001,1.3000001,1007.0625,7,10,5,1,-0.8660254037844386,0.5000000000000001,47.12,47.5,48.27,40562.5,41687.5,7375.0,47.5,52.795,27546.25,11040.972222222223
2023-10-08,46.73,40187.5,133.5,170.0,1,True,False,False,False,7.5,3.9614038,20.754004,6.9999995,6.9999995,1010.69165,4.390898,20.236082,2.8000002,2.8000002,1011.96246,2.6451266,21.312334,7.3,7.3,1011.1877,5.640667,26.977835,1.0,1.0,1007.16656,8,10,6,1,-0.8660254037844386,0.5000000000000001,46.92,47.31,48.08,40375.0,41500.0,10000.0,47.30714285714286,52.85266666666667,28552.5,11475.833333333334
2023-10-09,46.54,40000.0,133.5,170.0,1,True,False,False,False,7.5,4.0565224,20.606085,3.4,3.4,1011.20844,2.6837504,20.338163,1.2000002,1.2000002,1012.5623,3.6240625,20.608164,0.90000004,0.90000004,1011.8293,5.6926827,26.923666,2.4,2.4,1007.825,9,10,0,0,-0.8660254037844386,0.5000000000000001,46.73,47.12,47.88,40187.5,41312.5,5000.0,47.11571428571428,52.904,29719.166666666668,11908.611111111111
2023-10-10,46.35,39812.5,133.53,170.0,1,True,False,False,False,7.5,4.066831,20.658167,2.5,2.5,1012.3376,3.5121405,20.086084,2.2000003,2.2000003,1013.7917,2.8246553,21.391497,2.0,2.0,1012.84985,6.408235,26.47783,3.1,3.1,1009.1126,10,10,1,0,-0.8660254037844386,0.5000000000000001,46.54,46.92,47.69,40000.0,41125.0,5000.0,46.924285714285716,52.949,30879.583333333332,12339.305555555555
2023-10-11,46.15,39625.0,133.5,170.0,1,True,False,False,False,7.5,4.204819,19.622751,5.1,5.1,1012.54156,3.4052074,19.200666,1.6,1.6,1013.92487,3.8522131,19.829,1.3,1.3,1013.27905,6.264965,25.884085,1.4000002,1.4000002,1009.35815,11,10,2,0,-0.8660254037844386,0.5000000000000001,46.35,46.73,47.5,39812.5,40937.5,2000.0,46.73142857142857,52.765,32133.75,12761.805555555555
2023-10-12,45.96,39437.5,133.41,170.0,1,True,False,False,False,7.5,4.3976336,19.2665,2.6000001,2.6000001,1014.38336,3.1775723,18.911085,1.8000001,1.8000001,1015.9417,3.5946023,20.2665,2.2,2.2,1015.1418,4.911187,26.275751,0.5,0.5,1010.98334,12,10,3,0,-0.8660254037844386,0.5000000000000001,46.15,46.54,47.31,39625.0,40750.0,4000.0,46.53857142857142,52.35266666666667,33315.0,13182.222222222223
2023-10-13,45.77,39250.0,133.5,170.0,1,True,False,False,False,7.5,4.3102055,19.233168,1.7,1.7,1015.18335,2.5073853,18.536083,0.6,0.6,1016.63763,3.1494186,20.295668,3.5,3.5,1015.88745,5.1593904,25.332003,0.0,0.0,1011.75836,13,10,4,0,-0.8660254037844386,0.5000000000000001,45.96,46.35,47.12,39437.5,40562.5,6000.0,46.34571428571429,51.71166666666667,34423.333333333336,13600.555555555555
2023-10-14,45.58,39062.5,133.53,170.0,1,True,False,False,False,7.5,4.3027997,18.55192,5.9999995,5.9999995,1014.4875,3.7293797,18.219416,1.4000001,1.4000001,1015.73334,3.3687894,19.349834,1.6,1.6,1015.02484,5.3519516,24.521585,0.0,0.0,1011.14996,14,10,5,1,-0.8660254037844386,0.5000000000000001,45.77,46.15,46.92,39250.0,40375.0,6000.0,46.15428571428571,51.06433333333334,35525.416666666664,14016.805555555555
2023-10-15,45.38,38875.0,133.53,170.0,1,True,False,False,False,7.5,3.9906676,18.270668,1.1,1.1,1012.8416,2.8352907,17.661081,0.4,0.4,1014.1167,3.5568402,18.549833,1.4000001,1.4000001,1013.4959,5.816299,24.725748,0.5,0.5,1009.6875,15,10,6,1,-0.8660254037844386,0.5000000000000001,45.58,45.96,46.73,39062.5,40187.5,5031.25,45.96142857142858,50.410333333333334,36653.541666666664,14430.972222222223
2023-10-16,45.19,38687.5,133.53,170.0,1,True,False,False,False,7.5,4.5756936,18.158169,1.7,1.7,1014.7625,3.4825592,17.263166,8.5,8.5,1016.10004,3.207364,18.445665,5.4,5.4,1015.36664,8.205806,24.709085,9.1,9.1,1011.57916,16,10,0,0,-0.8660254037844386,0.5000000000000001,45.38,45.77,46.54,38875.0,40000.0,10062.5,45.76857142857143,49.75,37607.708333333336,14843.055555555555
2023-10-17,45.0,38500.0,133.55,170.0,1,True,False,False,False,7.5,4.753294,18.374834,0.3,0.3,1015.6084,3.9650266,17.538168,2.1999998,2.1999998,1017.1084,4.2296333,18.497753,1.4,1.4,1016.52496,5.659844,23.94658,1.3,1.3,1012.3584,17,10,1,0,-0.8660254037844386,0.5000000000000001,45.19,45.58,46.35,38687.5,39812.5,15093.75,45.575714285714284,49.083333333333336,38387.916666666664,15253.055555555555
2023-10-18,45.0,500.0,133.52,170.0,1,True,False,False,False,7.5,3.505741,18.168585,0.0,0.0,1015.72095,3.4644709,16.823584,2.4,2.4,1017.1167,3.474355,18.251917,1.3,1.3,1016.4792,4.723789,23.671585,0.0,0.0,1012.6626,18,10,2,0,-0.8660254037844386,0.5000000000000001,45.0,45.38,46.15,38500.0,39625.0,20125.0,45.41142857142857,48.416666666666664,37733.75,15240.833333333334
2023-10-19,45.0,15000.0,133.52,170.0,1,True,False,False,False,7.5,4.2249346,17.312334,0.4,0.4,1015.93335,3.2398422,16.508999,1.6000001,1.6000001,1017.23334,3.1273708,18.035254,0.2,0.2,1016.66675,3.9268274,23.54033,0.3,0.3,1013.08344,19,10,3,0,-0.8660254037844386,0.5000000000000001,45.0,45.19,45.96,500.0,39437.5,13950.0,45.27428571428572,47.416666666666664,37768.75,15389.722222222223
2023-10-20,45.0,15000.0,133.5,170.0,1,True,False,False,False,7.5,4.687554,17.212336,0.0,0.0,1016.82916,2.663042,17.417334,0.4,0.4,1018.0916,3.8722801,17.54775,0.4,0.4,1017.5793,4.9743476,23.290335,0.0,0.0,1013.9834,20,10,4,0,-0.8660254037844386,0.5000000000000001,45.0,45.0,45.77,15000.0,39250.0,12250.0,45.16428571428571,47.25,37860.416666666664,15538.611111111111
2023-10-21,60.0,7025.0,133.3,170.0,1,True,False,False,False,7.5,4.23496,17.187332,0.0,0.0,1017.8709,3.1139443,16.92358,1.8000002,1.8000002,1019.1916,3.932284,18.212334,0.1,0.1,1018.45844,4.948237,22.646585,0.0,0.0,1014.825,21,10,5,1,-0.8660254037844386,0.5000000000000001,45.0,45.0,45.58,15000.0,39062.5,43375.0,47.22428571428571,47.583333333333336,36648.75,15598.888888888889
2023-10-22,75.0,14050.0,133.3,170.0,1,True,False,False,False,7.5,4.025206,17.704,0.0,0.0,1017.55005,3.5717974,17.440248,0.0,0.0,1018.92084,4.364261,18.408169,0.0,0.0,1018.3667,5.4554086,23.01742,0.0,0.0,1014.42914,22,10,6,1,-0.8660254037844386,0.5000000000000001,60.0,45.0,45.38,7025.0,38875.0,43187.5,51.455714285714286,48.423,35677.5,15737.222222222223
2023-10-23,75.0,5500.0,133.3,170.0,1,True,False,False,False,7.5,3.986802,17.876917,0.0,0.0,1016.2459,3.7648065,17.679834,0.1,0.1,1017.54596,3.7923307,18.676916,0.0,0.0,1017.0293,4.807777,23.100752,0.0,0.0,1013.04596,23,10,0,0,-0.8660254037844386,0.5000000000000001,75.0,45.0,45.19,14050.0,38687.5,43000.0,55.714285714285715,49.269,34427.5,15780.555555555555
2023-10-24,75.0,2525.0,133.42,170.0,1,True,False,False,False,7.5,3.7672355,18.220667,0.8,0.8,1015.53754,3.6661837,17.923586,0.4,0.4,1016.9041,3.790744,18.997751,0.0,0.0,1016.30414,5.3735414,23.561167,0.0,0.0,1012.1375,24,10,1,0,-0.8660254037844386,0.5000000000000001,75.0,60.0,45.0,5500.0,38500.0,42812.5,60.0,50.12166666666666,33084.583333333336,15790.833333333334
2023-10-25,73.75,3400.0,133.42,169.25,1,True,False,False,False,7.5,3.7123,18.053999,0.7,0.7,1015.50433,3.0870934,18.186085,0.2,0.2,1017.0417,4.050115,18.926916,0.0,0.0,1016.4334,6.5155816,23.607,0.0,0.0,1012.2249,25,10,2,0,-0.8660254037844386,0.5000000000000001,75.0,75.0,45.0,2525.0,500.0,42625.0,64.10714285714286,50.93899999999999,31777.083333333332,15810.833333333334
2023-10-26,72.5,4275.0,133.4,168.5,1,True,False,False,False,7.5,3.9581156,17.406084,1.0,1.0,1015.3416,3.0795958,17.70275,0.3,0.3,1016.72925,3.6750705,18.254004,0.0,0.0,1016.10004,5.333264,23.38617,0.1,0.1,1012.5417,26,10,3,0,-0.8660254037844386,0.5000000000000001,73.75,75.0,45.0,3400.0,15000.0,42437.5,68.03571428571429,51.721,30505.0,15840.555555555555
2023-10-27,71.25,5150.0,133.48,167.75,1,True,False,False,False,7.5,4.2679005,16.751917,0.1,0.1,1015.2166,3.484908,16.948584,4.5,4.5,1016.5666,3.877796,17.781084,0.0,0.0,1015.94165,5.141927,23.832,0.8,0.8,1012.37506,27,10,4,0,-0.8660254037844386,0.5000000000000001,72.5,75.0,45.0,4275.0,15000.0,42250.0,71.78571428571429,52.467666666666666,29268.333333333332,15880.0
2023-10-28,70.0,6025.0,133.5,167.0,1,True,False,False,False,7.5,4.769852,16.483168,0.0,0.0,1016.0042,3.6097343,16.363165,0.5,0.5,1017.2251,4.2930303,17.560251,0.0,0.0,1016.64166,5.3424287,23.494501,0.0,0.0,1013.146,28,10,5,1,-0.8660254037844386,0.5000000000000001,71.25,73.75,60.0,5150.0,7025.0,42062.5,73.21428571428571,53.17933333333333,28067.083333333332,15929.166666666666
2023-10-29,68.75,6900.0,133.5,166.25,1,True,False,False,False,7.5,3.9632308,17.449831,0.0,0.0,1016.1667,2.734245,17.104834,0.70000005,0.70000005,1017.4084,3.3870459,18.720667,0.0,0.0,1016.7583,6.178295,22.796585,0.0,0.0,1013.1584,29,10,6,1,-0.8660254037844386,0.5000000000000001,70.0,72.5,75.0,6025.0,14050.0,41875.0,72.32142857142857,53.855666666666664,26901.25,15988.055555555555
2023-10-30,67.5,7775.0,133.5,165.5,1,True,False,False,False,7.5,4.0389924,18.351917,0.0,0.0,1016.4666,2.7982833,18.419418,0.0,0.0,1017.8709,4.0671153,18.618586,0.1,0.1,1017.4124,5.1866703,22.629915,0.0,0.0,1013.6999,30,10,0,0,-0.8660254037844386,0.5000000000000001,68.75,71.25,75.0,6900.0,5500.0,41687.5,71.25,54.49666666666666,25770.833333333332,16056.666666666666
2023-10-31,66.25,8650.0,133.51,164.75,1,True,False,False,False,7.5,4.1525064,18.326916,0.0,0.0,1018.3708,3.1373827,18.258997,0.1,0.1,1019.8958,3.9045095,19.13317,0.0,0.0,1019.23334,4.390165,24.134085,0.0,0.0,1014.8584,31,10,1,0,-0.8660254037844386,0.5000000000000001,67.5,70.0,75.0,7775.0,2525.0,41500.0,70.0,55.102333333333334,24675.833333333332,16135.0
2023-11-01,65.0,9525.0,133.51,164.0,1,True,False,False,False,5.38,3.8619993,17.970667,0.0,0.0,1018.3332,3.3133085,18.113165,0.0,0.0,1019.65845,3.8553622,18.618584,0.0,0.0,1019.1626,4.750115,23.848665,0.0,0.0,1014.83746,1,11,2,0,-0.5000000000000004,0.8660254037844384,66.25,68.75,73.75,8650.0,3400.0,41312.5,68.75,55.673,23616.25,16223.055555555555
2023-11-02,65.0,4250.0,133.57,164.0,1,True,False,False,False,5.38,4.7619877,17.912333,0.0,0.0,1016.10834,2.9571683,17.306917,0.2,0.2,1017.2959,4.040521,18.337336,0.0,0.0,1016.8333,6.0410023,23.659082,0.0,0.0,1012.97906,2,11,3,0,-0.5000000000000004,0.8660254037844384,65.0,67.5,72.5,9525.0,4275.0,41125.0,67.67857142857143,56.25,22387.083333333332,16260.555555555555
2023-11-03,65.0,4250.0,133.5,164.0,1,True,False,False,False,5.38,4.693463,17.120668,0.6,0.6,1014.26666,3.192064,16.498583,0.4,0.4,1015.55817,3.34319,17.381086,1.0,1.0,1014.9834,5.308041,23.0445,0.0,0.0,1011.3208,3,11,4,0,-0.5000000000000004,0.8660254037844384,65.0,66.25,71.25,4250.0,5150.0,40937.5,66.78571428571429,56.833333333333336,21164.166666666668,16298.055555555555
2023-11-04,65.0,20000.0,133.56,164.0,1,True,False,False,False,5.38,4.6131988,15.604001,0.4,0.4,1014.08746,2.8116853,15.8673315,0.4,0.4,1015.39996,3.623522,16.733168,0.1,0.1,1014.8875,6.5662174,22.88617,0.0,0.0,1011.2207,4,11,5,1,-0.5000000000000004,0.8660254037844384,65.0,65.0,70.0,4250.0,6025.0,40750.0,66.07142857142857,57.423,20472.5,16510.555555555555
2023-11-05,65.0,12000.0,133.56,164.0,1,True,False,False,False,5.38,4.165546,15.687335,0.0,0.0,1016.2458,3.1208096,15.798583,0.3,0.3,1017.52496,4.075277,16.687334,0.1,0.1,1016.99994,5.361095,21.979918,0.0,0.0,1013.62103,5,11,6,1,-0.5000000000000004,0.8660254037844384,65.0,65.0,68.75,20000.0,6900.0,40562.5,65.53571428571429,58.019,19520.416666666668,16634.166666666668
2023-11-06,65.0,12000.0,133.56,164.0,1,True,False,False,False,5.38,3.9010189,15.785249,0.70000005,0.70000005,1017.67914,3.1947844,15.786082,1.2,1.2,1018.8293,2.578736,17.226917,0.4,0.4,1018.1584,5.596705,21.5195,0.0,0.0,1014.8459,6,11,0,0,-0.5000000000000004,0.8660254037844384,65.0,65.0,67.5,12000.0,7775.0,40375.0,65.17857142857143,58.62166666666666,18574.583333333332,16757.777777777777
2023-11-07,65.0,12000.0,133.45,164.0,1,True,False,False,False,5.38,4.3462577,16.091501,0.3,0.3,1016.2625,4.4434996,16.092333,0.1,0.1,1017.4876,3.7712123,17.162336,0.0,0.0,1017.06256,5.875274,21.617418,0.0,0.0,1013.65845,7,11,1,0,-0.5000000000000004,0.8660254037844384,65.0,65.0,66.25,12000.0,8650.0,40187.5,65.0,59.230666666666664,17635.0,16881.38888888889
2023-11-08,65.0,12000.0,133.52,164.0,1,True,False,False,False,5.38,4.2714586,16.14775,0.0,0.0,1014.98755,4.1683164,16.096498,0.0,0.0,1016.1792,4.0145164,16.831085,0.0,0.0,1015.89594,5.914739,21.136168,0.0,0.0,1012.69165,8,11,2,0,-0.5000000000000004,0.8660254037844384,65.0,65.0,65.0,12000.0,9525.0,40000.0,65.0,59.846,16701.666666666668,17005.0
2023-11-09,65.0,11000.0,133.54,164.0,1,True,False,False,False,5.38,3.7847223,15.722751,0.0,0.0,1015.48346,2.9610713,15.559002,0.0,0.0,1016.6416,3.8163452,15.999837,0.0,0.0,1016.3792,4.777873,20.911165,0.0,0.0,1013.45,9,11,3,0,-0.5000000000000004,0.8660254037844384,65.0,65.0,65.0,12000.0,4250.0,39812.5,65.0,60.467666666666666,15741.25,17117.5
2023-11-10,65.0,11000.0,133.56,164.0,1,True,False,False,False,5.38,3.8527677,15.706084,0.0,0.0,1017.54596,3.212824,14.536084,0.1,0.1,1018.66656,3.5240343,16.5165,0.0,0.0,1018.21674,4.584249,21.496584,0.0,0.0,1014.99585,10,11,4,0,-0.5000000000000004,0.8660254037844384,65.0,65.0,65.0,11000.0,4250.0,39625.0,65.0,61.096,14787.083333333334,17230.0
2023-11-11,45.0,11000.0,133.65,164.0,1,True,False,False,False,5.38,4.159331,15.641501,0.0,0.0,1018.2085,3.7273266,15.042335,0.1,0.1,1019.42914,3.4031217,16.901918,1.2,1.2,1018.92084,5.8224015,21.509087,0.0,0.0,1015.47504,11,11,5,1,-0.5000000000000004,0.8660254037844384,65.0,65.0,65.0,11000.0,20000.0,39437.5,62.142857142857146,61.06399999999999,13839.166666666666,17342.5
2023-11-12,55.0,10000.0,133.65,164.0,1,True,False,False,False,5.38,4.283838,15.864417,0.0,0.0,1018.32916,3.7726934,16.008999,0.0,0.0,1019.6125,3.9192803,16.416498,0.0,0.0,1019.1833,4.6430798,20.917418,0.0,0.0,1016.0332,12,11,6,1,-0.5000000000000004,0.8660254037844384,45.0,65.0,65.0,11000.0,12000.0,39250.0,60.714285714285715,61.37166666666666,12864.166666666666,17443.88888888889
2023-11-13,55.0,10000.0,133.65,164.0,1,True,False,False,False,5.38,3.8730686,15.9165,0.0,0.0,1018.9541,3.4670317,16.400667,0.2,0.2,1020.09155,3.4434597,17.52275,0.0,0.0,1019.67084,5.578303,20.85075,0.0,0.0,1016.13745,13,11,0,0,-0.5000000000000004,0.8660254037844384,55.0,65.0,65.0,10000.0,12000.0,39062.5,59.285714285714285,61.68566666666666,11895.416666666666,17545.277777777777
2023-11-14,65.0,10000.0,133.64,164.0,1,True,False,False,False,5.38,4.26386,16.42275,0.0,0.0,1018.38763,3.6878986,16.873583,0.0,0.0,1019.6291,3.6883202,17.456085,0.0,0.0,1019.19995,3.8998015,20.721584,0.0,0.0,1015.7376,14,11,1,0,-0.5000000000000004,0.8660254037844384,55.0,45.0,65.0,10000.0,12000.0,38875.0,59.285714285714285,62.339666666666666,10932.916666666666,17646.666666666668
2023-11-15,65.0,10000.0,133.64,164.0,1,True,False,False,False,5.38,3.733454,16.737333,0.0,0.0,1018.3875,3.4090757,16.567333,0.0,0.0,1019.45,3.5746582,17.033167,0.0,0.0,1019.06244,3.601463,21.40075,0.0,0.0,1015.74164,15,11,2,0,-0.5000000000000004,0.8660254037844384,65.0,55.0,65.0,10000.0,12000.0,38687.5,59.285714285714285,63.0,9976.666666666666,17748.055555555555
2023-11-16,65.0,505.0,133.34,164.0,0,True,False,False,False,5.38,3.775933,16.126917,0.0,0.0,1019.9334,2.7505972,16.15275,0.1,0.1,1020.99164,4.1358304,17.318584,0.0,0.0,1020.5083,5.3091707,22.361168,0.0,0.0,1016.7625,16,11,3,0,-0.5000000000000004,0.8660254037844384,65.0,55.0,65.0,10000.0,11000.0,38500.0,59.285714285714285,63.666666666666664,8710.166666666666,17743.944444444445
2023-11-17,65.0,1010.0,133.48,164.0,0,True,False,False,False,5.38,3.6272676,16.618586,0.0,0.0,1018.8084,3.8982708,16.581917,0.0,0.0,1019.8459,4.8233323,17.747751,0.0,0.0,1019.2625,6.3001666,22.782,0.0,0.0,1015.3875,17,11,4,0,-0.5000000000000004,0.8660254037844384,65.0,65.0,65.0,505.0,11000.0,500.0,59.285714285714285,64.33333333333333,8727.166666666666,17745.444444444445
2023-11-18,65.0,1515.0,133.54,164.0,0,True,False,False,False,5.38,4.435492,15.910252,0.2,0.2,1018.0583,4.7800794,14.225663,0.0,0.0,1018.96246,3.943165,16.66025,0.0,0.0,1018.51245,5.0581794,22.052835,0.0,0.0,1015.3918,18,11,5,1,-0.5000000000000004,0.8660254037844384,65.0,65.0,45.0,1010.0,11000.0,15000.0,62.142857142857146,65.0,8277.666666666666,17734.222222222223
2023-11-19,65.0,2020.0,133.54,164.0,0,True,False,False,False,5.38,3.889142,15.566499,0.0,0.0,1019.07916,3.4611425,15.209,0.0,0.0,1020.0168,3.4745321,16.970667,0.0,0.0,1019.5584,5.7083473,21.807001,0.0,0.0,1016.2751,19,11,6,1,-0.5000000000000004,0.8660254037844384,65.0,65.0,55.0,1515.0,10000.0,15000.0,63.57142857142857,65.66666666666667,7845.0,17728.61111111111
2023-11-20,65.0,2525.0,133.54,164.0,0,True,False,False,False,5.38,3.9336421,16.166498,0.0,0.0,1018.04156,2.816603,16.242332,0.0,0.0,1019.12915,4.5940413,16.406086,0.0,0.0,1018.7749,6.4641232,20.732,0.0,0.0,1015.5457,20,11,0,0,-0.5000000000000004,0.8660254037844384,65.0,65.0,55.0,2020.0,10000.0,7025.0,65.0,65.83333333333333,7695.0,17723.333333333332
2023-11-21,71.67,1683.33,133.65,164.0,0,True,False,False,False,5.38,3.8483593,15.468583,0.0,0.0,1015.5876,3.3622913,15.665252,0.0,0.0,1016.4915,4.3792186,15.558167,0.0,0.0,1016.23334,5.7777004,20.196585,0.0,0.0,1013.67505,21,11,1,0,-0.5000000000000004,0.8660254037844384,65.0,65.0,65.0,2525.0,10000.0,14050.0,65.95285714285714,65.72233333333334,7282.777666666666,17713.981444444446
2023-11-22,78.33,841.67,133.68,164.0,0,True,False,False,False,5.38,4.106999,14.616501,0.1,0.1,1014.96674,2.801711,14.013167,0.0,0.0,1015.88763,4.3843203,14.614417,0.5,0.5,1015.66254,5.0769477,20.096584,0.0,0.0,1013.14166,22,11,2,0,-0.5000000000000004,0.8660254037844384,71.67,65.0,65.0,1683.33,10000.0,5500.0,67.85714285714286,65.83333333333333,7127.5,17667.777777777777
2023-11-23,85.0,841.67,133.62,164.0,0,True,False,False,False,5.38,3.3823416,14.556084,0.0,0.0,1015.3709,3.1019003,14.471498,0.3,0.3,1016.3418,4.7931867,14.916501,0.3,0.3,1016.0667,5.4326806,20.113249,0.0,0.0,1013.3333,23,11,3,0,-0.5000000000000004,0.8660254037844384,78.33,65.0,65.0,841.67,505.0,2525.0,70.71428571428571,66.16666666666667,7071.389,17621.57411111111
2023-11-24,85.0,841.67,133.66,164.0,0,True,False,False,False,5.38,3.935787,15.226917,0.70000005,0.70000005,1016.64575,3.0678313,14.761083,2.1,2.1,1018.02094,4.30103,15.835251,1.3000001,1.3000001,1017.42505,4.953594,19.986168,0.0,0.0,1014.4499,24,11,4,0,-0.5000000000000004,0.8660254037844384,85.0,71.67,65.0,841.67,1010.0,3400.0,73.57142857142857,66.54166666666667,6986.111333333333,17575.370444444445
2023-11-25,85.0,841.67,133.7,164.0,0,True,False,False,False,5.38,3.872794,15.126916,0.1,0.1,1018.5208,3.2111123,13.777752,1.4000001,1.4000001,1019.7874,3.9498847,15.908168,0.0,0.0,1019.2126,3.5321324,20.434084,0.0,0.0,1016.175,25,11,5,1,-0.5000000000000004,0.8660254037844384,85.0,78.33,65.0,841.67,1515.0,4275.0,76.42857142857143,66.95833333333333,6871.667,17559.722333333335
2023-11-26,85.0,841.67,133.7,164.0,0,True,False,False,False,5.38,3.8446925,15.718583,0.0,0.0,1019.88763,3.370732,15.402749,0.0,0.0,1020.93335,3.4482536,16.9665,0.0,0.0,1020.4666,4.7769923,20.675749,0.0,0.0,1017.04584,26,11,6,1,-0.5000000000000004,0.8660254037844384,85.0,85.0,65.0,841.67,2020.0,5150.0,79.28571428571429,67.41666666666667,6728.056,17544.07422222222
2023-11-27,85.0,841.67,133.7,164.0,0,True,False,False,False,5.38,3.7868445,16.212336,0.0,0.0,1018.125,3.5194902,16.619417,0.1,0.1,1019.1292,4.682698,16.958166,0.0,0.0,1018.7375,5.079264,20.615334,0.0,0.0,1015.68335,27,11,0,0,-0.5000000000000004,0.8660254037844384,85.0,85.0,65.0,841.67,2525.0,6025.0,82.14285714285714,67.91666666666667,6555.278333333334,17528.426111111112
2023-11-28,85.0,841.67,133.7,164.0,0,True,False,False,False,5.38,3.7028313,16.399834,0.0,0.0,1016.5625,3.1319282,15.300664,0.2,0.2,1017.60834,3.86562,16.3915,0.1,0.1,1017.0959,5.0736747,21.359083,0.0,0.0,1014.02496,28,11,1,0,-0.5000000000000004,0.8660254037844384,85.0,85.0,71.67,841.67,1683.33,6900.0,84.04714285714284,68.45833333333333,6353.334,17512.778
2023-11-29,85.0,8875.0,133.64,164.0,0,True,False,False,False,5.38,3.6059144,15.470668,0.0,0.0,1016.9875,3.0131454,14.831917,0.1,0.1,1018.2751,3.5352437,16.485252,0.2,0.2,1017.77924,4.8701606,20.590334,0.0,0.0,1014.5334,29,11,2,0,-0.5000000000000004,0.8660254037844384,85.0,85.0,78.33,841.67,841.67,7775.0,85.0,69.04166666666667,6390.000666666666,17583.611333333334
2023-11-30,85.0,8875.0,133.63,160.0,0,True,False,False,False,5.38,3.1571047,14.528999,0.0,0.0,1018.2915,3.2517557,15.159,0.0,0.0,1019.40845,3.9524205,15.262334,0.0,0.0,1019.05414,6.2481728,19.692415,0.0,0.0,1015.925,30,11,3,0,-0.5000000000000004,0.8660254037844384,85.0,85.0,85.0,8875.0,841.67,8650.0,85.0,69.66666666666667,6397.500666666666,17597.778
2023-12-01,85.0,8875.0,133.74,160.0,0,False,False,False,True,4.95,3.0533078,15.637334,0.0,0.0,1017.3457,3.0188954,14.875667,0.1,0.1,1018.5251,3.397526,15.831084,0.1,0.1,1018.11664,5.622749,20.582,0.0,0.0,1015.1667,1,12,4,0,-2.4492935982947064e-16,1.0,85.0,85.0,85.0,8875.0,841.67,9525.0,85.0,70.33333333333333,6375.834,17425.833555555557
2023-12-02,76.67,8875.0,133.57,160.0,0,False,False,False,True,4.95,3.8372505,14.579001,0.0,0.0,1017.4543,4.026548,14.783999,0.0,0.0,1018.5,4.133672,15.729001,0.0,0.0,1018.21265,5.4244027,20.459085,0.0,0.0,1015.05835,2,12,5,1,-2.4492935982947064e-16,1.0,85.0,85.0,85.0,8875.0,841.67,4250.0,83.80999999999999,70.72233333333334,6530.000666666666,17443.333555555557
2023-12-03,75.0,8875.0,133.57,160.0,0,False,False,False,True,4.95,3.4481783,14.758167,0.0,0.0,1017.4626,3.870478,14.904834,0.0,0.0,1018.55,3.6132224,16.133165,0.0,0.0,1018.3667,4.6418114,19.432001,0.0,0.0,1015.04596,3,12,6,1,-2.4492935982947064e-16,1.0,76.67,85.0,85.0,8875.0,841.67,4250.0,82.38142857142857,71.05566666666667,6684.167333333333,17330.833555555557
2023-12-04,75.0,8875.0,133.57,160.0,0,False,False,False,True,4.95,3.0561802,14.524834,0.2,0.2,1016.80005,3.3147166,14.254834,0.0,0.0,1017.82086,5.4630184,14.764417,0.0,0.0,1017.4626,5.832752,19.644503,0.0,0.0,1014.00415,4,12,0,0,-2.4492935982947064e-16,1.0,75.0,85.0,85.0,8875.0,841.67,20000.0,80.95285714285714,71.389,6313.334,17346.111333333334
2023-12-05,65.0,1500.0,133.69,160.0,0,False,False,False,True,4.95,3.5852585,15.366501,0.0,0.0,1015.23755,4.6357408,15.071499,0.0,0.0,1015.9834,5.5222726,15.104,0.0,0.0,1015.7957,5.7443604,18.596582,0.0,0.0,1013.05414,5,12,1,0,-2.4492935982947064e-16,1.0,75.0,76.67,85.0,8875.0,841.67,12000.0,78.09571428571428,71.389,5963.334,17310.00022222222
2023-12-06,66.67,3000.0,133.72,160.0,0,False,False,False,True,4.95,3.252797,15.020667,0.0,0.0,1017.39996,4.265771,14.925666,0.0,0.0,1018.0833,5.226988,14.468585,0.0,0.0,1018.0459,6.6477847,20.402834,0.0,0.0,1015.5583,6,12,2,0,-2.4492935982947064e-16,1.0,65.0,75.0,85.0,1500.0,8875.0,12000.0,75.47714285714287,71.44466666666668,5663.334,17261.38911111111
2023-12-07,55.0,3000.0,133.63,160.0,0,False,False,False,True,4.95,3.310519,13.749831,0.0,0.0,1016.3291,2.60326,12.711082,0.2,0.2,1017.29175,3.4035864,13.643582,0.4,0.4,1016.9834,5.438935,18.813253,1.2,1.2,1014.2834,7,12,3,0,-2.4492935982947064e-16,1.0,66.67,75.0,85.0,3000.0,8875.0,12000.0,71.19142857142857,71.11133333333333,5363.334,17183.611333333334
2023-12-08,65.0,3000.0,133.67,160.0,0,False,False,False,True,4.95,3.4726918,13.466499,0.0,0.0,1014.92084,3.7309704,12.061084,0.0,0.0,1015.6584,4.522317,13.995667,0.0,0.0,1015.3792,6.3048854,18.954918,0.0,0.0,1013.0876,8,12,4,0,-2.4492935982947064e-16,1.0,55.0,65.0,85.0,3000.0,8875.0,12000.0,68.33428571428571,71.11133333333333,5063.334,17161.38911111111
2023-12-09,66.67,3000.0,133.72,160.0,0,False,False,False,True,4.95,4.120847,13.003999,0.0,0.0,1015.05414,2.7523072,12.986084,0.0,0.0,1015.81665,3.3524227,13.4019165,0.0,0.0,1015.6167,6.2236056,17.702833,0.0,0.0,1013.83344,9,12,5,1,-2.4492935982947064e-16,1.0,65.0,66.67,76.67,3000.0,8875.0,11000.0,66.90571428571428,71.167,4796.667333333333,17139.16688888889
2023-12-10,65.0,3000.0,133.72,160.0,0,False,False,False,True,4.95,4.345147,12.199834,0.0,0.0,1013.63745,2.8329964,12.496501,0.1,0.1,1014.3501,4.1556644,12.31025,0.0,0.0,1014.45416,4.352688,16.371584,0.0,0.0,1012.97076,10,12,6,1,-2.4492935982947064e-16,1.0,66.67,55.0,75.0,3000.0,8875.0,11000.0,65.47714285714285,71.167,4530.000666666666,17150.278
2023-12-11,65.0,3000.0,133.72,160.0,0,False,False,False,True,4.95,4.026912,12.847753,0.0,0.0,1015.8167,2.864316,11.792333,0.4,0.4,1016.47504,3.8439894,11.687333,0.0,0.0,1016.3667,4.192699,16.079918,0.0,0.0,1014.9334,11,12,0,0,-2.4492935982947064e-16,1.0,65.0,65.0,75.0,3000.0,8875.0,11000.0,64.04857142857142,71.83366666666667,4263.334,17139.16688888889
2023-12-12,55.0,3000.0,133.74,160.0,0,False,False,False,True,4.95,4.547918,12.139417,0.0,0.0,1014.96246,3.1693573,10.561083,1.5,1.5,1015.7375,5.143973,12.822751,0.0,0.0,1015.2292,5.3690867,16.519499,0.0,0.0,1013.25,12,12,1,0,-2.4492935982947064e-16,1.0,65.0,66.67,65.0,3000.0,1500.0,10000.0,62.62,71.83366666666667,4030.000666666667,17105.833555555557
2023-12-13,63.33,3000.0,133.73,160.0,0,False,False,False,True,4.95,4.7965903,10.676917,0.1,0.1,1015.3833,3.7754118,9.606917,1.4000001,1.4000001,1016.14575,4.138417,11.426918,0.70000005,0.70000005,1015.8166,6.3973975,15.7924185,0.0,0.0,1013.87915,13,12,2,0,-2.4492935982947064e-16,1.0,55.0,65.0,66.67,3000.0,3000.0,10000.0,62.142857142857146,72.11133333333333,3796.6673333333333,17072.50022222222
2023-12-14,50.0,3000.0,133.75,160.0,0,False,False,False,True,4.95,4.3591914,10.758167,0.0,0.0,1016.80414,3.128547,10.844418,0.0,0.0,1017.3625,4.6348367,11.4227495,0.0,0.0,1017.42914,4.483439,15.623668,0.0,0.0,1016.21674,14,12,3,0,-2.4492935982947064e-16,1.0,63.33,65.0,55.0,3000.0,3000.0,10000.0,61.42857142857143,71.61133333333333,3563.3340000000003,17049.93077777778
2023-12-15,53.33,3000.0,133.64,157.0,0,False,False,False,True,4.95,3.6158812,11.258166,0.0,0.0,1018.48755,3.213124,10.213167,0.0,0.0,1018.74585,2.6604517,11.697749,0.0,0.0,1018.80835,4.6329846,14.852833,0.0,0.0,1017.6331,15,12,4,0,-2.4492935982947064e-16,1.0,50.0,55.0,65.0,3000.0,3000.0,10000.0,59.76142857142857,71.22233333333334,3330.000666666667,16971.458555555557
2023-12-16,55.0,3000.0,133.11,157.0,0,False,False,False,True,4.95,4.0382295,12.081084,0.0,0.0,1016.8875,2.586869,11.327748,0.0,0.0,1017.2209,4.705976,11.885249,0.0,0.0,1017.3333,6.0501285,15.121583,0.0,0.0,1015.7834,16,12,5,1,-2.4492935982947064e-16,1.0,53.33,63.33,66.67,3000.0,3000.0,505.0,58.09428571428572,70.889,3413.1673333333333,16837.083555555557
2023-12-17,55.0,2625.0,133.11,157.0,0,False,False,False,True,4.95,3.7791758,12.937335,0.0,0.0,1017.4875,3.1718647,11.6694145,0.0,0.0,1017.94574,3.6015885,12.858166,0.0,0.0,1017.7666,5.7596703,15.221583,0.0,0.0,1016.24164,17,12,6,1,-2.4492935982947064e-16,1.0,55.0,50.0,65.0,3000.0,3000.0,1010.0,56.66571428571429,70.55566666666667,3467.000666666667,16642.63911111111
2023-12-18,65.0,2625.0,133.11,157.0,0,False,False,False,True,4.95,3.5848637,11.545666,0.0,0.0,1017.76245,2.8157666,11.042332,0.0,0.0,1018.2832,4.499779,12.095666,0.0,0.0,1018.27496,5.6405234,15.215333,0.0,0.0,1016.7708,18,12,0,0,-2.4492935982947064e-16,1.0,55.0,53.33,65.0,2625.0,3000.0,1515.0,56.66571428571429,70.55566666666667,3504.000666666667,16516.80577777778
2023-12-19,65.0,2625.0,133.2,157.0,0,False,False,False,True,4.95,4.109444,11.487332,0.0,0.0,1019.02094,2.4135435,10.625667,0.0,0.0,1019.36255,3.9014013,11.664417,0.0,0.0,1019.4792,5.1771774,15.319501,0.0,0.0,1017.9751,19,12,1,0,-2.4492935982947064e-16,1.0,65.0,55.0,55.0,2625.0,3000.0,2020.0,58.09428571428572,70.55566666666667,3524.1673333333333,16409.861333333334
2023-12-20,65.0,2625.0,133.4,157.0,0,False,False,False,True,4.95,3.1711557,12.1727495,0.0,0.0,1019.19165,3.1025383,12.352749,0.0,0.0,1019.4666,3.848086,13.2769165,0.0,0.0,1019.42065,6.881866,15.832001,0.0,0.0,1017.3291,20,12,2,0,-2.4492935982947064e-16,1.0,65.0,55.0,63.33,2625.0,3000.0,2525.0,58.33285714285715,70.55566666666667,3527.500666666667,15957.083555555555
2023-12-21,65.0,2625.0,133.38,157.0,0,False,False,False,True,4.95,3.6548455,14.097751,0.0,0.0,1017.30835,3.4408371,13.056918,0.0,0.0,1017.85004,4.5975165,13.7456665,0.0,0.0,1017.8791,4.320623,15.41325,0.0,0.0,1016.2874,21,12,3,0,-2.4492935982947064e-16,1.0,65.0,65.0,50.0,2625.0,3000.0,1683.33,60.47571428571429,70.33333333333333,3558.889666666667,15506.389111111112
2023-12-22,55.0,2625.0,133.55,157.0,0,False,False,False,True,4.95,4.34233,13.51025,0.0,0.0,1018.2041,2.4009683,13.100666,0.0,0.0,1018.7834,3.9985123,13.449836,0.0,0.0,1018.7375,4.3106265,16.127834,0.0,0.0,1016.63336,22,12,4,0,-2.4492935982947064e-16,1.0,65.0,65.0,53.33,2625.0,3000.0,841.67,60.714285714285715,69.55566666666667,3618.3340000000003,15057.778
2023-12-23,55.0,2625.0,133.33,157.0,0,False,False,False,True,4.95,3.9068296,13.1623335,0.0,0.0,1020.7959,4.0851374,12.967334,0.0,0.0,1021.31665,3.4993334,14.085252,0.0,0.0,1021.0124,5.544876,17.607,0.0,0.0,1018.6125,23,12,5,1,-2.4492935982947064e-16,1.0,55.0,65.0,55.0,2625.0,3000.0,841.67,60.714285714285715,68.55566666666667,3677.7783333333336,14611.250222222223
2023-12-24,55.0,6425.0,133.33,157.0,0,False,False,False,True,4.95,4.069944,12.145667,0.0,0.0,1020.9417,3.1693575,12.611085,0.0,0.0,1021.5791,3.6596806,13.849835,0.0,0.0,1021.4875,5.9814277,17.592419,0.0,0.0,1018.89154,24,12,6,1,-2.4492935982947064e-16,1.0,55.0,65.0,55.0,2625.0,2625.0,841.67,60.714285714285715,67.55566666666667,3863.8893333333335,14209.028
2023-12-25,55.0,6425.0,133.33,157.0,0,False,False,False,True,4.95,4.2345977,11.910251,0.0,0.0,1019.80005,3.012289,12.109,0.0,0.0,1020.67084,3.7235563,13.176915,0.0,0.0,1020.49994,6.210197,17.81325,0.0,0.0,1017.7041,25,12,0,0,-2.4492935982947064e-16,1.0,55.0,55.0,65.0,6425.0,2625.0,841.67,59.285714285714285,66.55566666666667,4050.000333333334,13808.889111111112
2023-12-26,65.0,6425.0,133.33,157.0,0,False,False,False,True,4.95,3.7804167,12.24775,0.0,0.0,1019.80835,3.2651064,12.854833,0.0,0.0,1020.61676,3.4926555,13.491498,0.0,0.0,1020.53754,4.82608,17.109085,0.0,0.0,1018.1042,26,12,1,0,-2.4492935982947064e-16,1.0,55.0,55.0,65.0,6425.0,2625.0,841.67,59.285714285714285,65.889,4236.111333333333,13410.833555555555
2023-12-27,55.0,5000.0,133.42,157.0,0,False,False,False,True,4.95,4.428352,12.572751,0.0,0.0,1020.37506,2.0414035,12.7735815,0.0,0.0,1021.16254,3.287954,13.447751,0.0,0.0,1020.96674,5.6571198,16.952837,0.0,0.0,1018.6792,27,12,2,0,-2.4492935982947064e-16,1.0,65.0,55.0,65.0,6425.0,2625.0,841.67,57.857142857142854,64.889,4374.722333333333,12999.028
2023-12-28,55.0,5000.0,133.66,157.0,0,False,False,False,True,4.95,3.8707955,12.483166,0.3,0.3,1019.4749,2.5828907,12.223584,0.70000005,0.70000005,1020.50415,2.7822306,13.493584,0.0,0.0,1020.1499,5.441109,17.263252,0.0,0.0,1017.67084,28,12,3,0,-2.4492935982947064e-16,1.0,55.0,55.0,65.0,5000.0,2625.0,841.67,56.42857142857143,63.889,4513.333333333333,12589.305777777778
2023-12-29,55.0,3000.0,133.37,157.0,0,False,False,False,True,4.95,3.4938724,12.143584,0.0,0.0,1019.65845,3.3854017,12.434001,0.0,0.0,1020.4998,3.836422,13.306084,0.0,0.0,1020.31226,6.348376,17.002834,0.0,0.0,1017.7292,29,12,4,0,-2.4492935982947064e-16,1.0,55.0,65.0,55.0,5000.0,2625.0,8875.0,56.42857142857143,62.889,4317.5,12159.444666666666
2023-12-30,55.0,5000.0,133.44,157.0,0,False,False,False,True,4.95,4.1097965,12.614417,0.0,0.0,1017.9334,2.8053424,13.009,0.2,0.2,1018.79584,4.079283,13.481084,0.0,0.0,1018.60004,7.02784,15.7403345,0.0,0.0,1016.58765,30,12,5,1,-2.4492935982947064e-16,1.0,55.0,55.0,55.0,3000.0,2625.0,8875.0,56.42857142857143,61.889,4188.333333333333,11753.889111111112
2023-12-31,55.0,9000.0,133.44,157.0,0,False,False,False,True,4.95,3.7801294,12.087334,0.0,0.0,1017.61664,3.0675762,12.561085,0.0,0.0,1018.4499,3.7280533,12.876916,0.0,0.0,1018.26263,5.944447,14.636167,0.0,0.0,1016.9583,31,12,6,1,-2.4492935982947064e-16,1.0,55.0,55.0,55.0,5000.0,6425.0,8875.0,56.42857142857143,60.889,4192.5,11394.861333333334
2024-01-01,55.0,7000.0,133.44,157.0,0,False,False,False,True,5.26,3.7784941,11.472751,0.0,0.0,1016.90845,2.9036722,11.104833,0.0,0.0,1017.52075,3.8343563,11.939416,0.0,0.0,1017.47906,6.0937743,13.731999,0.0,0.0,1016.7,1,1,0,0,0.49999999999999994,0.8660254037844387,55.0,55.0,55.0,9000.0,6425.0,8875.0,56.42857142857143,60.166666666666664,4130.0,11015.694666666666
2024-01-02,45.0,5000.0,133.49,157.0,0,False,False,False,True,5.26,3.5655925,10.837334,0.0,0.0,1016.70416,2.8370125,9.979834,0.2,0.2,1017.2583,4.5087237,11.266501,0.1,0.1,1017.29584,5.034133,13.679916,0.0,0.0,1016.3875,2,1,1,0,0.49999999999999994,0.8660254037844387,55.0,55.0,65.0,7000.0,6425.0,8875.0,53.57142857142857,59.166666666666664,4000.8333333333335,10616.389111111112
2024-01-03,65.0,5000.0,133.62,157.0,0,False,False,False,True,5.26,3.4213736,10.501916,0.0,0.0,1017.1582,2.9780703,9.842333,0.0,0.0,1017.6834,4.0220323,11.366501,0.0,0.0,1017.53345,4.6727347,13.963252,0.0,0.0,1016.1792,3,1,2,0,0.49999999999999994,0.8660254037844387,45.0,55.0,55.0,5000.0,5000.0,8875.0,55.0,58.833333333333336,3871.6666666666665,10219.166888888889
2024-01-04,55.0,5000.0,133.55,157.0,0,False,False,False,True,5.26,3.9026563,10.568582,0.0,0.0,1016.69165,3.6631896,10.273582,0.1,0.1,1017.2959,3.7717898,11.458165,0.0,0.0,1017.20416,5.568976,13.911168,0.0,0.0,1015.7625,4,1,3,0,0.49999999999999994,0.8660254037844387,65.0,55.0,55.0,5000.0,5000.0,1500.0,55.0,58.5,3988.3333333333335,9824.028
2024-01-05,55.0,5000.0,133.48,157.0,0,False,False,False,True,5.26,4.400922,11.004001,0.0,0.0,1017.6084,3.8238828,10.431916,0.0,0.0,1018.27924,3.9495804,11.420667,0.0,0.0,1018.2085,4.7869115,14.36325,0.0,0.0,1016.6792,5,1,4,0,0.49999999999999994,0.8660254037844387,55.0,45.0,55.0,5000.0,3000.0,3000.0,55.0,58.111,4055.0,9430.972444444446
2024-01-06,55.0,5000.0,133.35,157.0,0,False,False,False,True,5.26,3.5118124,10.801915,0.0,0.0,1018.2417,3.009035,10.821499,0.4,0.4,1018.825,3.0742757,12.018585,0.0,0.0,1018.62915,6.28908,15.588249,0.0,0.0,1017.10016,6,1,5,1,0.49999999999999994,0.8660254037844387,55.0,65.0,55.0,5000.0,5000.0,3000.0,55.0,58.111,4121.666666666667,9040.000222222223
2024-01-07,55.0,5000.0,133.35,157.0,0,False,False,False,True,5.26,3.5109417,10.847751,0.0,0.0,1018.68744,3.6319094,10.852749,0.0,0.0,1019.21674,3.8803854,11.916499,0.0,0.0,1019.1252,6.586163,15.617417,0.0,0.0,1017.7583,7,1,6,1,0.49999999999999994,0.8660254037844387,55.0,55.0,55.0,5000.0,9000.0,3000.0,55.0,57.77766666666666,4188.333333333333,8651.111333333334
2024-01-08,45.0,5000.0,133.35,157.0,0,False,False,False,True,5.26,3.9731665,10.687332,0.0,0.0,1018.6126,4.4026623,9.892333,0.0,0.0,1019.0,3.74784,12.6102495,0.0,0.0,1018.7834,6.872188,15.0945015,0.0,0.0,1017.81665,8,1,0,0,0.49999999999999994,0.8660254037844387,55.0,55.0,55.0,5000.0,7000.0,3000.0,53.57142857142857,57.05533333333334,4255.0,8264.305777777778
2024-01-09,45.0,5000.0,133.33,157.0,0,False,False,False,True,5.26,3.5635345,12.451917,0.0,0.0,1016.925,3.452012,11.138167,0.0,0.0,1017.36664,2.97653,13.210251,0.0,0.0,1017.2458,6.605463,14.273667,0.0,0.0,1016.50415,9,1,1,0,0.49999999999999994,0.8660254037844387,45.0,55.0,45.0,5000.0,5000.0,3000.0,53.57142857142857,56.38866666666667,4321.666666666667,7879.583555555556
2024-01-10,45.0,5000.0,133.29,157.0,0,False,False,False,True,5.26,3.9630988,12.093583,0.0,0.0,1014.73334,5.2170815,10.8965,0.0,0.0,1015.1458,5.7528396,12.237334,0.0,0.0,1015.52905,5.235496,13.534085,0.0,0.0,1015.04156,10,1,2,0,0.49999999999999994,0.8660254037844387,45.0,55.0,65.0,5000.0,5000.0,3000.0,50.714285714285715,55.722,4388.333333333333,7496.944666666667
2024-01-11,45.0,5000.0,133.16,157.0,0,False,False,False,True,5.26,3.5602372,10.793584,0.0,0.0,1016.82916,2.8195784,9.408999,0.0,0.0,1017.0876,3.9939432,10.006083,0.0,0.0,1017.56665,6.2894077,13.779918,0.0,0.0,1017.0376,11,1,3,0,0.49999999999999994,0.8660254037844387,45.0,45.0,55.0,5000.0,5000.0,3000.0,49.285714285714285,55.38866666666667,4455.0,7116.389111111112
2024-01-12,45.0,975.0,133.15,157.0,0,False,False,False,True,5.26,3.8650627,10.858167,0.0,0.0,1016.4959,4.221027,11.352752,0.0,0.0,1017.1209,3.4054906,11.441501,0.0,0.0,1017.17914,6.7319207,12.181999,0.0,0.0,1016.7793,12,1,4,0,0.49999999999999994,0.8660254037844387,45.0,45.0,55.0,5000.0,5000.0,3000.0,47.857142857142854,54.77766666666666,4387.5,6693.194666666667
2024-01-13,45.0,975.0,132.98,157.0,0,False,False,False,True,5.26,3.6941798,12.606086,0.0,0.0,1015.78754,2.9536498,12.765248,0.0,0.0,1016.3875,4.431455,12.735251,0.0,0.0,1016.44165,4.081206,12.107001,0.0,0.0,1016.28754,13,1,5,1,0.49999999999999994,0.8660254037844387,45.0,45.0,55.0,975.0,5000.0,3000.0,46.42857142857143,54.611,4320.0,6272.083555555556
2024-01-14,45.0,975.0,132.98,157.0,0,False,False,False,True,5.26,4.0977583,12.3081665,0.0,0.0,1015.87067,3.0583687,12.542333,0.0,0.0,1016.56244,4.1297746,12.751918,0.0,0.0,1016.47076,4.8222346,12.684082,0.0,0.0,1015.92505,14,1,6,1,0.49999999999999994,0.8660254037844387,45.0,45.0,55.0,975.0,5000.0,3000.0,45.0,54.333333333333336,4252.5,5853.055777777778
2024-01-15,45.0,975.0,132.98,156.0,0,False,False,False,True,5.26,3.7072685,11.676918,0.0,0.0,1015.425,3.4510934,11.494416,0.2,0.2,1016.1667,4.5861616,12.283165,0.0,0.0,1015.9917,4.9522758,13.171584,0.0,0.0,1015.34155,15,1,0,0,0.49999999999999994,0.8660254037844387,45.0,45.0,45.0,975.0,5000.0,3000.0,45.0,54.0,4185.0,5436.111333333333
2024-01-16,45.0,975.0,132.92,156.0,0,False,False,False,True,5.26,4.5789924,10.645666,0.0,0.0,1014.89166,3.1230984,10.963166,2.3000002,2.3000002,1015.9417,3.5310678,11.876918,0.0,0.0,1015.50836,4.4734178,13.265335,0.0,0.0,1014.6667,16,1,1,0,0.49999999999999994,0.8660254037844387,45.0,45.0,45.0,975.0,5000.0,2625.0,45.0,53.666666666666664,4130.0,5441.389111111111
2024-01-17,45.0,975.0,133.22,156.0,0,False,False,False,True,5.26,2.858552,9.708166,0.0,0.0,1015.26245,3.2316952,9.475667,5.8,5.8,1015.7,4.439736,10.118583,0.6,0.6,1015.50836,4.8316007,13.0195,0.0,0.0,1015.1248,17,1,2,0,0.49999999999999994,0.8660254037844387,45.0,45.0,45.0,975.0,5000.0,2625.0,45.0,53.0,4075.0,5285.555777777778
2024-01-18,45.0,6000.0,133.33,156.0,0,False,False,False,True,5.26,3.5386086,9.133167,0.0,0.0,1015.91254,3.236799,8.261083,0.5,0.5,1016.0918,4.034791,9.654,0.3,0.3,1016.18335,5.6748137,13.267418,0.0,0.0,1015.87085,18,1,3,0,0.49999999999999994,0.8660254037844387,45.0,45.0,45.0,975.0,5000.0,2625.0,45.0,52.333333333333336,4187.5,5185.555777777778
2024-01-19,55.0,6000.0,133.3,156.0,0,False,False,False,True,5.26,3.471862,8.6623335,0.0,0.0,1017.5793,4.050251,8.433999,0.0,0.0,1017.4583,4.198302,8.489416,0.0,0.0,1017.7417,4.859633,13.677834,0.0,0.0,1017.4792,19,1,4,0,0.49999999999999994,0.8660254037844387,45.0,45.0,45.0,6000.0,975.0,2625.0,46.42857142857143,52.0,4300.0,5174.166888888888
2024-01-20,55.0,2500.0,133.21,156.0,0,False,False,False,True,5.26,3.8380444,9.799833,0.0,0.0,1016.85004,3.3381922,8.469417,0.0,0.0,1017.0334,4.7339263,10.214416,0.0,0.0,1017.0999,6.0791492,12.629917,0.0,0.0,1016.94995,20,1,5,1,0.49999999999999994,0.8660254037844387,55.0,45.0,45.0,6000.0,975.0,2625.0,47.857142857142854,51.666666666666664,4295.833333333333,5045.833555555555
2024-01-21,55.0,10000.0,133.21,156.0,0,False,False,False,True,5.26,3.964095,8.456082,0.0,0.0,1015.4583,4.202754,8.161083,0.0,0.0,1015.58325,5.353626,9.049833,0.0,0.0,1015.729,7.101608,10.813251,0.0,0.0,1016.5125,21,1,6,1,0.49999999999999994,0.8660254037844387,55.0,45.0,45.0,2500.0,975.0,2625.0,49.285714285714285,51.666666666666664,4541.666666666667,5095.833555555555
2024-01-22,55.0,12000.0,133.21,156.0,0,False,False,False,True,5.26,3.5871742,8.699833,0.0,0.0,1018.28754,3.7557957,9.190249,0.0,0.0,1018.5081,4.6914077,8.581083,0.0,0.0,1018.5876,5.502352,10.959084,0.0,0.0,1018.91254,22,1,0,0,0.49999999999999994,0.8660254037844387,55.0,55.0,45.0,10000.0,975.0,2625.0,50.714285714285715,51.666666666666664,4854.166666666667,5201.111333333333
2024-01-23,55.0,12000.0,133.21,156.0,0,False,False,False,True,5.26,4.08295,10.093583,0.0,0.0,1016.7749,3.7856238,9.804833,0.70000005,0.70000005,1017.16675,4.704737,10.343584,0.0,0.0,1017.0584,5.537663,11.55075,0.0,0.0,1016.9292,23,1,1,0,0.49999999999999994,0.8660254037844387,55.0,55.0,45.0,12000.0,975.0,6425.0,52.142857142857146,51.666666666666664,5040.0,5296.666888888888
2024-01-24,55.0,12000.0,133.35,156.0,0,False,False,False,True,5.26,4.132617,9.487332,0.0,0.0,1017.2292,3.0119174,8.594416,2.0,2.0,1017.92084,4.1561074,10.145667,0.0,0.0,1017.6125,5.313965,11.604917,0.0,0.0,1017.24176,24,1,2,0,0.49999999999999994,0.8660254037844387,55.0,55.0,45.0,12000.0,975.0,6425.0,53.57142857142857,51.666666666666664,5225.833333333333,5382.500222222222
2024-01-25,55.0,12000.0,133.3,156.0,0,False,False,False,True,5.26,4.2681174,9.5373335,0.0,0.0,1019.0793,4.031565,9.019416,0.1,0.1,1019.63745,4.3095326,9.697749,0.0,0.0,1019.71674,6.5812454,11.673667,0.0,0.0,1019.2791,25,1,3,0,0.49999999999999994,0.8660254037844387,55.0,55.0,45.0,12000.0,6000.0,6425.0,55.0,51.333333333333336,5411.666666666667,5458.611333333333
2024-01-26,55.0,9875.0,133.29,156.0,0,False,False,False,True,5.26,5.0682416,9.4123335,0.0,0.0,1019.72925,4.9272,9.144416,0.0,0.0,1020.17084,4.499249,9.681085,0.0,0.0,1020.3918,5.8684287,12.227833,0.0,0.0,1020.05414,26,1,4,0,0.49999999999999994,0.8660254037844387,55.0,55.0,55.0,12000.0,6000.0,5000.0,55.0,51.333333333333336,5574.166666666667,5501.389111111111
2024-01-27,55.0,9875.0,133.29,156.0,0,False,False,False,True,5.26,5.253864,8.518584,0.0,0.0,1018.3374,4.076159,8.394417,0.0,0.0,1018.79584,5.2121205,9.576916,0.0,0.0,1018.91656,5.283591,11.477834,0.0,0.0,1019.31683,27,1,5,1,0.49999999999999994,0.8660254037844387,55.0,55.0,55.0,9875.0,2500.0,5000.0,55.0,51.333333333333336,5736.666666666667,5534.444666666666
2024-01-28,65.0,9875.0,133.29,156.0,0,False,False,False,True,5.26,3.930494,9.533166,0.0,0.0,1019.14575,3.8065598,9.469417,0.0,0.0,1019.4539,3.6909869,10.458165,0.0,0.0,1019.64166,3.8789139,12.719501,0.0,0.0,1019.1792,28,1,6,1,0.49999999999999994,0.8660254037844387,55.0,55.0,55.0,9875.0,10000.0,3000.0,56.42857142857143,51.666666666666664,5965.833333333333,5557.777999999999
2024-01-29,65.0,9000.0,133.29,156.0,0,False,False,False,True,5.26,4.685539,10.5789995,0.0,0.0,1017.75433,3.8517208,9.950666,0.1,0.1,1018.35004,4.335962,11.0477495,0.0,0.0,1018.32086,4.497977,13.421584,0.0,0.0,1017.38336,29,1,0,0,0.49999999999999994,0.8660254037844387,65.0,55.0,55.0,9875.0,12000.0,5000.0,57.857142857142854,52.0,6099.166666666667,5561.666888888888
2024-01-30,65.0,13800.0,133.32,156.0,0,False,False,False,True,5.26,5.3364434,10.5477495,0.0,0.0,1017.02496,2.9613724,9.059001,1.0,1.0,1017.9041,2.5239878,10.6831665,0.0,0.0,1017.7083,4.2543893,14.098667,0.0,0.0,1016.4583,30,1,1,0,0.49999999999999994,0.8660254037844387,65.0,55.0,55.0,9000.0,12000.0,9000.0,59.285714285714285,52.333333333333336,6259.166666666667,5609.166888888888
2024-01-31,65.0,13800.0,133.28,158.0,0,False,False,False,True,5.26,5.248629,10.6831665,0.0,0.0,1016.88745,4.0417957,9.6465,0.0,0.0,1017.5208,3.7713964,10.2664995,0.0,0.0,1017.52094,5.838028,14.848667,0.0,0.0,1016.2126,31,1,2,0,0.49999999999999994,0.8660254037844387,65.0,65.0,55.0,13800.0,12000.0,7000.0,60.714285714285715,52.666666666666664,6485.833333333333,5715.277999999999
2024-02-01,55.0,13800.0,133.18,158.0,0,False,False,False,True,5.01,4.302164,9.8081665,0.9000001,0.9000001,1018.10004,3.9946182,9.842333,0.2,0.2,1018.6792,3.1323738,10.737332,0.0,0.0,1018.2041,6.1724644,15.963249,0.0,0.0,1016.49994,1,2,3,0,0.8660254037844386,0.5000000000000001,65.0,65.0,55.0,13800.0,12000.0,5000.0,60.714285714285715,53.0,6779.166666666667,5821.389111111111
2024-02-02,65.0,10000.0,133.05,158.0,0,False,False,False,True,5.01,4.3126216,10.233168,0.0,0.0,1015.17914,6.0056877,9.738166,0.0,0.0,1015.33344,6.0457683,11.424832,0.0,0.0,1015.2708,11.246983,15.35075,0.0,0.0,1014.2249,2,2,4,0,0.8660254037844386,0.5000000000000001,55.0,65.0,55.0,13800.0,9875.0,5000.0,62.142857142857146,53.0,6945.833333333333,5710.277999999999
2024-02-03,65.0,2856.0,132.98,158.0,0,False,False,False,True,5.01,4.3530083,10.470668,0.0,0.0,1014.2083,4.5759826,10.448584,0.0,0.0,1014.325,5.156436,10.364417,0.0,0.0,1014.6624,7.502032,13.898666,0.0,0.0,1014.64166,3,2,5,1,0.8660254037844386,0.5000000000000001,65.0,65.0,55.0,10000.0,9875.0,5000.0,63.57142857142857,53.333333333333336,6874.366666666667,5608.678
2024-02-04,65.0,16450.0,132.98,158.0,0,False,False,False,True,5.01,3.0577974,9.554,0.70000005,0.70000005,1017.87085,2.7415056,9.150666,3.2,3.2,1018.1084,3.209617,9.772751,3.0,3.0,1018.07086,7.2275147,15.338252,0.0,0.0,1017.1208,4,2,6,1,0.8660254037844386,0.5000000000000001,65.0,55.0,65.0,2856.0,9875.0,5000.0,63.57142857142857,53.666666666666664,7256.033333333334,5658.122444444444
2024-02-05,65.0,24950.0,132.98,158.0,0,False,False,False,True,5.01,3.905186,11.212333,0.0,0.0,1017.14166,4.4935374,11.036084,0.0,0.0,1017.10004,3.7135317,12.154002,0.0,0.0,1016.9917,8.029445,15.663251,0.0,0.0,1016.5125,5,2,0,0,0.8660254037844386,0.5000000000000001,65.0,65.0,65.0,16450.0,9000.0,5000.0,63.57142857142857,54.0,7921.033333333334,5802.011333333333
2024-02-06,65.0,24950.0,133.2,158.0,0,False,False,False,True,5.01,4.572348,10.956081,0.0,0.0,1016.2876,4.4738193,10.36525,0.0,0.0,1016.2419,5.54287,11.876915,0.0,0.0,1016.30835,9.904079,14.925751,0.0,0.0,1015.97076,6,2,1,0,0.8660254037844386,0.5000000000000001,65.0,65.0,65.0,24950.0,13800.0,5000.0,63.57142857142857,54.333333333333336,8586.033333333333,5945.9002222222225
2024-02-07,70.0,6000.0,133.2,158.0,0,False,False,False,True,5.01,4.4110413,10.504001,0.0,0.0,1015.2834,5.949616,10.588166,0.0,0.0,1014.8208,6.0320477,10.968583,0.0,0.0,1015.32477,11.479045,14.146584,0.0,0.0,1015.60004,7,2,2,0,0.8660254037844386,0.5000000000000001,65.0,65.0,65.0,24950.0,13800.0,5000.0,64.28571428571429,55.166666666666664,8619.366666666667,5890.344666666667
2024-02-08,75.0,12000.0,133.06,158.0,0,False,False,False,True,5.01,5.204677,10.358167,0.0,0.0,1014.40405,5.919234,9.704833,0.0,0.0,1014.1917,6.0411677,11.1831665,0.0,0.0,1014.7791,9.006674,13.077834,0.0,0.0,1015.4084,8,2,3,0,0.8660254037844386,0.5000000000000001,70.0,65.0,55.0,6000.0,13800.0,5000.0,67.14285714285714,56.166666666666664,8852.7,5901.455777777778
2024-02-09,65.0,17250.0,133.04,158.0,0,False,False,False,True,5.01,4.77285,10.254001,0.0,0.0,1019.15424,4.5893044,9.244415,0.0,0.0,1019.4167,5.0095305,10.5915,0.0,0.0,1019.675,5.0144076,13.979919,0.0,0.0,1019.25397,9,2,4,0,0.8660254037844386,0.5000000000000001,75.0,65.0,65.0,12000.0,10000.0,5000.0,67.14285714285714,56.833333333333336,9261.033333333333,5970.9002222222225
2024-02-10,65.0,24725.0,133.16,158.0,0,False,False,False,True,5.01,4.556013,12.674832,0.0,0.0,1020.2083,3.5175812,12.223584,0.2,0.2,1020.8875,5.2439847,13.306085,0.0,0.0,1020.7707,6.991301,14.81742,0.0,0.0,1019.21674,10,2,5,1,0.8660254037844386,0.5000000000000001,65.0,70.0,65.0,17250.0,2856.0,5000.0,67.14285714285714,57.5,9918.533333333333,6134.511333333334
2024-02-11,65.0,12600.0,133.16,158.0,0,False,False,False,True,5.01,5.135817,13.191501,0.0,0.0,1020.14996,3.743036,13.079833,0.1,0.1,1021.15424,5.077435,13.326917,0.0,0.0,1021.04584,5.595547,15.686165,0.0,0.0,1019.12085,11,2,6,1,0.8660254037844386,0.5000000000000001,65.0,75.0,65.0,24725.0,16450.0,975.0,67.14285714285714,58.166666666666664,10306.033333333333,6163.4002222222225
2024-02-12,65.0,22000.0,133.16,158.0,0,False,False,False,True,5.01,5.4790444,13.2352495,0.0,0.0,1020.08746,4.1904798,13.125668,0.0,0.0,1021.14996,5.3744526,13.5373335,0.0,0.0,1021.08325,5.6656766,15.923664,0.0,0.0,1018.79156,12,2,0,0,0.8660254037844386,0.5000000000000001,65.0,65.0,65.0,12600.0,24950.0,975.0,67.14285714285714,58.833333333333336,11006.866666666667,6296.7335555555555
2024-02-13,65.0,2250.0,133.11,158.0,0,False,False,False,True,5.01,5.0294228,13.762334,0.0,0.0,1019.4251,3.2105572,12.909001,0.0,0.0,1020.32916,4.8700137,14.1727495,0.0,0.0,1020.21655,5.734514,16.37575,0.0,0.0,1018.125,13,2,1,0,0.8660254037844386,0.5000000000000001,65.0,65.0,65.0,22000.0,24950.0,975.0,67.14285714285714,59.5,11049.366666666667,6210.622444444444
2024-02-14,55.0,2250.0,133.11,158.0,0,False,False,False,True,5.01,3.595416,13.028999,0.0,0.0,1018.3081,3.1766374,12.084001,1.0,1.0,1019.51654,3.3603384,13.639417,0.3,0.3,1019.1833,5.029906,16.6195,0.2,0.2,1017.03754,14,2,2,0,0.8660254037844386,0.5000000000000001,65.0,65.0,70.0,2250.0,6000.0,975.0,65.0,59.833333333333336,11091.866666666667,6230.011333333334
2024-02-15,65.0,5090.0,133.16,160.0,0,False,False,False,True,5.01,5.3047276,13.587334,0.0,0.0,1018.8291,4.5401692,12.1715,0.0,0.0,1019.5376,4.7256837,13.6102495,0.0,0.0,1019.35834,7.0077157,17.456999,0.0,0.0,1017.4499,15,2,3,0,0.8660254037844386,0.5000000000000001,55.0,65.0,75.0,2250.0,12000.0,975.0,63.57142857142857,60.5,11229.033333333333,6275.344666666667
2024-02-16,65.0,5090.0,133.18,160.0,0,False,False,False,True,5.01,5.5772896,13.887333,0.0,0.0,1018.96674,3.665389,13.556915,0.0,0.0,1019.75415,3.951258,13.914416,0.0,0.0,1019.7124,6.80422,17.734083,0.0,0.0,1017.78754,16,2,4,0,0.8660254037844386,0.5000000000000001,65.0,65.0,65.0,5090.0,17250.0,975.0,63.57142857142857,61.166666666666664,11366.2,6315.0668888888895
2024-02-17,55.0,8200.0,133.13,160.0,0,False,False,False,True,5.01,5.6670384,13.770665,0.0,0.0,1014.38336,4.09352,12.536083,0.0,0.0,1015.14594,4.5334864,13.397751,0.0,0.0,1015.11255,6.7915382,17.5945,0.0,0.0,1013.61676,17,2,5,1,0.8660254037844386,0.5000000000000001,65.0,55.0,65.0,5090.0,24725.0,6000.0,62.142857142857146,61.5,11439.533333333333,6383.7335555555555
2024-02-18,55.0,8200.0,133.13,160.0,0,False,False,False,True,5.01,5.065641,13.981084,0.0,0.0,1014.24164,3.473386,12.844417,0.0,0.0,1014.9709,4.128235,13.374835,0.0,0.0,1015.0,5.5451503,17.47992,0.0,0.0,1013.5291,18,2,6,1,0.8660254037844386,0.5000000000000001,55.0,65.0,65.0,8200.0,12600.0,6000.0,60.714285714285715,61.5,11512.866666666667,6446.789111111111
2024-02-19,55.0,8200.0,133.13,160.0,0,False,False,False,True,5.01,4.421758,14.420667,0.0,0.0,1015.39575,4.453655,13.558999,0.1,0.1,1015.9541,3.9029713,14.358167,0.0,0.0,1015.83344,4.9528985,17.73617,0.0,0.0,1013.95,19,2,0,0,0.8660254037844386,0.5000000000000001,55.0,65.0,65.0,8200.0,22000.0,2500.0,59.285714285714285,61.5,11702.866666666667,6519.196555555556
2024-02-20,55.0,6650.0,133.13,160.0,0,False,False,False,True,5.01,4.9942756,15.233167,1.0,1.0,1013.0874,8.411866,14.313167,0.0,0.0,1013.77924,6.4075465,16.293585,0.0,0.0,1013.21655,6.971538,19.325752,0.0,0.0,1010.62085,20,2,1,0,0.8660254037844386,0.5000000000000001,55.0,55.0,65.0,8200.0,2250.0,10000.0,57.857142857142854,61.5,11591.2,6583.7335555555555
2024-02-21,55.0,6650.0,133.05,160.0,0,False,False,False,True,5.01,4.938458,13.824834,0.5,0.5,1011.3792,4.9469666,13.238167,0.0,0.0,1011.8999,4.667828,13.904,0.0,0.0,1011.62085,7.6542277,19.496584,0.2,0.2,1008.9709,21,2,2,0,0.8660254037844386,0.5000000000000001,55.0,55.0,55.0,6650.0,2250.0,12000.0,57.857142857142854,61.5,11412.866666666667,6648.270555555555
2024-02-22,55.0,6650.0,133.06,160.0,0,False,False,False,True,5.01,6.5726485,12.76025,3.9,3.9,1012.52924,3.7005568,11.879834,0.7,0.7,1013.13324,5.04531,13.056083,0.0,0.0,1012.91254,5.472887,18.621584,0.0,0.0,1010.69165,22,2,3,0,0.8660254037844386,0.5000000000000001,55.0,55.0,65.0,6650.0,5090.0,12000.0,56.42857142857143,61.5,11234.533333333333,6712.807555555556
2024-02-23,55.0,1533.0,132.85,160.0,0,False,False,False,True,5.01,5.924322,11.5685835,0.0,0.0,1014.29156,4.5718384,10.709001,0.0,0.0,1015.075,6.105255,11.970666,0.1,0.1,1014.9666,8.5886135,17.875751,0.0,0.0,1012.8501,23,2,4,0,0.8660254037844386,0.5000000000000001,55.0,55.0,65.0,6650.0,5090.0,12000.0,55.0,61.5,10885.633333333333,6720.4890000000005
2024-02-24,55.0,1533.0,133.01,160.0,0,False,False,False,True,5.01,5.5364227,11.389416,0.0,0.0,1016.2666,4.627211,10.777751,1.1,1.1,1017.0999,5.634067,12.226916,0.0,0.0,1016.88336,6.1848316,16.929918,0.0,0.0,1015.3376,24,2,5,1,0.8660254037844386,0.5000000000000001,55.0,55.0,55.0,1533.0,8200.0,12000.0,55.0,61.5,10536.733333333334,6728.170444444446
2024-02-25,55.0,1533.0,133.01,160.0,0,False,False,False,True,5.01,4.85713,12.081082,0.0,0.0,1017.1331,4.41909,12.061082,0.0,0.0,1017.79175,4.779025,13.01025,0.0,0.0,1017.57916,7.4224744,16.4695,0.0,0.0,1015.92487,25,2,6,1,0.8660254037844386,0.5000000000000001,55.0,55.0,55.0,1533.0,8200.0,9875.0,55.0,61.5,10258.666666666666,6735.851888888889
2024-02-26,55.0,1533.0,133.01,160.0,0,False,False,False,True,5.01,5.205583,12.976918,0.0,0.0,1017.54156,4.61058,12.371499,0.0,0.0,1018.16254,4.945775,13.6727495,0.0,0.0,1018.1458,5.4835663,16.240335,0.0,0.0,1016.66254,26,2,0,0,0.8660254037844386,0.5000000000000001,55.0,55.0,55.0,1533.0,8200.0,9875.0,55.0,61.5,9980.6,6743.533333333334
2024-02-27,55.0,1365.0,132.93,160.0,0,False,False,False,True,5.01,5.3640885,13.5789995,0.0,0.0,1015.9709,5.696335,13.021501,0.0,0.0,1016.5376,4.821856,14.901917,0.0,0.0,1016.33344,7.0409374,16.650751,0.0,0.0,1014.93335,27,2,1,0,0.8660254037844386,0.5000000000000001,55.0,55.0,55.0,1533.0,6650.0,9875.0,55.0,61.166666666666664,9696.933333333332,6660.0888888888885
2024-02-28,55.0,7000.0,132.94,160.0,0,False,False,False,True,5.01,5.245933,14.158165,0.0,0.0,1013.14166,6.360779,13.658998,0.0,0.0,1013.6125,5.897381,14.949832,0.0,0.0,1013.4749,9.781645,18.12992,0.0,0.0,1012.33746,28,2,2,0,0.8660254037844386,0.5000000000000001,55.0,55.0,55.0,1365.0,6650.0,9000.0,55.0,60.833333333333336,9630.266666666666,6639.2555555555555
2024-02-29,55.0,7000.0,132.98,160.0,0,False,False,False,True,5.01,5.8626943,14.737332,0.0,0.0,1013.5916,4.854842,13.334001,0.0,0.0,1014.4417,4.7300835,14.583168,0.0,0.0,1014.49994,5.9980426,18.715332,0.0,0.0,1012.97095,29,2,3,0,0.8660254037844386,0.5000000000000001,55.0,55.0,55.0,7000.0,6650.0,13800.0,55.0,60.5,9403.6,6618.422222222222
2024-03-01,55.0,1775.0,132.97,160.0,0,False,False,True,False,4.82,5.782486,14.958167,0.0,0.0,1015.3167,3.977774,14.167332,0.0,0.0,1016.071,4.158666,14.833169,0.0,0.0,1016.10004,5.519644,19.088251,0.0,0.0,1014.1792,1,3,4,0,1.0,6.123233995736766e-17,55.0,55.0,55.0,7000.0,1533.0,13800.0,55.0,60.166666666666664,9002.766666666666,6539.533333333334
2024-03-02,55.0,1775.0,132.95,160.0,0,False,False,True,False,4.82,5.8572774,15.362331,0.8,0.8,1015.5166,4.3286242,14.925666,0.8,0.8,1016.4751,4.473923,15.818585,0.8,0.8,1015.9417,7.3583884,20.80075,0.0,0.0,1013.19165,2,3,5,1,1.0,6.123233995736766e-17,55.0,55.0,55.0,1775.0,1533.0,13800.0,55.0,60.166666666666664,8601.933333333332,6460.644444444444
2024-03-03,55.0,504.0,132.95,160.0,0,False,False,True,False,4.82,3.4600515,14.604,2.3999999,2.3999999,1014.8042,3.4102376,14.031918,6.1000004,6.1000004,1015.9458,5.379122,15.191501,3.4,3.4,1015.32513,7.742847,19.798666,0.8000001,0.8000001,1012.5293,3,3,6,1,1.0,6.123233995736766e-17,55.0,55.0,55.0,1775.0,1533.0,10000.0,55.0,59.833333333333336,8285.4,6367.633333333333
2024-03-04,55.0,1008.0,132.95,160.0,0,False,False,True,False,4.82,4.8923993,15.337334,0.0,0.0,1013.66254,5.04745,14.348583,1.4,1.4,1014.61664,4.248238,16.06025,0.1,0.1,1013.9666,9.88067,21.165335,2.4,2.4,1011.71674,4,3,0,0,1.0,6.123233995736766e-17,55.0,55.0,55.0,504.0,1533.0,2856.0,55.0,59.5,8223.8,6362.166666666667
2024-03-05,55.0,5000.0,132.93,160.0,1,False,False,True,False,4.82,4.9896164,14.739418,0.0,0.0,1013.49164,8.19172,13.99025,0.0,0.0,1014.04584,5.6167355,15.754002,0.0,0.0,1013.67926,13.75177,20.62992,0.0,0.0,1011.74176,5,3,1,0,1.0,6.123233995736766e-17,55.0,55.0,55.0,1008.0,1365.0,16450.0,55.0,59.166666666666664,7842.133333333333,6384.388888888889
2024-03-06,55.0,5000.0,132.94,160.0,1,False,False,True,False,4.82,4.5486627,15.493587,0.0,0.0,1012.55817,5.514259,15.192334,0.0,0.0,1013.1667,5.3249335,16.143585,0.0,0.0,1013.075,10.678407,18.846584,0.0,0.0,1011.8249,6,3,2,0,1.0,6.123233995736766e-17,55.0,55.0,55.0,5000.0,7000.0,24950.0,55.0,58.833333333333336,7177.133333333333,6406.611111111111
2024-03-07,65.0,200.0,132.82,160.0,1,False,False,True,False,4.82,4.251754,15.966503,0.0,0.0,1012.25824,7.3124347,15.517333,0.1,0.1,1013.01666,6.2930145,16.060251,0.0,0.0,1012.65845,6.6164565,18.371584,0.0,0.0,1011.55835,7,3,3,0,1.0,6.123233995736766e-17,55.0,55.0,55.0,5000.0,7000.0,24950.0,56.42857142857143,58.833333333333336,6352.133333333333,6375.5
2024-03-08,65.0,200.0,132.76,160.0,1,False,False,True,False,4.82,5.7170277,15.166501,0.0,0.0,1012.9041,6.099245,14.727749,0.0,0.0,1013.71246,4.837214,15.489418,0.0,0.0,1013.44995,9.362385,19.490335,0.0,0.0,1011.77094,8,3,4,0,1.0,6.123233995736766e-17,65.0,55.0,55.0,200.0,1775.0,6000.0,57.857142857142854,58.666666666666664,6158.8,6344.388888888889
2024-03-09,55.0,200.0,132.76,160.0,1,False,False,True,False,4.82,5.9876533,15.3706665,0.0,0.0,1013.47076,5.165502,14.315249,0.0,0.0,1014.38745,4.8549285,15.426918,0.0,0.0,1014.34576,6.980273,19.071583,0.0,0.0,1012.57086,9,3,5,1,1.0,6.123233995736766e-17,65.0,55.0,55.0,200.0,1775.0,12000.0,57.857142857142854,58.0,5765.466666666666,6313.277777777777
2024-03-10,55.0,200.0,132.76,160.0,1,False,False,True,False,4.82,5.0351496,16.331085,0.0,0.0,1015.8083,4.5236034,15.002748,0.0,0.0,1016.75415,5.9683166,15.987332,0.0,0.0,1016.77496,4.883943,19.782001,0.0,0.0,1014.7583,10,3,6,1,1.0,6.123233995736766e-17,55.0,65.0,55.0,200.0,504.0,17250.0,57.857142857142854,57.666666666666664,5197.133333333333,6282.166666666667
2024-03-11,55.0,200.0,132.76,160.0,1,False,False,True,False,4.82,5.4214797,17.539415,0.0,0.0,1016.38336,4.183642,16.467335,0.0,0.0,1017.34174,4.074013,17.331085,0.0,0.0,1017.0251,6.1474304,21.66117,0.0,0.0,1014.04175,11,3,0,0,1.0,6.123233995736766e-17,55.0,65.0,55.0,200.0,1008.0,24725.0,57.857142857142854,57.333333333333336,4379.633333333333,6251.055555555556
2024-03-12,55.0,4100.0,132.72,160.0,1,False,False,True,False,4.82,5.3957114,17.985254,0.0,0.0,1012.52496,6.21315,17.283998,0.0,0.0,1013.4541,4.8623853,17.649836,0.0,0.0,1013.2458,9.285151,21.790335,0.0,0.0,1010.325,12,3,1,0,1.0,6.123233995736766e-17,55.0,55.0,55.0,200.0,5000.0,12600.0,57.857142857142854,57.0,4096.3,6263.277777777777
2024-03-13,55.0,7750.0,132.74,160.0,1,False,False,True,False,4.82,5.6997457,17.866503,0.0,0.0,1012.02075,4.646136,16.99025,0.6,0.6,1013.34155,4.805148,17.870668,0.0,0.0,1013.0291,8.77241,22.542414,0.0,0.0,1009.98334,13,3,2,0,1.0,6.123233995736766e-17,55.0,55.0,55.0,4100.0,5000.0,22000.0,57.857142857142854,56.666666666666664,3621.3,6316.055555555556
2024-03-14,65.0,3465.0,132.89,160.0,1,False,False,True,False,4.82,5.785024,17.843584,0.0,0.0,1012.9958,5.6812377,17.431917,0.0,0.0,1014.125,4.7536407,17.949835,0.0,0.0,1013.7375,9.423165,22.194502,0.0,0.0,1010.5,14,3,3,0,1.0,6.123233995736766e-17,55.0,55.0,65.0,7750.0,200.0,2250.0,57.857142857142854,56.666666666666664,3661.8,6321.222222222223
2024-03-15,55.0,3465.0,132.82,158.0,1,False,False,True,False,4.82,5.4250665,18.124834,0.0,0.0,1013.2207,4.5816536,17.244417,0.0,0.0,1014.49994,5.606975,18.143583,0.0,0.0,1014.22095,9.503834,23.171585,0.0,0.0,1010.8916,15,3,4,0,1.0,6.123233995736766e-17,65.0,55.0,65.0,3465.0,200.0,2250.0,56.42857142857143,56.666666666666664,3702.3,6326.388888888889
2024-03-16,55.0,3465.0,132.91,158.0,1,False,False,True,False,4.82,7.008826,17.393583,0.0,0.0,1015.52905,5.714386,16.702751,0.0,0.0,1016.7375,4.4061713,18.756083,0.0,0.0,1016.21674,8.666379,22.865334,0.0,0.0,1012.85425,16,3,5,1,1.0,6.123233995736766e-17,55.0,55.0,55.0,3465.0,200.0,5090.0,56.42857142857143,56.333333333333336,3648.133333333333,6335.722222222223
2024-03-17,55.0,3465.0,132.91,158.0,1,False,False,True,False,4.82,6.2859006,17.816504,0.0,0.0,1015.22095,4.579661,17.354836,0.0,0.0,1016.3958,3.9975379,18.345667,0.0,0.0,1016.10846,8.143135,22.782003,0.0,0.0,1012.80835,17,3,6,1,1.0,6.123233995736766e-17,55.0,65.0,55.0,3465.0,200.0,5090.0,56.42857142857143,56.0,3593.9666666666667,6345.055555555556
2024-03-18,55.0,4095.0,132.91,158.0,1,False,False,True,False,4.82,5.9726834,18.114418,0.0,0.0,1013.7085,4.589626,17.286083,0.0,0.0,1015.04584,5.551618,18.003998,0.0,0.0,1014.7791,6.922934,22.75492,0.0,0.0,1011.5874,18,3,0,0,1.0,6.123233995736766e-17,55.0,55.0,55.0,3465.0,200.0,8200.0,56.42857142857143,56.0,3457.133333333333,6361.388888888889
2024-03-19,55.0,5000.0,132.96,158.0,1,False,False,True,False,4.82,6.3828735,18.237335,0.0,0.0,1014.36255,4.325319,17.648584,0.0,0.0,1015.79584,5.384232,18.149836,0.0,0.0,1015.3709,8.69376,24.850754,0.0,0.0,1011.4124,19,3,1,0,1.0,6.123233995736766e-17,55.0,55.0,55.0,4095.0,4100.0,8200.0,56.42857142857143,56.0,3350.4666666666667,6387.777777777777
2024-03-20,55.0,10.0,133.16,158.0,1,False,False,True,False,4.82,4.3463964,15.2165,4.9999995,4.9999995,1015.97504,3.5328007,14.163166,6.0,6.0,1017.3416,3.3612978,14.089417,11.2,11.2,1017.06244,7.2285686,19.963251,12.3,12.3,1014.46674,20,3,2,0,1.0,6.123233995736766e-17,55.0,55.0,55.0,5000.0,7750.0,8200.0,56.42857142857143,56.0,3077.4666666666667,6358.722222222223
2024-03-21,56.67,1841.67,133.36,158.0,1,False,False,True,False,4.82,6.104422,15.051917,3.3,3.3,1015.1541,4.2790985,13.881917,6.1,6.1,1016.35004,4.836038,14.181087,6.1,6.1,1016.01666,9.781526,20.240334,14.6,14.6,1013.92505,21,3,3,0,1.0,6.123233995736766e-17,55.0,55.0,65.0,10.0,3465.0,6650.0,55.238571428571426,56.05566666666667,2917.189,6350.0185555555545
2024-03-22,58.33,3673.33,133.34,158.0,1,False,False,True,False,4.82,3.8311589,15.231084,9.5,9.5,1011.87085,7.349193,14.400666,0.2,0.2,1012.5374,5.3948836,14.860252,1.0,1.0,1012.1042,6.2697053,20.913252,0.0,0.0,1009.9292,22,3,4,0,1.0,6.123233995736766e-17,56.67,55.0,55.0,1841.67,3465.0,6650.0,55.714285714285715,56.166666666666664,2817.9666666666667,6361.666666666667
2024-03-23,60.0,5505.0,133.79,158.0,1,False,False,True,False,4.82,5.184067,15.858167,7.899999,7.899999,1009.9082,4.179526,14.454833,12.1,12.1,1010.9709,3.7447813,15.999836,5.5999994,5.5999994,1010.425,6.24868,20.946587,3.7,3.7,1008.0625,23,3,5,1,1.0,6.123233995736766e-17,58.33,55.0,55.0,3673.33,3465.0,6650.0,56.42857142857143,56.333333333333336,2779.8,6351.444444444444
2024-03-24,61.67,7336.67,133.79,158.0,1,False,False,True,False,4.82,4.5195684,16.408167,2.9,2.9,1013.1291,3.9944627,15.66525,1.7,1.7,1014.27905,4.6286597,17.268583,1.1000001,1.1000001,1013.66656,9.099662,22.932,0.0,0.0,1010.75006,24,3,6,1,1.0,6.123233995736766e-17,60.0,56.67,55.0,5505.0,3465.0,1533.0,57.381428571428565,56.55566666666667,2973.2556666666665,6361.57411111111
2024-03-25,63.33,9168.33,133.79,158.0,1,False,False,True,False,4.82,4.3984523,16.262331,3.2,3.2,1013.68744,5.772486,15.813167,0.9,0.9,1014.5874,5.2045417,17.13317,0.2,0.2,1013.86237,6.398857,23.386168,0.0,0.0,1010.70416,25,3,0,0,1.0,6.123233995736766e-17,61.67,58.33,55.0,7336.67,4095.0,1533.0,58.57142857142857,56.833333333333336,3227.766666666667,6392.055555555556
2024-03-26,65.0,11000.0,133.79,158.0,0,False,False,True,False,4.82,6.278936,17.862333,2.8,2.8,1013.93353,5.2428117,16.594416,1.0000001,1.0000001,1015.10834,5.6463237,17.462334,0.0,0.0,1014.7957,7.447697,23.802835,4.2000003,4.2000003,1011.675,26,3,1,0,1.0,6.123233995736766e-17,63.33,60.0,55.0,9168.33,5000.0,1533.0,60.0,57.166666666666664,3543.3333333333335,6458.722222222223
2024-03-27,55.0,16000.0,133.56,158.0,0,False,False,True,False,4.82,4.496431,17.662333,0.9000001,0.9000001,1015.96674,2.9191742,16.519417,9.6,9.6,1017.0999,3.4159606,16.964417,6.4999995,6.4999995,1016.57886,8.566911,23.996584,0.0,0.0,1013.53754,27,3,2,0,1.0,6.123233995736766e-17,65.0,61.67,55.0,11000.0,10.0,1533.0,60.0,57.166666666666664,4025.5666666666666,6580.944444444444
2024-03-28,65.0,24437.5,133.7,158.0,0,False,False,True,False,4.82,4.742798,17.962334,1.4000001,1.4000001,1013.59174,3.2465403,17.194416,4.1,4.1,1014.8875,3.6958952,18.020666,1.9000001,1.9000001,1014.2625,8.984729,24.194502,0.1,0.1,1011.1709,28,3,3,0,1.0,6.123233995736766e-17,55.0,63.33,56.67,16000.0,1841.67,1365.0,61.190000000000005,57.5,4794.65,6819.138888888889
2024-03-29,75.0,32875.0,133.75,158.0,0,False,False,True,False,4.82,3.9041615,18.410252,2.0,2.0,1012.9998,3.5077713,17.404835,2.1000001,2.1000001,1014.27496,3.0021923,19.349833,1.1,1.1,1013.44165,5.5113606,25.167418,0.0,0.0,1009.5042,29,3,4,0,1.0,6.123233995736766e-17,65.0,65.0,58.33,24437.5,3673.33,7000.0,63.57142857142857,58.166666666666664,5657.15,7128.861111111111
2024-03-30,76.67,5735.0,133.75,158.0,0,False,False,True,False,4.82,5.027794,19.01025,9.9,9.9,1013.01245,4.676606,18.47775,1.2,1.2,1014.3167,4.155214,20.437334,1.1,1.1,1013.65424,5.6534424,25.94867,0.0,0.0,1009.16675,30,3,5,1,1.0,6.123233995736766e-17,75.0,55.0,60.0,32875.0,5505.0,7000.0,65.95285714285714,58.889,5614.983333333334,7092.583333333333
2024-03-31,75.0,55000.0,133.75,158.0,0,False,False,True,False,4.82,6.712934,19.549835,2.9,2.9,1011.22076,7.593363,19.234,0.1,0.1,1012.94574,7.2214184,20.710249,0.0,0.0,1012.2832,9.007936,25.867416,0.0,0.0,1007.179,31,3,6,1,1.0,6.123233995736766e-17,76.67,65.0,61.67,5735.0,7336.67,1775.0,67.85714285714286,59.55566666666667,7389.15,7625.916666666667
2024-04-01,73.0,46071.0,133.75,158.0,0,False,False,True,False,4.61,5.470343,20.27275,0.0,0.0,1006.5334,5.5722995,19.598581,0.0,0.0,1007.9041,5.5278325,20.818586,0.0,0.0,1007.27924,12.594129,25.738253,0.0,0.0,1003.2957,1,4,0,0,0.8660254037844387,-0.4999999999999998,75.0,75.0,63.33,55000.0,9168.33,1775.0,69.23857142857142,60.15566666666667,8865.683333333332,8082.261111111111
2024-04-02,71.0,37142.0,133.75,158.0,0,False,False,True,False,4.61,6.262974,20.908169,0.0,0.0,1005.9876,5.6892123,20.0715,0.0,0.0,1007.4875,5.754717,20.770666,0.0,0.0,1007.06665,8.850917,24.513254,0.0,0.0,1003.5291,2,4,1,0,0.8660254037844387,-0.4999999999999998,73.0,76.67,65.0,46071.0,11000.0,504.0,70.09571428571428,60.689,10086.95,8439.394444444444
2024-04-03,69.0,28213.0,133.72,158.0,0,False,False,True,False,4.61,5.5548987,21.193588,0.0,0.0,1008.19165,5.0235825,20.361086,0.0,0.0,1009.7083,4.706912,21.29775,0.0,0.0,1009.29175,4.965237,24.704916,0.0,0.0,1005.5876,3,4,2,0,0.8660254037844387,-0.4999999999999998,71.0,75.0,55.0,37142.0,16000.0,1008.0,72.09571428571428,61.15566666666667,10993.783333333333,8697.316666666668
2024-04-04,67.0,19284.0,133.8,158.0,0,False,False,True,False,4.61,7.622221,22.041502,0.0,0.0,1008.54584,6.016491,22.363169,0.0,0.0,1010.25006,5.5318465,22.34775,0.0,0.0,1009.8625,7.835768,26.138247,0.0,0.0,1004.9375,4,4,3,0,0.8660254037844387,-0.4999999999999998,69.0,73.0,65.0,28213.0,24437.5,5000.0,72.38142857142857,61.55566666666667,11469.916666666666,8856.027777777777
2024-04-05,65.0,10355.0,133.81,158.0,0,False,False,True,False,4.61,7.295838,21.764414,0.0,0.0,1007.60425,5.1651645,22.000666,0.0,0.0,1009.30835,5.2728767,22.28317,0.0,0.0,1008.82086,9.534183,27.111168,0.0,0.0,1004.3,5,4,4,0,0.8660254037844387,-0.4999999999999998,67.0,71.0,75.0,19284.0,32875.0,5000.0,70.95285714285714,61.889,11648.416666666666,8915.527777777777
2024-04-06,69.38,40952.5,133.58,158.0,0,False,False,True,False,4.61,6.838454,21.733168,0.0,0.0,1008.1042,4.483366,21.534002,0.1,0.1,1009.8918,5.719956,21.651917,0.0,0.0,1009.5249,6.612353,26.365335,0.0,0.0,1004.3416,6,4,5,1,0.8660254037844387,-0.4999999999999998,65.0,69.0,76.67,10355.0,5735.0,200.0,69.91142857142857,62.035,13006.833333333334,9315.0
2024-04-07,73.75,71550.0,133.58,158.0,0,False,False,True,False,4.61,7.0824637,20.649834,0.0,0.0,1008.52924,4.4673533,21.034,0.1,0.1,1010.4458,5.4385304,21.572752,0.0,0.0,1009.8376,8.194062,26.038252,0.0,0.0,1004.98755,7,4,6,1,0.8660254037844387,-0.4999999999999998,69.38,67.0,75.0,40952.5,55000.0,200.0,69.73285714285714,62.32666666666667,15385.166666666666,10054.444444444445
2024-04-08,75.0,35300.0,133.58,158.0,0,False,False,True,False,4.61,6.677536,20.737335,0.0,0.0,1010.4709,4.446034,20.223581,0.0,0.0,1012.4458,5.214257,21.118584,0.0,0.0,1011.9041,5.969267,24.82575,0.0,0.0,1007.6458,8,4,0,0,0.8660254037844387,-0.4999999999999998,73.75,65.0,73.0,71550.0,46071.0,200.0,70.01857142857143,62.99333333333333,16555.166666666668,10391.111111111111
2024-04-09,75.0,35300.0,133.61,158.0,0,False,False,True,False,4.61,5.965016,19.920668,0.0,0.0,1012.0667,4.6244216,19.796501,2.0,2.0,1013.76666,4.1478395,20.941504,0.1,0.1,1013.2249,7.8378386,25.411165,0.0,0.0,1009.07086,9,4,1,0,0.8660254037844387,-0.4999999999999998,75.0,69.38,71.0,35300.0,37142.0,200.0,70.59,63.66,17725.166666666668,10727.777777777777
2024-04-10,66.67,22356.0,133.61,158.0,0,False,False,True,False,4.61,6.704977,20.129,0.0,0.0,1012.71655,7.9684734,20.34025,0.0,0.0,1014.4209,5.0408645,21.47692,0.0,0.0,1013.94586,6.5479794,25.492416,0.0,0.0,1009.2292,10,4,2,0,0.8660254037844387,-0.4999999999999998,75.0,73.75,69.0,35300.0,28213.0,200.0,70.25714285714285,64.049,18463.7,10920.622222222222
2024-04-11,65.0,29000.0,133.4,158.0,0,False,False,True,False,4.61,5.7419224,20.443584,0.7,0.7,1013.8542,4.9054446,19.888165,1.7,1.7,1016.1501,5.315676,21.049833,0.0,0.0,1015.4624,8.785452,26.690338,0.1,0.1,1010.7043,11,4,3,0,0.8660254037844387,-0.4999999999999998,66.67,75.0,67.0,22356.0,19284.0,4100.0,69.97142857142856,64.38233333333334,19293.7,11232.011111111111
2024-04-12,65.0,16500.0,133.4,158.0,0,False,False,True,False,4.61,5.9451327,20.241503,0.0,0.0,1013.22504,6.53352,19.656916,0.0,0.0,1014.9043,5.050898,20.535254,0.2,0.2,1014.45416,6.9853606,26.554916,0.0,0.0,1010.26263,12,4,4,0,0.8660254037844387,-0.4999999999999998,65.0,75.0,65.0,29000.0,10355.0,7750.0,69.97142857142856,64.71566666666666,19585.366666666665,11404.511111111111
2024-04-13,70.0,9500.0,133.77,158.0,1,False,False,True,False,4.61,6.129042,20.926918,0.0,0.0,1013.17084,5.985685,20.4965,0.4,0.4,1014.9416,5.2432585,21.870667,0.0,0.0,1014.27075,7.2615743,27.842417,0.0,0.0,1009.6709,13,4,5,1,0.8660254037844387,-0.4999999999999998,65.0,66.67,69.38,16500.0,40952.5,3465.0,70.05999999999999,64.88233333333334,19786.533333333333,11499.233333333334
2024-04-14,75.0,2500.0,133.77,158.0,1,False,False,True,False,4.61,6.449039,21.620667,0.0,0.0,1013.35406,6.843577,21.711084,0.0,0.0,1014.8499,5.4255967,22.17275,0.0,0.0,1014.25,7.463827,28.104912,0.0,0.0,1009.5876,14,4,6,1,0.8660254037844387,-0.4999999999999998,70.0,65.0,73.75,9500.0,71550.0,3465.0,70.23857142857142,65.549,19754.366666666665,11516.177777777777
2024-04-15,65.0,36750.0,133.77,158.0,0,False,False,True,False,4.61,6.486841,22.67067,0.0,0.0,1012.0959,6.5535846,22.425667,0.0,0.0,1013.7,5.079113,23.49983,0.1,0.1,1013.07086,7.7946243,28.794504,0.0,0.0,1008.1042,15,4,0,0,0.8660254037844387,-0.4999999999999998,75.0,65.0,75.0,2500.0,35300.0,3465.0,68.80999999999999,65.88233333333334,20863.866666666665,11913.677777777777
2024-04-16,65.0,16260.0,133.83,161.0,0,False,False,True,False,4.61,7.594984,22.972754,0.3,0.3,1008.85425,5.095238,22.533998,4.0,4.0,1010.8667,4.6582036,23.72067,0.4,0.4,1010.12494,7.2026114,28.365334,0.0,0.0,1005.2417,16,4,1,0,0.8660254037844387,-0.4999999999999998,65.0,70.0,75.0,36750.0,35300.0,3465.0,67.38142857142857,66.21566666666666,21290.366666666665,12083.511111111111
2024-04-17,65.0,23250.0,133.96,161.0,0,False,False,True,False,4.61,6.73926,22.8165,0.0,0.0,1006.54175,6.067011,21.400665,0.2,0.2,1008.3127,5.1000633,22.649834,1.2,1.2,1007.7791,10.188381,28.017416,0.0,0.0,1003.7458,17,4,2,0,0.8660254037844387,-0.4999999999999998,65.0,75.0,66.67,16260.0,22356.0,4095.0,67.14285714285714,66.549,21928.866666666665,12275.177777777777
2024-04-18,65.0,16000.0,133.96,161.0,0,False,False,True,False,4.61,7.237776,22.7415,0.1,0.1,1006.22504,3.8486776,21.71525,1.1,1.1,1008.2542,5.339245,22.612335,0.90000004,0.90000004,1007.6917,9.427391,27.532,0.0,0.0,1003.5501,18,4,3,0,0.8660254037844387,-0.4999999999999998,65.0,65.0,65.0,23250.0,29000.0,5000.0,67.14285714285714,66.88233333333334,22295.533333333333,12386.288888888888
2024-04-19,65.0,14666.67,133.97,161.0,0,False,False,True,False,4.61,5.7811036,23.376915,0.0,0.0,1003.82916,7.330812,21.931915,0.0,0.0,1005.3667,4.261645,23.07067,0.0,0.0,1004.6624,8.194297,28.532,0.0,0.0,1000.76245,19,4,4,0,0.8660254037844387,-0.4999999999999998,65.0,65.0,65.0,16000.0,16500.0,10.0,67.14285714285714,67.21566666666666,22784.089,12521.47411111111
2024-04-20,65.0,13333.33,133.86,161.0,0,False,False,True,False,4.61,6.1962647,24.274836,0.0,0.0,1003.08325,9.675139,22.821503,0.0,0.0,1004.75836,6.4925,24.75817,0.0,0.0,1003.8542,11.776475,30.196585,0.0,0.0,999.6167,20,4,5,1,0.8660254037844387,-0.4999999999999998,65.0,65.0,70.0,14666.67,9500.0,1841.67,66.42857142857143,67.49333333333333,23167.144333333334,12558.511111111111
2024-04-21,65.0,12000.0,133.86,161.0,0,False,False,True,False,4.61,7.259457,24.124834,0.0,0.0,1004.3958,7.023687,23.152746,0.0,0.0,1006.07086,4.7059236,24.762335,0.0,0.0,1005.3958,13.798427,30.57575,0.0,0.0,1000.7126,21,4,6,1,0.8660254037844387,-0.4999999999999998,65.0,65.0,75.0,13333.33,2500.0,3673.33,65.0,67.71566666666666,23444.7,12558.511111111111
2024-04-22,55.0,12000.0,133.86,161.0,0,False,False,True,False,4.61,7.347046,24.06442,0.0,0.0,1006.19165,8.230449,23.21108,0.0,0.0,1007.71234,6.1894364,25.010248,0.0,0.0,1006.99567,12.139884,30.590334,0.0,0.0,1002.39996,22,4,0,0,0.8660254037844387,-0.4999999999999998,65.0,65.0,65.0,12000.0,36750.0,5505.0,63.57142857142857,67.549,23661.2,12558.511111111111
2024-04-23,55.0,10175.0,133.69,161.0,0,False,False,True,False,4.61,7.28137,22.904001,0.0,0.0,1006.6082,8.510604,22.154837,0.0,0.0,1008.0999,6.743967,24.08525,0.0,0.0,1007.43756,14.982995,30.796583,0.0,0.0,1002.19586,23,4,1,0,0.8660254037844387,-0.4999999999999998,55.0,65.0,65.0,12000.0,16260.0,7336.67,62.142857142857146,67.32666666666667,23755.810999999998,12538.233333333334
2024-04-24,55.0,8350.0,133.66,161.0,0,False,False,True,False,4.61,6.675022,23.093584,0.0,0.0,1005.68744,6.8779197,22.619417,0.0,0.0,1007.39166,6.1709785,23.78525,0.0,0.0,1006.7917,16.283625,30.779915,0.0,0.0,1001.7834,24,4,2,0,0.8660254037844387,-0.4999999999999998,55.0,65.0,65.0,10175.0,23250.0,9168.33,60.714285714285715,67.049,23728.533333333333,12497.677777777777
2024-04-25,55.0,6525.0,133.62,161.0,0,False,False,True,False,4.61,6.3271594,24.02275,0.0,0.0,1005.58765,5.6688895,23.36525,0.0,0.0,1007.20416,4.9211583,24.24775,0.0,0.0,1006.5957,11.799965,29.836168,0.0,0.0,1001.93756,25,4,3,0,0.8660254037844387,-0.4999999999999998,55.0,55.0,65.0,8350.0,16000.0,11000.0,59.285714285714285,66.71566666666666,23579.366666666665,12460.455555555556
2024-04-26,55.0,4700.0,133.61,161.0,0,False,False,True,False,4.61,7.1068096,24.558167,0.0,0.0,1005.4124,5.991064,23.994415,0.0,0.0,1007.304,5.7601643,24.75192,0.0,0.0,1006.7542,8.032464,28.76533,0.0,0.0,1001.9834,26,4,4,0,0.8660254037844387,-0.4999999999999998,55.0,55.0,65.0,6525.0,14666.67,16000.0,57.857142857142854,66.71566666666666,23202.7,12402.955555555556
2024-04-27,55.0,2875.0,133.65,161.0,0,False,False,True,False,4.61,7.2346344,24.768583,0.0,0.0,1006.59985,8.310873,24.681915,0.0,0.0,1008.33325,4.995177,25.014418,0.0,0.0,1007.56683,8.928933,29.917418,0.0,0.0,1003.1917,27,4,5,1,0.8660254037844387,-0.4999999999999998,55.0,55.0,65.0,4700.0,13333.33,24437.5,56.42857142857143,66.38233333333334,22483.95,12325.177777777777
2024-04-28,45.0,2875.0,133.65,161.0,0,False,False,True,False,4.61,7.13039,24.10817,0.0,0.0,1006.4207,8.230601,24.034002,0.0,0.0,1008.14575,5.780159,25.131086,0.0,0.0,1007.2166,13.02301,31.036165,0.0,0.0,1002.44586,28,4,6,1,0.8660254037844387,-0.4999999999999998,55.0,55.0,65.0,2875.0,12000.0,32875.0,53.57142857142857,65.38233333333334,21483.95,12257.122222222222
2024-04-29,45.0,17675.0,133.65,161.0,0,False,False,True,False,4.61,7.7595744,25.043587,0.0,0.0,1006.4458,7.9528737,24.586084,0.0,0.0,1008.22504,6.0157604,25.562334,0.0,0.0,1007.4417,9.8403425,30.473665,0.0,0.0,1002.62494,29,4,0,0,0.8660254037844387,-0.4999999999999998,45.0,55.0,55.0,2875.0,12000.0,5735.0,52.142857142857146,64.32666666666667,21881.95,12300.177777777777
2024-04-30,45.0,17675.0,133.86,159.0,0,False,False,True,False,4.61,7.522711,25.466501,0.0,0.0,1002.84155,8.111244,24.469416,0.0,0.0,1004.57916,5.5117736,26.195665,0.0,0.0,1003.7874,12.824216,31.515335,0.0,0.0,998.54987,30,4,1,0,0.8660254037844387,-0.4999999999999998,45.0,55.0,55.0,17675.0,10175.0,55000.0,50.714285714285715,63.32666666666667,20637.783333333333,12343.233333333334
2024-05-01,45.0,5000.0,133.79,159.0,0,False,False,True,False,4.4,8.065078,25.179007,0.0,0.0,1001.55,7.8332734,23.338165,0.0,0.0,1003.2041,5.465691,24.20192,0.0,0.0,1002.64575,12.519891,31.169497,0.0,0.0,998.35425,1,5,2,0,0.49999999999999994,-0.8660254037844387,45.0,45.0,55.0,17675.0,8350.0,46071.0,49.285714285714285,62.39333333333333,19268.75,12245.455555555556
2024-05-02,40.0,14075.0,133.79,159.0,0,False,False,True,False,4.4,7.9481187,22.881086,0.0,0.0,1003.35834,7.9153943,21.60275,0.0,0.0,1005.1292,4.680392,23.583168,0.0,0.0,1004.4666,13.834011,29.719498,0.0,0.0,999.96655,2,5,3,0,0.49999999999999994,-0.8660254037844387,45.0,45.0,55.0,5000.0,6525.0,37142.0,47.142857142857146,61.36,18499.85,12290.733333333334
2024-05-03,35.0,23150.0,133.86,159.0,0,False,False,True,False,4.4,6.6977234,24.456085,0.0,0.0,1006.5125,5.3713512,22.442335,0.0,0.0,1008.17505,5.783994,23.781088,0.0,0.0,1007.6416,6.0540004,29.073668,0.0,0.0,1003.2708,3,5,4,0,0.49999999999999994,-0.8660254037844387,40.0,45.0,55.0,14075.0,4700.0,28213.0,44.285714285714285,60.22666666666667,18331.083333333332,12516.222222222223
2024-05-04,37.5,12500.0,133.78,159.0,0,False,False,True,False,4.4,7.6156945,24.33525,0.0,0.0,1007.1999,6.1024566,23.025667,0.0,0.0,1008.8501,5.433018,24.166498,0.0,0.0,1008.24603,9.847723,30.00908,0.0,0.0,1003.7918,4,5,5,1,0.49999999999999994,-0.8660254037844387,35.0,45.0,55.0,23150.0,2875.0,19284.0,41.785714285714285,59.24333333333333,18104.95,12472.333333333334
2024-05-05,45.0,4500.0,133.78,159.0,0,False,False,True,False,4.4,6.764795,23.697754,0.0,0.0,1004.3831,6.577387,22.406916,0.0,0.0,1006.0168,5.6946926,23.564417,0.0,0.0,1005.42084,10.469106,30.179914,0.0,0.0,1000.97906,5,5,6,1,0.49999999999999994,-0.8660254037844387,37.5,40.0,45.0,12500.0,2875.0,10355.0,41.785714285714285,58.57666666666667,17909.783333333333,12245.111111111111
2024-05-06,35.0,4500.0,133.78,159.0,0,False,False,True,False,4.4,7.3156796,23.466501,2.6,2.6,1007.40826,7.1286187,22.177748,0.4,0.4,1009.17487,5.4311223,23.066498,1.2,1.2,1008.5293,19.974657,29.542418,0.9,0.9,1005.0835,6,5,0,0,0.49999999999999994,-0.8660254037844387,45.0,35.0,45.0,4500.0,17675.0,40952.5,40.357142857142854,57.43066666666667,16694.7,12017.888888888889
2024-05-07,37.5,140.0,133.89,159.0,0,False,False,True,False,4.4,4.5338435,18.931082,25.400002,25.400002,1012.50415,3.466647,18.221498,10.1,10.1,1014.08325,4.7276278,19.049835,17.300001,17.300001,1013.39166,18.902826,27.148668,15.4,15.4,1009.30414,7,5,1,0,0.49999999999999994,-0.8660254037844387,35.0,37.5,45.0,4500.0,17675.0,71550.0,39.285714285714285,56.22233333333334,14314.366666666667,11952.777777777777
2024-05-08,40.0,280.0,133.92,159.0,0,False,False,True,False,4.4,3.6805565,18.547752,3.9000003,3.9000003,1013.10815,3.9451835,17.663164,17.700003,17.700003,1014.62915,3.8836308,19.062334,9.200001,9.200001,1013.7959,8.306478,25.00075,23.2,23.2,1009.9958,8,5,2,0,0.49999999999999994,-0.8660254037844387,37.5,45.0,45.0,140.0,5000.0,35300.0,38.57142857142857,55.05566666666667,13147.033333333333,11822.555555555555
2024-05-09,45.0,280.0,133.94,159.0,0,False,False,True,False,4.4,4.5096083,20.101915,3.2000003,3.2000003,1010.7332,4.8142858,18.96108,5.6,5.6,1012.37494,5.2237887,20.124834,0.5,0.5,1011.52496,8.949912,26.502836,0.2,0.2,1007.62915,9,5,3,0,0.49999999999999994,-0.8660254037844387,40.0,35.0,40.0,280.0,14075.0,35300.0,39.285714285714285,54.05566666666667,11979.7,11634.0
2024-05-10,45.0,22350.0,133.91,159.0,0,False,False,True,False,4.4,4.821407,20.374834,13.4,13.4,1011.1208,2.903056,19.234001,1.3000001,1.3000001,1012.5334,5.182962,19.829,6.5,6.5,1011.9792,8.840016,26.627836,1.7,1.7,1008.14996,10,5,4,0,0.49999999999999994,-0.8660254037844387,45.0,37.5,35.0,280.0,23150.0,22356.0,40.714285714285715,53.333333333333336,11979.5,11607.611111111111
2024-05-11,43.75,18112.5,133.91,159.0,0,False,False,True,False,4.4,4.6216006,20.568583,6.5,6.5,1012.13336,4.3109775,19.58608,10.200001,10.200001,1013.7627,3.7553413,20.924837,11.200002,11.200002,1012.78754,11.840721,28.019499,4.2999997,4.2999997,1008.4499,11,5,5,1,0.49999999999999994,-0.8660254037844387,45.0,40.0,37.5,22350.0,12500.0,29000.0,41.607142857142854,52.625,11616.583333333334,11668.861111111111
2024-05-12,42.5,13875.0,133.91,159.0,0,False,False,True,False,4.4,4.6283174,20.054003,2.7,2.7,1012.8333,4.1090374,19.048582,22.100002,22.100002,1014.49994,4.320255,20.403997,6.5,6.5,1013.68756,9.3393,25.952835,8.300001,8.300001,1009.8208,12,5,6,1,0.49999999999999994,-0.8660254037844387,43.75,45.0,45.0,18112.5,4500.0,16500.0,41.25,51.875,11529.083333333334,11578.583333333334
2024-05-13,41.25,9637.5,133.91,159.0,0,False,False,True,False,4.4,4.842351,20.88525,1.8,1.8,1012.1792,3.8717203,19.542332,6.0,6.0,1013.9834,4.1655474,21.256083,2.0,2.0,1013.07495,6.530042,27.74867,0.0,0.0,1008.46246,13,5,0,0,0.49999999999999994,-0.8660254037844387,42.5,45.0,35.0,13875.0,4500.0,9500.0,42.142857142857146,50.916666666666664,11533.666666666666,11660.666666666666
2024-05-14,40.0,5400.0,133.96,159.0,0,False,False,True,False,4.4,5.1741996,22.270666,0.3,0.3,1011.73755,3.4057777,21.359,1.0000001,1.0000001,1013.3958,3.3790524,22.66442,0.1,0.1,1012.57495,6.605654,29.165335,0.0,0.0,1007.6667,14,5,1,0,0.49999999999999994,-0.8660254037844387,41.25,43.75,37.5,9637.5,140.0,2500.0,42.5,49.75,11630.333333333334,11695.666666666666
2024-05-15,38.33,5400.0,133.92,159.0,0,False,False,True,False,4.4,5.308297,23.447752,1.1,1.1,1012.6082,4.8331165,22.465248,0.9,0.9,1014.4084,3.4932873,23.497755,0.6,0.6,1013.49176,7.1686854,30.373665,0.2,0.2,1007.94574,15,5,2,0,0.49999999999999994,-0.8660254037844387,40.0,42.5,40.0,5400.0,280.0,36750.0,42.261428571428574,48.861,10585.333333333334,11699.111111111111
2024-05-16,35.0,27125.0,133.91,154.0,0,False,False,True,False,4.4,5.71689,25.045668,0.0,0.0,1011.07513,4.583662,22.904837,0.3,0.3,1013.06256,4.259923,24.22692,0.5,0.5,1012.36255,7.112127,30.58825,0.0,0.0,1006.7585,16,5,3,0,0.49999999999999994,-0.8660254037844387,38.33,41.25,45.0,5400.0,280.0,16260.0,40.83285714285715,47.861,10947.5,11943.944444444445
2024-05-17,37.0,22700.0,133.91,154.0,0,False,False,True,False,4.4,6.3555684,24.9915,0.0,0.0,1008.6333,6.408924,24.098581,0.0,0.0,1010.5,4.799009,24.779001,0.0,0.0,1009.87085,6.61269,30.679916,0.0,0.0,1004.25415,17,5,4,0,0.49999999999999994,-0.8660254037844387,35.0,40.0,45.0,27125.0,22350.0,23250.0,39.690000000000005,46.92766666666667,10929.166666666666,12105.055555555555
2024-05-18,39.0,18275.0,133.64,154.0,0,False,False,True,False,4.4,5.9371967,25.154001,11.6,11.6,1006.48755,3.7517865,23.638166,2.6000001,2.6000001,1008.60834,4.0900755,24.774834,4.2,4.2,1007.77924,9.105005,31.192415,1.3000001,1.3000001,1002.24164,18,5,5,1,0.49999999999999994,-0.8660254037844387,37.0,38.33,43.75,22700.0,18112.5,16000.0,39.011428571428574,46.061,11005.0,12217.0
2024-05-19,41.0,13850.0,133.64,154.0,0,False,False,True,False,4.4,5.585817,23.479004,6.7,6.7,1005.82916,4.5529037,22.206917,5.7999997,5.7999997,1007.7292,5.6300387,23.343584,0.6,0.6,1006.7126,11.269493,29.72158,12.900001,12.900001,1001.80426,19,5,6,1,0.49999999999999994,-0.8660254037844387,39.0,35.0,42.5,18275.0,13875.0,14666.67,38.797142857142866,45.260999999999996,10977.777666666667,12279.777777777777
2024-05-20,43.0,9425.0,133.64,154.0,0,False,False,True,False,4.4,4.758848,23.231085,2.6,2.6,1006.42084,4.6232915,21.813166,3.0,3.0,1008.4333,4.7643085,22.716501,5.2000003,5.2000003,1007.48755,13.202423,29.121584,0.2,0.2,1003.10425,20,5,0,0,0.49999999999999994,-0.8660254037844387,41.0,37.0,41.25,13850.0,9637.5,13333.33,39.047142857142866,44.52766666666666,10847.5,12310.611111111111
2024-05-21,45.0,5000.0,133.64,154.0,0,False,False,True,False,4.4,4.3954854,23.081083,2.5,2.5,1007.69586,3.6997025,22.01525,3.1000004,3.1000004,1009.46655,4.801109,22.47275,1.7,1.7,1008.57513,11.577359,29.211166,0.0,0.0,1004.0959,21,5,1,0,0.49999999999999994,-0.8660254037844387,43.0,39.0,40.0,9425.0,5400.0,12000.0,39.761428571428574,43.861,10614.166666666666,12292.277777777777
2024-05-22,45.0,7458.33,133.6,154.0,0,False,False,True,False,4.4,4.289556,22.956085,0.6,0.6,1008.3542,3.0092785,22.319418,1.6,1.6,1010.075,4.531942,22.587334,4.7999997,4.7999997,1009.1458,11.659336,29.402832,0.0,0.0,1004.3582,22,5,2,0,0.49999999999999994,-0.8660254037844387,45.0,41.0,38.33,5000.0,5400.0,12000.0,40.714285714285715,43.52766666666666,10462.777666666667,12301.259222222223
2024-05-23,45.0,9916.67,133.56,154.0,0,False,False,True,False,4.4,3.5188532,23.081083,0.5,0.5,1007.2834,4.0921197,21.823586,1.4000001,1.4000001,1009.20416,3.9317284,22.562332,0.6,0.6,1008.31665,9.297551,29.617416,0.0,0.0,1003.3459,23,5,3,0,0.49999999999999994,-0.8660254037844387,45.0,43.0,35.0,7458.33,27125.0,10175.0,42.142857142857146,43.19433333333333,10454.166666666666,12394.41111111111
2024-05-24,45.0,12375.0,133.56,154.0,0,False,False,True,False,4.4,4.5974717,24.537333,0.4,0.4,1005.9001,2.7912905,23.696497,3.7,3.7,1007.8875,4.9219556,24.291498,1.1,1.1,1006.85406,6.5831523,31.448668,0.2,0.2,1001.17084,24,5,4,0,0.49999999999999994,-0.8660254037844387,45.0,45.0,37.0,9916.67,22700.0,8350.0,43.285714285714285,42.861,10588.333333333334,12514.877777777778
2024-05-25,48.33,8250.0,133.26,154.0,0,False,False,True,False,4.4,5.83579,25.068588,0.9,0.9,1004.2459,3.709508,23.642334,7.4,7.4,1006.45,4.362411,24.322754,3.9,3.9,1005.46246,7.3021417,32.894497,0.0,0.0,999.21246,25,5,5,1,0.49999999999999994,-0.8660254037844387,45.0,45.0,39.0,12375.0,18275.0,6525.0,44.61857142857143,42.63866666666666,10645.833333333334,12589.511111111111
2024-05-26,51.67,4125.0,133.26,154.0,0,False,False,True,False,4.4,5.0253043,25.045668,2.6999998,2.6999998,1003.22095,3.6831388,23.500666,1.6000001,1.6000001,1005.25,4.6751013,24.683168,2.0,2.0,1004.19586,9.170984,32.67158,0.8,0.8,998.09155,26,5,6,1,0.49999999999999994,-0.8660254037844387,48.33,45.0,41.0,8250.0,13850.0,4700.0,46.142857142857146,42.52766666666666,10626.666666666666,12618.31111111111
2024-05-27,55.0,4125.0,133.26,154.0,0,False,False,True,False,4.4,4.852863,23.964418,17.699999,17.699999,1000.92505,3.7016299,23.434,13.200001,13.200001,1002.50415,4.6093817,24.372751,4.9999995,4.9999995,1001.5417,9.638169,31.73408,0.0,0.0,996.2168,27,5,0,0,0.49999999999999994,-0.8660254037844387,51.67,45.0,43.0,4125.0,9425.0,2875.0,47.857142857142854,42.52766666666666,10668.333333333334,12648.977777777778
2024-05-28,45.0,4125.0,133.32,154.0,0,False,False,True,False,4.4,4.033176,22.768583,8.599999,8.599999,999.13763,2.974459,22.479834,5.9,5.9,1000.84576,4.5167537,22.733168,7.5,7.5,999.95,6.0299687,31.736168,0.0,0.0,994.0791,28,5,1,0,0.49999999999999994,-0.8660254037844387,55.0,48.33,45.0,4125.0,5000.0,2875.0,47.857142857142854,42.52766666666666,10710.0,12617.033333333333
2024-05-29,55.0,4125.0,133.39,154.0,0,False,False,True,False,4.4,4.3797774,24.637335,4.2999997,4.2999997,1000.75,3.8938894,23.586082,0.70000005,0.70000005,1002.6917,4.5583577,24.962334,1.8,1.8,1001.6833,9.037541,33.629917,0.0,0.0,995.65845,29,5,2,0,0.49999999999999994,-0.8660254037844387,45.0,51.67,45.0,4125.0,7458.33,17675.0,49.285714285714285,42.861,10258.333333333334,12585.08888888889
2024-05-30,55.0,8850.0,133.66,154.0,0,False,False,True,False,4.4,5.070928,26.029001,0.9,0.9,1002.6165,5.732969,25.490252,0.0,0.0,1004.5166,4.6413097,25.939417,0.70000005,0.70000005,1003.74603,12.370381,32.80908,11.3,11.3,998.45416,30,5,3,0,0.49999999999999994,-0.8660254037844387,55.0,55.0,45.0,4125.0,9916.67,17675.0,50.714285714285715,43.19433333333333,9964.166666666666,12663.7
2024-05-31,65.0,8850.0,133.62,153.0,0,False,False,True,False,4.4,5.3818913,25.068588,0.5,0.5,1004.1624,7.0580983,24.502748,0.5,0.5,1005.7,5.438434,24.799833,1.1,1.1,1005.0332,11.47635,31.225748,0.0,0.0,1000.6458,31,5,4,0,0.49999999999999994,-0.8660254037844387,55.0,45.0,45.0,8850.0,12375.0,5000.0,53.57142857142857,43.861,10092.5,12742.31111111111
2024-06-01,65.0,8850.0,133.85,153.0,0,False,True,False,False,4.17,3.8265772,23.654,2.3,2.3,1006.2791,3.1931274,22.519411,1.8000001,1.8000001,1008.2292,4.1122966,23.447752,1.9000001,1.9000001,1007.27496,10.374114,31.534082,0.0,0.0,1001.89575,1,6,5,1,1.2246467991473532e-16,-1.0,65.0,55.0,48.33,8850.0,8250.0,14075.0,55.95285714285715,44.69433333333333,9918.333333333334,12835.044444444444
2024-06-02,75.0,12000.0,133.85,153.0,0,False,True,False,False,4.17,5.394501,23.760254,2.8000002,2.8000002,1006.8416,4.6046147,23.377752,0.1,0.1,1008.4167,4.875604,24.258165,0.4,0.4,1007.5376,8.670082,29.81325,4.8,4.8,1003.06665,2,6,6,1,1.2246467991473532e-16,-1.0,65.0,55.0,51.67,8850.0,4125.0,23150.0,59.285714285714285,46.02766666666666,9546.666666666666,12957.177777777777
2024-06-03,55.0,8750.0,133.85,153.0,0,False,True,False,False,4.17,5.3697267,23.393585,1.0,1.0,1006.13336,4.0057817,22.506918,1.6,1.6,1007.8709,4.324454,23.004,3.8999999,3.8999999,1007.0376,6.9079895,30.084082,2.9,2.9,1002.0417,3,6,0,0,1.2246467991473532e-16,-1.0,75.0,65.0,55.0,12000.0,4125.0,12500.0,59.285714285714285,46.611,9421.666666666666,12998.844444444445
2024-06-04,55.0,8750.0,133.34,153.0,0,False,True,False,False,4.17,4.8707695,23.254004,7.9999995,7.9999995,1006.2791,3.3205414,22.767332,3.8999999,3.8999999,1007.7874,2.9181778,23.556086,2.9,2.9,1006.90826,10.38857,29.92366,1.7,1.7,1002.3293,4,6,1,0,1.2246467991473532e-16,-1.0,55.0,65.0,45.0,8750.0,4125.0,4500.0,60.714285714285715,46.94433333333333,9563.333333333334,13040.511111111111
2024-06-05,50.0,8750.0,133.96,153.0,0,False,True,False,False,4.17,4.6728077,22.541502,5.7000003,5.7000003,1007.1624,3.7330408,21.794413,2.8000002,2.8000002,1008.77515,5.0025063,22.368586,6.3,6.3,1007.96246,10.404294,29.490334,22.7,22.7,1003.19165,5,6,2,0,1.2246467991473532e-16,-1.0,55.0,75.0,55.0,8750.0,4125.0,4500.0,60.0,47.44433333333333,9705.0,13135.511111111111
2024-06-06,65.0,8750.0,133.7,153.0,0,False,True,False,False,4.17,4.116277,23.2665,2.8,2.8,1007.17084,3.7672606,23.158998,1.4000001,1.4000001,1008.69183,5.3575807,23.368586,4.7,4.7,1007.88336,6.4471927,28.804916,31.8,31.8,1003.67487,6,6,3,0,1.2246467991473532e-16,-1.0,50.0,55.0,55.0,8750.0,8850.0,140.0,61.42857142857143,48.361,9992.0,13230.511111111111
2024-06-07,45.0,8750.0,133.86,153.0,0,False,True,False,False,4.17,4.290603,22.379004,3.5000002,3.5000002,1005.6751,4.047058,22.038164,9.599999,9.599999,1007.2124,3.8309689,22.95817,6.7000003,6.7000003,1006.16656,5.797341,29.13408,0.1,0.1,1001.75415,7,6,4,0,1.2246467991473532e-16,-1.0,65.0,55.0,65.0,8750.0,8850.0,280.0,58.57142857142857,48.52766666666666,10274.333333333334,13325.511111111111
2024-06-08,55.0,8750.0,133.7,153.0,0,False,True,False,False,4.17,5.6216736,23.276918,2.8999999,2.8999999,1004.1624,5.8323665,23.004837,2.3,2.3,1005.65826,4.552068,23.972755,2.4999998,2.4999998,1004.66254,8.487477,30.379915,0.1,0.1,999.79596,8,6,5,1,1.2246467991473532e-16,-1.0,45.0,50.0,65.0,8750.0,8850.0,280.0,57.142857142857146,48.861,10556.666666666666,13420.511111111111
2024-06-09,55.0,10000.0,133.7,153.0,0,False,True,False,False,4.17,5.098987,24.83525,0.1,0.1,1003.2751,6.8346887,24.746498,0.2,0.2,1004.70825,4.6364913,25.0665,0.1,0.1,1003.7793,9.33211,30.904917,0.0,0.0,999.29156,9,6,6,1,1.2246467991473532e-16,-1.0,55.0,65.0,75.0,8750.0,12000.0,22350.0,54.285714285714285,49.19433333333333,10145.0,13529.4
2024-06-10,55.0,5000.0,133.7,153.0,0,False,True,False,False,4.17,5.9386463,25.481085,0.0,0.0,1003.61664,6.9475155,25.156914,0.0,0.0,1005.0957,4.8960814,25.372751,0.0,0.0,1004.42084,9.30446,31.346582,0.0,0.0,999.89575,10,6,0,0,1.2246467991473532e-16,-1.0,55.0,45.0,55.0,10000.0,8750.0,18112.5,54.285714285714285,49.56933333333333,9707.916666666666,13539.4
2024-06-11,55.0,5000.0,133.92,153.0,0,False,True,False,False,4.17,5.450149,24.949835,6.7000003,6.7000003,1003.89166,4.7886825,24.377748,1.0,1.0,1005.446,3.745248,24.920664,1.5000001,1.5000001,1004.5583,10.518371,31.0195,0.4,0.4,999.99994,11,6,1,0,1.2246467991473532e-16,-1.0,55.0,55.0,55.0,5000.0,8750.0,13875.0,54.285714285714285,49.986,9412.083333333334,13508.844444444445
2024-06-12,43.33,5000.0,134.01,153.0,0,False,True,False,False,4.17,5.617321,25.36442,1.7,1.7,1004.0708,4.308083,24.661081,1.6000001,1.6000001,1005.69165,4.8336873,24.729004,2.7999997,2.7999997,1005.01263,8.904538,31.732,0.0,0.0,1000.14996,12,6,2,0,1.2246467991473532e-16,-1.0,55.0,55.0,50.0,5000.0,8750.0,9637.5,53.332857142857144,50.05533333333333,9257.5,13525.9
2024-06-13,55.0,5000.0,133.98,153.0,0,False,True,False,False,4.17,5.307159,24.483171,10.8,10.8,1002.8918,5.541741,24.506918,3.7,3.7,1004.41656,4.056372,24.77275,6.2,6.2,1003.5376,12.62009,30.738245,3.6,3.6,999.05005,13,6,3,0,1.2246467991473532e-16,-1.0,43.33,55.0,65.0,5000.0,8750.0,5400.0,51.90428571428571,50.55533333333333,9244.166666666666,13542.955555555556
2024-06-14,43.33,5000.0,133.98,153.0,0,False,True,False,False,4.17,5.99913,23.99775,20.3,20.3,1002.325,5.930059,24.211082,3.6,3.6,1003.7417,4.817159,24.14775,3.1999998,3.1999998,1002.89996,13.025815,29.109083,9.2,9.2,998.7334,14,6,4,0,1.2246467991473532e-16,-1.0,55.0,55.0,45.0,5000.0,8750.0,5400.0,51.66571428571428,50.722,9230.833333333334,13560.011111111111
2024-06-15,45.0,5000.0,134.0,153.0,0,False,True,False,False,4.17,5.560558,24.293581,12.1,12.1,1002.3167,4.9153204,24.33608,1.7,1.7,1003.77075,4.5703044,24.864418,6.2,6.2,1002.75,11.675141,29.225746,14.3,14.3,998.6833,15,6,5,1,1.2246467991473532e-16,-1.0,43.33,43.33,55.0,5000.0,8750.0,27125.0,50.23714285714285,51.05533333333334,8493.333333333334,13577.066666666668
2024-06-16,65.0,5000.0,134.0,153.0,0,False,True,False,False,4.17,5.1449647,23.606085,23.400002,23.400002,1003.89166,2.9465272,23.87358,4.8999996,4.8999996,1005.33746,4.1149106,24.326918,3.1999998,3.1999998,1004.4292,12.7525215,28.990332,1.4000001,1.4000001,1000.1875,16,6,6,1,1.2246467991473532e-16,-1.0,45.0,55.0,55.0,5000.0,10000.0,22700.0,51.66571428571428,51.98866666666667,7903.333333333333,13587.122222222222
2024-06-17,35.0,5000.0,134.0,153.0,0,False,True,False,False,4.17,4.2371197,23.19567,32.400005,32.400005,1003.94586,3.3299997,23.223587,8.2,8.2,1005.4792,4.177496,24.268585,4.0,4.0,1004.32916,11.286033,30.454916,0.1,0.1,999.30426,17,6,0,0,1.2246467991473532e-16,-1.0,65.0,43.33,55.0,5000.0,5000.0,18275.0,48.808571428571426,51.855333333333334,7460.833333333333,13587.122222222222
2024-06-18,55.0,5000.0,134.0,153.0,0,False,True,False,False,4.17,4.087547,23.268583,41.5,41.5,1001.49585,2.7778223,23.136084,9.400001,9.400001,1003.15424,3.8186452,23.239416,10.300001,10.300001,1002.27905,11.868903,29.427834,2.8999999,2.8999999,997.41254,18,6,1,0,1.2246467991473532e-16,-1.0,35.0,45.0,55.0,5000.0,5000.0,13850.0,48.808571428571426,52.322,7165.833333333333,13642.566666666668
2024-06-19,55.0,5000.0,133.76,153.0,0,False,True,False,False,4.17,5.1852236,22.39775,39.400005,39.400005,1000.65826,3.543071,22.71942,19.5,19.5,1002.1333,4.51205,22.731087,22.100002,22.100002,1001.325,14.356721,27.509085,30.399998,30.399998,997.22076,19,6,2,0,1.2246467991473532e-16,-1.0,55.0,65.0,43.33,5000.0,5000.0,9425.0,50.47571428571429,52.722,7018.333333333333,13677.659222222223
2024-06-20,55.0,5000.0,133.84,153.0,0,False,True,False,False,4.17,5.8807178,23.058168,2.6999996,2.6999996,1002.10425,4.2197504,23.392334,21.2,21.2,1003.4375,5.6989155,23.228998,20.4,20.4,1002.7917,9.081963,27.5445,1.4000001,1.4000001,999.37915,20,6,3,0,1.2246467991473532e-16,-1.0,55.0,35.0,55.0,5000.0,5000.0,5000.0,50.47571428571429,53.05533333333334,7018.333333333333,13692.4
2024-06-21,56.67,5000.0,134.15,153.0,0,False,True,False,False,4.17,4.1769805,22.866499,3.4999998,3.4999998,1003.7749,3.3133395,22.99025,2.6,2.6,1005.1624,4.223593,23.268583,14.800002,14.800002,1004.34576,11.2585335,28.4695,0.6,0.6,1000.5334,21,6,4,0,1.2246467991473532e-16,-1.0,55.0,55.0,43.33,5000.0,5000.0,7458.33,52.381428571428565,53.44433333333333,6936.389,13686.788888888888
2024-06-22,65.0,5000.0,133.96,153.0,0,False,True,False,False,4.17,4.084516,23.074835,4.1,4.1,1004.25836,3.754032,23.334,2.1999998,2.1999998,1005.6167,5.155944,23.595667,4.4,4.4,1004.70416,9.30282,28.834085,2.8,2.8,1000.3792,22,6,5,1,1.2246467991473532e-16,-1.0,56.67,55.0,45.0,5000.0,5000.0,9916.67,55.238571428571426,54.111,6772.5,13660.82588888889
2024-06-23,65.0,5000.0,133.96,153.0,0,False,True,False,False,4.17,4.684569,23.683167,3.1000001,3.1000001,1004.66254,3.3770077,23.486082,12.800001,12.800001,1006.2207,4.1836467,24.331085,2.9,2.9,1005.1333,9.119284,30.16117,1.3000001,1.3000001,1000.4209,23,6,6,1,1.2246467991473532e-16,-1.0,65.0,55.0,65.0,5000.0,5000.0,12375.0,55.238571428571426,54.77766666666666,6526.666666666667,13614.511111111111
2024-06-24,65.0,5000.0,133.96,153.0,0,False,True,False,False,4.17,4.5634694,24.272749,1.5000001,1.5000001,1003.30414,3.1670983,24.033998,1.2,1.2,1004.8208,4.104958,24.451918,3.9,3.9,1003.97906,9.852649,30.26325,3.6,3.6,999.2251,24,6,0,0,1.2246467991473532e-16,-1.0,65.0,56.67,35.0,5000.0,5000.0,8250.0,59.52428571428571,55.333333333333336,6418.333333333333,13547.844444444445
2024-06-25,65.0,5000.0,133.84,153.0,0,False,True,False,False,4.17,3.7707136,24.054,2.9999995,2.9999995,1002.5417,3.1161683,23.925665,6.7000003,6.7000003,1004.21246,4.0936656,24.3665,9.499998,9.499998,1003.26245,11.892357,28.952835,16.600002,16.600002,999.05426,25,6,1,0,1.2246467991473532e-16,-1.0,65.0,65.0,55.0,5000.0,5000.0,4125.0,60.952857142857134,55.77766666666666,6447.5,13425.622222222222
2024-06-26,66.67,5000.0,133.8,153.0,0,False,True,False,False,4.17,3.996404,23.31442,19.8,19.8,1004.071,3.7131746,23.050665,79.89999,79.89999,1005.91254,4.0984254,23.42067,6.7999997,6.7999997,1005.0457,10.773267,27.202833,47.5,47.5,1000.71246,26,6,2,0,1.2246467991473532e-16,-1.0,65.0,65.0,55.0,5000.0,5000.0,4125.0,62.62,56.166666666666664,6476.666666666667,13209.65
2024-06-27,75.0,5000.0,134.02,153.0,0,False,True,False,False,4.17,3.6994827,23.551918,3.8999999,3.8999999,1005.8667,3.2565858,23.448586,3.6000001,3.6000001,1007.35004,4.2244086,23.947748,8.8,8.8,1006.4792,9.775491,29.76533,1.7,1.7,1001.80853,27,6,3,0,1.2246467991473532e-16,-1.0,66.67,65.0,55.0,5000.0,5000.0,4125.0,65.47714285714287,57.166666666666664,6505.833333333333,12899.927777777777
2024-06-28,66.67,5000.0,133.84,153.0,0,False,True,False,False,4.17,4.006683,23.233168,5.799999,5.799999,1004.07916,2.1247978,23.438164,13.5,13.5,1005.43335,3.326463,23.658167,16.6,16.6,1004.6167,8.622507,29.154915,3.3,3.3,1000.3584,28,6,4,0,1.2246467991473532e-16,-1.0,75.0,65.0,56.67,5000.0,5000.0,4125.0,66.9057142857143,57.55566666666667,6535.0,12891.761111111111
2024-06-29,65.0,5000.0,133.72,153.0,0,False,True,False,False,4.17,4.0290694,22.962334,23.3,23.3,1003.21246,2.4238489,23.390245,13.4,13.4,1004.63336,3.9135914,23.714417,17.400002,17.400002,1003.76263,7.8215294,28.752836,9.7,9.7,999.50836,29,6,5,1,1.2246467991473532e-16,-1.0,66.67,66.67,65.0,5000.0,5000.0,8850.0,66.9057142857143,57.889,6406.666666666667,12336.205555555556
2024-06-30,75.0,5000.0,133.72,157.0,0,False,True,False,False,4.17,3.5855496,22.879004,22.9,22.9,1002.4624,2.3924139,23.075668,10.300002,10.300002,1003.9001,4.2801547,23.274836,23.500002,23.500002,1003.07513,6.3961625,28.336166,13.0,13.0,999.07086,30,6,6,1,1.2246467991473532e-16,-1.0,65.0,75.0,65.0,5000.0,5000.0,8850.0,68.33428571428571,58.22233333333334,6278.333333333333,11879.861111111111
2024-07-01,66.67,5000.0,133.72,157.0,0,False,True,False,False,3.57,4.172871,23.339418,3.2000003,3.2000003,999.8958,2.1816108,23.431915,12.899999,12.899999,1001.4167,3.89869,23.639418,14.8,14.8,1000.59174,5.7681813,27.607004,23.7,23.7,996.87915,1,7,0,0,-0.4999999999999997,-0.8660254037844388,75.0,66.67,65.0,5000.0,5000.0,8850.0,68.57285714285715,58.278000000000006,6150.0,11522.727777777778
2024-07-02,65.0,5000.0,133.81,157.0,0,False,True,False,False,3.57,3.9095252,22.910248,27.800001,27.800001,999.8499,2.9114897,23.269415,72.00001,72.00001,1001.3665,5.24591,23.50817,12.900002,12.900002,1000.5583,13.716076,27.959085,44.399994,44.399994,996.8667,2,7,1,0,-0.4999999999999997,-0.8660254037844388,66.67,65.0,65.0,5000.0,5000.0,12000.0,68.57285714285715,57.94466666666667,5916.666666666667,11264.805555555555
2024-07-03,66.67,5000.0,133.92,157.0,0,False,True,False,False,3.57,4.928902,22.841501,9.000001,9.000001,1002.5667,3.7520936,23.004831,22.199999,22.199999,1003.9834,2.9163418,23.541498,16.8,16.8,1002.98755,16.33169,28.373667,0.0,0.0,999.06665,3,7,2,0,-0.4999999999999997,-0.8660254037844388,65.0,75.0,66.67,5000.0,5000.0,8750.0,68.57285714285715,58.333666666666666,5791.666666666667,11106.094444444445
2024-07-04,75.0,5000.0,133.96,157.0,0,False,True,False,False,3.57,3.138652,23.07692,16.4,16.4,1004.23755,3.3782904,23.084002,34.999996,34.999996,1005.7959,3.3631232,23.295668,19.199997,19.199997,1004.89996,16.016497,28.115335,8.099999,8.099999,1000.8665,4,7,3,0,-0.4999999999999997,-0.8660254037844388,66.67,66.67,75.0,5000.0,5000.0,8750.0,68.57285714285715,59.00033333333333,5666.666666666667,11046.594444444445
2024-07-05,76.67,5000.0,133.9,157.0,0,False,True,False,False,3.57,2.8019025,22.456085,11.3,11.3,1002.50415,3.686601,22.3215,40.5,40.5,1004.28345,3.0400105,22.833168,24.199999,24.199999,1003.27094,15.098954,26.436163,46.6,46.6,999.43335,5,7,4,0,-0.4999999999999997,-0.8660254037844388,75.0,65.0,66.67,5000.0,5000.0,8750.0,70.00142857142858,59.88933333333333,5541.666666666667,10647.122222222222
2024-07-06,76.67,5000.0,133.88,157.0,0,False,True,False,False,3.57,4.069944,21.624832,99.1,99.1,1001.9626,5.090661,21.183998,97.3,97.3,1004.35834,3.8649375,21.854002,99.3,99.3,1003.5,16.611845,25.688253,27.800001,27.800001,999.5918,6,7,5,1,-0.4999999999999997,-0.8660254037844388,76.67,66.67,65.0,5000.0,5000.0,8750.0,71.66857142857143,60.278333333333336,5416.666666666667,9907.677777777777
2024-07-07,95.0,5000.0,133.88,157.0,0,False,True,False,False,3.57,4.003383,22.37692,2.1000001,2.1000001,1005.57916,4.196548,22.471498,13.599999,13.599999,1007.2624,4.0506535,23.014418,1.3000001,1.3000001,1006.26245,11.930488,27.146585,5.1,5.1,1002.2876,7,7,6,1,-0.4999999999999997,-0.8660254037844388,76.67,75.0,75.0,5000.0,5000.0,8750.0,74.52571428571427,61.94500000000001,5291.666666666667,9571.011111111111
2024-07-08,110.0,5000.0,133.88,157.0,0,False,True,False,False,3.57,4.514413,23.17067,1.7000002,1.7000002,1005.80005,2.804992,23.131918,2.1,2.1,1007.2666,4.178489,23.23317,2.7000003,2.7000003,1006.4084,6.6661034,28.34658,1.0,1.0,1002.18756,8,7,0,0,-0.4999999999999997,-0.8660254037844388,95.0,76.67,66.67,5000.0,5000.0,8750.0,80.71571428571428,63.778333333333336,5166.666666666667,9234.344444444445
2024-07-09,110.0,5000.0,133.9,157.0,0,False,True,False,False,3.57,4.318657,23.383171,10.8,10.8,1006.2083,2.7737105,23.30275,5.9999995,5.9999995,1007.7708,3.718592,23.826914,10.700001,10.700001,1006.8958,7.5354686,27.95075,31.7,31.7,1002.80023,9,7,1,0,-0.4999999999999997,-0.8660254037844388,110.0,76.67,65.0,5000.0,5000.0,10000.0,87.14428571428572,65.61166666666666,5000.0,9041.5
2024-07-10,110.0,5000.0,133.88,157.0,0,False,True,False,False,3.57,3.2829688,23.114418,16.300001,16.300001,1006.10834,2.170981,23.002748,7.4999995,7.4999995,1007.68744,3.171415,23.283167,12.500001,12.500001,1006.84576,7.121725,26.936167,34.200005,34.200005,1003.0208,10,7,2,0,-0.4999999999999997,-0.8660254037844388,110.0,95.0,66.67,5000.0,5000.0,5000.0,93.3342857142857,67.44500000000001,5000.0,8774.833333333334
2024-07-11,115.0,5000.0,133.94,157.0,0,False,True,False,False,3.57,3.558369,22.78525,59.6,59.6,1002.53754,2.0650284,23.386084,32.199997,32.199997,1003.9373,3.6610272,23.564415,22.9,22.9,1003.14575,5.230462,27.546585,19.599998,19.599998,999.68335,11,7,3,0,-0.4999999999999997,-0.8660254037844388,110.0,110.0,75.0,5000.0,5000.0,5000.0,99.04857142857142,69.445,5000.0,8647.055555555555
2024-07-12,110.0,2500.0,134.0,157.0,0,False,True,False,False,3.57,3.5353267,22.47692,51.800003,51.800003,1001.1084,4.532533,22.1465,120.59998,120.59998,1002.87506,5.320081,22.133165,44.099995,44.099995,1002.1333,7.751063,26.51325,41.6,41.6,998.4707,12,7,4,0,-0.4999999999999997,-0.8660254037844388,115.0,110.0,76.67,5000.0,5000.0,5000.0,103.80999999999999,71.66733333333333,4916.666666666667,8569.277777777777
2024-07-13,120.0,2500.0,133.96,157.0,0,False,True,False,False,3.57,4.872152,23.499832,2.1999998,2.1999998,1000.8875,3.1127641,23.542334,6.5,6.5,1002.40424,4.150458,23.449837,3.8000004,3.8000004,1001.57513,6.632015,27.975752,11.3,11.3,997.7043,13,7,5,1,-0.4999999999999997,-0.8660254037844388,110.0,110.0,76.67,2500.0,5000.0,5000.0,110.0,73.834,4833.333333333333,8569.277777777777
2024-07-14,115.0,2500.0,133.96,157.0,0,False,True,False,False,3.57,4.2560782,24.164415,5.5,5.5,1001.32495,3.4333868,23.986078,44.399994,44.399994,1002.9751,4.3184867,24.366499,12.2,12.2,1002.0334,11.533501,28.921585,30.1,30.1,997.83746,14,7,6,1,-0.4999999999999997,-0.8660254037844388,120.0,115.0,95.0,2500.0,5000.0,5000.0,112.85714285714286,76.223,4750.0,8188.722222222223
2024-07-15,120.0,2500.0,133.96,160.0,0,False,True,False,False,3.57,4.981791,24.262335,24.099998,24.099998,1004.40424,3.2739785,24.4965,12.200001,12.200001,1005.8877,4.5795064,24.733168,5.2,5.2,1004.9875,11.161419,30.077835,2.6999996,2.6999996,1000.24176,15,7,0,0,-0.4999999999999997,-0.8660254037844388,115.0,110.0,110.0,2500.0,5000.0,5000.0,114.28571428571429,78.723,4666.666666666667,8035.833333333333
2024-07-16,115.0,2500.0,134.06,160.0,0,False,True,False,False,3.57,3.5177348,23.968584,11.0,11.0,1005.3709,3.7310264,23.68608,9.4,9.4,1007.0083,3.7943542,23.572752,18.500002,18.500002,1006.1084,13.633349,29.429914,6.2000003,6.2000003,1001.55,16,7,1,0,-0.4999999999999997,-0.8660254037844388,120.0,120.0,110.0,2500.0,5000.0,5000.0,115.0,80.38966666666667,4583.333333333333,7805.277777777777
2024-07-17,125.0,2500.0,134.04,160.0,0,False,True,False,False,3.57,4.0181227,23.52275,31.400002,31.400002,1005.08746,2.177088,23.479834,34.7,34.7,1006.6584,3.328571,23.968588,11.200001,11.200001,1005.6667,7.40613,28.99659,3.3,3.3,1001.09174,17,7,2,0,-0.4999999999999997,-0.8660254037844388,115.0,115.0,110.0,2500.0,5000.0,5000.0,117.14285714285714,83.38966666666667,4500.0,7655.277777777777
2024-07-18,110.0,2500.0,134.04,160.0,0,False,True,False,False,3.57,3.460951,23.670668,1.8000002,1.8000002,1003.72925,2.1932433,23.936083,28.3,28.3,1005.2666,3.2628005,24.237337,7.2,7.2,1004.37085,7.914785,29.877832,6.7,6.7,999.32916,18,7,3,0,-0.4999999999999997,-0.8660254037844388,125.0,120.0,115.0,2500.0,5000.0,5000.0,116.42857142857143,85.223,4416.666666666667,7520.092555555557
2024-07-19,116.67,2500.0,134.15,160.0,0,False,True,False,False,3.57,4.3911796,23.556084,12.400002,12.400002,1002.27094,2.183402,23.667334,19.2,19.2,1003.9001,3.6564763,24.218582,8.5,8.5,1002.91656,5.6722436,29.55075,17.1,17.1,998.16675,19,7,4,0,-0.4999999999999997,-0.8660254037844388,110.0,115.0,110.0,2500.0,2500.0,5000.0,117.38142857142859,87.27866666666667,4333.333333333333,7399.722222222223
2024-07-20,90.0,2500.0,134.17,160.0,0,False,True,False,False,3.57,3.8659515,24.279,5.3,5.3,1002.8667,2.4814425,24.0215,13.299999,13.299999,1004.4749,4.4422126,24.426918,7.8999996,7.8999996,1003.44165,12.676296,30.088251,6.8999996,6.8999996,998.74164,20,7,5,1,-0.4999999999999997,-0.8660254037844388,116.67,125.0,120.0,2500.0,2500.0,5000.0,113.0957142857143,88.44533333333334,4250.0,7294.166666666667
2024-07-21,95.0,2500.0,134.17,160.0,0,False,True,False,False,3.57,3.1607885,23.062338,42.7,42.7,1003.50836,2.5530143,23.621498,7.5,7.5,1004.7874,2.5914726,24.181086,4.8999996,4.8999996,1003.7957,12.645778,29.89033,0.2,0.2,999.14166,21,7,6,1,-0.4999999999999997,-0.8660254037844388,90.0,110.0,115.0,2500.0,2500.0,5000.0,110.23857142857143,89.723,4166.666666666667,7188.611111111111
2024-07-22,66.0,2500.0,134.17,160.0,0,False,True,False,False,3.57,3.1043875,23.458168,9.200001,9.200001,1003.1958,2.05583,23.419416,9.1,9.1,1004.77094,2.755827,23.876917,8.9,8.9,1003.77094,15.667404,29.669502,3.8999996,3.8999996,999.2917,22,7,0,0,-0.4999999999999997,-0.8660254037844388,95.0,116.67,120.0,2500.0,2500.0,5000.0,102.52428571428572,89.75633333333333,4083.3333333333335,7103.333333333333
2024-07-23,70.0,2500.0,134.16,160.0,0,False,True,False,False,3.57,3.749839,23.34567,9.300002,9.300002,1001.82495,2.6491354,23.648582,8.099999,8.099999,1003.2166,3.2092946,23.71025,10.8,10.8,1002.29175,13.301114,28.906998,1.9000001,1.9000001,997.9998,23,7,1,0,-0.4999999999999997,-0.8660254037844388,66.0,90.0,115.0,2500.0,2500.0,5000.0,96.0957142857143,89.923,4000.0,7038.333333333333
2024-07-24,70.0,2500.0,134.21,160.0,0,False,True,False,False,3.57,3.4627259,23.308167,25.2,25.2,998.76245,2.8357363,23.917328,35.100002,35.100002,1000.03326,2.594742,24.031082,6.1999993,6.1999993,999.0583,13.62748,29.877832,0.4,0.4,994.5168,24,7,2,0,-0.4999999999999997,-0.8660254037844388,70.0,95.0,125.0,2500.0,2500.0,5000.0,88.23857142857143,90.08966666666667,3916.6666666666665,6993.611111111111
2024-07-25,75.0,2500.0,134.26,160.0,0,False,True,False,False,3.57,3.7303555,23.783167,27.0,27.0,997.5125,2.488325,24.025665,33.2,33.2,998.9624,3.793627,24.11025,6.0,6.0,998.02924,11.046744,29.52575,3.7999997,3.7999997,993.3835,25,7,3,0,-0.4999999999999997,-0.8660254037844388,70.0,66.0,110.0,2500.0,2500.0,5000.0,83.23857142857142,90.423,3833.3333333333335,6969.166666666667
2024-07-26,70.0,2725.0,134.22,160.0,0,False,True,False,False,3.57,2.6633613,24.374832,4.0,4.0,998.87506,2.7792442,24.202751,16.5,16.5,1000.44586,2.6597466,25.0665,9.300001,9.300001,999.3125,6.19759,30.692413,1.9,1.9,994.11273,26,7,4,0,-0.4999999999999997,-0.8660254037844388,75.0,70.0,116.67,2500.0,2500.0,5000.0,76.57142857142857,90.534,3757.5,6967.5
2024-07-27,65.0,2725.0,134.27,160.0,0,False,True,False,False,3.57,3.6314116,25.391502,1.2,1.2,1001.18744,3.2939217,25.106916,2.1000001,2.1000001,1002.88745,4.0066056,25.487333,14.6,14.6,1001.87915,12.0513115,31.502832,3.4,3.4,996.60425,27,7,5,1,-0.4999999999999997,-0.8660254037844388,70.0,70.0,90.0,2725.0,2500.0,5000.0,73.0,90.20066666666666,3681.6666666666665,6965.833333333333
2024-07-28,75.0,2725.0,134.27,160.0,0,False,True,False,False,3.57,4.6956153,24.843584,36.0,36.0,1002.1042,2.9904144,24.996498,6.7000003,6.7000003,1003.67505,4.1011505,24.820665,26.3,26.3,1002.8083,13.854835,30.315332,0.9000001,0.9000001,997.9875,28,7,6,1,-0.4999999999999997,-0.8660254037844388,65.0,75.0,95.0,2725.0,2500.0,5000.0,70.14285714285714,90.47833333333332,3605.8333333333335,6799.722222222223
2024-07-29,75.0,2725.0,134.27,160.0,0,False,True,False,False,3.57,4.616284,24.545664,58.999992,58.999992,1002.075,3.1658642,24.873583,16.400002,16.400002,1003.6875,4.4341283,24.879,23.4,23.4,1002.7959,8.749515,30.48408,7.8,7.8,997.7793,29,7,0,0,-0.4999999999999997,-0.8660254037844388,75.0,70.0,66.0,2725.0,2500.0,5000.0,71.42857142857143,90.81166666666667,3530.0,6633.611111111111
2024-07-30,75.0,2725.0,134.27,160.0,0,False,True,False,False,3.57,5.2904625,24.16025,38.800003,38.800003,1003.6167,3.9883804,24.908998,15.5,15.5,1004.90424,3.3670323,24.951918,11.3,11.3,1004.05835,7.9276786,30.19867,15.7,15.7,999.44165,30,7,1,0,-0.4999999999999997,-0.8660254037844388,75.0,65.0,70.0,2725.0,2500.0,5000.0,72.14285714285714,90.81166666666667,3454.1666666666665,6608.333333333333
2024-07-31,76.67,2725.0,134.27,158.0,0,False,True,False,False,3.57,5.1693106,24.104002,25.0,25.0,1004.13745,4.931428,24.519415,6.2,6.2,1005.5667,5.085562,24.662336,29.7,29.7,1004.6458,8.828261,29.404917,14.8,14.8,1000.08746,31,7,2,0,-0.4999999999999997,-0.8660254037844388,75.0,75.0,70.0,2725.0,2500.0,5000.0,73.0957142857143,91.145,3378.3333333333335,6482.222222222223
2024-08-01,75.0,1575.0,134.26,158.0,0,False,True,False,False,4.09,4.071363,24.026917,11.599999,11.599999,1002.60004,3.7519562,23.844416,18.800001,18.800001,1004.1792,3.7641113,23.904,8.1,8.1,1003.3166,9.487277,28.523668,19.2,19.2,999.06256,1,8,3,0,-0.8660254037844385,-0.5000000000000004,76.67,75.0,75.0,2725.0,2500.0,5000.0,73.09571428571428,91.47833333333332,3264.1666666666665,6242.5
2024-08-02,76.67,1575.0,134.26,158.0,0,False,True,False,False,4.09,3.827296,22.701918,12.700001,12.700001,1001.4749,3.047928,23.096498,15.099999,15.099999,1002.7207,3.405731,23.376915,19.999998,19.999998,1001.72504,21.836693,28.209084,0.3,0.3,997.7166,2,8,4,0,-0.8660254037844385,-0.5000000000000004,75.0,75.0,70.0,1575.0,2725.0,5000.0,74.04857142857142,91.81166666666667,3150.0,6121.111111111111
2024-08-03,73.33,1575.0,134.31,158.0,0,False,True,False,False,4.09,3.3688586,22.993586,8.099999,8.099999,1003.80835,4.9950075,22.775667,4.5999994,4.5999994,1005.4458,4.519281,22.979002,6.9,6.9,1004.5916,28.355553,27.87575,1.0,1.0,1000.54987,3,8,5,1,-0.8660254037844385,-0.5000000000000004,76.67,76.67,65.0,1575.0,2725.0,5000.0,75.23857142857142,91.756,3035.8333333333335,6088.611111111111
2024-08-04,75.0,1575.0,134.31,158.0,0,False,True,False,False,4.09,3.8257484,22.98317,5.3,5.3,1006.5876,4.306626,22.973581,4.5,4.5,1008.15405,4.7696586,23.270666,5.7999997,5.7999997,1007.26666,16.51689,28.559084,1.1000001,1.1000001,1003.1042,4,8,6,1,-0.8660254037844385,-0.5000000000000004,73.33,75.0,75.0,1575.0,2725.0,5000.0,75.23857142857142,91.70033333333335,2921.6666666666665,6056.111111111111
2024-08-05,66.67,1575.0,134.31,158.0,0,False,True,False,False,4.09,3.6066866,22.933168,5.6,5.6,1005.94586,2.6455963,23.131914,18.7,18.7,1007.3916,3.6634207,23.520668,10.799999,10.799999,1006.42926,7.3887544,28.00492,26.599998,26.599998,1002.44183,5,8,0,0,-0.8660254037844385,-0.5000000000000004,75.0,76.67,75.0,1575.0,2725.0,5000.0,74.04857142857142,91.367,2807.5,6072.055555555556
2024-08-06,65.0,1575.0,134.46,158.0,0,False,True,False,False,4.09,3.3358676,21.9415,51.500008,51.500008,1005.17505,3.062832,22.309,85.10001,85.10001,1006.69574,3.8497999,22.697754,17.099998,17.099998,1005.80005,9.822616,26.77992,31.8,31.8,1001.9041,6,8,1,0,-0.8660254037844385,-0.5000000000000004,66.67,73.33,75.0,1575.0,2725.0,5000.0,72.61999999999999,90.367,2693.3333333333335,6086.444444444444
2024-08-07,66.67,1575.0,134.63,158.0,0,False,True,False,False,4.09,3.7312982,22.220665,13.700005,13.700005,1005.8667,2.5825615,22.642332,34.000004,34.000004,1007.29987,3.210675,22.849833,20.699997,20.699997,1006.37085,10.328839,27.26742,23.3,23.3,1002.25836,7,8,2,0,-0.8660254037844385,-0.5000000000000004,65.0,75.0,76.67,1575.0,2725.0,5000.0,71.19142857142857,88.92266666666667,2579.1666666666665,6100.833333333333
2024-08-08,65.0,1575.0,134.64,158.0,0,False,True,False,False,4.09,3.8341286,22.843588,9.2,9.2,1006.5625,3.231014,23.094416,32.5,32.5,1008.0083,4.506554,23.074835,11.1,11.1,1007.24164,15.127788,27.767418,8.9,8.9,1003.26245,8,8,3,0,-0.8660254037844385,-0.5000000000000004,66.67,66.67,75.0,1575.0,1575.0,5000.0,69.76285714285714,87.42266666666667,2465.0,5870.0
2024-08-09,76.67,1575.0,134.65,158.0,0,False,True,False,False,4.09,3.6580055,22.33525,22.9,22.9,1007.6458,3.7426682,22.554834,25.300001,25.300001,1009.05835,4.208534,22.789415,16.2,16.2,1008.2124,11.473445,27.64242,14.200001,14.200001,1004.17096,9,8,4,0,-0.8660254037844385,-0.5000000000000004,65.0,65.0,76.67,1575.0,1575.0,5000.0,69.76285714285714,86.31166666666668,2350.8333333333335,5686.25
2024-08-10,76.67,1575.0,134.64,158.0,0,False,True,False,False,4.09,3.9456975,22.385248,9.2,9.2,1006.59576,2.8624141,22.559,50.2,50.2,1008.0208,3.369117,23.020668,13.7,13.7,1007.07495,9.734979,27.504921,10.5,10.5,1003.25836,10,8,5,1,-0.8660254037844385,-0.5000000000000004,76.67,66.67,73.33,1575.0,1575.0,5000.0,70.24,85.034,2236.6666666666665,5549.583333333333
2024-08-11,75.0,1575.0,134.64,158.0,0,False,True,False,False,4.09,3.2222795,22.299833,6.999999,6.999999,1005.47925,3.5192957,22.225664,10.099999,10.099999,1007.02515,2.7663584,22.699837,8.400001,8.400001,1006.12085,8.528981,27.115334,7.7999997,7.7999997,1002.17914,11,8,6,1,-0.8660254037844385,-0.5000000000000004,76.67,65.0,75.0,1575.0,1575.0,2500.0,70.24,83.86733333333333,2205.8333333333335,5460.0
2024-08-12,96.67,1575.0,134.64,158.0,0,False,True,False,False,4.09,3.673622,22.943583,13.9,13.9,1006.3167,2.4161186,22.836084,40.2,40.2,1007.7583,4.097165,23.251917,6.4999995,6.4999995,1006.8582,7.2618465,27.429918,12.700001,12.700001,1003.0208,12,8,0,0,-0.8660254037844385,-0.5000000000000004,75.0,76.67,66.67,1575.0,1575.0,2500.0,74.5257142857143,83.08966666666667,2175.0,5417.5
2024-08-13,95.0,1575.0,134.66,158.0,0,False,True,False,False,4.09,3.496649,22.837334,35.2,35.2,1007.37085,3.0498095,23.134,21.6,21.6,1008.6917,4.2415266,23.45192,23.1,23.1,1007.83344,5.5823455,27.86117,17.3,17.3,1003.73737,13,8,1,0,-0.8660254037844385,-0.5000000000000004,96.67,76.67,65.0,1575.0,1575.0,2500.0,78.81142857142858,82.423,2144.1666666666665,5375.0
2024-08-14,86.67,11250.0,134.66,158.0,0,False,True,False,False,4.09,3.7732704,23.012335,28.500004,28.500004,1007.7917,2.8788223,22.817331,12.600001,12.600001,1009.5042,2.767403,23.197752,17.3,17.3,1008.45416,5.9604363,28.263247,14.200001,14.200001,1003.9041,14,8,2,0,-0.8660254037844385,-0.5000000000000004,95.0,75.0,66.67,1575.0,1575.0,2500.0,81.66857142857143,81.312,2435.8333333333335,5198.611111111111
2024-08-15,95.0,11250.0,134.62,158.0,0,False,True,False,False,4.09,5.9320908,24.068586,12.1,12.1,1006.5334,3.4316313,23.867332,6.1,6.1,1008.2585,5.925731,23.933167,8.0,8.0,1007.32086,7.197073,28.867416,2.5000002,2.5000002,1002.6626,15,8,3,0,-0.8660254037844385,-0.5000000000000004,86.67,96.67,65.0,11250.0,1575.0,2500.0,85.9542857142857,80.64533333333334,2727.5,5071.388888888889
2024-08-16,86.67,11250.0,134.62,155.0,0,False,True,False,False,4.09,4.25877,23.368584,6.3,6.3,1006.479,3.5584898,22.919413,3.8999996,3.8999996,1008.15424,4.0524035,23.541502,5.0999994,5.0999994,1007.175,7.678461,28.854918,9.099999,9.099999,1002.5918,16,8,4,0,-0.8660254037844385,-0.5000000000000004,95.0,95.0,76.67,11250.0,1575.0,2500.0,87.38285714285715,79.36766666666668,3019.1666666666665,4993.333333333333
2024-08-17,86.67,20000.0,134.61,155.0,0,False,True,False,False,4.09,3.6206715,23.576918,20.2,20.2,1007.3418,2.4729903,23.263163,11.3,11.3,1009.0708,4.067836,23.603998,9.299999,9.299999,1008.1333,4.3817697,29.48408,27.8,27.8,1003.1584,17,8,5,1,-0.8660254037844385,-0.5000000000000004,86.67,86.67,76.67,11250.0,1575.0,2500.0,88.81142857142856,78.59,3602.5,5061.666666666667
2024-08-18,85.0,20000.0,134.61,155.0,0,False,True,False,False,4.09,4.7798443,23.583168,8.5,8.5,1007.94995,3.3184779,23.169416,17.400002,17.400002,1009.89594,3.765549,23.36025,8.9,8.9,1008.97925,6.1943135,28.586164,12.1,12.1,1004.20416,18,8,6,1,-0.8660254037844385,-0.5000000000000004,86.67,95.0,75.0,20000.0,1575.0,2500.0,90.24,77.53433333333334,4185.833333333333,5179.166666666667
2024-08-19,96.67,20000.0,134.61,155.0,0,False,True,False,False,4.09,4.3480763,23.112333,12.400001,12.400001,1006.9666,2.0410626,22.763168,3.0,3.0,1008.70416,3.8599646,22.731085,14.300001,14.300001,1007.91675,6.414797,27.992416,19.800001,19.800001,1003.44165,19,8,0,0,-0.8660254037844385,-0.5000000000000004,85.0,86.67,96.67,20000.0,1575.0,2500.0,90.24000000000001,77.75666666666667,4769.166666666667,5345.833333333333
2024-08-20,95.0,20000.0,134.5,155.0,0,False,True,False,False,4.09,3.5165532,22.166498,17.100002,17.100002,1008.0625,4.0649796,21.940247,7.4999995,7.4999995,1009.4043,3.63853,22.529,3.8999999,3.8999999,1008.3916,6.4318275,27.619501,2.1000001,2.1000001,1004.27496,20,8,1,0,-0.8660254037844385,-0.5000000000000004,96.67,86.67,95.0,20000.0,1575.0,2500.0,90.24000000000001,77.75666666666667,5352.5,5485.185222222222
2024-08-21,76.67,20000.0,134.38,155.0,0,False,True,False,False,4.09,3.3567438,22.268583,16.800001,16.800001,1009.0251,3.5581722,22.169416,2.4,2.4,1010.40424,3.1302392,23.131083,5.7999997,5.7999997,1009.2459,5.4563575,27.713251,1.7,1.7,1005.3582,21,8,2,0,-0.8660254037844385,-0.5000000000000004,95.0,85.0,86.67,20000.0,11250.0,2500.0,88.81142857142858,78.11233333333332,5935.833333333333,5597.222222222223
2024-08-22,75.0,20000.0,134.58,155.0,0,False,True,False,False,4.09,2.9955547,22.60817,9.0,9.0,1007.8542,2.6099904,22.502748,7.7000003,7.7000003,1009.2917,2.8684814,23.29567,3.9999998,3.9999998,1008.25415,4.4895186,28.53408,4.9,4.9,1003.9417,22,8,3,0,-0.8660254037844385,-0.5000000000000004,76.67,96.67,95.0,20000.0,11250.0,2500.0,85.95428571428572,78.279,6519.166666666667,5681.944444444444
2024-08-23,96.67,10000.0,134.63,155.0,0,False,True,False,False,4.09,3.8164175,23.133163,9.9,9.9,1007.78326,3.248212,22.742332,5.9,5.9,1009.2625,3.5646133,23.306084,9.5,9.5,1008.3958,6.8327403,28.032,6.3,6.3,1004.30414,23,8,4,0,-0.8660254037844385,-0.5000000000000004,75.0,95.0,86.67,20000.0,11250.0,2500.0,87.38285714285713,79.16799999999999,6769.166666666667,5701.388888888889
2024-08-24,70.0,10000.0,134.53,155.0,0,False,True,False,False,4.09,4.0150404,23.320671,6.0,6.0,1007.98346,3.5965674,23.158998,4.6000004,4.6000004,1009.51666,3.4881122,23.34567,6.8999996,6.8999996,1008.70844,12.573705,28.848665,6.899999,6.899999,1004.2415,24,8,5,1,-0.8660254037844385,-0.5000000000000004,96.67,76.67,86.67,10000.0,20000.0,2500.0,85.00142857142858,79.00133333333333,7019.166666666667,5766.666666666667
2024-08-25,75.0,10000.0,134.53,155.0,0,False,True,False,False,4.09,3.8772466,23.349836,0.90000004,0.90000004,1006.0874,3.4498084,23.281912,0.8,0.8,1007.53754,4.7466393,23.112333,3.5,3.5,1006.77924,9.958742,28.515335,3.6999998,3.6999998,1002.53766,25,8,6,1,-0.8660254037844385,-0.5000000000000004,70.0,75.0,85.0,10000.0,20000.0,2725.0,83.57285714285715,79.16799999999999,7261.666666666667,5831.944444444444
2024-08-26,66.67,12000.0,134.53,155.0,0,False,True,False,False,4.09,3.869386,22.574835,8.6,8.6,1006.7,2.753142,22.55275,1.7,1.7,1007.99585,3.1756556,22.89984,10.9,10.9,1007.11255,10.6314,28.39242,2.5999997,2.5999997,1002.92914,26,8,0,0,-0.8660254037844385,-0.5000000000000004,75.0,96.67,96.67,10000.0,20000.0,2725.0,79.28714285714285,79.22366666666667,7570.833333333333,5919.444444444444
2024-08-27,65.0,12000.0,134.55,155.0,0,False,True,False,False,4.09,3.7688026,22.656084,5.0,5.0,1008.31244,3.8443587,22.177752,1.2,1.2,1009.68317,3.4179306,22.406084,4.6,4.6,1008.92926,13.180893,28.202835,4.1,4.1,1004.6792,27,8,1,0,-0.8660254037844385,-0.5000000000000004,66.67,70.0,95.0,12000.0,20000.0,2725.0,75.00142857142858,78.89033333333333,7880.0,6006.944444444444
2024-08-28,60.0,12000.0,134.59,155.0,0,False,True,False,False,4.09,3.9807842,23.053999,2.0,2.0,1007.8916,2.9738672,22.800667,1.9000001,1.9000001,1009.32086,4.1392145,22.866503,4.5,4.5,1008.50397,7.811011,28.834085,2.1000001,2.1000001,1004.00415,28,8,2,0,-0.8660254037844385,-0.5000000000000004,65.0,75.0,76.67,12000.0,20000.0,2725.0,72.61999999999999,78.39033333333333,8189.166666666667,6041.944444444444
2024-08-29,65.0,8750.0,134.63,155.0,0,False,True,False,False,4.09,3.2992427,22.668585,8.799999,8.799999,1007.9583,1.9541211,22.47775,2.3999999,2.3999999,1009.4084,3.5489838,23.239418,7.2999997,7.2999997,1008.5168,4.359623,28.054918,7.7000003,7.7000003,1003.9958,29,8,3,0,-0.8660254037844385,-0.5000000000000004,60.0,66.67,75.0,12000.0,20000.0,2725.0,71.19142857142857,78.057,8390.0,6040.833333333333
2024-08-30,55.0,10000.0,134.5,155.0,0,False,True,False,False,4.09,4.044967,24.014418,0.3,0.3,1007.875,3.0193665,23.211082,4.7999997,4.7999997,1009.5667,3.6327932,24.279001,5.2,5.2,1008.51263,3.1568696,29.47158,0.2,0.2,1003.8918,30,8,4,0,-0.8660254037844385,-0.5000000000000004,65.0,65.0,96.67,8750.0,10000.0,2725.0,65.23857142857142,77.33466666666666,8632.5,6053.611111111111
2024-08-31,53.75,10000.0,134.49,155.0,0,False,True,False,False,4.09,4.9991593,24.158167,2.4,2.4,1007.7041,3.1814096,23.886084,2.0,2.0,1009.2751,4.4114575,24.104002,8.099999,8.099999,1008.5083,5.88487,29.36117,3.2,3.2,1003.83746,31,8,5,1,-0.8660254037844385,-0.5000000000000004,55.0,60.0,70.0,10000.0,10000.0,1575.0,62.91714285714285,76.62633333333333,8913.333333333334,6031.388888888889
2024-09-01,55.0,10000.0,134.49,154.0,0,False,True,False,False,3.86,3.4373085,21.841501,33.29999,33.29999,1009.52075,3.1178458,21.877748,25.0,25.0,1011.07904,3.3139265,22.256083,10.299999,10.299999,1010.1958,10.304828,27.352839,20.400002,20.400002,1005.74164,1,9,6,1,-1.0,-1.8369701987210297e-16,53.75,65.0,75.0,10000.0,10000.0,1575.0,60.059999999999995,75.904,9194.166666666666,6045.277777777777
2024-09-02,55.0,12000.0,134.49,154.0,0,False,True,False,False,3.86,3.6418445,22.760252,1.4,1.4,1009.58746,2.5934074,22.123583,1.7,1.7,1011.12506,3.3259346,22.951921,0.8,0.8,1010.1958,7.489508,28.83825,0.0,0.0,1005.67084,2,9,0,0,-1.0,-1.8369701987210297e-16,55.0,55.0,66.67,10000.0,12000.0,1575.0,58.392857142857146,75.29299999999999,9541.666666666666,6081.388888888889
2024-09-03,55.0,4500.0,134.58,154.0,0,False,True,False,False,3.86,4.09996,22.762331,0.70000005,0.70000005,1009.5833,3.0831172,22.454834,17.400002,17.400002,1011.2041,3.9959812,22.995667,5.5999994,5.5999994,1010.23755,5.0731425,28.5945,11.100001,11.100001,1005.5916,3,9,1,0,-1.0,-1.8369701987210297e-16,55.0,53.75,65.0,12000.0,12000.0,1575.0,56.964285714285715,74.62633333333333,9639.166666666666,6034.166666666667
2024-09-04,55.0,4500.0,134.66,154.0,0,False,True,False,False,3.86,3.900711,21.989418,2.6999998,2.6999998,1006.48334,2.462219,22.133997,3.9999995,3.9999995,1007.92084,3.8189914,22.243584,3.7,3.7,1007.15424,4.7322,27.067415,22.7,22.7,1003.1125,4,9,2,0,-1.0,-1.8369701987210297e-16,55.0,55.0,60.0,4500.0,12000.0,1575.0,56.25,74.23733333333332,9736.666666666666,5986.944444444444
2024-09-05,55.0,4500.0,134.65,154.0,0,False,True,False,False,3.86,3.9354916,22.047752,3.8,3.8,1005.47925,3.0879095,22.036081,29.800001,29.800001,1006.91656,4.3458486,21.937334,6.7999997,6.7999997,1006.27094,8.098125,26.865335,14.899999,14.899999,1002.425,5,9,3,0,-1.0,-1.8369701987210297e-16,55.0,55.0,65.0,4500.0,8750.0,1575.0,54.82142857142857,73.904,9834.166666666666,5939.722222222223
2024-09-06,55.0,4500.0,134.68,154.0,0,False,True,False,False,3.86,4.416302,21.968584,24.400002,24.400002,1007.82086,3.747824,22.379831,21.3,21.3,1009.18335,4.079382,22.456085,5.5,5.5,1008.29584,5.891641,27.821585,14.700001,14.700001,1003.8125,6,9,4,0,-1.0,-1.8369701987210297e-16,55.0,55.0,55.0,4500.0,10000.0,1575.0,54.82142857142857,73.515,9931.666666666666,5892.5
2024-09-07,55.0,4500.0,134.62,154.0,0,False,True,False,False,3.86,4.1142087,23.631083,2.4,2.4,1007.17505,3.2659988,23.109,1.1,1.1,1008.9124,4.1547627,23.637337,1.0,1.0,1007.88745,3.923589,29.179916,0.0,0.0,1002.875,7,9,5,1,-1.0,-1.8369701987210297e-16,55.0,55.0,53.75,4500.0,10000.0,1575.0,55.0,73.18166666666666,10029.166666666666,5831.388888888889
2024-09-08,55.0,3000.0,134.62,154.0,0,False,True,False,False,3.86,4.691729,24.162336,0.1,0.1,1006.51666,3.399639,23.481913,0.6,0.6,1008.25006,4.5698943,23.983168,0.7,0.7,1007.4251,5.738421,28.854918,3.6000001,3.6000001,1002.57513,8,9,6,1,-1.0,-1.8369701987210297e-16,55.0,55.0,55.0,4500.0,10000.0,1575.0,55.0,72.45933333333332,10076.666666666666,5809.166666666667
2024-09-09,55.0,3000.0,134.62,154.0,0,False,True,False,False,3.86,3.8671372,23.331087,2.2999997,2.2999997,1005.39575,2.6550875,22.794416,3.2,3.2,1007.0417,4.195991,23.487335,8.7,8.7,1006.09985,8.020431,29.29242,0.8,0.8,1001.32904,9,9,0,0,-1.0,-1.8369701987210297e-16,55.0,55.0,55.0,3000.0,12000.0,1575.0,55.0,71.73700000000001,10124.166666666666,5786.944444444444
2024-09-10,55.0,3000.0,134.64,154.0,0,False,True,False,False,3.86,3.629136,23.604004,1.1,1.1,1005.0959,3.7334814,22.911081,5.4,5.4,1006.7083,4.1454463,23.616503,3.1000001,3.1000001,1005.7082,12.675002,29.667418,0.1,0.1,1000.9458,10,9,1,0,-1.0,-1.8369701987210297e-16,55.0,55.0,55.0,3000.0,4500.0,1575.0,55.0,71.07033333333334,10171.666666666666,5764.722222222223
2024-09-11,55.0,3000.0,134.67,154.0,0,False,True,False,False,3.86,4.761205,23.233164,9.600001,9.600001,1005.97095,3.9857483,23.192331,6.3999996,6.3999996,1007.6709,4.834163,23.476915,9.900001,9.900001,1006.8083,13.333225,28.99867,4.8,4.8,1002.075,11,9,2,0,-1.0,-1.8369701987210297e-16,55.0,55.0,55.0,3000.0,4500.0,1575.0,55.0,69.68133333333334,10219.166666666666,5742.5
2024-09-12,55.0,3000.0,134.67,154.0,0,False,True,False,False,3.86,3.812175,23.101915,1.6,1.6,1006.39594,3.5203574,22.358995,5.4999995,5.4999995,1008.28326,3.939779,23.449831,4.6000004,4.6000004,1007.1584,7.770621,29.284082,3.7,3.7,1002.28326,12,9,3,0,-1.0,-1.8369701987210297e-16,55.0,55.0,55.0,3000.0,4500.0,1575.0,55.0,68.348,10266.666666666666,5720.277777777777
2024-09-13,55.59,3000.0,134.65,154.0,0,False,True,False,False,3.86,3.82246,23.214418,5.7000003,5.7000003,1004.60834,3.6264737,22.644419,3.9999995,3.9999995,1006.24585,4.38643,23.69567,2.5,2.5,1005.31683,9.024676,28.932001,3.4,3.4,1000.47925,13,9,4,0,-1.0,-1.8369701987210297e-16,55.0,55.0,55.0,3000.0,4500.0,11250.0,55.08428571428572,67.312,9991.666666666666,5698.055555555556
2024-09-14,56.18,3000.0,134.53,154.0,0,False,True,False,False,3.86,3.0434787,22.38942,6.7999997,6.7999997,1004.5625,3.4407232,21.5215,11.1,11.1,1006.2334,4.0485363,22.145668,11.299999,11.299999,1005.34174,6.9828053,27.054922,16.2,16.2,1000.7791,14,9,5,1,-1.0,-1.8369701987210297e-16,55.59,55.0,55.0,3000.0,4500.0,11250.0,55.252857142857145,66.018,9716.666666666666,5675.833333333333
2024-09-15,56.76,3000.0,134.53,154.0,0,False,True,False,False,3.86,4.383041,21.870667,16.4,16.4,1005.17505,5.4258847,21.581915,7.9999995,7.9999995,1006.51666,5.368528,22.006083,6.5999994,6.5999994,1005.67914,5.168058,27.688253,1.9000001,1.9000001,1001.12494,15,9,6,1,-1.0,-1.8369701987210297e-16,56.18,55.0,55.0,3000.0,3000.0,11250.0,55.50428571428572,65.021,9441.666666666666,5653.611111111111
2024-09-16,57.35,3000.0,134.53,154.0,0,False,True,False,False,3.86,4.0442543,22.27275,1.2,1.2,1006.85425,3.0209644,21.892332,1.2,1.2,1008.4084,2.6762135,22.387335,0.70000005,0.70000005,1007.5833,4.976518,27.361168,2.7,2.7,1003.1875,16,9,0,0,-1.0,-1.8369701987210297e-16,56.76,55.59,55.0,3000.0,3000.0,20000.0,55.839999999999996,64.04366666666667,8875.0,5631.388888888889
2024-09-17,57.94,3000.0,134.53,154.0,0,False,True,False,False,3.86,3.5419502,22.401917,8.900001,8.900001,1009.0667,3.7010088,21.971497,2.5,2.5,1010.54156,3.2710044,22.918585,3.5,3.5,1009.64594,9.023587,28.159086,0.0,0.0,1005.07086,17,9,1,0,-1.0,-1.8369701987210297e-16,57.35,56.18,55.0,3000.0,3000.0,20000.0,56.26,63.141666666666666,8308.333333333334,5609.166666666667
2024-09-18,58.53,3000.0,134.31,154.0,0,False,True,False,False,3.86,3.6382802,23.835253,1.0,1.0,1008.4001,3.5110323,23.008997,1.3,1.3,1009.9084,3.8373098,23.310251,0.4,0.4,1009.0334,5.259298,29.088251,0.0,0.0,1004.4124,18,9,2,0,-1.0,-1.8369701987210297e-16,57.94,56.76,55.0,3000.0,3000.0,20000.0,56.76428571428572,61.870333333333335,7741.666666666667,5586.944444444444
2024-09-19,59.12,3000.0,134.31,154.0,0,False,True,False,False,3.86,4.042625,24.222748,2.1,2.1,1007.87494,3.4021645,23.552748,0.70000005,0.70000005,1009.3835,4.3396254,23.706085,0.3,0.3,1008.5125,6.8331833,29.361162,0.0,0.0,1003.7624,19,9,3,0,-1.0,-1.8369701987210297e-16,58.53,57.35,55.0,3000.0,3000.0,20000.0,57.35285714285715,60.67433333333334,7175.0,5564.722222222223
2024-09-20,59.71,3000.0,134.2,154.0,0,False,True,False,False,3.86,3.530533,24.054003,7.8999996,7.8999996,1007.6833,2.819142,23.102747,0.70000005,0.70000005,1009.4333,3.6050463,24.260252,1.6,1.6,1008.4709,6.950957,29.013252,0.0,0.0,1003.61255,20,9,4,0,-1.0,-1.8369701987210297e-16,59.12,57.94,55.59,3000.0,3000.0,20000.0,57.94142857142857,60.109,6608.333333333333,5542.5
2024-09-21,60.29,3000.0,134.01,154.0,0,False,True,False,False,3.86,3.7547045,23.310251,14.400001,14.400001,1009.1333,2.688405,22.627748,2.5999997,2.5999997,1011.0457,4.990462,22.822748,4.2999997,4.2999997,1010.1667,7.0376472,29.556997,0.0,0.0,1004.43744,21,9,5,1,-1.0,-1.8369701987210297e-16,59.71,58.53,56.18,3000.0,3000.0,20000.0,58.528571428571425,59.61866666666666,6041.666666666667,5520.277777777777
2024-09-22,60.88,3000.0,134.01,154.0,0,False,True,False,False,3.86,3.5343301,25.11442,0.0,0.0,1007.64166,3.0764053,24.6215,0.0,0.0,1009.30005,3.386304,25.33525,0.0,0.0,1008.35406,5.482472,29.859085,0.0,0.0,1003.43335,22,9,6,1,-1.0,-1.8369701987210297e-16,60.29,59.12,56.76,3000.0,3000.0,10000.0,59.11714285714286,58.425666666666665,5808.333333333333,5498.055555555556
2024-09-23,61.47,3000.0,134.01,154.0,0,False,True,False,False,3.86,3.692002,25.612333,0.0,0.0,1007.79584,2.2062252,24.569414,1.5,1.5,1009.80835,3.6822374,24.987337,1.4,1.4,1008.8291,4.705617,30.82575,0.0,0.0,1003.19165,23,9,0,0,-1.0,-1.8369701987210297e-16,60.88,59.71,57.35,3000.0,3000.0,10000.0,59.705714285714286,58.14133333333333,5575.0,5475.833333333333
2024-09-24,62.06,3000.0,133.99,154.0,0,False,True,False,False,3.86,4.4217334,23.64775,1.8,1.8,1008.2124,3.834946,23.540247,0.6,0.6,1009.7791,4.124774,23.85192,0.70000005,0.70000005,1008.95825,5.8399806,29.065336,8.4,8.4,1004.3376,24,9,1,0,-1.0,-1.8369701987210297e-16,61.47,60.29,57.94,3000.0,3000.0,10000.0,60.294285714285714,57.71,5341.666666666667,5453.611111111111
2024-09-25,62.65,3000.0,134.18,154.0,1,False,True,False,False,3.86,2.5495162,21.529001,12.5,12.5,1009.4875,2.4286182,21.819414,7.8,7.8,1010.8958,2.7494786,22.101915,12.9,12.9,1010.04987,13.14056,26.748663,9.300001,9.300001,1006.07495,25,9,2,0,-1.0,-1.8369701987210297e-16,62.06,60.88,58.53,3000.0,3000.0,12000.0,60.88285714285714,57.576,5041.666666666667,5431.388888888889
2024-09-26,63.24,3000.0,134.06,154.0,1,False,True,False,False,3.86,3.18009,21.447754,20.099998,20.099998,1009.0,4.5358353,20.761082,34.5,34.5,1010.89154,3.0981522,21.035252,35.5,35.5,1010.13336,22.63236,25.117416,43.399998,43.399998,1006.3125,26,9,3,0,-1.0,-1.8369701987210297e-16,62.65,61.47,59.12,3000.0,3000.0,12000.0,61.471428571428575,57.51733333333333,4741.666666666667,5409.166666666667
2024-09-27,63.82,3000.0,134.14,154.0,1,False,True,False,False,3.86,5.286666,19.733166,98.7,98.7,1010.1084,5.0697007,19.27775,181.7,181.7,1012.1834,3.8692086,19.989418,157.1,157.1,1011.47076,19.938917,24.240334,49.600002,49.600002,1007.6042,27,9,4,0,-1.0,-1.8369701987210297e-16,63.24,62.06,59.71,3000.0,3000.0,12000.0,62.05857142857143,57.64466666666667,4441.666666666667,5386.944444444444
2024-09-28,64.41,3000.0,134.23,154.0,1,False,True,False,False,3.86,4.9804215,19.0665,89.90001,89.90001,1010.7624,3.9906404,18.8965,125.7,125.7,1012.69165,3.687433,19.220667,85.79998,85.79998,1012.1208,11.144637,24.0945,68.79999,68.79999,1008.09174,28,9,5,1,-1.0,-1.8369701987210297e-16,63.82,62.65,60.29,3000.0,3000.0,8750.0,62.64714285714285,57.625,4250.0,5364.722222222223
2024-09-29,65.0,3000.0,134.23,154.0,1,False,True,False,False,3.86,3.5776947,21.339418,0.2,0.2,1010.83344,3.8094604,21.350664,1.7,1.7,1012.01654,3.325236,21.58525,2.8999996,2.8999996,1011.17505,7.1058555,26.596588,6.899999,6.899999,1007.47925,29,9,6,1,-1.0,-1.8369701987210297e-16,64.41,63.24,60.88,3000.0,3000.0,10000.0,63.23571428571428,57.958333333333336,4016.6666666666665,5342.5
2024-09-30,65.59,3000.0,134.23,154.0,1,False,True,False,False,3.86,3.810998,22.09567,0.0,0.0,1009.1792,4.792051,21.756918,0.6,0.6,1010.2791,3.7908869,22.310251,0.8,0.8,1009.55005,8.328248,27.234085,0.0,0.0,1005.7124,30,9,0,0,-1.0,-1.8369701987210297e-16,65.0,63.82,61.47,3000.0,3000.0,10000.0,63.82428571428572,58.353,3783.3333333333335,5320.277777777777
2024-10-01,66.18,3000.0,134.38,154.0,1,True,False,False,False,4.82,3.9982758,22.808167,0.3,0.3,1006.925,3.137016,22.271502,0.90000004,0.90000004,1008.16254,4.474417,22.21025,1.1,1.1,1007.5042,9.433614,27.484085,0.0,0.0,1003.6499,1,10,1,0,-0.8660254037844386,0.5000000000000001,65.59,64.41,62.06,3000.0,3000.0,10000.0,64.41285714285715,58.72566666666667,3550.0,5298.055555555556
2024-10-02,66.76,3000.0,134.42,154.0,1,True,False,False,False,4.82,3.4927015,22.149834,4.5999994,4.5999994,1006.9707,2.7154744,22.192335,17.7,17.7,1008.49585,2.9230258,22.312334,4.2999997,4.2999997,1007.61255,5.0560875,27.571585,0.6,0.6,1003.47485,2,10,2,0,-0.8660254037844386,0.5000000000000001,66.18,65.0,62.65,3000.0,3000.0,12000.0,65.0,59.117666666666665,3250.0,5275.833333333333
2024-10-03,67.35,3000.0,134.42,154.0,1,True,False,False,False,4.82,3.309822,21.581087,7.5,7.5,1007.82916,2.866783,21.388166,25.800003,25.800003,1009.15826,3.247609,21.71025,7.4999995,7.4999995,1008.30005,6.479309,26.756998,9.400001,9.400001,1004.22076,3,10,3,0,-0.8660254037844386,0.5000000000000001,66.76,65.59,63.24,3000.0,3000.0,4500.0,65.58714285714287,59.529333333333334,3200.0,5253.611111111111
2024-10-04,67.94,3000.0,134.66,154.0,1,True,False,False,False,4.82,3.5441313,20.793585,1.6000001,1.6000001,1008.8918,3.8249404,21.504835,1.6,1.6,1009.95416,3.7546666,21.662333,1.6,1.6,1009.21674,6.4042554,26.6445,2.2,2.2,1005.5793,4,10,4,0,-0.8660254037844386,0.5000000000000001,67.35,66.18,63.82,3000.0,3000.0,4500.0,66.17571428571429,59.960666666666675,3150.0,5231.388888888889
2024-10-05,68.53,3000.0,134.66,154.0,1,True,False,False,False,4.82,3.7286217,20.649834,0.8000001,0.8000001,1010.97095,3.1923997,21.027748,4.2,4.2,1012.0833,3.8745162,21.308167,3.4,3.4,1011.25433,5.507553,26.638254,0.0,0.0,1007.6208,5,10,5,1,-0.8660254037844386,0.5000000000000001,67.94,66.76,64.41,3000.0,3000.0,4500.0,66.76428571428572,60.41166666666667,3100.0,5209.166666666667
2024-10-06,69.12,3000.0,134.66,154.0,1,True,False,False,False,4.82,4.3613753,20.8665,0.5,0.5,1013.99585,3.1946347,20.798586,1.0,1.0,1015.1458,4.5351176,21.256083,1.5000001,1.5000001,1014.3833,7.7830863,26.325752,0.2,0.2,1010.7209,6,10,6,1,-0.8660254037844386,0.5000000000000001,68.53,67.35,65.0,3000.0,3000.0,4500.0,67.35285714285715,60.882333333333335,3050.0,5186.944444444444
2024-10-07,69.71,3000.0,134.66,154.0,1,True,False,False,False,4.82,4.23253,20.737335,0.4,0.4,1015.5584,3.3404973,20.675665,0.2,0.2,1016.7708,3.6651766,21.204,0.0,0.0,1016.0457,5.960821,26.779917,0.4,0.4,1012.2791,7,10,0,0,-0.8660254037844386,0.5000000000000001,69.12,67.94,65.59,3000.0,3000.0,4500.0,67.94142857142857,61.37266666666667,3000.0,5164.722222222223
2024-10-08,70.29,3000.0,134.67,154.0,1,True,False,False,False,4.82,4.4252563,21.07067,0.1,0.1,1014.48334,4.5828004,20.744415,0.90000004,0.90000004,1015.7834,4.3179164,21.04567,0.1,0.1,1015.0376,4.9777727,26.686167,0.90000004,0.90000004,1011.0083,8,10,1,0,-0.8660254037844386,0.5000000000000001,69.71,68.53,66.18,3000.0,3000.0,3000.0,68.52857142857142,61.882333333333335,3000.0,5142.5
2024-10-09,70.88,3000.0,134.65,154.0,1,True,False,False,False,4.82,4.7519097,20.641502,0.4,0.4,1012.02094,5.248425,20.019415,1.0,1.0,1013.36664,3.8698494,20.774834,0.1,0.1,1012.60846,5.32185,26.534082,1.9000001,1.9000001,1008.67914,9,10,2,0,-0.8660254037844386,0.5000000000000001,70.29,69.12,66.76,3000.0,3000.0,3000.0,69.11714285714285,62.41166666666667,3000.0,5120.277777777777
2024-10-10,71.47,3000.0,134.65,154.0,1,True,False,False,False,4.82,4.521032,20.795668,0.0,0.0,1010.8166,5.098457,19.7965,1.3000001,1.3000001,1012.0833,4.2078958,20.666502,0.1,0.1,1011.3293,6.718823,26.61325,0.2,0.2,1007.43756,10,10,3,0,-0.8660254037844386,0.5000000000000001,70.88,69.71,67.35,3000.0,3000.0,3000.0,69.7057142857143,62.960666666666675,3000.0,5125.833333333333
2024-10-11,72.06,3000.0,134.66,154.0,1,True,False,False,False,4.82,4.34987,21.11025,0.0,0.0,1010.52075,4.581346,20.06525,0.3,0.3,1011.81665,3.9251156,20.901918,0.0,0.0,1011.02905,6.2627473,26.31325,0.0,0.0,1007.39575,11,10,4,0,-0.8660254037844386,0.5000000000000001,71.47,70.29,67.94,3000.0,3000.0,3000.0,70.2942857142857,63.529333333333334,3000.0,5131.388888888889
2024-10-12,72.65,3000.0,134.8,154.0,1,True,False,False,False,4.82,4.529618,20.241499,0.0,0.0,1012.12085,3.4316852,19.454834,0.0,0.0,1013.3958,4.667772,19.947748,0.0,0.0,1012.88336,4.7817855,25.52575,0.0,0.0,1009.3835,12,10,5,1,-0.8660254037844386,0.5000000000000001,72.06,70.88,68.53,3000.0,3000.0,3000.0,70.88285714285715,64.11766666666666,3000.0,5136.944444444444
2024-10-13,73.24,3000.0,134.8,154.0,1,True,False,False,False,4.82,4.057582,19.826918,0.0,0.0,1013.62933,3.3948119,18.740252,0.1,0.1,1014.69165,3.9546833,19.645666,0.3,0.3,1014.26245,3.824445,25.065338,0.3,0.3,1010.9207,13,10,6,1,-0.8660254037844386,0.5000000000000001,72.65,71.47,69.12,3000.0,3000.0,3000.0,71.47142857142858,64.70599999999999,3000.0,5142.5
2024-10-14,73.82,3000.0,134.8,154.0,1,True,False,False,False,4.82,4.202378,19.283167,1.3000001,1.3000001,1013.7332,3.724363,19.011084,2.0,2.0,1014.9543,3.4348993,19.633167,0.5,0.5,1014.2624,5.446094,25.190332,0.1,0.1,1010.83746,14,10,0,0,-0.8660254037844386,0.5000000000000001,73.24,72.06,69.71,3000.0,3000.0,3000.0,72.05857142857143,65.29400000000001,3000.0,5148.055555555556
2024-10-15,74.41,3000.0,134.8,154.0,1,True,False,False,False,4.82,3.8897712,18.843582,3.1999998,3.1999998,1012.7083,2.706128,18.442331,1.8000001,1.8000001,1013.99994,3.684574,19.21442,0.6,0.6,1013.29987,5.1473165,24.954918,0.0,0.0,1009.6543,15,10,1,0,-0.8660254037844386,0.5000000000000001,73.82,72.65,70.29,3000.0,3000.0,3000.0,72.64714285714285,65.88233333333334,3000.0,5153.611111111111
2024-10-16,75.0,3000.0,134.77,154.0,1,True,False,False,False,4.82,4.1600966,18.556084,0.90000004,0.90000004,1012.88745,3.982104,18.167334,1.9000001,1.9000001,1014.11255,3.9004686,18.318583,0.4,0.4,1013.5459,5.1454425,24.640333,0.0,0.0,1010.0251,16,10,2,0,-0.8660254037844386,0.5000000000000001,74.41,73.24,70.88,3000.0,3000.0,3000.0,73.23571428571428,66.47066666666666,3000.0,5159.166666666667
2024-10-17,75.59,3000.0,134.7,154.0,1,True,False,False,False,4.82,3.6475322,18.410252,1.1,1.1,1013.45416,2.7495954,18.038164,2.1999998,2.1999998,1014.6167,2.563764,18.897749,0.6,0.6,1013.9084,4.2862186,24.19867,0.0,0.0,1010.26666,17,10,3,0,-0.8660254037844386,0.5000000000000001,75.0,73.82,71.47,3000.0,3000.0,3000.0,73.82428571428571,67.05900000000001,3000.0,5164.722222222223
2024-10-18,76.18,3000.0,134.82,154.0,1,True,False,False,False,4.82,4.0154595,18.643583,1.4000001,1.4000001,1012.8833,3.6338327,17.917332,0.6,0.6,1014.1584,3.588177,18.95817,0.3,0.3,1013.5376,5.731222,24.479918,0.0,0.0,1009.90424,18,10,4,0,-0.8660254037844386,0.5000000000000001,75.59,74.41,72.06,3000.0,3000.0,3000.0,74.41285714285713,67.64733333333332,3000.0,5170.277777777777
2024-10-19,76.76,3000.0,134.81,154.0,1,True,False,False,False,4.82,4.1716676,18.093584,7.2,7.2,1013.69574,2.3059192,17.886082,0.4,0.4,1015.054,4.494055,18.335249,1.1,1.1,1014.56647,6.4058704,24.486168,2.7,2.7,1011.0124,19,10,5,1,-0.8660254037844386,0.5000000000000001,76.18,75.0,72.65,3000.0,3000.0,3000.0,75.0,68.23533333333333,3000.0,5175.833333333333
2024-10-20,77.35,3000.0,134.81,154.0,1,True,False,False,False,4.82,3.8640878,17.983168,0.3,0.3,1015.6416,2.748004,17.323582,0.70000005,0.70000005,1017.06665,4.169869,18.36025,3.8000002,3.8000002,1016.5125,5.5061107,23.665335,2.6,2.6,1013.37915,20,10,6,1,-0.8660254037844386,0.5000000000000001,76.76,75.59,73.24,3000.0,3000.0,3000.0,75.58714285714287,68.82333333333332,3000.0,5181.388888888889
2024-10-21,77.94,3000.0,134.81,154.0,1,True,False,False,False,4.82,3.9093893,18.2665,0.5,0.5,1015.6082,3.188606,17.031916,5.7,5.7,1017.17487,3.33128,19.224833,0.2,0.2,1016.41675,5.491184,24.444502,0.0,0.0,1012.28345,21,10,0,0,-0.8660254037844386,0.5000000000000001,77.35,76.18,73.82,3000.0,3000.0,3000.0,76.17571428571429,69.41166666666666,3000.0,5186.944444444444
2024-10-22,78.53,3000.0,134.82,154.0,1,True,False,False,False,4.82,3.5630991,19.149836,0.0,0.0,1015.2041,2.7074413,18.425669,1.7,1.7,1016.7332,3.5244763,20.199835,0.2,0.2,1016.02075,5.873984,24.561167,0.0,0.0,1011.3792,22,10,1,0,-0.8660254037844386,0.5000000000000001,77.94,76.76,74.41,3000.0,3000.0,3000.0,76.76428571428572,70.0,3000.0,5192.5
2024-10-23,79.12,3000.0,134.83,154.0,1,True,False,False,False,4.82,4.1938796,20.233168,0.0,0.0,1013.88745,3.3554494,19.700666,3.1,3.1,1015.8333,5.1633134,19.704,0.0,0.0,1015.2124,4.812847,25.50908,0.0,0.0,1010.3416,23,10,2,0,-0.8660254037844386,0.5000000000000001,78.53,77.35,75.0,3000.0,3000.0,3000.0,77.35285714285715,70.58833333333334,3000.0,5198.055555555556
2024-10-24,79.71,3000.0,134.84,154.0,1,True,False,False,False,4.82,4.0009856,20.218584,0.8000001,0.8000001,1013.35004,3.947829,19.517334,0.1,0.1,1014.54987,4.686877,19.404001,0.0,0.0,1014.0957,11.191715,25.402832,0.0,0.0,1010.425,24,10,3,0,-0.8660254037844386,0.5000000000000001,79.12,77.94,75.59,3000.0,3000.0,3000.0,77.94142857142857,71.17666666666668,3000.0,5201.111111111111
2024-10-25,80.29,3000.0,134.83,154.0,1,True,False,False,False,4.82,3.5319808,18.599834,0.7,0.7,1013.4875,4.054296,18.881916,1.7,1.7,1014.55,4.504674,18.595665,0.3,0.3,1013.95013,7.0606284,23.229918,0.0,0.0,1010.8125,25,10,4,0,-0.8660254037844386,0.5000000000000001,79.71,78.53,76.18,3000.0,3000.0,3000.0,78.52857142857144,71.76466666666667,3000.0,5204.166666666667
2024-10-26,80.88,3000.0,134.84,154.0,1,True,False,False,False,4.82,3.9258578,18.8415,0.0,0.0,1013.30835,3.1936195,18.334,0.5,0.5,1014.46655,3.421633,19.093582,0.0,0.0,1014.02075,6.1234303,24.261168,0.0,0.0,1010.25,26,10,5,1,-0.8660254037844386,0.5000000000000001,80.29,79.12,76.76,3000.0,3000.0,3000.0,79.11714285714285,72.35266666666666,3000.0,5207.222222222223
2024-10-27,81.47,3000.0,134.84,154.0,1,True,False,False,False,4.82,4.518548,19.39775,0.0,0.0,1012.25415,2.8565118,18.581917,1.6,1.6,1013.54584,4.180474,19.581081,0.4,0.4,1012.9666,4.7515316,25.048668,0.0,0.0,1009.2249,27,10,6,1,-0.8660254037844386,0.5000000000000001,80.88,79.71,77.35,3000.0,3000.0,3000.0,79.70571428571428,72.941,3000.0,5210.277777777777
2024-10-28,82.06,3000.0,134.84,154.0,1,True,False,False,False,4.82,3.9119327,19.124838,0.0,0.0,1011.3083,4.2936225,19.038168,0.0,0.0,1012.39166,3.3919315,19.774834,0.0,0.0,1011.94586,3.9893625,25.490328,0.0,0.0,1008.04584,28,10,0,0,-0.8660254037844386,0.5000000000000001,81.47,80.29,77.94,3000.0,3000.0,3000.0,80.29428571428572,73.52933333333333,3000.0,5213.333333333333
2024-10-29,82.65,3000.0,134.83,154.0,1,True,False,False,False,4.82,4.238849,19.501919,0.0,0.0,1011.2749,4.084294,18.392334,0.0,0.0,1012.52496,4.1241593,19.670668,0.0,0.0,1011.9959,5.54727,25.586168,0.0,0.0,1008.0374,29,10,1,0,-0.8660254037844386,0.5000000000000001,82.06,80.88,78.53,3000.0,3000.0,3000.0,80.88285714285715,74.11766666666666,3000.0,5216.388888888889
2024-10-30,83.24,3000.0,134.83,154.0,1,True,False,False,False,4.82,3.9781854,19.218582,1.8000002,1.8000002,1012.44586,2.943061,18.27358,1.3000001,1.3000001,1013.7708,2.6386263,20.1915,1.0,1.0,1013.0876,5.7262483,25.740334,0.0,0.0,1009.2458,30,10,2,0,-0.8660254037844386,0.5000000000000001,82.65,81.47,79.12,3000.0,3000.0,3000.0,81.47142857142856,74.706,3000.0,5232.222222222223
2024-10-31,83.82,3000.0,134.83,154.0,1,True,False,False,False,4.82,3.7500541,18.937334,2.5,2.5,1013.02075,2.4665391,18.186083,0.2,0.2,1014.24585,3.0271597,19.88525,0.5,0.5,1013.5625,5.4699306,24.94867,0.0,0.0,1009.9709,31,10,3,0,-0.8660254037844386,0.5000000000000001,83.24,82.06,79.71,3000.0,3000.0,3000.0,82.05857142857143,75.294,3000.0,5248.055555555556
2024-11-01,84.41,3000.0,134.83,154.0,1,True,False,False,False,5.6,4.183452,18.82692,4.1,4.1,1014.38745,3.2572138,18.11733,0.90000004,0.90000004,1015.8416,3.2860143,19.760252,0.1,0.1,1015.07916,5.979769,25.465338,0.0,0.0,1011.2959,1,11,4,0,-0.5000000000000004,0.8660254037844384,83.82,82.65,80.29,3000.0,3000.0,3000.0,82.64714285714285,75.88233333333334,3000.0,5263.888888888889
2024-11-02,85.0,3000.0,134.83,154.0,1,True,False,False,False,5.6,3.961399,18.743586,0.1,0.1,1015.95844,2.5222971,18.313166,1.5000001,1.5000001,1017.14996,3.2327597,19.581083,2.2,2.2,1016.44995,6.954401,25.002832,0.5,0.5,1013.00433,2,11,5,1,-0.5000000000000004,0.8660254037844384,84.41,83.24,80.88,3000.0,3000.0,3000.0,83.23571428571428,76.47066666666667,3000.0,5279.722222222223
2024-11-03,85.59,3000.0,134.83,154.0,1,True,False,False,False,5.6,3.6519215,18.587334,1.1,1.1,1016.3625,2.957712,17.950666,3.4,3.4,1017.6541,3.499017,19.185251,1.3000001,1.3000001,1017.05426,3.7339218,24.836166,0.0,0.0,1013.0083,3,11,6,1,-0.5000000000000004,0.8660254037844384,85.0,83.82,81.47,3000.0,3000.0,3000.0,83.82428571428571,77.059,3000.0,5295.555555555556
2024-11-04,86.18,3000.0,134.83,154.0,1,True,False,False,False,5.6,2.8098195,17.24775,16.500002,16.500002,1016.2793,2.6205282,16.396498,10.400001,10.400001,1017.6418,4.4514422,17.501917,13.6,13.6,1017.0542,6.3921094,24.273666,0.0,0.0,1012.6751,4,11,0,0,-0.5000000000000004,0.8660254037844384,85.59,84.41,82.06,3000.0,3000.0,3000.0,84.41285714285713,77.64733333333334,3000.0,5311.388888888889
2024-11-05,86.76,3000.0,134.89,154.0,1,True,False,False,False,5.6,4.1414456,17.60817,8.6,8.6,1017.04596,2.7160654,16.788166,0.6,0.6,1018.44183,3.4285595,18.28317,0.9,0.9,1017.80005,5.087372,23.78617,0.0,0.0,1013.8,5,11,1,0,-0.5000000000000004,0.8660254037844384,86.18,85.0,82.65,3000.0,3000.0,3000.0,85.0,78.23533333333333,3000.0,5327.222222222223
2024-11-06,87.35,3000.0,134.88,154.0,1,True,False,False,False,5.6,4.923947,16.947752,0.0,0.0,1017.1667,3.0643187,17.940252,0.0,0.0,1018.4124,4.833222,18.504,0.0,0.0,1017.85425,5.534925,23.511171,0.0,0.0,1013.9832,6,11,2,0,-0.5000000000000004,0.8660254037844384,86.76,85.59,83.24,3000.0,3000.0,3000.0,85.58714285714287,78.82333333333332,3000.0,5343.055555555556
2024-11-07,87.94,3000.0,135.16,154.0,1,True,False,False,False,5.6,4.0898643,17.16442,0.0,0.0,1016.53326,3.7090962,17.729834,0.0,0.0,1017.71265,4.6330657,17.983168,0.0,0.0,1017.3457,6.0237384,23.492418,0.0,0.0,1013.57086,7,11,3,0,-0.5000000000000004,0.8660254037844384,87.35,86.18,83.82,3000.0,3000.0,3000.0,86.17571428571429,79.41166666666666,3000.0,5358.888888888889
2024-11-08,88.53,3000.0,135.3,154.0,1,True,False,False,False,5.6,4.0997796,17.049835,0.0,0.0,1016.72504,3.1578028,17.050669,0.3,0.3,1017.89984,3.9389095,17.795668,0.0,0.0,1017.3791,4.7050514,23.58825,0.0,0.0,1013.9626,8,11,4,0,-0.5000000000000004,0.8660254037844384,87.94,86.76,84.41,3000.0,3000.0,3000.0,86.7642857142857,80.0,3000.0,5374.722222222223
2024-11-09,89.12,3000.0,135.31,154.0,1,True,False,False,False,5.6,4.235074,16.916502,0.0,0.0,1016.8291,3.156049,16.54233,0.4,0.4,1017.8877,3.682297,17.933168,0.0,0.0,1017.37915,4.951729,23.256998,0.0,0.0,1014.2959,9,11,5,1,-0.5000000000000004,0.8660254037844384,88.53,87.35,85.0,3000.0,3000.0,3000.0,87.35285714285715,80.58833333333334,3000.0,5390.555555555556
2024-11-10,89.71,3000.0,135.31,154.0,1,True,False,False,False,5.6,4.095883,17.385252,0.3,0.3,1016.68744,2.070121,16.808998,0.70000005,0.70000005,1018.0,3.3919313,18.306084,2.0,2.0,1017.45013,5.05893,23.650751,0.0,0.0,1013.92084,10,11,6,1,-0.5000000000000004,0.8660254037844384,89.12,87.94,85.59,3000.0,3000.0,3000.0,87.94142857142857,81.17666666666668,3000.0,5406.388888888889
2024-11-11,90.29,3000.0,135.31,154.0,1,True,False,False,False,5.6,4.6938424,17.599834,0.1,0.1,1015.9416,4.0432963,16.706917,0.8,0.8,1017.3376,3.9545147,18.068586,0.0,0.0,1016.70825,4.745527,23.277834,0.0,0.0,1013.28326,11,11,0,0,-0.5000000000000004,0.8660254037844384,89.71,88.53,86.18,3000.0,3000.0,3000.0,88.52857142857144,81.76466666666667,3000.0,5422.222222222223
2024-11-12,90.88,3000.0,135.34,154.0,1,True,False,False,False,5.6,4.178874,16.801916,0.0,0.0,1015.00397,3.9940863,16.617334,0.0,0.0,1016.24176,3.060899,17.070665,0.0,0.0,1015.71246,4.511299,22.634085,0.0,0.0,1012.5667,12,11,1,0,-0.5000000000000004,0.8660254037844384,90.29,89.12,86.76,3000.0,3000.0,3000.0,89.11714285714285,82.35266666666666,3000.0,5330.555555555556
2024-11-13,91.47,3000.0,135.34,154.0,1,True,False,False,False,5.6,5.4411445,16.604002,0.0,0.0,1013.98755,2.8127701,16.273582,0.2,0.2,1015.13763,3.5347853,16.120668,0.0,0.0,1014.8626,4.3283763,21.965332,0.0,0.0,1011.92505,13,11,2,0,-0.5000000000000004,0.8660254037844384,90.88,89.71,87.35,3000.0,3000.0,3000.0,89.70571428571428,82.941,3000.0,5238.888888888889
2024-11-14,92.06,3000.0,135.31,154.0,1,True,False,False,False,5.6,4.136125,16.858168,0.0,0.0,1015.36255,3.4955597,16.254831,0.1,0.1,1016.53326,2.621381,16.4165,0.0,0.0,1015.94995,4.987175,21.961168,0.0,0.0,1013.02924,14,11,3,0,-0.5000000000000004,0.8660254037844384,91.47,90.29,87.94,3000.0,3000.0,3000.0,90.29428571428572,83.52933333333333,3000.0,5147.222222222223
2024-11-15,92.65,3000.0,135.34,154.0,1,True,False,False,False,5.6,4.0826364,16.762335,0.0,0.0,1014.27094,3.5891953,16.125666,0.0,0.0,1015.2541,2.8309765,16.299835,0.0,0.0,1015.0208,4.723924,20.952833,0.0,0.0,1012.32513,15,11,4,0,-0.5000000000000004,0.8660254037844384,92.06,90.88,88.53,3000.0,3000.0,3000.0,90.88285714285713,84.11766666666666,3000.0,4958.333333333333
2024-11-16,93.24,3000.0,135.34,154.0,0,True,False,False,False,5.6,3.7335434,16.518583,0.0,0.0,1013.45844,2.9367473,15.959001,0.0,0.0,1014.40015,3.2529485,15.972751,0.0,0.0,1014.3459,2.91584,19.831999,0.0,0.0,1011.925,16,11,5,1,-0.5000000000000004,0.8660254037844384,92.65,91.47,89.12,3000.0,3000.0,3000.0,91.47142857142856,84.706,3000.0,4769.444444444444
2024-11-17,93.82,3000.0,135.34,154.0,0,True,False,False,False,5.6,3.9390275,15.758168,0.0,0.0,1014.07086,3.3317127,16.388166,0.0,0.0,1014.9751,3.681906,15.589417,0.0,0.0,1014.7334,3.1674926,19.686167,0.0,0.0,1012.2375,17,11,6,1,-0.5000000000000004,0.8660254037844384,93.24,92.06,89.71,3000.0,3000.0,3000.0,92.05857142857143,85.294,3000.0,4580.555555555556
2024-11-18,94.41,3000.0,135.34,154.0,0,True,False,False,False,5.6,4.4964027,15.285251,0.0,0.0,1016.0042,3.1104047,15.125667,0.0,0.0,1016.9959,2.408534,14.781087,0.0,0.0,1016.67084,3.5932457,20.38825,0.0,0.0,1013.8708,18,11,0,0,-0.5000000000000004,0.8660254037844384,93.82,92.65,90.29,3000.0,3000.0,3000.0,92.64714285714285,85.88233333333334,3000.0,4391.666666666667
2024-11-19,95.0,3000.0,135.32,154.0,0,True,False,False,False,5.6,4.871588,15.008166,0.0,0.0,1016.8,2.9172027,14.7965,0.2,0.2,1017.97076,2.7674658,14.7415,0.0,0.0,1017.6208,5.023956,20.259085,0.0,0.0,1014.5999,19,11,1,0,-0.5000000000000004,0.8660254037844384,94.41,93.24,90.88,3000.0,3000.0,3000.0,93.2357142857143,86.47066666666667,3000.0,4202.777777777777
2024-11-20,94.55,3000.0,135.37,154.0,0,True,False,False,False,5.6,4.158926,14.876919,0.0,0.0,1015.9168,3.0080805,14.340251,1.3000001,1.3000001,1017.28326,2.7389946,14.631085,0.0,0.0,1016.7668,4.2422633,19.694502,0.0,0.0,1013.7917,20,11,2,0,-0.5000000000000004,0.8660254037844384,95.0,93.82,91.47,3000.0,3000.0,3000.0,93.67571428571429,87.02433333333333,3000.0,4013.8888888888887
2024-11-21,94.09,3000.0,135.37,154.0,0,True,False,False,False,5.6,4.972786,14.222751,0.0,0.0,1015.38336,2.9985905,13.625667,0.6,0.6,1016.67505,1.7584,14.520667,0.0,0.0,1016.0835,6.7846293,19.336166,0.0,0.0,1013.35406,21,11,3,0,-0.5000000000000004,0.8660254037844384,94.55,94.41,92.06,3000.0,3000.0,3000.0,93.96571428571428,87.54299999999999,3000.0,3936.1111111111113
2024-11-22,93.64,3000.0,135.5,154.0,0,True,False,False,False,5.6,3.608164,14.893584,0.0,0.0,1015.26666,2.9289055,13.421501,0.3,0.3,1016.60016,1.759325,14.3914995,0.0,0.0,1015.8418,7.0578437,19.119501,0.0,0.0,1013.50006,22,11,4,0,-0.5000000000000004,0.8660254037844384,94.09,95.0,92.65,3000.0,3000.0,3000.0,94.10714285714286,88.027,3000.0,3858.3333333333335
2024-11-23,93.18,3000.0,135.42,154.0,0,True,False,False,False,5.6,4.056824,14.243584,0.0,0.0,1016.00006,3.0693524,13.323583,0.0,0.0,1016.99585,1.61456,13.751918,0.0,0.0,1016.61676,4.715448,18.546585,0.0,0.0,1014.6416,23,11,5,1,-0.5000000000000004,0.8660254037844384,93.64,94.55,93.24,3000.0,3000.0,3000.0,94.09857142857142,88.47600000000001,3000.0,3780.5555555555557
2024-11-24,92.73,3000.0,135.42,154.0,0,True,False,False,False,5.6,4.2241244,14.220669,0.0,0.0,1015.4209,4.221911,13.640248,0.0,0.0,1016.1001,3.6870213,13.768582,0.5,0.5,1016.125,4.2219,18.459082,0.0,0.0,1014.15845,24,11,6,1,-0.5000000000000004,0.8660254037844384,93.18,94.09,93.82,3000.0,3000.0,3000.0,93.94285714285715,88.89066666666668,3000.0,3680.5555555555557
2024-11-25,92.27,3000.0,135.42,154.0,0,True,False,False,False,5.6,4.0969934,14.210251,0.0,0.0,1015.5832,2.1268184,14.442333,0.1,0.1,1016.3416,4.2768226,13.7456665,0.6,0.6,1016.37494,3.6453817,18.486168,0.0,0.0,1014.3167,25,11,0,0,-0.5000000000000004,0.8660254037844384,92.73,93.64,94.41,3000.0,3000.0,3000.0,93.63714285714285,89.27033333333334,3000.0,3580.5555555555557
2024-11-26,91.82,3000.0,135.17,154.0,0,True,False,False,False,5.6,4.2117505,13.916501,0.0,0.0,1015.30005,3.8234262,14.163167,0.5,0.5,1016.2126,3.651099,12.918584,0.1,0.1,1015.96246,3.8126335,19.119501,0.0,0.0,1013.7375,26,11,1,0,-0.5000000000000004,0.8660254037844384,92.27,93.18,95.0,3000.0,3000.0,3000.0,93.18285714285715,89.61533333333334,3000.0,3480.5555555555557
2024-11-27,91.36,3000.0,135.23,154.0,0,True,False,False,False,5.6,4.9725575,13.370667,1.0,1.0,1015.57495,2.7345743,13.150666,0.6,0.6,1016.62085,3.532369,12.749835,0.1,0.1,1016.26666,4.844424,18.607,0.0,0.0,1014.0168,27,11,2,0,-0.5000000000000004,0.8660254037844384,91.82,92.73,94.55,3000.0,3000.0,3000.0,92.72714285714287,89.92533333333334,3000.0,3416.6666666666665
2024-11-28,90.91,3000.0,135.43,154.0,0,True,False,False,False,5.6,4.5308266,13.145668,0.0,0.0,1017.25836,2.9540138,12.625665,0.4,0.4,1018.20416,2.7999868,13.281085,0.0,0.0,1017.90424,5.1199174,18.532,0.0,0.0,1015.23334,28,11,3,0,-0.5000000000000004,0.8660254037844384,91.36,92.27,94.09,3000.0,3000.0,3000.0,92.27285714285713,90.20066666666666,3000.0,3338.8888888888887
2024-11-29,90.45,3000.0,135.48,154.0,0,True,False,False,False,5.6,4.2113266,13.770668,0.0,0.0,1017.52094,2.5944731,13.734,0.0,0.0,1018.3918,2.7493908,13.389417,0.0,0.0,1018.1875,4.0565667,18.523666,0.0,0.0,1015.26245,29,11,4,0,-0.5000000000000004,0.8660254037844384,90.91,91.82,93.64,3000.0,3000.0,3000.0,91.81714285714285,90.441,3000.0,3261.1111111111113
2024-11-30,90.0,3000.0,135.48,154.0,0,True,False,False,False,5.6,3.210599,14.172751,0.0,0.0,1015.2874,3.0270388,13.533999,0.0,0.0,1016.0625,2.589793,13.50192,0.0,0.0,1015.925,5.140989,17.896584,0.0,0.0,1013.54175,30,11,5,1,-0.5000000000000004,0.8660254037844384,90.45,91.36,93.18,3000.0,3000.0,3000.0,91.36285714285715,90.647,3000.0,3183.3333333333335
2024-12-01,89.55,3000.0,135.48,154.0,0,False,False,False,True,6.05,3.8473551,14.056087,0.0,0.0,1013.4084,2.9596424,13.767331,0.0,0.0,1014.14594,2.8500378,13.229001,0.0,0.0,1014.05426,3.85983,17.277834,0.0,0.0,1012.0164,1,12,6,1,-2.4492935982947064e-16,1.0,90.0,90.91,92.73,3000.0,3000.0,3000.0,90.90857142857143,90.81833333333333,3000.0,3083.3333333333335
2024-12-02,89.09,3000.0,135.48,154.0,0,False,False,False,True,6.05,3.7017164,14.24775,0.0,0.0,1014.03754,2.989937,13.600667,0.0,0.0,1014.70844,3.187337,13.345666,0.0,0.0,1014.79175,3.331746,16.88825,0.0,0.0,1012.74994,2,12,0,0,-2.4492935982947064e-16,1.0,89.55,90.45,92.27,3000.0,3000.0,3000.0,90.45428571428572,90.95466666666667,3000.0,3066.6666666666665
2024-12-03,88.64,3000.0,135.82,154.0,0,False,False,False,True,6.05,3.3106725,14.108169,0.0,0.0,1014.7083,3.8267317,14.056915,0.0,0.0,1015.3335,2.0294943,13.504002,0.0,0.0,1015.2083,4.4789042,17.223667,0.0,0.0,1013.42914,3,12,1,0,-2.4492935982947064e-16,1.0,89.09,90.0,91.82,3000.0,3000.0,3000.0,90.0,91.05633333333334,3000.0,3050.0
2024-12-04,88.18,3000.0,135.8,154.0,0,False,False,False,True,6.05,3.4024925,14.118584,0.0,0.0,1013.0332,3.4878018,13.742333,0.0,0.0,1013.45,3.2710059,12.887334,0.0,0.0,1013.70825,3.6732686,17.073668,0.0,0.0,1012.52496,4,12,2,0,-2.4492935982947064e-16,1.0,88.64,89.55,91.36,3000.0,3000.0,3000.0,89.54571428571428,91.123,3000.0,3033.3333333333335
2024-12-05,87.73,3000.0,135.89,154.0,0,False,False,False,True,6.05,4.269861,13.158168,0.0,0.0,1013.06256,2.892894,12.925664,0.0,0.0,1013.5793,3.0528128,13.395668,0.0,0.0,1013.75006,4.2958016,16.923666,0.0,0.0,1012.39996,5,12,3,0,-2.4492935982947064e-16,1.0,88.18,89.09,90.91,3000.0,3000.0,3000.0,89.09142857142857,91.15533333333333,3000.0,3016.6666666666665
2024-12-06,87.27,3000.0,135.88,154.0,0,False,False,False,True,6.05,4.199983,12.829001,0.0,0.0,1012.39166,2.9176595,12.881915,0.0,0.0,1012.9792,3.2656553,12.570667,0.0,0.0,1013.1418,3.7596118,15.869499,0.0,0.0,1012.21246,6,12,4,0,-2.4492935982947064e-16,1.0,87.73,88.64,90.45,3000.0,3000.0,3000.0,88.63714285714285,91.15266666666668,3000.0,3000.0
2024-12-07,86.82,3000.0,135.81,154.0,0,False,False,False,True,6.05,3.8174427,12.833168,0.0,0.0,1013.8416,2.482888,13.061084,0.0,0.0,1014.42084,3.5166605,12.445667,0.0,0.0,1014.5291,2.89145,15.4695015,0.0,0.0,1013.33325,7,12,5,1,-2.4492935982947064e-16,1.0,87.27,88.18,90.0,3000.0,3000.0,3000.0,88.18285714285715,91.11533333333334,3000.0,3000.0
2024-12-08,86.36,3000.0,135.81,154.0,0,False,False,False,True,6.05,3.9602556,12.591502,0.0,0.0,1014.8708,2.493835,12.052751,0.90000004,0.90000004,1015.4333,4.516039,11.470668,0.0,0.0,1015.3792,3.6166866,16.175749,0.0,0.0,1013.68335,8,12,6,1,-2.4492935982947064e-16,1.0,86.82,87.73,89.55,3000.0,3000.0,3000.0,87.72714285714287,91.04299999999999,3000.0,3000.0
2024-12-09,85.91,3000.0,135.81,154.0,0,False,False,False,True,6.05,3.8684194,10.9019165,0.3,0.3,1014.6374,2.8165581,10.006916,2.0,2.0,1015.2876,2.3848307,10.972749,1.6999999,1.6999999,1014.97076,4.246797,16.525751,0.7,0.7,1013.0334,9,12,0,0,-2.4492935982947064e-16,1.0,86.36,87.27,89.09,3000.0,3000.0,3000.0,87.27285714285713,90.93599999999999,3000.0,3000.0
2024-12-10,85.45,3000.0,135.88,154.0,0,False,False,False,True,6.05,3.7452815,10.362333,0.0,0.0,1014.35815,4.4330525,10.023583,0.0,0.0,1014.73755,3.4106257,10.614417,0.0,0.0,1014.60834,5.8133655,15.331998,0.0,0.0,1013.4041,10,12,1,0,-2.4492935982947064e-16,1.0,85.91,86.82,88.64,3000.0,3000.0,3000.0,86.81714285714285,90.79400000000001,3000.0,3000.0
2024-12-11,85.0,3000.0,136.07,154.0,0,False,False,False,True,6.05,3.3974893,11.533166,0.0,0.0,1015.31244,3.639396,11.256917,0.0,0.0,1015.52924,2.6772082,10.626916,0.0,0.0,1015.7334,3.8477604,13.794498,0.0,0.0,1015.36664,11,12,2,0,-2.4492935982947064e-16,1.0,85.45,86.36,88.18,3000.0,3000.0,3000.0,86.36285714285715,90.61766666666668,3000.0,3000.0
2024-12-12,84.55,3000.0,136.04,154.0,0,False,False,False,True,6.05,3.9977188,12.14775,0.0,0.0,1013.9751,4.266233,12.392334,0.0,0.0,1014.20844,3.8851974,11.3185835,0.0,0.0,1014.5584,3.9464061,13.28825,0.0,0.0,1014.1792,12,12,3,0,-2.4492935982947064e-16,1.0,85.0,85.91,87.73,3000.0,3000.0,3000.0,85.90857142857143,90.40666666666667,3000.0,3000.0
2024-12-13,84.09,3000.0,136.08,154.0,0,False,False,False,True,6.05,3.0622158,12.8394165,0.0,0.0,1013.9333,3.7507641,12.421501,0.0,0.0,1014.2209,2.9172637,11.4956665,0.0,0.0,1014.5208,4.231876,13.740333,0.0,0.0,1014.4709,13,12,4,0,-2.4492935982947064e-16,1.0,84.55,85.45,87.27,3000.0,3000.0,3000.0,85.45428571428572,90.16066666666667,3000.0,3000.0
2024-12-14,83.64,3000.0,135.97,154.0,0,False,False,False,True,6.05,3.2969105,11.2873335,0.0,0.0,1016.7292,2.474729,10.981918,0.0,0.0,1017.1167,3.0266485,10.810249,0.0,0.0,1017.42914,4.292209,14.186166,0.0,0.0,1016.76245,14,12,5,1,-2.4492935982947064e-16,1.0,84.09,85.0,86.82,3000.0,3000.0,3000.0,85.0,89.88000000000001,3000.0,3000.0
2024-12-15,83.18,3000.0,135.97,154.0,0,False,False,False,True,6.05,3.161154,11.693585,0.0,0.0,1019.1458,2.674021,12.019416,0.0,0.0,1019.67084,2.0829473,12.133166,0.0,0.0,1019.6584,4.6947637,14.971583,0.0,0.0,1017.5083,15,12,6,1,-2.4492935982947064e-16,1.0,83.64,84.55,86.36,3000.0,3000.0,3000.0,84.54571428571428,89.56433333333334,3000.0,3000.0
2024-12-16,82.73,3000.0,135.97,154.0,0,False,False,False,True,6.05,2.5887566,13.812332,0.0,0.0,1017.1916,2.6217568,13.692334,0.0,0.0,1017.6792,2.362766,13.458168,0.0,0.0,1017.6792,3.8219118,15.484082,0.0,0.0,1015.7458,16,12,0,0,-2.4492935982947064e-16,1.0,83.18,84.09,85.91,3000.0,3000.0,3000.0,84.09142857142857,89.214,3000.0,3000.0
2024-12-17,82.27,3000.0,136.09,154.0,0,False,False,False,True,6.05,3.3131092,13.829002,0.0,0.0,1016.3333,2.8826778,13.281915,0.0,0.0,1016.94183,3.2905653,12.670667,0.0,0.0,1017.00415,3.8274803,16.000751,0.0,0.0,1014.8833,17,12,1,0,-2.4492935982947064e-16,1.0,82.73,83.64,85.45,3000.0,3000.0,3000.0,83.63714285714286,88.82900000000001,3000.0,3000.0
2024-12-18,81.82,3000.0,136.14,154.0,0,False,False,False,True,6.05,2.9931746,13.166501,0.0,0.0,1015.1626,3.2066333,12.592331,0.0,0.0,1015.76227,2.7084227,12.274834,0.0,0.0,1015.86676,4.042814,16.12575,0.0,0.0,1013.9416,18,12,2,0,-2.4492935982947064e-16,1.0,82.27,83.18,85.0,3000.0,3000.0,3000.0,83.18285714285715,88.40933333333332,3000.0,3000.0
2024-12-19,81.36,3000.0,136.23,154.0,0,False,False,False,True,6.05,2.8501463,12.212335,0.0,0.0,1016.7041,2.1142223,11.91525,0.0,0.0,1017.28754,2.56721,11.793584,0.0,0.0,1017.321,3.7398036,15.8695,0.0,0.0,1015.2625,19,12,3,0,-2.4492935982947064e-16,1.0,81.82,82.73,84.55,3000.0,3000.0,3000.0,82.72714285714287,87.95466666666667,3000.0,3000.0
2024-12-20,80.91,3000.0,136.42,154.0,0,False,False,False,True,6.05,2.4304879,12.954002,0.0,0.0,1014.77905,2.7234,12.223582,0.0,0.0,1015.4583,2.4464886,11.993584,0.0,0.0,1015.4917,3.113232,16.03617,0.0,0.0,1013.47925,20,12,4,0,-2.4492935982947064e-16,1.0,81.36,82.27,84.09,3000.0,3000.0,3000.0,82.27285714285713,87.5,3000.0,3000.0
2024-12-21,80.45,3000.0,136.33,154.0,0,False,False,False,True,6.05,3.6309738,11.206082,0.0,0.0,1015.06244,3.3517206,11.350667,0.0,0.0,1015.74164,2.753641,11.158166,0.0,0.0,1015.76245,4.0269933,16.134085,0.0,0.0,1013.87085,21,12,5,1,-2.4492935982947064e-16,1.0,80.91,81.82,83.64,3000.0,3000.0,3000.0,81.81714285714285,87.04533333333333,3000.0,3000.0
2024-12-22,80.0,3000.0,136.33,154.0,0,False,False,False,True,6.05,3.8100865,10.674831,0.0,0.0,1016.1916,2.8849516,10.769418,0.0,0.0,1016.8459,2.4885957,10.699834,0.0,0.0,1016.8875,4.034205,15.379917,0.0,0.0,1015.13324,22,12,6,1,-2.4492935982947064e-16,1.0,80.45,81.36,83.18,3000.0,3000.0,3000.0,81.36285714285714,86.59066666666668,3000.0,3000.0
2024-12-23,79.55,3000.0,136.33,154.0,0,False,False,False,True,6.05,3.1886747,11.520668,0.0,0.0,1016.8582,2.3406065,10.892333,0.0,0.0,1017.3709,2.3032565,11.083165,0.0,0.0,1017.37915,4.1687517,15.30075,0.0,0.0,1015.7541,23,12,0,0,-2.4492935982947064e-16,1.0,80.0,80.91,82.73,3000.0,3000.0,3000.0,80.90857142857142,86.13633333333333,3000.0,3000.0
2024-12-24,79.09,3000.0,136.5,154.0,0,False,False,False,True,6.05,2.5333252,11.612332,0.0,0.0,1016.76666,2.8510468,10.825667,1.4,1.4,1017.45416,1.6949764,11.7977495,0.0,0.0,1017.1667,4.365137,15.534081,0.0,0.0,1015.37085,24,12,1,0,-2.4492935982947064e-16,1.0,79.55,80.45,82.27,3000.0,3000.0,3000.0,80.4542857142857,85.68166666666666,3000.0,3000.0
2024-12-25,78.64,3000.0,136.63,154.0,0,False,False,False,True,6.05,3.5612679,13.024833,0.0,0.0,1017.8499,4.6657143,12.523582,0.2,0.2,1018.6374,2.3603652,12.331084,0.2,0.2,1018.4082,3.0509455,16.096582,0.0,0.0,1016.95825,25,12,2,0,-2.4492935982947064e-16,1.0,79.09,80.0,81.82,3000.0,3000.0,3000.0,80.0,85.22733333333332,3000.0,3000.0
2024-12-26,78.18,3000.0,136.63,154.0,0,False,False,False,True,6.05,4.567735,11.7248335,0.0,0.0,1020.09595,3.826369,12.165249,0.0,0.0,1020.83746,2.460347,11.983166,0.0,0.0,1020.7166,3.6508667,15.119502,0.0,0.0,1019.01263,26,12,3,0,-2.4492935982947064e-16,1.0,78.64,79.55,81.36,3000.0,3000.0,3000.0,79.54571428571428,84.77266666666668,3000.0,3000.0
2024-12-27,77.73,3000.0,136.73,154.0,0,False,False,False,True,6.05,3.0762331,13.199834,0.0,0.0,1020.0417,2.1022217,12.190249,0.0,0.0,1020.79156,2.3409526,11.920667,0.0,0.0,1020.9583,4.8705497,15.446586,0.0,0.0,1019.00415,27,12,4,0,-2.4492935982947064e-16,1.0,78.18,79.09,80.91,3000.0,3000.0,3000.0,79.09142857142857,84.31833333333334,3000.0,3000.0
2024-12-28,77.27,3000.0,137.16,154.0,0,False,False,False,True,6.05,2.8116362,12.539418,1.6,1.6,1019.6458,2.5983207,11.758999,3.6000001,3.6000001,1020.6541,2.6261933,12.216499,0.4,0.4,1020.3542,7.0787845,16.294498,0.3,0.3,1017.50415,28,12,5,1,-2.4492935982947064e-16,1.0,77.73,78.64,80.45,3000.0,3000.0,3000.0,78.63714285714286,83.86366666666667,3000.0,3000.0
2024-12-29,76.82,3000.0,137.16,154.0,0,False,False,False,True,6.05,4.7221146,12.668584,0.3,0.3,1017.5041,4.107305,12.559001,1.2,1.2,1018.52094,2.285864,13.122752,0.0,0.0,1017.95013,8.749798,17.746584,1.9,1.9,1016.01245,29,12,6,1,-2.4492935982947064e-16,1.0,77.27,78.18,80.0,3000.0,3000.0,3000.0,78.18285714285715,83.40933333333332,3000.0,3000.0
2024-12-30,76.36,3000.0,137.16,154.0,0,False,False,False,True,6.05,3.9879158,11.576916,0.0,0.0,1017.25415,3.093984,11.473583,0.0,0.0,1017.90826,2.3130162,10.843582,0.0,0.0,1018.0083,7.8622994,15.990334,0.0,0.0,1017.0791,30,12,0,0,-2.4492935982947064e-16,1.0,76.82,77.73,79.55,3000.0,3000.0,3000.0,77.72714285714287,82.95466666666667,3000.0,3000.0
2024-12-31,75.91,3000.0,137.16,154.0,0,False,False,False,True,6.05,3.7189856,11.049832,0.0,0.0,1018.31683,3.0959432,11.048583,0.0,0.0,1018.75006,2.00048,11.216499,0.0,0.0,1018.74164,8.157258,15.194501,0.0,0.0,1017.8918,31,12,1,0,-2.4492935982947064e-16,1.0,76.36,77.27,79.09,3000.0,3000.0,3000.0,77.27285714285713,82.5,3000.0,3000.0
2025-01-01,75.45,3000.0,137.29,154.0,0,False,False,False,True,5.41,3.9740808,11.387333,0.0,0.0,1015.8459,2.615931,11.511085,0.0,0.0,1016.39996,2.8147004,11.460251,0.0,0.0,1016.45825,8.118337,12.784084,0.0,0.0,1016.5252,1,1,2,0,0.49999999999999994,0.8660254037844387,75.91,76.82,78.64,3000.0,3000.0,3000.0,76.81714285714285,82.04533333333333,3000.0,3000.0
2025-01-02,75.0,3000.0,137.34,154.0,0,False,False,False,True,5.41,3.0342722,12.187332,0.0,0.0,1016.1584,2.776191,11.875668,0.0,0.0,1016.78754,1.5443741,12.004001,0.0,0.0,1016.9001,5.2662606,12.579918,0.0,0.0,1016.8083,2,1,3,0,0.49999999999999994,0.8660254037844387,75.45,76.36,78.18,3000.0,3000.0,3000.0,76.36285714285714,81.59066666666668,3000.0,3000.0
2025-01-03,74.55,3000.0,137.51,154.0,0,False,False,False,True,5.41,3.3316796,13.099832,0.0,0.0,1016.84595,1.7005829,12.904834,0.0,0.0,1017.52094,2.010638,12.62275,0.0,0.0,1017.64996,3.7082503,13.332001,0.0,0.0,1016.5291,3,1,4,0,0.49999999999999994,0.8660254037844387,75.0,75.91,77.73,3000.0,3000.0,3000.0,75.90857142857142,81.13633333333333,3000.0,3000.0
2025-01-04,74.09,3000.0,137.54,154.0,0,False,False,False,True,5.41,3.0741062,12.9019165,0.0,0.0,1016.6457,2.6339777,13.054835,0.0,0.0,1016.9959,1.873773,13.095668,0.0,0.0,1017.0166,4.874129,14.431999,0.0,0.0,1015.5041,4,1,5,1,0.49999999999999994,0.8660254037844387,74.55,75.45,77.27,3000.0,3000.0,3000.0,75.4542857142857,80.68166666666666,3000.0,3000.0
2025-01-05,73.64,3000.0,137.54,154.0,0,False,False,False,True,5.41,2.1444442,13.293584,0.0,0.0,1017.5916,2.0210488,12.67567,0.0,0.0,1018.20013,1.2413117,12.814418,0.0,0.0,1018.1584,3.4309387,15.08825,0.0,0.0,1016.0041,5,1,6,1,0.49999999999999994,0.8660254037844387,74.09,75.0,76.82,3000.0,3000.0,3000.0,75.0,80.22733333333332,3000.0,3000.0
2025-01-06,73.18,3000.0,137.54,154.0,0,False,False,False,True,5.41,3.3880389,13.487334,0.0,0.0,1015.8625,3.2145417,13.4715,0.0,0.0,1016.4001,2.5226364,13.004001,0.0,0.0,1016.33746,4.3443756,17.679916,0.0,0.0,1014.3167,6,1,0,0,0.49999999999999994,0.8660254037844387,73.64,74.55,76.36,3000.0,3000.0,3000.0,74.54571428571428,79.77266666666668,3000.0,3000.0
2025-01-07,72.73,3000.0,137.63,154.0,0,False,False,False,True,5.41,3.6642492,10.074834,2.1,2.1,1014.175,2.9299574,9.923583,3.3000002,3.3000002,1014.8376,2.1383717,10.89775,4.9,4.9,1014.4749,7.5935235,16.054916,1.3,1.3,1013.19586,7,1,1,0,0.49999999999999994,0.8660254037844387,73.18,74.09,75.91,3000.0,3000.0,3000.0,74.09142857142857,79.31833333333334,3000.0,3000.0
2025-01-08,72.27,3000.0,137.45,154.0,0,False,False,False,True,5.41,3.4347878,8.764416,0.0,0.0,1013.825,3.444582,9.711083,0.0,0.0,1013.60425,3.2883308,9.1414995,0.0,0.0,1014.0918,10.376647,14.684085,0.1,0.1,1014.70416,8,1,2,0,0.49999999999999994,0.8660254037844387,72.73,73.64,75.45,3000.0,3000.0,3000.0,73.63714285714286,78.86366666666667,3000.0,3000.0
2025-01-09,71.82,3000.0,137.66,154.0,0,False,False,False,True,5.41,3.364006,9.1935835,0.0,0.0,1017.7168,3.1813385,9.392333,0.0,0.0,1017.1624,4.17781,9.345667,0.0,0.0,1017.66235,3.3430436,14.329918,0.0,0.0,1017.99994,9,1,3,0,0.49999999999999994,0.8660254037844387,72.27,73.18,75.0,3000.0,3000.0,3000.0,73.18285714285715,78.40933333333332,3000.0,3000.0
2025-01-10,71.36,3000.0,137.66,154.0,0,False,False,False,True,5.41,2.6925838,10.395667,0.0,0.0,1019.9541,2.9782135,9.5215,0.0,0.0,1020.1042,2.0500987,9.691501,0.0,0.0,1020.3376,3.3758748,14.090335,0.0,0.0,1019.4124,10,1,4,0,0.49999999999999994,0.8660254037844387,71.82,72.73,74.55,3000.0,3000.0,3000.0,72.72714285714287,77.95466666666667,3000.0,3000.0
2025-01-11,70.91,3000.0,137.85,154.0,0,False,False,False,True,5.41,2.9957695,12.129001,0.0,0.0,1020.0916,2.4739244,11.07775,0.0,0.0,1020.5999,3.1175778,11.0581665,0.0,0.0,1020.75415,3.8209207,15.394501,0.0,0.0,1018.80835,11,1,5,1,0.49999999999999994,0.8660254037844387,71.36,72.27,74.09,3000.0,3000.0,3000.0,72.27285714285713,77.5,3000.0,3000.0
2025-01-12,70.45,3000.0,137.85,154.0,0,False,False,False,True,5.41,3.4550915,12.070666,0.0,0.0,1019.34155,2.4225962,11.246499,0.9,0.9,1020.14575,2.4518404,12.345666,0.0,0.0,1019.69586,5.095365,17.311167,0.0,0.0,1017.3792,12,1,6,1,0.49999999999999994,0.8660254037844387,70.91,71.82,73.64,3000.0,3000.0,3000.0,71.81714285714285,77.04533333333333,3000.0,3000.0
2025-01-13,70.0,3000.0,137.85,154.0,0,False,False,False,True,5.41,4.909834,11.076916,0.0,0.0,1016.54584,3.623274,10.652749,0.3,0.3,1017.2376,3.1955955,11.285251,0.0,0.0,1017.0,7.134009,16.396585,0.0,0.0,1015.14594,13,1,0,0,0.49999999999999994,0.8660254037844387,70.45,71.36,73.18,3000.0,3000.0,3000.0,71.36285714285714,76.59066666666668,3000.0,3000.0
2025-01-14,69.55,3000.0,138.83,154.0,0,False,False,False,True,5.41,4.243563,10.541499,0.0,0.0,1018.4709,2.9089563,10.738167,0.0,0.0,1018.9001,2.7073317,10.43525,0.0,0.0,1018.99994,5.0578237,14.684086,0.0,0.0,1018.3083,14,1,1,0,0.49999999999999994,0.8660254037844387,70.0,70.91,72.73,3000.0,3000.0,3000.0,70.90857142857142,76.13633333333333,3000.0,3000.0
2025-01-15,69.09,3000.0,138.92,154.0,0,False,False,False,True,5.41,2.760534,11.981084,0.0,0.0,1019.85406,2.2532613,11.467334,0.0,0.0,1020.33746,1.9895593,11.274834,0.0,0.0,1020.4209,4.8401213,14.400749,0.0,0.0,1019.46674,15,1,2,0,0.49999999999999994,0.8660254037844387,69.55,70.45,72.27,3000.0,3000.0,3000.0,70.4542857142857,75.68166666666666,3000.0,3000.0
2025-01-16,68.64,3000.0,138.49,154.0,0,False,False,False,True,5.41,2.3268774,13.043584,0.0,0.0,1019.5666,3.0472896,12.07775,0.0,0.0,1020.2041,2.207657,11.985251,0.0,0.0,1020.12915,4.492821,14.284084,0.0,0.0,1018.5,16,1,3,0,0.49999999999999994,0.8660254037844387,69.09,70.0,71.82,3000.0,3000.0,3000.0,70.0,75.22733333333332,3000.0,3000.0
2025-01-17,68.18,3000.0,138.79,154.0,0,False,False,False,True,5.41,2.7933657,13.189416,0.0,0.0,1017.50836,3.7160842,12.465248,0.0,0.0,1018.35425,2.2761693,12.401919,0.0,0.0,1018.3208,5.638578,14.7445,0.0,0.0,1016.69995,17,1,4,0,0.49999999999999994,0.8660254037844387,68.64,69.55,71.36,3000.0,3000.0,3000.0,69.54571428571428,74.77266666666668,3000.0,3000.0
2025-01-18,67.73,3000.0,138.88,154.0,0,False,False,False,True,5.41,2.9742525,12.568584,0.0,0.0,1016.1667,3.71305,12.66525,0.0,0.0,1016.64996,1.5437328,12.231084,0.0,0.0,1016.6584,6.0643044,14.450751,0.0,0.0,1016.02905,18,1,5,1,0.49999999999999994,0.8660254037844387,68.18,69.09,70.91,3000.0,3000.0,3000.0,69.09142857142857,74.31833333333334,3000.0,3000.0
2025-01-19,67.27,3000.0,138.88,154.0,0,False,False,False,True,5.41,2.5892134,14.020668,0.0,0.0,1013.72925,4.1217895,14.115251,0.0,0.0,1013.83344,2.6181805,12.922749,0.0,0.0,1014.0876,5.3362584,14.046582,0.0,0.0,1014.4959,19,1,6,1,0.49999999999999994,0.8660254037844387,67.73,68.64,70.45,3000.0,3000.0,3000.0,68.63714285714286,73.86366666666667,3000.0,3000.0
2025-01-20,66.82,3000.0,138.88,154.0,0,False,False,False,True,5.41,2.2462661,14.545667,0.0,0.0,1011.71674,3.9728472,14.463165,0.0,0.0,1011.84155,1.4664377,13.981084,0.0,0.0,1012.0251,3.8225296,14.034084,0.0,0.0,1012.54156,20,1,0,0,0.49999999999999994,0.8660254037844387,67.27,68.18,70.0,3000.0,3000.0,3000.0,68.18285714285715,73.40933333333332,3000.0,3000.0
2025-01-21,66.36,3000.0,138.82,154.0,0,False,False,False,True,5.41,2.79723,15.347753,0.0,0.0,1011.12085,5.5160866,15.481917,0.0,0.0,1011.2375,2.9144642,14.397748,0.0,0.0,1011.2959,4.0731006,14.013249,0.0,0.0,1011.86676,21,1,1,0,0.49999999999999994,0.8660254037844387,66.82,67.73,69.55,3000.0,3000.0,3000.0,67.72714285714287,72.95466666666667,3000.0,3000.0
2025-01-22,65.91,3000.0,138.83,154.0,0,False,False,False,True,5.41,2.7397318,15.754001,0.0,0.0,1012.31683,5.6496367,15.8340025,0.0,0.0,1012.6792,3.5517943,14.683167,0.0,0.0,1012.5999,4.0981317,14.4590845,0.0,0.0,1012.76666,22,1,2,0,0.49999999999999994,0.8660254037844387,66.36,67.27,69.09,3000.0,3000.0,3000.0,67.27285714285713,72.5,3000.0,3000.0
2025-01-23,65.45,3000.0,138.42,154.0,0,False,False,False,True,5.41,3.6936893,14.560252,0.0,0.0,1012.8835,5.6761513,14.831914,0.0,0.0,1013.0791,3.2694407,13.868583,0.0,0.0,1012.9626,4.088762,14.219501,0.0,0.0,1013.45404,23,1,3,0,0.49999999999999994,0.8660254037844387,65.91,66.82,68.64,3000.0,3000.0,3000.0,66.81714285714285,72.04533333333333,3000.0,3000.0
2025-01-24,65.0,3000.0,138.64,154.0,0,False,False,False,True,5.41,4.3920336,12.774834,0.0,0.0,1012.05835,6.936621,13.034,0.0,0.0,1012.54156,3.5188868,12.743585,0.0,0.0,1012.1499,5.5984235,14.217418,0.0,0.0,1012.2751,24,1,4,0,0.49999999999999994,0.8660254037844387,65.45,66.36,68.18,3000.0,3000.0,3000.0,66.36285714285714,71.59066666666668,3000.0,3000.0
2025-01-25,64.55,3000.0,138.24,154.0,0,False,False,False,True,5.41,4.218018,11.220668,0.0,0.0,1013.18744,3.9839714,11.404834,0.0,0.0,1013.2043,3.2870588,11.449834,0.1,0.1,1013.49585,3.1727102,14.265332,0.0,0.0,1013.83344,25,1,5,1,0.49999999999999994,0.8660254037844387,65.0,65.91,67.73,3000.0,3000.0,3000.0,65.90857142857142,71.13633333333333,3000.0,3000.0
2025-01-26,64.09,3000.0,138.24,154.0,0,False,False,False,True,5.41,3.2428389,11.1727495,0.0,0.0,1014.5749,4.0415163,11.942333,0.0,0.0,1014.76666,4.2429767,12.181084,0.4,0.4,1014.66675,4.737639,15.686169,0.0,0.0,1013.93744,26,1,6,1,0.49999999999999994,0.8660254037844387,64.55,65.45,67.27,3000.0,3000.0,3000.0,65.4542857142857,70.68166666666666,3000.0,3000.0
2025-01-27,63.64,3000.0,138.24,154.0,0,False,False,False,True,5.41,4.2337475,12.383167,0.0,0.0,1011.9709,3.4625053,12.004834,0.0,0.0,1012.3459,3.7066987,12.016501,0.0,0.0,1012.3125,4.5269494,15.252835,0.0,0.0,1011.4626,27,1,0,0,0.49999999999999994,0.8660254037844387,64.09,65.0,66.82,3000.0,3000.0,3000.0,65.0,70.22733333333333,3000.0,3000.0
2025-01-28,63.18,3000.0,138.46,154.0,0,False,False,False,True,5.41,5.5767803,11.941502,0.0,0.0,1013.054,3.3332283,12.348583,0.2,0.2,1013.6833,3.5196114,12.122752,0.0,0.0,1013.5291,3.085326,15.744499,0.0,0.0,1012.75,28,1,1,0,0.49999999999999994,0.8660254037844387,63.64,64.55,66.36,3000.0,3000.0,3000.0,64.54571428571428,69.77266666666668,3000.0,3000.0
2025-01-29,62.73,3000.0,138.74,154.0,0,False,False,False,True,5.41,3.8507478,12.49775,0.0,0.0,1015.77094,3.4685402,12.911083,0.1,0.1,1016.11664,2.4095352,13.395667,0.0,0.0,1015.8875,3.4004662,16.207003,0.0,0.0,1014.8665,29,1,2,0,0.49999999999999994,0.8660254037844387,63.18,64.09,65.91,3000.0,3000.0,3000.0,64.09142857142857,69.31833333333333,3000.0,3000.0
2025-01-30,62.27,3000.0,138.77,154.0,0,False,False,False,True,5.41,3.8428698,12.739417,0.0,0.0,1011.425,5.6808205,12.596501,0.0,0.0,1011.5916,3.042793,13.322749,0.0,0.0,1011.5457,5.4916325,15.844501,0.0,0.0,1010.71674,30,1,3,0,0.49999999999999994,0.8660254037844387,62.73,63.64,65.45,3000.0,3000.0,3000.0,63.63714285714286,68.86366666666667,3000.0,3000.0
2025-01-31,61.82,3000.0,138.91,154.0,0,False,False,False,True,5.41,4.230147,12.953999,0.0,0.0,1011.2707,4.1890216,12.91525,0.0,0.0,1011.6418,3.223148,12.889417,0.0,0.0,1011.70013,4.8518844,15.277835,0.0,0.0,1010.86255,31,1,4,0,0.49999999999999994,0.8660254037844387,62.27,63.18,65.0,3000.0,3000.0,3000.0,63.182857142857145,68.40933333333334,3000.0,3000.0
2025-02-01,61.36,3000.0,138.88,154.0,0,False,False,False,True,4.16,3.4902184,13.94775,0.0,0.0,1012.9751,5.3904705,13.306914,0.0,0.0,1013.36664,2.6122334,13.481084,0.0,0.0,1013.08325,5.4107933,15.409081,0.0,0.0,1012.4292,1,2,5,1,0.8660254037844386,0.5000000000000001,61.82,62.73,64.55,3000.0,3000.0,3000.0,62.72714285714286,67.95466666666667,3000.0,3000.0
2025-02-02,60.91,3000.0,138.88,154.0,0,False,False,False,True,4.16,4.104166,14.176918,0.0,0.0,1012.71265,5.3539925,13.419415,0.0,0.0,1013.19977,3.2836182,13.099834,0.0,0.0,1013.11676,5.9979763,15.300751,0.0,0.0,1011.80426,2,2,6,1,0.8660254037844386,0.5000000000000001,61.36,62.27,64.09,3000.0,3000.0,3000.0,62.27285714285714,67.5,3000.0,3000.0
2025-02-03,60.45,3000.0,138.88,154.0,0,False,False,False,True,4.16,3.8390083,14.158168,0.0,0.0,1012.79584,2.909751,13.31525,0.0,0.0,1013.21674,4.3694386,12.137333,0.0,0.0,1013.6875,4.6481943,15.361167,0.0,0.0,1012.85846,3,2,0,0,0.8660254037844386,0.5000000000000001,60.91,61.82,63.64,3000.0,3000.0,3000.0,61.817142857142855,67.04533333333333,3000.0,3000.0
2025-02-04,60.0,3000.0,139.8,154.0,0,False,False,False,True,4.16,2.6202567,14.147752,0.0,0.0,1013.96674,4.636075,14.11525,0.0,0.0,1014.1958,1.8447903,13.5581665,0.0,0.0,1014.13745,4.9111695,16.679916,0.0,0.0,1012.9543,4,2,1,0,0.8660254037844386,0.5000000000000001,60.45,61.36,63.18,3000.0,3000.0,3000.0,61.36285714285714,66.59066666666666,3000.0,3000.0
2025-02-05,59.55,3000.0,139.62,154.0,0,False,False,False,True,4.16,3.8023405,16.389418,0.0,0.0,1011.6626,9.081569,15.263165,0.3,0.3,1012.53754,4.580631,15.712334,0.0,0.0,1011.9292,8.779919,17.992418,0.0,0.0,1010.3459,5,2,2,0,0.8660254037844386,0.5000000000000001,60.0,60.91,62.73,3000.0,3000.0,3000.0,60.90857142857143,66.13633333333333,3000.0,3000.0
2025-02-06,59.09,3000.0,140.25,154.0,0,False,False,False,True,4.16,4.050354,14.654002,0.0,0.0,1011.7625,5.1319804,14.35275,0.0,0.0,1012.32074,3.1086712,13.899834,0.0,0.0,1012.1541,9.969486,16.78617,0.0,0.0,1011.43756,6,2,3,0,0.8660254037844386,0.5000000000000001,59.55,60.45,62.27,3000.0,3000.0,3000.0,60.45428571428571,65.68166666666667,3000.0,3000.0
2025-02-07,58.64,3000.0,140.43,154.0,0,False,False,False,True,4.16,4.08943,13.458167,0.0,0.0,1012.39996,4.756042,13.848583,0.0,0.0,1012.58746,3.6017969,12.910251,0.0,0.0,1012.7874,8.482158,14.404918,0.0,0.0,1013.02075,7,2,4,0,0.8660254037844386,0.5000000000000001,59.09,60.0,61.82,3000.0,3000.0,3000.0,60.0,65.22733333333333,3000.0,3000.0
2025-02-08,58.18,3000.0,140.19,154.0,0,False,False,False,True,4.16,4.460982,12.664417,0.0,0.0,1013.625,2.6703207,13.011083,0.0,0.0,1013.8999,4.7219834,11.6414995,0.0,0.0,1014.36255,3.6071198,14.757001,0.0,0.0,1014.40826,8,2,5,1,0.8660254037844386,0.5000000000000001,58.64,59.55,61.36,3000.0,3000.0,3000.0,59.54571428571428,64.77266666666667,3000.0,3000.0
2025-02-09,57.73,3000.0,140.19,154.0,0,False,False,False,True,4.16,4.4184613,12.720666,0.0,0.0,1013.6292,4.1119714,11.979833,0.0,0.0,1014.1125,3.3687618,12.020667,0.0,0.0,1014.1416,5.11625,15.779918,0.0,0.0,1013.1624,9,2,6,1,0.8660254037844386,0.5000000000000001,58.18,59.09,60.91,3000.0,3000.0,3000.0,59.09142857142857,64.31833333333333,3000.0,3000.0
2025-02-10,57.27,3000.0,140.19,154.0,0,False,False,False,True,4.16,3.9601717,13.335251,0.0,0.0,1013.64185,5.3553376,12.748585,0.0,0.0,1014.2959,2.1113288,12.791501,0.1,0.1,1014.0208,5.6766987,16.838251,0.0,0.0,1012.7,10,2,0,0,0.8660254037844386,0.5000000000000001,57.73,58.64,60.45,3000.0,3000.0,3000.0,58.63714285714286,63.86366666666667,3000.0,3000.0
2025-02-11,56.82,3000.0,140.27,154.0,0,False,False,False,True,4.16,4.9019966,13.829001,0.1,0.1,1011.7251,6.222044,13.448582,0.0,0.0,1012.43756,3.6422427,13.5894165,0.0,0.0,1012.33746,6.446007,16.904917,0.0,0.0,1010.96674,11,2,1,0,0.8660254037844386,0.5000000000000001,57.27,58.18,60.0,3000.0,3000.0,3000.0,58.182857142857145,63.40933333333333,3000.0,3000.0
2025-02-12,56.36,3000.0,139.23,154.0,0,False,False,False,True,4.16,5.16605,13.24775,0.0,0.0,1011.8083,5.154166,12.823585,0.0,0.0,1012.52924,3.2124844,13.185249,0.0,0.0,1012.3916,5.434651,17.002832,0.0,0.0,1010.9126,12,2,2,0,0.8660254037844386,0.5000000000000001,56.82,57.73,59.55,3000.0,3000.0,3000.0,57.72714285714286,62.95466666666667,3000.0,3000.0
2025-02-13,55.91,3000.0,139.34,154.0,0,False,False,False,True,4.16,6.1878257,12.858167,0.0,0.0,1010.5959,4.3223834,12.244418,0.0,0.0,1011.37085,4.813062,12.3498335,0.0,0.0,1011.3625,8.343762,16.402834,0.0,0.0,1010.55414,13,2,3,0,0.8660254037844386,0.5000000000000001,56.36,57.27,59.09,3000.0,3000.0,3000.0,57.27285714285714,62.5,3000.0,3000.0
2025-02-14,55.45,3000.0,139.34,154.0,0,False,False,False,True,4.16,5.44882,12.274833,0.0,0.0,1010.12506,3.3610222,11.97775,0.0,0.0,1010.51263,5.20204,11.035251,0.0,0.0,1010.7458,5.2207747,14.934083,0.0,0.0,1010.73737,14,2,4,0,0.8660254037844386,0.5000000000000001,55.91,56.82,58.64,3000.0,3000.0,3000.0,56.817142857142855,62.04533333333333,3000.0,3000.0
2025-02-15,55.0,3000.0,139.22,154.0,0,False,False,False,True,4.16,5.0765615,12.299832,1.1,1.1,1011.95435,3.9246628,11.39025,0.1,0.1,1012.57916,5.3764224,10.941501,0.0,0.0,1012.5125,5.884278,15.677834,0.0,0.0,1011.64984,15,2,5,1,0.8660254037844386,0.5000000000000001,55.45,56.36,58.18,3000.0,3000.0,3000.0,56.36285714285714,61.59066666666667,3000.0,3000.0
2025-02-16,55.0,5000.0,139.22,156.0,0,False,False,False,True,4.16,4.4938874,13.3914995,0.0,0.0,1012.8333,4.756517,11.729832,0.0,0.0,1013.6585,4.1163454,12.278999,0.0,0.0,1013.53326,5.808084,16.732,0.0,0.0,1012.06665,16,2,6,1,0.8660254037844386,0.5000000000000001,55.0,55.91,57.73,3000.0,3000.0,3000.0,55.972857142857144,61.15133333333333,3066.6666666666665,3022.222222222222
2025-02-17,55.0,5000.0,139.22,156.0,0,False,False,False,True,4.16,4.7429,12.941503,0.4,0.4,1016.20404,3.5971782,11.917332,0.70000005,0.70000005,1016.92487,2.016927,12.576916,0.5,0.5,1016.5876,6.706494,18.423666,0.0,0.0,1014.64166,17,2,0,0,0.8660254037844386,0.5000000000000001,55.0,55.45,57.27,5000.0,3000.0,3000.0,55.64857142857142,60.727,3133.3333333333335,3044.4444444444443
2025-02-18,55.0,5000.0,139.31,156.0,0,False,False,False,True,4.16,6.2039237,12.604001,7.8,7.8,1015.2417,3.456475,12.013165,1.3000001,1.3000001,1016.1248,2.8141344,12.922749,1.4,1.4,1015.7625,6.309023,17.715334,0.0,0.0,1013.64166,18,2,1,0,0.8660254037844386,0.5000000000000001,55.0,55.0,56.82,5000.0,3000.0,3000.0,55.388571428571424,60.318,3200.0,3066.6666666666665
2025-02-19,55.0,5000.0,139.43,156.0,0,False,False,False,True,4.16,4.9961534,13.129001,0.3,0.3,1014.02924,4.119413,12.2965,0.4,0.4,1014.90424,2.6327105,13.020668,0.2,0.2,1014.68744,4.61357,18.271585,0.0,0.0,1012.55005,19,2,2,0,0.8660254037844386,0.5000000000000001,55.0,55.0,56.36,5000.0,3000.0,3000.0,55.19428571428572,59.924,3266.6666666666665,3088.8888888888887
2025-02-20,55.0,3750.0,139.43,156.0,0,False,False,False,True,4.16,5.493193,14.024835,0.0,0.0,1016.1209,3.4634554,13.671498,0.0,0.0,1017.1165,2.3378358,14.285253,0.0,0.0,1016.6711,5.570303,19.246582,0.0,0.0,1014.27075,20,2,3,0,0.8660254037844386,0.5000000000000001,55.0,55.0,55.91,5000.0,3000.0,3000.0,55.06428571428571,59.54533333333333,3291.6666666666665,3097.222222222222
2025-02-21,55.0,3750.0,138.96,156.0,0,False,False,False,True,4.16,6.730284,13.239417,0.8,0.8,1016.42914,5.7994275,12.942334,0.4,0.4,1017.50433,3.3492603,13.65817,0.0,0.0,1016.90826,7.618275,19.457003,0.0,0.0,1014.075,21,2,4,0,0.8660254037844386,0.5000000000000001,55.0,55.0,55.45,3750.0,3000.0,3000.0,55.0,59.181666666666665,3316.6666666666665,3105.5555555555557
2025-02-22,45.0,3750.0,139.05,156.0,0,False,False,False,True,4.16,5.7619386,14.020668,0.0,0.0,1015.4167,4.2136617,13.592332,0.0,0.0,1016.55005,2.7535038,14.406083,0.0,0.0,1016.175,5.774282,18.829916,0.0,0.0,1013.90405,22,2,5,1,0.8660254037844386,0.5000000000000001,55.0,55.0,55.0,3750.0,3000.0,3000.0,53.57142857142857,58.5,3341.6666666666665,3113.8888888888887
2025-02-23,45.0,2000.0,139.05,156.0,0,False,False,False,True,4.16,5.8185024,13.395665,0.1,0.1,1017.11255,2.5021038,12.181916,3.7,3.7,1018.49994,2.3384254,12.697751,1.4000001,1.4000001,1018.2375,5.7503757,18.846582,0.0,0.0,1015.91656,23,2,6,1,0.8660254037844386,0.5000000000000001,45.0,55.0,55.0,3750.0,5000.0,3000.0,52.142857142857146,57.833333333333336,3308.3333333333335,3102.777777777778
2025-02-24,45.0,2000.0,139.05,156.0,0,False,False,False,True,4.16,5.247759,12.618585,4.1,4.1,1018.76263,3.7783682,11.788167,0.9000001,0.9000001,1019.7541,2.445019,12.251916,0.90000004,0.90000004,1019.42914,5.765049,18.867418,0.0,0.0,1016.9876,24,2,0,0,0.8660254037844386,0.5000000000000001,45.0,55.0,55.0,2000.0,5000.0,3000.0,50.714285714285715,57.181666666666665,3275.0,3091.6666666666665
2025-02-25,45.0,5331.0,139.02,156.0,0,False,False,False,True,4.16,4.572468,14.147751,0.0,0.0,1019.1667,3.576246,13.392331,0.2,0.2,1019.94165,3.0216122,13.714419,0.0,0.0,1019.81665,5.9628434,18.946585,0.0,0.0,1017.68756,25,2,1,0,0.8660254037844386,0.5000000000000001,45.0,45.0,55.0,2000.0,5000.0,3000.0,49.285714285714285,56.54533333333333,3352.7,3117.5666666666666
2025-02-26,45.0,5331.0,139.84,156.0,0,False,False,False,True,4.16,5.3104734,14.753999,0.0,0.0,1019.32916,4.3060956,14.636085,0.0,0.0,1020.1626,4.1205482,14.218583,0.0,0.0,1020.09174,5.7850776,19.704918,0.0,0.0,1017.8042,26,2,2,0,0.8660254037844386,0.5000000000000001,45.0,45.0,55.0,5331.0,5000.0,3000.0,47.857142857142854,55.924,3430.4,3143.4666666666667
2025-02-27,45.0,5331.0,139.84,156.0,0,False,False,False,True,4.16,5.51736,15.018584,0.0,0.0,1016.80835,3.7744665,13.944416,0.1,0.1,1017.9041,2.7041264,14.220669,0.0,0.0,1017.51666,5.7442365,20.246584,0.0,0.0,1015.07495,27,2,3,0,0.8660254037844386,0.5000000000000001,45.0,45.0,55.0,5331.0,3750.0,3000.0,46.42857142857143,55.318,3508.1,3169.366666666667
2025-02-28,45.0,5331.0,139.83,156.0,0,False,False,False,True,4.16,4.166137,13.881084,7.7,7.7,1016.55835,4.744065,13.242333,0.5,0.5,1017.5457,5.3884683,14.826919,0.70000005,0.70000005,1016.82916,5.780167,20.440334,0.0,0.0,1013.44165,28,2,4,0,0.8660254037844386,0.5000000000000001,45.0,45.0,55.0,5331.0,3750.0,3000.0,45.0,54.727,3585.8,3195.266666666667
2025-03-01,45.0,5331.0,140.3,155.0,0,False,False,True,False,3.75,6.494633,14.862332,1.5999999,1.5999999,1013.5083,4.8651977,14.586082,0.6,0.6,1014.7666,3.7009904,15.324836,1.4000001,1.4000001,1014.2791,10.007365,21.452833,0.0,0.0,1010.4958,1,3,5,1,1.0,6.123233995736766e-17,45.0,45.0,45.0,5331.0,3750.0,3000.0,45.0,54.15133333333333,3663.5,3221.1666666666665
2025-03-02,45.0,5331.0,140.3,155.0,0,False,False,True,False,3.75,4.7570896,15.110251,0.0,0.0,1009.3418,5.6027813,15.263167,0.0,0.0,1010.06256,4.144817,15.356084,0.0,0.0,1009.77924,13.4826975,21.3695,0.0,0.0,1007.28326,2,3,6,1,1.0,6.123233995736766e-17,45.0,45.0,45.0,5331.0,2000.0,3000.0,45.0,53.59066666666667,3741.2,3247.0666666666666
2025-03-03,45.0,5331.0,140.3,155.0,0,False,False,True,False,3.75,5.6721883,15.664418,0.0,0.0,1010.071,4.3829713,15.869416,0.0,0.0,1010.87915,3.6180713,15.166501,0.0,0.0,1010.82495,9.948203,19.494501,0.0,0.0,1008.89575,3,3,0,0,1.0,6.123233995736766e-17,45.0,45.0,45.0,5331.0,2000.0,3000.0,45.0,53.04533333333333,3818.9,3272.9666666666667
2025-03-04,37.44,5331.0,140.1,155.0,0,False,False,True,False,3.75,4.687772,16.037333,0.0,0.0,1010.021,7.920545,15.784,0.0,0.0,1010.77075,4.0182834,16.033167,0.0,0.0,1010.13763,11.95734,20.548666,0.0,0.0,1008.3542,4,3,1,0,1.0,6.123233995736766e-17,45.0,45.0,45.0,5331.0,5331.0,3000.0,43.92,52.263000000000005,3896.6,3298.866666666667
2025-03-05,29.89,5331.0,139.93,155.0,1,False,False,True,False,3.75,5.7093225,14.835251,0.1,0.1,1008.16656,5.3545933,14.883999,0.0,0.0,1008.60004,4.8268185,14.239417,0.0,0.0,1008.5583,12.819062,19.500753,0.0,0.0,1007.64154,5,3,2,0,1.0,6.123233995736766e-17,37.44,45.0,45.0,5331.0,5331.0,3000.0,41.761428571428574,51.24433333333333,3974.3,3324.766666666667
2025-03-06,22.33,5331.0,139.44,155.0,1,False,False,True,False,3.75,5.8947144,14.766501,0.0,0.0,1011.47076,4.915041,14.306916,1.1,1.1,1012.45825,5.526024,14.020665,0.0,0.0,1012.39575,5.0425344,18.227833,0.0,0.0,1011.2249,6,3,3,0,1.0,6.123233995736766e-17,29.89,45.0,45.0,5331.0,5331.0,3000.0,38.52285714285715,49.98866666666667,4052.0,3350.6666666666665
2025-03-07,22.33,5331.0,139.69,155.0,1,False,False,True,False,3.75,4.18418,14.233169,0.3,0.3,1011.09174,2.5898545,13.644416,5.600001,5.600001,1012.01245,1.8882232,14.762333,0.6,0.6,1011.37085,5.2727895,19.327833,0.0,0.0,1009.4001,7,3,4,0,1.0,6.123233995736766e-17,22.33,37.44,45.0,5331.0,5331.0,3000.0,35.284285714285716,48.748000000000005,4129.7,3376.5666666666666
2025-03-08,22.33,5331.0,139.3,155.0,1,False,False,True,False,3.75,4.7701087,14.810249,3.3999994,3.3999994,1010.4792,2.6499114,13.821502,2.0,2.0,1011.4417,3.2624705,14.439418,2.4,2.4,1010.98755,4.8105607,20.152834,0.0,0.0,1008.60834,8,3,5,1,1.0,6.123233995736766e-17,22.33,29.89,45.0,5331.0,5331.0,3000.0,32.04571428571428,47.52266666666666,4207.4,3402.4666666666667
2025-03-09,22.33,5331.0,139.3,155.0,1,False,False,True,False,3.75,5.2631803,15.316501,0.0,0.0,1015.35834,2.2586162,13.927751,2.2999997,2.2999997,1016.9167,2.2210813,15.3665,1.1,1.1,1016.2917,6.6088066,21.275751,0.0,0.0,1013.3459,9,3,6,1,1.0,6.123233995736766e-17,22.33,22.33,45.0,5331.0,5331.0,3000.0,28.807142857142857,46.312333333333335,4285.1,3428.366666666667
2025-03-10,22.33,5331.0,139.3,155.0,1,False,False,True,False,3.75,5.269611,16.1165,1.1,1.1,1018.06274,3.8135183,14.892334,3.1999998,3.1999998,1019.27094,3.049648,17.058168,0.0,0.0,1018.3208,5.764614,22.13617,0.0,0.0,1015.16656,10,3,0,0,1.0,6.123233995736766e-17,22.33,22.33,45.0,5331.0,5331.0,3000.0,25.568571428571424,45.117333333333335,4362.8,3454.266666666667
2025-03-11,22.33,4620.0,140.04,155.0,1,False,False,True,False,3.75,4.8767433,16.69775,0.6,0.6,1014.4084,3.3286486,15.217334,0.70000005,0.70000005,1016.02094,3.2001264,16.408167,1.2000002,1.2000002,1015.51666,6.184307,22.475754,0.0,0.0,1011.86664,11,3,1,0,1.0,6.123233995736766e-17,22.33,22.33,37.44,5331.0,5331.0,3000.0,23.409999999999997,43.93733333333333,4416.8,3472.266666666667
2025-03-12,22.33,4620.0,139.85,155.0,1,False,False,True,False,3.75,6.512636,16.704,9.8,9.8,1010.07495,3.5431213,15.042333,2.1000001,2.1000001,1011.78326,2.4777343,16.41025,1.1,1.1,1011.08344,7.052965,23.448668,0.0,0.0,1007.21246,12,3,2,0,1.0,6.123233995736766e-17,22.33,22.33,29.89,4620.0,5331.0,3000.0,22.33,42.772666666666666,4470.8,3490.266666666667
2025-03-13,22.33,4620.0,139.84,155.0,1,False,False,True,False,3.75,7.257751,15.170667,11.200001,11.200001,1009.67487,4.090829,15.031917,2.4,2.4,1010.8083,4.2398148,16.318583,4.0,4.0,1010.1917,8.745353,23.252832,0.4,0.4,1006.4751,13,3,3,0,1.0,6.123233995736766e-17,22.33,22.33,22.33,4620.0,5331.0,3000.0,22.33,41.623000000000005,4524.8,3508.266666666667
2025-03-14,22.33,4620.0,139.5,155.0,1,False,False,True,False,3.75,5.900328,17.889416,0.0,0.0,1010.0625,6.562262,16.927748,0.0,0.0,1011.4792,3.7948148,18.012335,0.0,0.0,1010.9126,8.426955,23.20075,0.0,0.0,1007.4583,14,3,4,0,1.0,6.123233995736766e-17,22.33,22.33,22.33,4620.0,5331.0,3000.0,22.33,40.48866666666666,4578.8,3526.266666666667
2025-03-15,22.33,4620.0,139.5,155.0,1,False,False,True,False,3.75,5.7823586,19.095667,0.3,0.3,1012.0959,6.578119,18.061083,0.1,0.1,1013.73773,5.414453,18.910254,0.0,0.0,1013.17926,7.772321,24.1695,0.0,0.0,1008.71246,15,3,5,1,1.0,6.123233995736766e-17,22.33,22.33,22.33,4620.0,5331.0,3000.0,22.33,39.36933333333334,4632.8,3544.266666666667
2025-03-16,22.33,4620.0,139.5,151.0,1,False,False,True,False,3.75,6.4567533,17.989418,5.0,5.0,1012.1418,5.007443,17.638166,1.7,1.7,1013.9084,5.2610826,17.841501,0.1,0.1,1013.52094,7.5285707,23.982002,0.0,0.0,1008.0208,16,3,6,1,1.0,6.123233995736766e-17,22.33,22.33,22.33,4620.0,5331.0,3000.0,22.33,38.26533333333334,4686.8,3562.266666666667
2025-03-17,22.33,4620.0,139.5,151.0,1,False,False,True,False,3.75,6.3380084,18.099833,0.0,0.0,1010.7959,5.8288217,17.544416,0.1,0.1,1012.05005,4.5850196,17.341501,0.0,0.0,1011.91254,12.244571,24.434082,0.0,0.0,1007.2458,17,3,0,0,1.0,6.123233995736766e-17,22.33,22.33,22.33,4620.0,5331.0,3000.0,22.33,37.17633333333333,4740.8,3580.266666666667
2025-03-18,22.33,4620.0,139.19,151.0,1,False,False,True,False,3.75,4.912553,16.881084,0.0,0.0,1010.85425,4.454624,16.879831,0.0,0.0,1011.6667,2.951009,16.879,0.0,0.0,1011.3293,12.673715,22.77575,0.0,0.0,1008.7542,18,3,1,0,1.0,6.123233995736766e-17,22.33,22.33,22.33,4620.0,4620.0,5000.0,22.33,36.08733333333334,4728.133333333333,3598.266666666667
2025-03-19,17.67,1500.0,138.82,151.0,1,False,False,True,False,3.75,5.4576707,18.454002,0.0,0.0,1013.55,5.3111215,17.821499,0.0,0.0,1014.6709,4.4784236,17.747755,0.0,0.0,1014.4417,7.383367,22.307001,0.0,0.0,1011.51245,19,3,2,0,1.0,6.123233995736766e-17,22.33,22.33,22.33,4620.0,4620.0,5000.0,21.664285714285715,34.842999999999996,4611.466666666666,3581.6
2025-03-20,18.33,400.0,138.62,151.0,1,False,False,True,False,3.75,5.2502666,18.670668,0.0,0.0,1015.2083,6.675915,18.338167,0.1,0.1,1016.45,3.66578,18.458166,0.0,0.0,1015.97906,7.0024276,22.565332,0.0,0.0,1012.78345,20,3,3,0,1.0,6.123233995736766e-17,17.67,22.33,22.33,1500.0,4620.0,5000.0,21.092857142857138,33.620666666666665,4458.133333333333,3552.711111111111
2025-03-21,18.33,400.0,138.5,151.0,1,False,False,True,False,3.75,6.815741,16.668581,3.3,3.3,1014.99567,5.414388,16.567331,1.0,1.0,1016.40826,3.50784,16.75817,1.2,1.2,1015.95416,5.2555733,21.727837,9.6,9.6,1012.9294,21,3,4,0,1.0,6.123233995736766e-17,18.33,22.33,22.33,400.0,4620.0,5000.0,20.52142857142857,32.39833333333333,4304.8,3523.822222222222
2025-03-22,22.33,500.0,137.86,151.0,1,False,False,True,False,3.75,5.522526,15.308167,0.6,0.6,1015.42084,2.9268208,15.200665,1.5,1.5,1016.7751,2.727501,15.841499,3.9,3.9,1016.2666,8.434357,21.615335,3.8,3.8,1013.28754,22,3,5,1,1.0,6.123233995736766e-17,18.33,17.67,22.33,400.0,4620.0,3750.0,20.52142857142857,31.30933333333333,4196.466666666666,3496.0444444444443
2025-03-23,22.33,10000.0,137.86,151.0,1,False,False,True,False,3.75,5.586003,15.899835,0.0,0.0,1016.27496,4.0006537,14.667335,4.6,4.6,1017.6667,3.268583,15.726918,0.0,0.0,1017.10004,6.076966,22.3945,0.0,0.0,1014.0959,23,3,6,1,1.0,6.123233995736766e-17,22.33,18.33,22.33,500.0,4620.0,3750.0,20.52142857142857,30.220333333333333,4404.8,3573.822222222222
2025-03-24,35.0,10000.0,137.86,151.0,1,False,False,True,False,3.75,5.6400256,16.71025,0.0,0.0,1015.97504,4.6061506,16.686083,0.0,0.0,1017.05426,3.2337463,17.3915,0.0,0.0,1016.5667,6.908884,23.531998,0.0,0.0,1013.6543,24,3,0,0,1.0,6.123233995736766e-17,22.33,18.33,22.33,10000.0,4620.0,3750.0,22.33142857142857,29.887,4613.133333333333,3651.6
2025-03-25,35.0,2875.0,137.32,151.0,1,False,False,True,False,3.75,5.0713353,18.749834,0.0,0.0,1011.2458,4.6416535,18.12358,0.0,0.0,1012.38336,3.8766387,18.383165,0.0,0.0,1012.0501,7.856417,23.81742,0.0,0.0,1008.57916,25,3,1,0,1.0,6.123233995736766e-17,35.0,22.33,22.33,10000.0,4620.0,2000.0,24.141428571428573,29.55366666666667,4642.3,3650.211111111111
2025-03-26,35.0,10000.0,137.52,151.0,0,False,False,True,False,3.75,5.861155,19.751919,0.0,0.0,1008.32916,5.086056,18.700666,0.0,0.0,1009.9751,3.3527973,19.662334,0.0,0.0,1009.29584,6.7089005,24.463251,0.0,0.0,1005.6958,26,3,2,0,1.0,6.123233995736766e-17,35.0,22.33,17.67,2875.0,1500.0,2000.0,26.617142857142856,29.220333333333333,4908.966666666666,3727.988888888889
2025-03-27,35.0,2625.0,137.44,151.0,0,False,False,True,False,3.75,5.9642067,21.03525,0.0,0.0,1006.1375,3.994644,20.288166,0.0,0.0,1007.8792,4.221553,20.63317,0.0,0.0,1007.39594,7.4693627,25.654917,0.0,0.0,1003.17084,27,3,3,0,1.0,6.123233995736766e-17,35.0,35.0,18.33,10000.0,400.0,5331.0,28.99857142857143,28.887,4818.766666666666,3723.822222222222
2025-03-28,35.0,2625.0,137.56,151.0,0,False,False,True,False,3.75,5.309816,21.589417,0.2,0.2,1006.14166,6.2618623,20.967333,0.0,0.0,1007.5667,2.770283,21.44567,0.0,0.0,1006.7874,8.9065695,26.792418,0.0,0.0,1002.8667,28,3,4,0,1.0,6.123233995736766e-17,35.0,35.0,18.33,2625.0,400.0,5331.0,31.38,28.55366666666667,4728.566666666667,3719.6555555555556
2025-03-29,35.0,2625.0,137.06,151.0,0,False,False,True,False,3.75,5.4770246,21.529,0.0,0.0,1006.4375,4.688051,20.598583,0.0,0.0,1007.87506,3.8866682,20.447752,0.0,0.0,1007.39996,6.9684753,23.432001,0.0,0.0,1004.55835,29,3,5,1,1.0,6.123233995736766e-17,35.0,35.0,22.33,2625.0,500.0,5331.0,33.19,28.220333333333333,4638.366666666667,3715.488888888889
2025-03-30,35.0,2625.0,137.06,151.0,0,False,False,True,False,3.75,5.0005784,21.014418,0.0,0.0,1009.95416,3.481156,20.423582,0.0,0.0,1011.16254,4.6788297,19.824835,0.0,0.0,1010.9709,4.800874,22.690332,0.0,0.0,1008.1042,30,3,6,1,1.0,6.123233995736766e-17,35.0,35.0,22.33,2625.0,10000.0,5331.0,35.0,27.887,4548.166666666667,3711.322222222222
2025-03-31,35.0,2625.0,137.06,149.0,0,False,False,True,False,3.75,4.699561,20.958168,0.0,0.0,1010.4583,5.492405,20.294413,0.0,0.0,1011.5625,3.199093,19.939419,0.0,0.0,1011.2749,5.856156,23.3445,0.0,0.0,1008.0042,31,3,0,0,1.0,6.123233995736766e-17,35.0,35.0,35.0,2625.0,10000.0,5331.0,35.0,27.55366666666667,4457.966666666666,3707.1555555555556
2025-04-01,45.0,2625.0,137.06,149.0,0,False,False,True,False,3.39,5.634192,20.67275,0.0,0.0,1009.8125,4.69285,19.986084,0.0,0.0,1011.3208,3.6663587,20.001917,0.0,0.0,1010.925,5.8802876,23.496582,0.0,0.0,1007.1292,1,4,1,0,0.8660254037844387,-0.4999999999999998,35.0,35.0,35.0,2625.0,2875.0,5331.0,36.42857142857143,27.55366666666667,4367.766666666666,3702.988888888889
2025-04-02,35.0,2625.0,137.06,149.0,0,False,False,True,False,3.39,5.0092807,20.574833,0.0,0.0,1011.56256,3.9868793,20.381914,0.0,0.0,1013.0916,3.507635,20.5165,0.0,0.0,1012.6001,5.246197,23.052835,0.0,0.0,1008.88763,2,4,2,0,0.8660254037844387,-0.4999999999999998,45.0,35.0,35.0,2625.0,10000.0,5331.0,36.42857142857143,27.220333333333333,4277.566666666667,3698.822222222222
2025-04-03,35.0,2625.0,137.1,149.0,0,False,False,True,False,3.39,5.3978057,19.924835,0.0,0.0,1012.6374,5.7459197,20.248583,0.0,0.0,1013.8875,2.8065188,20.564417,0.0,0.0,1013.3416,7.183302,23.6445,0.0,0.0,1009.6833,3,4,3,0,0.8660254037844387,-0.4999999999999998,35.0,35.0,35.0,2625.0,2625.0,5331.0,36.42857142857143,27.139,4187.366666666667,3694.6555555555556
2025-04-04,35.0,2000.0,137.0,149.0,0,False,False,True,False,3.39,5.423502,20.314417,0.0,0.0,1011.1001,5.8590417,20.123585,0.0,0.0,1012.6292,3.820117,20.54775,0.0,0.0,1012.10425,8.200739,24.250748,0.0,0.0,1008.2041,4,4,4,0,0.8660254037844387,-0.4999999999999998,35.0,45.0,35.0,2625.0,2625.0,5331.0,36.42857142857143,27.30933333333333,4076.3333333333335,3683.5444444444443
2025-04-05,35.0,2000.0,136.68,149.0,0,False,False,True,False,3.39,6.237491,20.208168,0.0,0.0,1009.1916,4.4457803,20.333998,0.0,0.0,1011.00415,3.701021,20.7665,0.0,0.0,1010.3542,7.2360206,24.06325,0.0,0.0,1006.3875,5,4,5,1,0.8660254037844387,-0.4999999999999998,35.0,35.0,35.0,2000.0,2625.0,5331.0,36.42857142857143,27.731666666666666,3965.3,3672.4333333333334
2025-04-06,35.0,2000.0,136.68,149.0,0,False,False,True,False,3.39,6.5270977,21.447752,0.0,0.0,1009.59576,4.2845287,20.852749,0.0,0.0,1011.55,3.9125729,21.02275,0.0,0.0,1010.9124,7.522969,26.14242,0.0,0.0,1006.60406,6,4,6,1,0.8660254037844387,-0.4999999999999998,35.0,35.0,35.0,2000.0,2625.0,5331.0,36.42857142857143,28.154,3854.266666666667,3661.322222222222
2025-04-07,35.0,1500.0,136.68,149.0,0,False,False,True,False,3.39,5.239736,21.306084,0.0,0.0,1012.97925,3.634333,20.917334,0.0,0.0,1014.43335,3.4758081,20.870667,0.0,0.0,1013.8416,10.764035,27.815336,0.0,0.0,1009.99585,7,4,0,0,0.8660254037844387,-0.4999999999999998,35.0,35.0,35.0,2000.0,2625.0,5331.0,36.42857142857143,28.57633333333333,3726.5666666666666,3644.6555555555556
2025-04-08,35.0,3400.0,137.64,149.0,0,False,False,True,False,3.39,4.28714,20.333166,2.0,2.0,1015.89185,2.8440723,18.942335,7.4999995,7.4999995,1017.9292,2.587743,19.622751,9.7,9.7,1017.01666,11.053619,28.161165,0.0,0.0,1012.0417,8,4,1,0,0.8660254037844387,-0.4999999999999998,35.0,35.0,45.0,1500.0,2625.0,5331.0,35.0,28.99866666666667,3662.2,3649.1
2025-04-09,35.0,2675.0,138.33,149.0,0,False,False,True,False,3.39,5.476209,20.966501,0.5,0.5,1012.93335,2.983794,19.690248,0.70000005,0.70000005,1014.875,3.8326397,19.9665,0.5,0.5,1014.2417,9.208775,26.963251,3.1999998,3.1999998,1009.79987,9,4,2,0,0.8660254037844387,-0.4999999999999998,35.0,35.0,35.0,3400.0,2625.0,5331.0,35.0,29.421,3573.6666666666665,3645.488888888889
2025-04-10,35.0,2200.0,139.01,149.0,0,False,False,True,False,3.39,4.972615,17.93525,6.7,6.7,1009.13763,3.8571732,16.79025,19.500002,19.500002,1010.88336,2.596482,18.024837,7.4000006,7.4000006,1010.00433,8.147359,24.571585,7.6,7.6,1006.3498,10,4,3,0,0.8660254037844387,-0.4999999999999998,35.0,35.0,35.0,2675.0,2625.0,4620.0,35.0,29.84333333333333,3493.0,3636.6
2025-04-11,35.0,2200.0,139.01,149.0,0,False,False,True,False,3.39,4.7616553,16.889418,15.000001,15.000001,1008.13354,3.7027762,16.725668,18.3,18.3,1009.47504,3.2581356,17.787333,15.0,15.0,1008.7917,8.161143,24.871582,7.2999997,7.2999997,1005.25824,11,4,4,0,0.8660254037844387,-0.4999999999999998,35.0,35.0,35.0,2200.0,2000.0,4620.0,35.0,30.265666666666668,3412.3333333333335,3627.711111111111
2025-04-12,35.0,4000.0,137.97,149.0,0,False,False,True,False,3.39,4.6225142,18.499834,0.6,0.6,1009.32104,4.222339,17.98608,0.6,0.6,1010.62915,3.596792,18.939419,0.3,0.3,1009.9583,6.1328006,26.07367,0.5,0.5,1005.89166,12,4,5,1,0.8660254037844387,-0.4999999999999998,35.0,35.0,35.0,2200.0,2000.0,4620.0,35.0,30.688,3391.6666666666665,3638.822222222222
2025-04-13,35.0,4000.0,137.97,149.0,1,False,False,True,False,3.39,4.9731536,19.649834,0.0,0.0,1011.69586,3.4008293,18.834,0.3,0.3,1013.2249,2.9505017,19.118584,0.70000005,0.70000005,1012.5833,8.982461,25.900747,0.0,0.0,1008.8709,13,4,6,1,0.8660254037844387,-0.4999999999999998,35.0,35.0,35.0,4000.0,2000.0,4620.0,35.0,31.110333333333333,3371.0,3649.9333333333334
2025-04-14,35.0,3000.0,137.97,149.0,1,False,False,True,False,3.39,4.6164417,18.801916,5.9,5.9,1012.5542,4.262229,17.500666,0.2,0.2,1014.52094,3.668415,18.51025,2.1,2.1,1013.66254,6.560684,25.507004,0.2,0.2,1009.22504,14,4,0,0,0.8660254037844387,-0.4999999999999998,35.0,35.0,35.0,4000.0,1500.0,4620.0,35.0,31.532666666666668,3317.0,3649.9333333333334
2025-04-15,35.0,3000.0,137.97,146.0,0,False,False,True,False,3.39,4.379798,20.014416,0.1,0.1,1012.69574,2.5194864,18.675665,3.7,3.7,1014.53345,3.1366422,19.016502,0.8000001,0.8000001,1013.7834,7.146666,25.990332,0.1,0.1,1009.47076,15,4,1,0,0.8660254037844387,-0.4999999999999998,35.0,35.0,35.0,3000.0,3400.0,4620.0,35.0,31.955,3263.0,3649.9333333333334
2025-04-16,35.0,1500.0,137.54,146.0,0,False,False,True,False,3.39,4.405258,20.341501,1.3000001,1.3000001,1011.0583,4.194941,19.354834,1.3000001,1.3000001,1012.47925,3.5081356,20.264418,0.2,0.2,1011.58344,5.49692,27.275751,0.0,0.0,1007.64575,16,4,2,0,0.8660254037844387,-0.4999999999999998,35.0,35.0,35.0,3000.0,2675.0,4620.0,35.0,32.37733333333333,3159.0,3633.266666666667
2025-04-17,35.0,9575.0,137.39,146.0,0,False,False,True,False,3.39,5.3014674,18.829,7.3999996,7.3999996,1009.68756,3.4401839,18.365248,11.7,11.7,1011.13745,3.221882,19.270668,2.3999996,2.3999996,1010.3293,8.972238,26.463257,1.2,1.2,1006.2209,17,4,3,0,0.8660254037844387,-0.4999999999999998,35.0,35.0,35.0,1500.0,2200.0,4620.0,35.0,32.79966666666667,3324.1666666666665,3706.322222222222
2025-04-18,35.0,12000.0,136.9,146.0,0,False,False,True,False,3.39,4.0609136,19.764418,3.6000001,3.6000001,1008.3875,2.8460925,19.111084,0.5,0.5,1009.80835,4.503614,19.124834,3.2999997,3.2999997,1009.35846,9.78381,25.165337,24.0,24.0,1006.52496,18,4,4,0,0.8660254037844387,-0.4999999999999998,35.0,35.0,35.0,9575.0,2200.0,1500.0,35.0,33.37733333333333,3674.1666666666665,3806.322222222222
2025-04-19,35.0,7212.0,136.9,146.0,0,False,False,True,False,3.39,3.2871733,18.606085,16.4,16.4,1009.8083,2.938948,18.623583,9.0,9.0,1010.9666,2.438956,19.60817,5.3999996,5.3999996,1010.0125,6.582747,26.752836,0.2,0.2,1006.104,19,4,5,1,0.8660254037844387,-0.4999999999999998,35.0,35.0,35.0,12000.0,4000.0,400.0,35.0,33.933,3901.233333333333,3853.1222222222223
2025-04-20,35.0,7212.0,136.9,146.0,0,False,False,True,False,3.39,5.1664786,20.870668,0.3,0.3,1008.5793,5.2379045,20.450666,0.3,0.3,1010.0666,2.9897976,21.462334,0.4,0.4,1009.14166,5.5623055,28.109083,0.0,0.0,1004.9124,20,4,6,1,0.8660254037844387,-0.4999999999999998,35.0,35.0,35.0,7212.0,4000.0,400.0,35.0,34.48866666666666,4128.3,3899.9222222222224
2025-04-21,35.0,9800.0,136.9,146.0,0,False,False,True,False,3.39,5.7896047,22.591505,0.1,0.1,1009.7749,6.9382935,22.061083,0.0,0.0,1011.35834,4.023191,22.720667,0.1,0.1,1010.40826,8.4613085,29.444496,0.0,0.0,1005.9124,21,4,0,0,0.8660254037844387,-0.4999999999999998,35.0,35.0,35.0,7212.0,3000.0,500.0,35.0,34.910999999999994,4438.3,3975.4777777777776
2025-04-22,35.0,9800.0,136.51,146.0,0,False,False,True,False,3.39,6.6160316,23.526918,0.0,0.0,1008.77094,7.2609477,23.125664,0.0,0.0,1010.3875,3.355356,23.989416,0.0,0.0,1009.3293,8.248051,29.788252,0.0,0.0,1004.8418,22,4,1,0,0.8660254037844387,-0.4999999999999998,35.0,35.0,35.0,9800.0,3000.0,10000.0,35.0,35.333333333333336,4431.633333333333,4051.0333333333333
2025-04-23,35.0,3300.0,136.61,146.0,0,False,False,True,False,3.39,6.001297,23.674835,0.0,0.0,1004.94995,5.590683,22.821497,0.0,0.0,1006.7292,3.3135073,23.512337,0.0,0.0,1005.925,10.5087,28.60283,0.0,0.0,1001.6457,23,4,2,0,0.8660254037844387,-0.4999999999999998,35.0,35.0,35.0,9800.0,1500.0,10000.0,35.0,35.333333333333336,4208.3,4054.366666666667
2025-04-24,35.0,3300.0,136.98,146.0,0,False,False,True,False,3.39,6.3588614,23.906088,0.0,0.0,1004.5083,5.103569,22.331917,0.0,0.0,1006.4583,4.7810526,22.75817,0.0,0.0,1005.88745,6.209984,26.848663,0.0,0.0,1001.6209,24,4,3,0,0.8660254037844387,-0.4999999999999998,35.0,35.0,35.0,3300.0,9575.0,2875.0,35.0,35.333333333333336,4222.466666666666,4057.7
2025-04-25,35.0,1800.0,136.72,146.0,0,False,False,True,False,3.39,6.767672,22.843584,0.0,0.0,1006.31665,4.808133,22.681913,0.0,0.0,1008.2583,3.5330312,23.081085,0.0,0.0,1007.6374,7.7483826,26.975748,0.0,0.0,1002.7917,25,4,4,0,0.8660254037844387,-0.4999999999999998,35.0,35.0,35.0,3300.0,12000.0,10000.0,35.0,35.333333333333336,3949.133333333333,4044.366666666667
2025-04-26,35.0,5000.0,137.03,146.0,0,False,False,True,False,3.39,6.8896813,22.6165,0.0,0.0,1006.86237,4.7741075,23.313164,0.0,0.0,1008.9084,3.8035412,23.158167,0.0,0.0,1008.3459,7.6864676,27.738253,0.0,0.0,1003.1082,26,4,5,1,0.8660254037844387,-0.4999999999999998,35.0,35.0,35.0,1800.0,7212.0,2625.0,35.0,35.333333333333336,4028.3,4066.588888888889
2025-04-27,35.0,2875.0,137.03,146.0,0,False,False,True,False,3.39,4.8340144,21.297752,0.6,0.6,1010.06256,3.2768362,20.873585,2.6000001,2.6000001,1012.32513,3.170499,21.385252,1.6000001,1.6000001,1011.50415,11.714826,26.336166,1.3000001,1.3000001,1006.78326,27,4,6,1,0.8660254037844387,-0.4999999999999998,35.0,35.0,35.0,5000.0,7212.0,2625.0,35.0,35.333333333333336,4036.633333333333,4065.2
2025-04-28,35.0,8012.5,137.03,146.0,0,False,False,True,False,3.39,3.9500434,17.912334,9.5,9.5,1011.23755,3.471696,16.850668,3.3999999,3.3999999,1012.9124,2.5460825,17.606085,8.900002,8.900002,1012.1501,7.0613346,23.62575,9.5,9.5,1008.61255,28,4,0,0,0.8660254037844387,-0.4999999999999998,35.0,35.0,35.0,2875.0,9800.0,2625.0,35.0,35.333333333333336,4216.216666666666,4120.894444444444
2025-04-29,35.0,13150.0,136.36,146.0,0,False,False,True,False,3.39,4.32249,18.851917,0.9000001,0.9000001,1010.7625,3.941632,17.51525,0.3,0.3,1012.4583,4.039948,18.14775,5.3999996,5.3999996,1011.8833,9.430402,24.648666,5.1,5.1,1008.7332,29,4,1,0,0.8660254037844387,-0.4999999999999998,35.0,35.0,35.0,8012.5,9800.0,2625.0,35.0,35.333333333333336,4567.05,4233.672222222222
2025-04-30,35.0,13150.0,136.73,145.0,0,False,False,True,False,3.39,4.8022137,18.456085,7.4,7.4,1012.66254,2.7828548,18.329832,1.5000001,1.5000001,1014.1167,3.7328863,18.518585,2.1,2.1,1013.44995,10.111241,25.827835,0.0,0.0,1009.60425,30,4,2,0,0.8660254037844387,-0.4999999999999998,35.0,35.0,35.0,13150.0,3300.0,2625.0,35.0,35.333333333333336,4917.883333333333,4346.45
2025-05-01,35.0,2210.0,135.49,145.0,0,False,False,True,False,2.77,4.3741965,18.268583,12.1,12.1,1014.43335,3.817113,17.66525,21.400002,21.400002,1016.0291,3.456558,18.24775,21.1,21.1,1015.2043,7.8041286,26.43825,0.5,0.5,1010.63745,1,5,3,0,0.49999999999999994,-0.8660254037844387,35.0,35.0,35.0,13150.0,3300.0,2625.0,35.0,35.0,4904.05,4337.672222222222
2025-05-02,35.0,23500.0,135.49,145.0,0,False,False,True,False,2.77,4.0817833,19.34775,2.1,2.1,1012.49164,3.414131,18.2965,2.7,2.7,1013.9792,2.8181295,18.901918,1.1,1.1,1013.2,6.4241652,26.565336,0.0,0.0,1009.09174,2,5,4,0,0.49999999999999994,-0.8660254037844387,35.0,35.0,35.0,2210.0,1800.0,2625.0,35.0,35.0,5599.883333333333,4565.45
2025-05-03,35.0,23500.0,135.64,145.0,0,False,False,True,False,2.77,5.021662,19.339417,2.3000002,2.3000002,1009.95013,2.9697783,18.91525,2.8000002,2.8000002,1011.2791,2.8037949,19.429,3.8,3.8,1010.5791,7.246638,27.2945,0.1,0.1,1006.29584,3,5,5,1,0.49999999999999994,-0.8660254037844387,35.0,35.0,35.0,23500.0,5000.0,2625.0,35.0,35.0,6295.716666666666,4793.227777777778
2025-05-04,35.0,11000.0,135.64,145.0,0,False,False,True,False,2.77,4.3703065,19.024834,3.1999998,3.1999998,1009.43335,3.8389027,18.084,25.6,25.6,1011.12085,2.4083965,19.131083,15.1,15.1,1010.23755,8.531668,26.523668,2.3999999,2.3999999,1005.96674,4,5,6,1,0.49999999999999994,-0.8660254037844387,35.0,35.0,35.0,23500.0,2875.0,2000.0,35.0,35.0,6595.716666666666,4882.116666666667
2025-05-05,35.67,10806.67,135.64,145.0,0,False,False,True,False,2.77,4.345098,19.318586,1.0,1.0,1009.5417,2.9431515,18.944414,2.5,2.5,1011.10406,2.9154494,19.249836,9.5,9.5,1010.39996,5.9083996,26.102835,0.0,0.0,1006.1209,5,5,0,0,0.49999999999999994,-0.8660254037844387,35.0,35.0,35.0,11000.0,8012.5,2000.0,35.09571428571429,35.022333333333336,6889.272333333333,4968.857444444444
2025-05-06,36.33,10613.33,135.11,145.0,0,False,False,True,False,2.77,3.1721458,18.506084,4.4,4.4,1009.8626,3.396693,18.16108,6.9,6.9,1011.2292,3.1214554,18.97692,8.699999,8.699999,1010.45825,5.821463,25.523666,5.3999996,5.3999996,1006.7083,6,5,1,0,0.49999999999999994,-0.8660254037844387,35.67,35.0,35.0,10806.67,13150.0,2000.0,35.285714285714285,35.06666666666667,7176.383333333333,5053.45
2025-05-07,37.0,10420.0,135.4,145.0,0,False,False,True,False,2.77,5.4992757,20.60192,0.1,0.1,1008.22504,5.4131656,19.129831,4.5,4.5,1009.7541,3.4016438,20.4165,0.1,0.1,1008.89594,6.7440133,27.090332,0.0,0.0,1004.5959,7,5,2,0,0.49999999999999994,-0.8660254037844387,36.33,35.0,35.0,10613.33,13150.0,1500.0,35.57142857142857,35.13333333333333,7473.716666666666,5135.894444444444
2025-05-08,37.67,10226.67,136.03,145.0,0,False,False,True,False,2.77,5.940204,22.145668,0.0,0.0,1008.4626,7.186754,21.344416,0.0,0.0,1010.1458,4.2353625,22.004004,1.4,1.4,1009.14996,9.656957,28.550749,0.0,0.0,1004.125,8,5,3,0,0.49999999999999994,-0.8660254037844387,37.0,35.67,35.0,10420.0,2210.0,3400.0,35.95285714285715,35.22233333333334,7701.272333333333,5216.190777777778
2025-05-09,38.33,10033.33,137.44,145.0,0,False,False,True,False,2.77,6.158361,22.918585,0.0,0.0,1008.9666,7.1275635,22.283998,0.5,0.5,1010.7,4.13799,23.20817,0.6,0.6,1009.70416,10.101388,28.998667,0.0,0.0,1004.9375,9,5,4,0,0.49999999999999994,-0.8660254037844387,37.67,36.33,35.0,10226.67,23500.0,2675.0,36.42857142857143,35.333333333333336,7946.55,5294.3388888888885
2025-05-10,39.0,9840.0,136.9,145.0,0,False,False,True,False,2.77,5.2555385,23.699835,0.8,0.8,1008.38745,6.2509217,22.869415,0.6,0.6,1010.16254,3.339017,23.64775,0.4,0.4,1009.125,8.806366,29.331999,0.2,0.2,1004.3083,10,5,5,1,0.49999999999999994,-0.8660254037844387,38.33,37.0,35.0,10033.33,23500.0,2200.0,37.0,35.46666666666667,8201.216666666667,5370.3388888888885
2025-05-11,39.67,9646.67,136.9,145.0,0,False,False,True,False,2.77,5.0611677,22.245668,2.8999996,2.8999996,1007.42914,4.0374618,21.981916,12.0,12.0,1009.2209,3.0620441,22.172752,8.500001,8.500001,1008.4207,6.4346633,29.354912,2.3,2.3,1003.17914,11,5,6,1,0.49999999999999994,-0.8660254037844387,39.0,37.67,35.0,9840.0,11000.0,2200.0,37.667142857142856,35.62233333333334,8449.439,5444.190777777778
2025-05-12,40.33,9453.33,136.9,145.0,0,False,False,True,False,2.77,6.829139,22.339417,1.6,1.6,1005.6751,3.7906468,21.781916,3.3999999,3.3999999,1007.54175,3.4778874,22.083168,1.9,1.9,1006.71246,10.57116,30.142416,0.0,0.0,1001.9917,12,5,0,0,0.49999999999999994,-0.8660254037844387,39.67,38.33,35.67,9646.67,10806.67,4000.0,38.332857142857144,35.8,8631.216666666667,5515.894444444444
2025-05-13,41.0,9260.0,136.9,145.0,0,False,False,True,False,2.77,5.3515224,22.558168,2.6,2.6,1005.8,5.765692,21.908998,2.3000002,2.3000002,1007.31665,3.8064916,22.183168,1.6000001,1.6000001,1006.4666,6.743073,29.946587,0.2,0.2,1001.85004,13,5,1,0,0.49999999999999994,-0.8660254037844387,40.33,39.0,36.33,9453.33,10613.33,4000.0,39.0,36.0,8806.55,5585.45
2025-05-14,41.67,9066.67,136.84,145.0,0,False,False,True,False,2.77,6.118777,22.94567,7.6,7.6,1006.7917,5.4529777,22.211082,0.1,0.1,1008.64594,3.2892828,22.685251,1.6,1.6,1007.7708,8.034538,30.096586,0.0,0.0,1002.6582,14,5,2,0,0.49999999999999994,-0.8660254037844387,41.0,39.67,37.0,9260.0,10420.0,3000.0,39.667142857142856,36.22233333333334,9008.772333333332,5652.857444444445
2025-05-15,42.33,8873.33,136.74,145.0,0,False,False,True,False,2.77,7.2795053,23.564417,3.9,3.9,1006.80414,5.24896,22.66525,0.0,0.0,1008.7959,4.9748573,22.768585,0.4,0.4,1008.1167,8.638932,30.565336,0.0,0.0,1003.0208,15,5,3,0,0.49999999999999994,-0.8660254037844387,41.67,40.33,37.67,9066.67,10226.67,3000.0,40.332857142857144,36.46666666666667,9204.55,5718.116666666667
2025-05-16,43.0,8680.0,137.19,145.0,0,False,False,True,False,2.77,6.618672,21.672752,10.3,10.3,1007.6624,4.960785,22.509003,1.2,1.2,1008.9458,3.7253354,22.681084,5.2999997,5.2999997,1008.1001,9.97175,29.734085,1.2,1.2,1003.6458,16,5,4,0,0.49999999999999994,-0.8660254037844387,42.33,41.0,38.33,8873.33,10033.33,1500.0,41.0,36.733333333333334,9443.883333333333,5781.227777777778
2025-05-17,43.67,8486.67,137.12,145.0,0,False,False,True,False,2.77,3.9432204,20.499834,6.9999995,6.9999995,1007.82495,3.2523272,20.546501,6.4,6.4,1009.3333,3.8746054,21.087334,13.000001,13.000001,1008.4583,10.963348,28.809082,0.0,0.0,1003.86664,17,5,5,1,0.49999999999999994,-0.8660254037844387,43.0,41.67,39.0,8680.0,9840.0,9575.0,41.667142857142856,37.022333333333336,9407.605666666666,5819.968555555556
2025-05-18,44.33,8293.33,137.12,145.0,0,False,False,True,False,2.77,3.8030837,20.868584,4.4000006,4.4000006,1008.6834,3.1523151,20.004835,13.000001,13.000001,1010.42914,3.5344446,20.59567,28.400003,28.400003,1009.6667,10.1707735,27.642412,8.099999,8.099999,1005.37494,18,5,6,1,0.49999999999999994,-0.8660254037844387,43.67,42.33,39.67,8486.67,9646.67,12000.0,42.332857142857144,37.333333333333336,9284.05,5856.561111111111
2025-05-19,45.0,8100.0,137.12,145.0,0,False,False,True,False,2.77,3.9949837,20.85192,9.300001,9.300001,1008.15826,2.794011,20.417334,6.299999,6.299999,1009.68756,4.759108,20.94775,6.8,6.8,1008.94995,13.72247,27.361168,1.1,1.1,1005.3125,19,5,0,0,0.49999999999999994,-0.8660254037844387,44.33,43.0,40.33,8293.33,9453.33,7212.0,43.0,37.666666666666664,9313.65,5891.0055555555555
2025-05-20,45.0,29625.0,136.95,145.0,0,False,False,True,False,2.77,4.6545463,20.547752,21.6,21.6,1006.45416,3.0380442,20.56108,15.700001,15.700001,1008.01666,4.2265854,21.066505,14.6,14.6,1007.25415,10.489642,27.277832,5.4,5.4,1003.3792,20,5,1,0,0.49999999999999994,-0.8660254037844387,45.0,43.67,41.0,8100.0,9260.0,7212.0,43.57142857142857,38.0,10060.75,6164.616666666667
2025-05-21,37.67,2500.0,137.32,145.0,0,False,False,True,False,2.77,3.739217,21.072752,16.2,16.2,1007.3791,2.6477273,20.51525,7.3,7.3,1009.14996,3.2244256,21.47275,4.0,4.0,1008.1917,10.563884,27.444502,0.90000004,0.90000004,1004.13745,21,5,2,0,0.49999999999999994,-0.8660254037844387,45.0,44.33,41.67,29625.0,9066.67,9800.0,43.0,38.089000000000006,9817.416666666666,6150.727777777778
2025-05-22,37.67,2625.0,137.33,145.0,0,False,False,True,False,2.77,4.0932403,21.231085,4.7000003,4.7000003,1007.57495,3.1871946,20.86733,9.0,9.0,1009.2624,4.529402,20.8915,10.900002,10.900002,1008.6125,9.973636,27.97158,1.9000001,1.9000001,1004.2251,22,5,3,0,0.49999999999999994,-0.8660254037844387,37.67,45.0,42.33,2500.0,8873.33,9800.0,42.33428571428572,38.178,9578.25,6138.227777777778
2025-05-23,37.67,9000.0,137.91,145.0,0,False,False,True,False,2.77,3.3281991,21.364418,17.3,17.3,1006.14594,3.609966,20.883997,6.3999996,6.3999996,1007.7126,3.6217527,21.422752,10.200001,10.200001,1006.8708,10.213948,28.067415,8.3,8.3,1002.6001,23,5,4,0,0.49999999999999994,-0.8660254037844387,37.67,45.0,43.0,2625.0,8680.0,3300.0,41.57285714285714,38.267,9768.25,6196.561111111111
2025-05-24,37.67,5225.0,136.65,145.0,0,False,False,True,False,2.77,3.3582633,21.343584,2.5,2.5,1007.3042,3.0159874,20.373583,12.200001,12.200001,1008.9292,3.460329,21.064417,10.400001,10.400001,1008.0583,8.590256,28.623672,0.9,0.9,1003.425,24,5,5,1,0.49999999999999994,-0.8660254037844387,37.67,37.67,43.67,9000.0,8486.67,3300.0,40.715714285714284,38.356,9832.416666666666,6232.394444444444
2025-05-25,37.67,13125.0,136.65,145.0,0,False,False,True,False,2.77,4.122688,22.518585,2.0,2.0,1007.8167,2.9662755,21.581917,11.900001,11.900001,1009.58746,3.2996266,22.210253,2.9,2.9,1008.5791,5.886355,29.398666,0.0,0.0,1003.8293,25,5,6,1,0.49999999999999994,-0.8660254037844387,37.67,37.67,44.33,5225.0,8293.33,1800.0,39.76428571428572,38.445,10209.916666666666,6356.0055555555555
2025-05-26,35.0,18000.0,136.65,145.0,0,False,False,True,False,2.77,4.4809117,21.979002,6.5,6.5,1006.2249,2.4039638,21.669416,13.8,13.8,1007.8374,3.813545,21.806082,18.000002,18.000002,1007.07086,13.180051,28.884089,1.1,1.1,1002.7708,26,5,0,0,0.49999999999999994,-0.8660254037844387,37.67,37.67,45.0,13125.0,8100.0,5000.0,38.33571428571429,38.445,10643.25,6496.772222222222
2025-05-27,35.0,18000.0,136.44,145.0,0,False,False,True,False,2.77,4.0488696,22.343582,2.0,2.0,1004.01245,2.777098,22.042334,3.9999998,3.9999998,1005.5376,4.079554,22.504004,1.9000001,1.9000001,1004.6418,9.021043,29.613245,0.0,0.0,1000.1833,27,5,1,0,0.49999999999999994,-0.8660254037844387,35.0,37.67,45.0,18000.0,29625.0,2875.0,36.90714285714286,38.445,11147.416666666666,6637.538888888889
2025-05-28,35.0,2700.0,136.84,145.0,0,False,False,True,False,2.77,4.7905965,22.758165,5.7,5.7,1002.50415,2.7260716,22.406914,7.3,7.3,1004.2166,3.4944935,22.541502,6.1,6.1,1003.3625,8.294681,30.752832,0.0,0.0,997.98737,28,5,2,0,0.49999999999999994,-0.8660254037844387,35.0,37.67,37.67,18000.0,2500.0,8012.5,36.52571428571429,38.445,10970.333333333334,6608.305555555556
2025-05-29,45.0,4500.0,136.88,145.0,0,False,False,True,False,2.77,6.3222594,23.368586,5.1,5.1,1000.32495,4.2081413,22.90275,4.2999997,4.2999997,1002.0042,4.839804,22.833168,10.2,10.2,1001.25824,10.724805,29.936167,1.3000001,1.3000001,996.31244,29,5,3,0,0.49999999999999994,-0.8660254037844387,35.0,35.0,37.67,2700.0,2625.0,13150.0,37.57285714285714,38.77833333333333,10682.0,6599.072222222222
2025-05-30,45.0,1500.0,137.12,145.0,0,False,False,True,False,2.77,5.5511565,23.218582,0.8000001,0.8000001,998.67926,9.156491,23.15483,1.5,1.5,999.9541,5.6446023,23.44567,1.8000001,1.8000001,998.93335,7.8503194,30.440336,0.5,0.5,994.5168,30,5,4,0,0.49999999999999994,-0.8660254037844387,45.0,35.0,37.67,4500.0,9000.0,13150.0,38.62,39.111666666666665,10293.666666666666,6556.5055555555555
2025-05-31,45.0,1500.0,137.23,143.0,0,False,False,True,False,2.77,5.1262946,23.541498,6.7999997,6.7999997,1001.0708,4.9731197,23.331915,2.3999999,2.3999999,1002.6167,3.8457234,23.635252,1.3000001,1.3000001,1001.66254,7.9114547,30.825747,12.3,12.3,996.7376,31,5,5,1,0.49999999999999994,-0.8660254037844387,45.0,35.0,37.67,1500.0,5225.0,2210.0,39.667142857142856,39.445,10270.0,6513.938888888889
2025-06-01,50.0,11250.0,137.23,145.0,0,False,True,False,False,2.72,7.028147,22.635252,11.5,11.5,1001.3625,5.351298,22.39025,7.4,7.4,1003.0085,4.2989364,22.614418,9.3,9.3,1002.0833,8.540361,30.125746,21.000002,21.000002,996.9834,1,6,6,1,1.2246467991473532e-16,-1.0,45.0,45.0,37.67,1500.0,13125.0,23500.0,41.42857142857143,39.945,9861.666666666666,6579.705555555555
2025-06-02,50.0,15000.0,137.23,145.0,0,False,True,False,False,2.72,5.6770024,21.454002,10.8,10.8,1002.50836,5.6140094,21.556915,1.9000001,1.9000001,1003.98755,4.6857724,21.599836,1.4000001,1.4000001,1003.2292,7.4753056,29.200747,3.1999998,3.1999998,997.946,2,6,0,0,1.2246467991473532e-16,-1.0,50.0,45.0,35.0,11250.0,18000.0,23500.0,43.57142857142857,40.445,9578.333333333334,6687.138888888889
2025-06-03,65.0,7500.0,136.92,145.0,0,False,True,False,False,2.72,3.5750465,21.514418,1.3000001,1.3000001,1003.69995,3.2430727,21.704832,0.1,0.1,1005.39594,4.4546533,22.214417,1.8,1.8,1004.44147,6.8408184,29.607002,1.2,1.2,999.81665,3,6,1,0,1.2246467991473532e-16,-1.0,50.0,45.0,35.0,15000.0,18000.0,11000.0,47.857142857142854,41.445,9461.666666666666,6711.238888888889
2025-06-04,65.0,7500.0,137.25,145.0,0,False,True,False,False,2.72,4.629482,20.631086,7.6,7.6,1006.9583,3.4303122,19.779833,19.900002,19.900002,1008.92084,3.9170644,19.75817,10.4,10.4,1008.18744,6.415491,26.40075,12.1,12.1,1003.9124,4,6,2,0,1.2246467991473532e-16,-1.0,65.0,50.0,35.0,7500.0,2700.0,10806.67,52.142857142857146,42.422666666666665,9351.444333333335,6735.3388888888885
2025-06-05,65.0,7500.0,137.75,145.0,0,False,True,False,False,2.72,4.4620175,20.768583,2.9,2.9,1009.45844,3.2668536,20.07775,2.8,2.8,1011.15826,3.2737148,20.308168,11.7,11.7,1010.2458,6.6892085,27.531998,0.3,0.3,1005.9876,5,6,3,0,1.2246467991473532e-16,-1.0,65.0,50.0,45.0,7500.0,4500.0,10613.33,55.0,43.37833333333333,9247.666666666666,6759.438888888889
2025-06-06,70.75,7500.0,137.57,145.0,0,False,True,False,False,2.72,4.2470574,21.422754,5.2999997,5.2999997,1009.2832,4.8587537,20.656916,1.6,1.6,1010.78754,3.555075,21.060251,1.3000001,1.3000001,1009.9375,6.43519,27.229918,0.6,0.6,1006.00006,6,6,4,0,1.2246467991473532e-16,-1.0,65.0,65.0,45.0,7500.0,1500.0,10420.0,58.67857142857143,44.50333333333333,9150.333333333334,6783.538888888889
2025-06-07,70.0,7500.0,137.31,145.0,0,False,True,False,False,2.72,4.7780805,22.889414,1.2,1.2,1007.9417,3.3743703,22.113167,1.8000001,1.8000001,1009.4207,3.5460978,22.310251,1.5,1.5,1008.75,4.8793626,29.357,0.0,0.0,1004.2749,7,6,5,1,1.2246467991473532e-16,-1.0,70.75,65.0,45.0,7500.0,1500.0,10226.67,62.25,45.580999999999996,9059.444333333335,6807.638888888889
2025-06-08,75.0,7500.0,137.31,145.0,0,False,True,False,False,2.72,4.615117,23.424835,0.70000005,0.70000005,1006.7957,3.9303436,22.879831,0.0,0.0,1008.3125,3.5189984,23.262331,0.2,0.2,1007.40405,5.787618,30.994501,0.0,0.0,1002.5874,8,6,6,1,1.2246467991473532e-16,-1.0,70.0,65.0,50.0,7500.0,11250.0,10033.33,65.82142857142857,46.80333333333333,8975.0,6831.738888888889
2025-06-09,85.0,7500.0,137.31,145.0,0,False,True,False,False,2.72,5.943727,24.587336,0.1,0.1,1005.22485,3.187379,24.033998,0.0,0.0,1006.9915,3.922661,24.354002,0.2,0.2,1006.04175,7.323128,32.148666,0.0,0.0,1000.9375,9,6,0,0,1.2246467991473532e-16,-1.0,75.0,70.75,50.0,7500.0,15000.0,9840.0,70.82142857142857,48.336666666666666,8897.0,6863.738888888889
2025-06-10,105.5,7500.0,137.3,145.0,0,False,True,False,False,2.72,3.9305665,24.718584,6.7000003,6.7000003,1005.24164,2.3481646,24.25067,1.4,1.4,1007.00006,2.974926,24.614418,3.4999998,3.4999998,1005.9458,8.2226715,32.790333,0.0,0.0,1000.4375,10,6,1,0,1.2246467991473532e-16,-1.0,85.0,70.0,65.0,7500.0,7500.0,9646.67,76.60714285714286,50.53099999999999,8825.444333333331,6895.738888888889
2025-06-11,104.25,4500.0,137.27,145.0,0,False,True,False,False,2.72,4.2627563,24.24775,8.8,8.8,1006.32495,2.4938178,23.26108,8.700001,8.700001,1008.27496,3.3063147,23.853998,1.2,1.2,1007.1167,5.9902835,32.66325,0.5,0.5,1001.31256,11,6,2,0,1.2246467991473532e-16,-1.0,105.5,75.0,65.0,7500.0,7500.0,9453.33,82.21428571428571,52.66166666666666,8660.333333333334,6894.405555555555
2025-06-12,96.4,4500.0,137.12,145.0,0,False,True,False,False,2.72,3.9408796,23.441504,14.8,14.8,1006.6709,1.9956518,22.8715,3.7,3.7,1008.49164,3.8420203,23.620667,1.8000001,1.8000001,1007.4126,7.1923904,31.032003,6.5999994,6.5999994,1002.14166,12,6,3,0,1.2246467991473532e-16,-1.0,104.25,85.0,65.0,4500.0,7500.0,9260.0,86.7,54.50833333333333,8501.666666666666,6893.072222222222
2025-06-13,73.6,4500.0,137.27,145.0,0,False,True,False,False,2.72,3.7787466,23.749838,14.000001,14.000001,1006.64996,2.8332136,23.002747,6.9,6.9,1008.50836,3.549614,23.545668,10.000001,10.000001,1007.46246,5.9884534,31.02575,2.3,2.3,1001.9875,13,6,4,0,1.2246467991473532e-16,-1.0,96.4,105.5,70.75,4500.0,7500.0,9066.67,87.10714285714286,55.57266666666666,8349.444333333333,6891.738888888889
2025-06-14,63.2,4500.0,138.04,145.0,0,False,True,False,False,2.72,4.8260894,24.24775,1.7,1.7,1004.28326,3.0063794,23.308998,9.200001,9.200001,1006.2249,3.1893651,23.839418,14.700001,14.700001,1005.2834,6.9670467,32.259083,20.800001,20.800001,999.63763,14,6,5,1,1.2246467991473532e-16,-1.0,73.6,104.25,70.0,4500.0,7500.0,8873.33,86.13571428571429,56.26833333333333,8203.666666666666,6890.405555555555
2025-06-15,65.0,4500.0,138.04,145.0,0,False,True,False,False,2.72,4.015878,23.229002,0.9000001,0.9000001,1004.07086,2.7140853,22.715248,5.8999996,5.8999996,1005.81244,3.3405192,23.004,4.5,4.5,1004.8916,10.555301,28.609085,17.900002,17.900002,1000.1707,15,6,6,1,1.2246467991473532e-16,-1.0,63.2,96.4,75.0,4500.0,7500.0,8680.0,84.70714285714287,57.001666666666665,8064.333333333333,6889.072222222222
2025-06-16,67.4,4500.0,138.04,145.0,0,False,True,False,False,2.72,4.0082073,23.378998,5.5,5.5,1003.6084,3.3881292,22.988167,32.0,32.0,1005.38324,4.22828,23.697754,12.8,12.8,1004.31256,11.91473,31.213251,0.0,0.0,999.3125,16,6,0,0,1.2246467991473532e-16,-1.0,65.0,73.6,85.0,4500.0,7500.0,8486.67,82.19285714285715,57.79266666666667,7931.444333333333,6887.738888888889
2025-06-17,71.0,4500.0,138.01,145.0,0,False,True,False,False,2.72,4.256988,22.770668,16.7,16.7,1003.8125,3.2510712,22.950668,19.599997,19.599997,1005.1333,2.868395,23.47692,4.9999995,4.9999995,1003.9917,9.67542,29.94242,14.2,14.2,999.53326,17,6,1,0,1.2246467991473532e-16,-1.0,67.4,63.2,105.5,4500.0,7500.0,8293.33,77.26428571428572,58.681666666666665,7805.0,6921.072222222222
2025-06-18,63.8,4500.0,138.29,145.0,0,False,True,False,False,2.72,3.5935965,22.299835,21.999998,21.999998,1001.7624,4.796285,22.815252,22.199999,22.199999,1002.99585,3.8009293,23.074835,16.4,16.4,1002.02924,5.686789,28.63617,14.8,14.8,997.91675,18,6,2,0,1.2246467991473532e-16,-1.0,71.0,65.0,104.25,4500.0,4500.0,8100.0,71.48571428571428,59.30833333333333,7685.0,6966.627777777778
2025-06-19,65.0,4500.0,138.67,145.0,0,False,True,False,False,2.72,3.7643917,22.624834,13.3,13.3,1001.31665,2.8590524,22.992332,71.40001,71.40001,1002.79175,3.772671,22.968584,14.400001,14.400001,1001.8501,8.357376,28.19242,3.7999992,3.7999992,997.9875,19,6,3,0,1.2246467991473532e-16,-1.0,63.8,67.4,96.4,4500.0,4500.0,29625.0,67.0,59.975,6847.5,7012.183333333333
2025-06-20,65.0,4500.0,139.06,145.0,0,False,True,False,False,2.72,3.8163478,22.770668,24.6,24.6,1003.20416,2.4111478,23.134,27.000002,27.000002,1004.5833,2.4134796,23.418587,11.6,11.6,1003.5916,13.168984,29.671583,0.0,0.0,999.3625,20,6,4,0,1.2246467991473532e-16,-1.0,65.0,71.0,73.6,4500.0,4500.0,2500.0,65.77142857142857,60.885999999999996,6914.166666666667,7056.627777777778
2025-06-21,65.0,4500.0,138.84,145.0,0,False,True,False,False,2.72,3.617836,23.66442,10.800001,10.800001,1003.38745,3.0327542,24.01525,5.7,5.7,1004.825,4.05295,23.9415,9.1,9.1,1003.99994,14.70438,30.225748,0.5,0.5,999.42084,21,6,5,1,1.2246467991473532e-16,-1.0,65.0,63.8,63.2,4500.0,4500.0,2625.0,66.02857142857142,61.797000000000004,6976.666666666667,6995.516666666666
2025-06-22,65.8,4500.0,138.84,145.0,0,False,True,False,False,2.72,3.7023952,23.387337,13.400001,13.400001,1003.5959,3.2613213,23.29025,23.000002,23.000002,1005.3125,3.8291426,23.676918,7.2,7.2,1004.25024,9.166233,29.236166,9.8,9.8,999.7458,22,6,6,1,1.2246467991473532e-16,-1.0,65.0,65.0,65.0,4500.0,4500.0,9000.0,66.14285714285714,62.73466666666666,6826.666666666667,6934.405555555555
2025-06-23,65.0,4500.0,138.84,145.0,0,False,True,False,False,2.72,4.081645,22.658167,15.100001,15.100001,1001.7542,3.295907,22.509,49.6,49.6,1003.2959,3.7270114,22.75817,23.599998,23.599998,1002.4583,9.559507,27.861168,32.0,32.0,998.0916,23,6,0,0,1.2246467991473532e-16,-1.0,65.8,65.0,67.4,4500.0,4500.0,5225.0,65.8,63.64566666666666,6802.5,6952.461111111111
2025-06-24,65.6,4500.0,139.11,145.0,0,False,True,False,False,2.72,3.8154757,22.501917,42.300003,42.300003,1001.4333,3.4284604,22.80275,16.199999,16.199999,1002.89594,3.9458587,23.22692,14.799999,14.799999,1001.9751,12.969129,28.877836,3.1999998,3.1999998,997.74994,24,6,1,0,1.2246467991473532e-16,-1.0,65.0,65.0,71.0,4500.0,4500.0,13125.0,65.02857142857144,64.57666666666667,6515.0,6891.35
2025-06-25,63.0,4500.0,137.87,145.0,0,False,True,False,False,2.72,3.3686373,22.833168,33.900005,33.900005,1004.78754,3.240141,23.517328,3.5999994,3.5999994,1006.0334,3.045185,23.741499,16.900002,16.900002,1005.12915,12.967486,30.184082,0.9000001,0.9000001,1000.4458,25,6,2,0,1.2246467991473532e-16,-1.0,65.6,65.8,63.8,4500.0,4500.0,18000.0,64.91428571428571,65.51,6065.0,6912.183333333333
2025-06-26,64.0,4500.0,138.03,145.0,0,False,True,False,False,2.72,4.4686513,23.518583,20.400002,20.400002,1005.82074,3.1585436,23.736084,12.1,12.1,1007.4209,3.9579103,23.701914,18.999998,18.999998,1006.50415,15.861175,30.87992,0.2,0.2,1001.44995,26,6,3,0,1.2246467991473532e-16,-1.0,63.0,65.0,65.0,4500.0,4500.0,18000.0,64.77142857142857,66.47666666666667,5615.0,6933.016666666666
2025-06-27,69.0,4500.0,137.44,145.0,0,False,True,False,False,2.72,3.7364037,23.16442,11.300001,11.300001,1004.6001,2.6032693,23.361086,19.699999,19.699999,1006.0833,3.8979948,23.491503,16.6,16.6,1005.15405,14.573681,30.715332,0.2,0.2,1000.2791,27,6,4,0,1.2246467991473532e-16,-1.0,64.0,65.6,65.0,4500.0,4500.0,2700.0,65.34285714285714,67.61,5675.0,6953.85
2025-06-28,65.0,4500.0,137.07,145.0,0,False,True,False,False,2.72,4.2729177,22.743582,8.700001,8.700001,1002.8208,3.1763513,22.963165,6.9,6.9,1004.22485,3.4820929,23.041502,5.7,5.7,1003.26263,8.427432,29.686167,2.2,2.2,998.575,28,6,5,1,1.2246467991473532e-16,-1.0,69.0,63.0,65.0,4500.0,4500.0,4500.0,65.34285714285714,68.27666666666667,5675.0,6974.683333333333
2025-06-29,66.0,4500.0,137.07,145.0,0,False,True,False,False,2.72,3.9776962,22.551916,19.100002,19.100002,1000.86255,2.4897146,22.263166,26.3,26.3,1002.51245,3.8822906,22.5915,17.099998,17.099998,1001.60004,6.6990275,27.850748,19.1,19.1,997.05005,29,6,6,1,1.2246467991473532e-16,-1.0,65.0,64.0,65.8,4500.0,4500.0,1500.0,65.37142857142858,68.97666666666667,5775.0,6995.516666666666
2025-06-30,65.8,4500.0,137.07,149.0,0,False,True,False,False,2.72,3.597474,22.143587,6.6000004,6.6000004,1001.61255,2.885027,22.398584,18.3,18.3,1003.09174,3.2021534,22.745665,14.500001,14.500001,1002.0376,7.287606,28.32575,20.100004,20.100004,997.40826,30,6,0,0,1.2246467991473532e-16,-1.0,66.0,69.0,65.0,4500.0,4500.0,1500.0,65.48571428571428,69.67,5875.0,7016.35
2025-07-01,63.2,4500.0,137.52,149.0,0,False,True,False,False,2.2,4.312228,23.41025,23.3,23.3,1002.07495,2.5772789,23.17775,33.100002,33.100002,1003.67505,4.283463,23.231085,19.1,19.1,1002.74164,13.523876,29.50908,3.9999998,3.9999998,998.12915,1,7,1,0,-0.4999999999999997,-0.8660254037844388,65.8,65.0,65.6,4500.0,4500.0,11250.0,65.14285714285714,70.11,5650.0,7037.183333333333
2025-07-02,70.0,4500.0,137.14,149.0,0,False,True,False,False,2.2,3.1807125,23.156084,13.5,13.5,1003.25433,3.0046675,22.919418,28.300001,28.300001,1004.82513,4.212668,23.008171,9.200001,9.200001,1003.89594,12.272294,29.432001,12.200001,12.200001,999.26245,2,7,2,0,-0.4999999999999997,-0.8660254037844388,63.2,66.0,63.0,4500.0,4500.0,15000.0,66.14285714285714,70.77666666666667,5300.0,7058.016666666666
2025-07-03,70.0,4500.0,137.43,149.0,0,False,True,False,False,2.2,3.2612731,23.068583,8.599999,8.599999,1003.87897,2.6896305,23.023584,31.400002,31.400002,1005.3625,4.546803,23.158167,19.5,19.5,1004.40015,14.329383,29.798666,4.4999995,4.4999995,999.72906,3,7,3,0,-0.4999999999999997,-0.8660254037844388,70.0,65.8,64.0,4500.0,4500.0,7500.0,67.0,70.94333333333334,5200.0,7085.794444444445
2025-07-04,68.33,4500.0,136.8,149.0,0,False,True,False,False,2.2,4.1550846,22.326918,30.2,30.2,1003.7334,2.8829615,22.792336,25.3,25.3,1005.1082,4.027601,22.862333,17.300001,17.300001,1004.17505,11.442734,29.59242,4.4999995,4.4999995,999.5542,4,7,4,0,-0.4999999999999997,-0.8660254037844388,70.0,63.2,69.0,4500.0,4500.0,7500.0,66.9042857142857,71.05433333333333,5100.0,7113.572222222222
2025-07-05,65.0,4500.0,136.94,149.0,0,False,True,False,False,2.2,3.620655,22.166504,33.0,33.0,1002.4458,2.677719,22.504831,13.0,13.0,1003.92505,3.4849453,22.624834,7.1999993,7.1999993,1002.93756,12.040313,29.686165,8.3,8.3,998.24164,5,7,5,1,-0.4999999999999997,-0.8660254037844388,68.33,70.0,65.0,4500.0,4500.0,7500.0,66.90428571428572,71.05433333333333,5000.0,7141.35
2025-07-06,65.0,4500.0,136.94,149.0,0,False,True,False,False,2.2,3.9941902,22.404001,33.6,33.6,1002.3083,2.7656412,22.617334,4.9,4.9,1003.7668,2.9560158,22.78942,6.599999,6.599999,1002.7625,10.084714,30.298666,2.1999998,2.1999998,997.9126,6,7,6,1,-0.4999999999999997,-0.8660254037844388,65.0,70.0,66.0,4500.0,4500.0,7500.0,66.76142857142858,70.86266666666667,4900.0,7174.683333333333
2025-07-07,69.0,4500.0,136.94,149.0,0,False,True,False,False,2.2,4.4765525,23.201918,3.2,3.2,1002.0791,3.7675514,23.275667,4.3,4.3,1003.4334,3.6214898,23.231085,9.599999,9.599999,1002.64166,10.229987,30.63408,4.6,4.6,997.88336,7,7,0,0,-0.4999999999999997,-0.8660254037844388,65.0,68.33,65.8,4500.0,4500.0,7500.0,67.21857142857144,70.82933333333334,4800.0,7186.905555555555
2025-07-08,69.0,4500.0,137.67,149.0,0,False,True,False,False,2.2,3.9962378,22.526917,13.0,13.0,1002.7459,4.374929,23.136084,11.800001,11.800001,1004.02094,3.2994773,23.37275,9.799999,9.799999,1003.08325,7.9149833,30.09658,6.3999996,6.3999996,998.5291,8,7,1,0,-0.4999999999999997,-0.8660254037844388,69.0,65.0,63.2,4500.0,4500.0,7500.0,68.04714285714286,70.62933333333334,4700.0,7207.183333333333
2025-07-09,68.0,4500.0,137.42,149.0,0,False,True,False,False,2.2,3.7831078,22.201918,13.400002,13.400002,1004.34576,2.5419166,22.256918,48.899998,48.899998,1005.7375,3.409026,22.647753,8.0,8.0,1004.7542,11.131368,29.709085,1.8000001,1.8000001,1000.1999,9,7,2,0,-0.4999999999999997,-0.8660254037844388,69.0,65.0,70.0,4500.0,4500.0,7500.0,67.76142857142858,70.06266666666667,4600.0,7232.738888888889
2025-07-10,65.0,4500.0,137.38,149.0,0,False,True,False,False,2.2,3.0539553,22.512335,8.600001,8.600001,1005.1958,2.9549294,22.704834,16.300001,16.300001,1006.58325,3.3457735,22.714422,18.500004,18.500004,1005.72906,14.991931,30.584078,0.6,0.6,1001.1834,10,7,3,0,-0.4999999999999997,-0.8660254037844388,68.0,69.0,70.0,4500.0,4500.0,7500.0,67.04714285714286,68.71266666666666,4500.0,7258.294444444445
2025-07-11,70.0,4500.0,137.32,149.0,0,False,True,False,False,2.2,3.7997973,22.724836,11.799999,11.799999,1004.7749,2.7202415,23.034002,10.2,10.2,1006.1624,3.6863096,23.166498,6.7000003,6.7000003,1005.18335,9.770339,30.454918,2.5,2.5,1000.59174,11,7,4,0,-0.4999999999999997,-0.8660254037844388,65.0,69.0,68.33,4500.0,4500.0,4500.0,67.28571428571429,67.571,4500.0,7263.85
2025-07-12,65.0,4500.0,137.59,149.0,0,False,True,False,False,2.2,3.86759,23.612333,10.1,10.1,1004.90015,2.7367306,23.296495,10.6,10.6,1006.63745,2.7739623,23.774836,8.2,8.2,1005.52496,9.434023,31.302834,0.5,0.5,1000.3833,12,7,5,1,-0.4999999999999997,-0.8660254037844388,70.0,68.0,65.0,4500.0,4500.0,4500.0,67.28571428571429,66.52433333333333,4500.0,7269.405555555555
2025-07-13,65.0,4500.0,137.59,149.0,0,False,True,False,False,2.2,3.5142615,23.618584,8.3,8.3,1005.7834,2.5434408,23.402748,21.3,21.3,1007.50006,4.281509,23.797752,6.4,6.4,1006.4458,8.581357,31.69033,2.0,2.0,1000.85406,13,7,6,1,-0.4999999999999997,-0.8660254037844388,65.0,65.0,65.0,4500.0,4500.0,4500.0,67.28571428571429,66.23766666666667,4500.0,7286.072222222222
2025-07-14,65.0,4500.0,137.59,149.0,0,False,True,False,False,2.2,3.712744,23.112337,5.5999994,5.5999994,1005.2292,3.296117,22.99025,25.400003,25.400003,1006.8958,4.037421,22.858164,25.500002,25.500002,1005.9917,8.47966,30.265327,12.6,12.6,1001.0542,14,7,0,0,-0.4999999999999997,-0.8660254037844388,65.0,70.0,69.0,4500.0,4500.0,4500.0,66.71428571428571,66.29766666666667,4500.0,7302.738888888889
2025-07-15,65.0,4500.0,137.88,148.0,0,False,True,False,False,2.2,4.003148,23.1415,3.8,3.8,1003.84174,3.1472178,22.927752,25.5,25.5,1005.396,3.4843302,23.031084,11.8,11.8,1004.38336,15.6902275,29.92575,0.7,0.7,999.9124,15,7,1,0,-0.4999999999999997,-0.8660254037844388,65.0,65.0,69.0,4500.0,4500.0,4500.0,66.14285714285714,66.29766666666667,4500.0,7336.072222222222
2025-07-16,65.0,4500.0,137.6,148.0,0,False,True,False,False,2.2,3.588886,22.779,8.400001,8.400001,1004.75806,5.1010156,22.713167,1.0,1.0,1006.3918,4.1007276,22.649832,6.2999997,6.2999997,1005.59985,21.004202,28.021582,9.3,9.3,1001.4209,16,7,2,0,-0.4999999999999997,-0.8660254037844388,65.0,65.0,68.0,4500.0,4500.0,4500.0,65.71428571428571,66.21766666666666,4500.0,7279.683333333333
2025-07-17,65.0,4500.0,137.81,148.0,0,False,True,False,False,2.2,3.5774686,22.770668,6.9,6.9,1007.1917,4.2140326,22.752748,1.0,1.0,1008.9126,3.5897386,22.962336,2.2,2.2,1007.9375,10.547031,29.698664,5.0,5.0,1003.46655,17,7,3,0,-0.4999999999999997,-0.8660254037844388,65.0,65.0,65.0,4500.0,4500.0,4500.0,65.71428571428571,66.01766666666667,4500.0,7196.35
2025-07-18,65.0,4500.0,138.03,148.0,0,False,True,False,False,2.2,3.7190168,23.86025,3.9,3.9,1005.85425,3.4323018,23.406916,1.1,1.1,1007.3542,2.4882474,23.831083,1.5000001,1.5000001,1006.2542,4.3643465,30.723663,0.8,0.8,1001.7293,18,7,4,0,-0.4999999999999997,-0.8660254037844388,65.0,65.0,70.0,4500.0,4500.0,4500.0,65.0,66.05766666666666,4500.0,7166.216666666666
2025-07-19,65.0,4500.0,138.14,148.0,0,False,True,False,False,2.2,4.2473903,24.516497,2.8000002,2.8000002,1001.8457,5.0103025,24.569414,1.4000002,1.4000002,1003.3291,3.8903189,24.56233,13.5,13.5,1002.40845,10.18373,32.39034,0.2,0.2,997.65845,19,7,5,1,-0.4999999999999997,-0.8660254037844388,65.0,65.0,65.0,4500.0,4500.0,4500.0,65.0,66.05766666666666,4500.0,7136.083333333333
2025-07-20,65.0,4500.0,138.14,148.0,0,False,True,False,False,2.2,2.6000326,23.260252,14.200001,14.200001,1002.7041,3.8124816,23.325666,8.400002,8.400002,1004.1917,2.849233,23.591501,16.6,16.6,1003.23755,6.5926557,29.092415,6.1,6.1,999.1624,20,7,6,1,-0.4999999999999997,-0.8660254037844388,65.0,65.0,65.0,4500.0,4500.0,4500.0,65.0,66.05766666666666,4500.0,7077.194444444444
2025-07-21,60.0,4500.0,138.14,148.0,0,False,True,False,False,2.2,3.6615887,23.856085,4.5,4.5,1003.83344,3.1462927,23.64025,3.6000001,3.6000001,1005.39594,2.5498152,23.46025,5.9000006,5.9000006,1004.4875,5.065759,30.069498,1.7000002,1.7000002,1000.05414,21,7,0,0,-0.4999999999999997,-0.8660254037844388,65.0,65.0,65.0,4500.0,4500.0,4500.0,64.28571428571429,65.891,4500.0,7018.305555555556
2025-07-22,60.0,4500.0,138.38,148.0,0,False,True,False,False,2.2,4.140174,23.431086,5.9999986,5.9999986,1002.40826,2.2341769,23.346498,21.2,21.2,1004.01666,2.7505486,23.720673,3.4999998,3.4999998,1003.00836,4.520198,30.05075,1.2,1.2,998.3333,22,7,1,0,-0.4999999999999997,-0.8660254037844388,60.0,65.0,65.0,4500.0,4500.0,4500.0,63.57142857142857,65.69766666666666,4500.0,7031.638888888889
2025-07-23,58.75,4500.0,138.5,148.0,0,False,True,False,False,2.2,3.835983,24.181084,1.3000001,1.3000001,999.62085,2.3468874,23.4965,19.1,19.1,1001.4792,3.5016797,23.85192,3.7,3.7,1000.4084,4.7197523,31.752832,0.1,0.1,995.16656,23,7,2,0,-0.4999999999999997,-0.8660254037844388,60.0,65.0,65.0,4500.0,4500.0,4500.0,62.67857142857143,65.48933333333333,4500.0,7044.972222222223
2025-07-24,55.0,4500.0,138.56,148.0,0,False,True,False,False,2.2,3.3329852,24.8665,0.7,0.7,998.12085,3.3913078,23.950663,10.6,10.6,1000.0334,3.050845,24.749838,1.8000001,1.8000001,998.80426,4.19919,32.892414,0.1,0.1,993.3208,24,7,3,0,-0.4999999999999997,-0.8660254037844388,58.75,60.0,65.0,4500.0,4500.0,4500.0,61.25,65.136,4500.0,7074.972222222223
2025-07-25,55.0,4500.0,138.56,148.0,0,False,True,False,False,2.2,4.8375864,24.147757,7.2000003,7.2000003,998.60834,3.4049766,24.109,0.70000005,0.70000005,1000.2376,3.8320558,24.464422,9.999999,9.999999,999.1584,10.873382,30.709084,11.4,11.4,994.31665,25,7,4,0,-0.4999999999999997,-0.8660254037844388,55.0,60.0,65.0,4500.0,4500.0,4500.0,59.82142857142857,64.86933333333333,4500.0,7069.416666666667
2025-07-26,55.0,4500.0,138.73,148.0,0,False,True,False,False,2.2,3.7758672,23.564417,13.3,13.3,1000.67926,2.9639485,23.629831,5.4999995,5.4999995,1002.2334,3.7692044,23.708168,23.4,23.4,1001.32916,23.280693,31.0445,1.4000001,1.4000001,996.5,26,7,5,1,-0.4999999999999997,-0.8660254037844388,55.0,58.75,65.0,4500.0,4500.0,4500.0,58.392857142857146,64.56933333333333,4500.0,7087.472222222223
2025-07-27,55.0,4500.0,138.73,148.0,0,False,True,False,False,2.2,3.5924323,23.631086,11.5,11.5,1000.7166,2.7641716,23.80275,16.3,16.3,1002.29987,4.5208955,24.114418,7.3,7.3,1001.2917,12.7189665,30.867414,2.7999997,2.7999997,996.7793,27,7,6,1,-0.4999999999999997,-0.8660254037844388,55.0,55.0,65.0,4500.0,4500.0,4500.0,56.964285714285715,64.10266666666666,4500.0,7048.444444444444
2025-07-28,55.0,4500.0,138.73,148.0,0,False,True,False,False,2.2,2.8565361,22.089417,44.5,44.5,1001.45013,2.4595306,22.538168,40.1,40.1,1002.96234,1.6653295,22.92275,12.100001,12.100001,1001.94165,11.381607,27.725752,33.0,33.0,997.7417,28,7,0,0,-0.4999999999999997,-0.8660254037844388,55.0,55.0,60.0,4500.0,4500.0,4500.0,56.25,63.76933333333333,4500.0,6952.333333333333
2025-07-29,55.6,4500.0,138.97,148.0,0,False,True,False,False,2.2,2.1831949,22.095667,10.000001,10.000001,1002.5749,2.3127918,22.573584,11.599999,11.599999,1004.01666,1.5809227,23.07692,13.6,13.6,1002.9209,12.222838,29.048668,2.6999998,2.6999998,998.46655,29,7,1,0,-0.4999999999999997,-0.8660254037844388,55.0,55.0,60.0,4500.0,4500.0,4500.0,55.62142857142857,63.422666666666665,4500.0,6856.222222222223
2025-07-30,55.0,4500.0,139.21,148.0,0,False,True,False,False,2.2,3.7512646,22.954002,13.2,13.2,1003.45416,2.9595015,22.92775,13.699999,13.699999,1004.97095,3.3907194,23.131086,15.500001,15.500001,1004.0249,13.801082,29.4195,3.1999996,3.1999996,999.4751,30,7,2,0,-0.4999999999999997,-0.8660254037844388,55.6,55.0,58.75,4500.0,4500.0,4500.0,55.08571428571428,63.062666666666665,4500.0,6881.666666666667
2025-07-31,55.4,4500.0,140.18,150.0,0,False,True,False,False,2.2,3.617529,22.933167,4.7000003,4.7000003,1003.4917,2.1774857,22.75483,35.0,35.0,1004.93317,2.9279125,23.254004,4.5,4.5,1003.92505,7.8688393,29.62575,6.6,6.6,999.50415,31,7,3,0,-0.4999999999999997,-0.8660254037844388,55.0,55.0,55.0,4500.0,4500.0,4500.0,55.142857142857146,62.80266666666667,4500.0,6670.555555555556
2025-08-01,55.75,4500.0,140.46,150.0,0,False,True,False,False,1.68,3.970576,22.962334,4.1,4.1,1003.30835,2.4244657,23.098585,2.8,2.8,1004.77496,2.5109546,23.47067,3.6000001,3.6000001,1003.7541,5.401629,28.61117,10.5,10.5,999.64575,1,8,4,0,-0.8660254037844385,-0.5000000000000004,55.4,55.6,55.0,4500.0,4500.0,4500.0,55.25,62.327666666666666,4500.0,6459.444444444444
2025-08-02,55.0,4500.0,140.37,150.0,0,False,True,False,False,1.68,3.8352735,22.910254,25.800003,25.800003,1003.84576,2.2866395,23.10483,20.400003,20.400003,1005.40424,2.562099,23.383165,6.2000003,6.2000003,1004.3542,6.1403575,28.2445,9.099999,9.099999,1000.26245,2,8,5,1,-0.8660254037844385,-0.5000000000000004,55.75,55.0,55.0,4500.0,4500.0,4500.0,55.25,61.827666666666666,4500.0,6387.222222222223
2025-08-03,55.6,4500.0,140.37,150.0,0,False,True,False,False,1.68,2.4673116,21.962336,34.100002,34.100002,1005.7874,3.952759,21.908997,38.399998,38.399998,1007.5,3.582741,22.087334,19.900003,19.900003,1006.6418,11.688502,26.4195,42.100006,42.100006,1002.69574,3,8,6,1,-0.8660254037844385,-0.5000000000000004,55.0,55.4,55.0,4500.0,4500.0,4500.0,55.33571428571428,61.40333333333333,4500.0,6317.148111111111
2025-08-04,55.2,4500.0,140.37,150.0,0,False,True,False,False,1.68,3.127115,22.197752,22.499998,22.499998,1006.78754,3.822611,22.098585,14.800001,14.800001,1008.49585,3.8668594,22.1915,5.8999996,5.8999996,1007.69995,6.360348,26.021584,53.4,53.4,1004.14166,4,8,0,0,-0.8660254037844385,-0.5000000000000004,55.6,55.75,55.0,4500.0,4500.0,4500.0,55.364285714285714,61.07666666666667,4500.0,6249.222222222223
2025-08-05,55.0,4500.0,140.56,150.0,0,False,True,False,False,1.68,2.7711704,21.295668,10.400001,10.400001,1007.80835,3.9146054,21.300669,28.4,28.4,1009.05835,3.537347,22.066504,2.0000002,2.0000002,1008.0833,6.0725284,27.569504,2.0000002,2.0000002,1004.28345,5,8,1,0,-0.8660254037844385,-0.5000000000000004,55.2,55.0,55.6,4500.0,4500.0,4500.0,55.27857142857143,60.74333333333333,4500.0,6183.444444444444
2025-08-06,56.0,4500.0,140.79,150.0,0,False,True,False,False,1.68,3.8136322,22.818583,1.5000001,1.5000001,1005.96246,3.4957387,22.361084,0.5,0.5,1007.29175,3.0846844,22.98942,1.8,1.8,1006.43756,8.101316,28.384085,0.6,0.6,1002.5583,6,8,2,0,-0.8660254037844385,-0.5000000000000004,55.0,55.6,55.0,4500.0,4500.0,4500.0,55.42142857142858,60.309999999999995,4500.0,6119.814777777778
2025-08-07,55.0,4500.0,140.68,150.0,0,False,True,False,False,1.68,3.353288,23.33317,2.6999998,2.6999998,1004.6668,2.63847,23.242332,8.499999,8.499999,1006.32495,3.3343532,23.701918,11.100001,11.100001,1005.35004,5.730291,28.452835,15.200001,15.200001,1001.39996,7,8,3,0,-0.8660254037844385,-0.5000000000000004,56.0,55.2,55.4,4500.0,4500.0,4500.0,55.364285714285714,59.843333333333334,4500.0,6058.333333333333
2025-08-08,55.0,4500.0,140.63,150.0,0,False,True,False,False,1.68,3.665866,22.391502,20.8,20.8,1007.5999,4.8971276,22.769417,13.500002,13.500002,1009.26666,3.8337505,22.720667,12.4,12.4,1008.51263,10.744287,27.202835,17.800003,17.800003,1004.4915,8,8,4,0,-0.8660254037844385,-0.5000000000000004,55.0,55.0,55.75,4500.0,4500.0,4500.0,55.25714285714286,59.41,4500.0,5999.0
2025-08-09,54.25,4500.0,140.56,150.0,0,False,True,False,False,1.68,3.7094762,22.14775,6.8999996,6.8999996,1009.19995,2.7234209,22.409002,15.700002,15.700002,1010.65826,2.994899,22.324835,16.300001,16.300001,1009.81665,6.3921084,27.567415,3.7999997,3.7999997,1005.804,9,8,5,1,-0.8660254037844385,-0.5000000000000004,55.0,56.0,55.0,4500.0,4500.0,4500.0,55.15,59.05166666666666,4500.0,5941.814777777778
2025-08-10,55.0,4500.0,140.56,150.0,0,False,True,False,False,1.68,3.5177643,22.71025,2.3,2.3,1007.5208,2.0533302,22.771502,1.9000002,1.9000002,1008.9041,2.040866,23.245668,5.3999996,5.3999996,1007.9207,4.2444406,27.936165,10.400001,10.400001,1004.0208,10,8,6,1,-0.8660254037844385,-0.5000000000000004,54.25,55.0,55.6,4500.0,4500.0,4500.0,55.064285714285724,58.55166666666666,4500.0,5886.777777777777
2025-08-11,65.0,4500.0,140.56,150.0,0,False,True,False,False,1.68,2.6834643,22.6915,10.5,10.5,1006.1792,2.0989115,22.72775,2.4999998,2.4999998,1007.68335,1.6977873,22.912333,6.0999994,6.0999994,1006.7666,3.873503,27.613249,13.7,13.7,1002.7959,11,8,0,0,-0.8660254037844385,-0.5000000000000004,55.0,55.0,55.2,4500.0,4500.0,4500.0,56.464285714285715,58.55166666666666,4500.0,5833.888888888889
2025-08-12,64.0,4500.0,140.56,150.0,0,False,True,False,False,1.68,3.2862236,23.729004,10.799999,10.799999,1004.2043,2.572565,23.879837,11.500001,11.500001,1005.7,3.1888409,23.924837,8.9,8.9,1004.7583,4.719214,28.740334,12.700004,12.700004,1000.59174,12,8,1,0,-0.8660254037844385,-0.5000000000000004,65.0,54.25,55.0,4500.0,4500.0,4500.0,57.75,58.51833333333333,4500.0,5783.148111111111
2025-08-13,63.6,4500.0,140.65,150.0,0,False,True,False,False,1.68,2.8358114,22.256086,37.0,37.0,1006.14594,4.061487,22.325666,54.000004,54.000004,1008.0374,4.7458386,22.354002,25.400002,25.400002,1007.28314,13.092462,26.532,20.4,20.4,1003.425,13,8,2,0,-0.8660254037844385,-0.5000000000000004,64.0,55.0,56.0,4500.0,4500.0,4500.0,58.83571428571428,58.47166666666667,4500.0,5734.555555555556
2025-08-14,65.6,4500.0,140.21,150.0,0,False,True,False,False,1.68,3.4445446,21.454,35.699993,35.699993,1008.96265,2.351005,21.700666,19.500002,19.500002,1010.3916,3.5525827,22.318588,2.8999994,2.8999994,1009.46246,8.246964,28.019503,0.70000005,0.70000005,1005.2332,14,8,3,0,-0.8660254037844385,-0.5000000000000004,63.6,65.0,55.0,4500.0,4500.0,4500.0,60.34999999999999,58.49166666666667,4500.0,5688.111111111111
2025-08-15,65.0,4500.0,140.39,149.0,0,False,True,False,False,1.68,3.280625,22.139418,15.700001,15.700001,1006.37915,1.6934949,22.042336,2.4999998,2.4999998,1007.95416,2.8777826,22.329002,7.999999,7.999999,1007.0249,7.3373046,28.617418,1.0,1.0,1002.3833,15,8,4,0,-0.8660254037844385,-0.5000000000000004,65.6,64.0,55.0,4500.0,4500.0,4500.0,61.77857142857142,58.49166666666667,4500.0,5643.814777777778
2025-08-16,65.0,4500.0,140.39,149.0,0,False,True,False,False,1.68,3.7744625,22.5915,20.800001,20.800001,1005.78735,2.9233856,22.725668,26.3,26.3,1007.3667,3.0767412,23.243584,11.299999,11.299999,1006.3584,6.689898,29.131996,1.7,1.7,1001.46674,16,8,5,1,-0.8660254037844385,-0.5000000000000004,65.0,63.6,54.25,4500.0,4500.0,4500.0,63.3142857142857,58.49166666666667,4500.0,5601.666666666667
2025-08-17,65.0,4500.0,140.39,149.0,0,False,True,False,False,1.68,3.6882155,22.895668,9.1,9.1,1007.4207,2.8326814,22.644417,35.599995,35.599995,1009.0251,3.4842365,22.837334,12.9,12.9,1008.10834,5.9283156,28.679916,5.4999995,5.4999995,1002.8582,17,8,6,1,-0.8660254037844385,-0.5000000000000004,65.0,65.6,55.0,4500.0,4500.0,4500.0,64.74285714285713,58.49166666666667,4500.0,5561.666666666667
2025-08-18,74.4,4500.0,140.39,149.0,0,False,True,False,False,1.68,4.3940845,22.97483,6.1,6.1,1008.58746,3.0913887,22.754831,9.900001,9.900001,1010.2917,3.5133393,22.91442,7.0,7.0,1009.325,8.678471,28.621582,7.8999996,7.8999996,1004.4126,18,8,0,0,-0.8660254037844385,-0.5000000000000004,65.0,65.0,65.0,4500.0,4500.0,4500.0,66.08571428571427,58.805,4500.0,5282.5
2025-08-19,75.6,4500.0,140.07,149.0,0,False,True,False,False,1.68,4.2803597,22.624834,6.5,6.5,1007.21674,3.0579233,22.67775,12.1,12.1,1008.8208,3.8402936,22.995667,7.7999997,7.7999997,1007.86664,11.535824,28.848665,7.0,7.0,1003.2417,19,8,1,0,-0.8660254037844385,-0.5000000000000004,74.4,65.0,64.0,4500.0,4500.0,4500.0,67.74285714285715,59.15833333333333,4500.0,5304.722222222223
2025-08-20,84.0,4500.0,139.43,149.0,0,False,True,False,False,1.68,3.184232,22.156088,6.1000004,6.1000004,1006.9834,3.3809195,22.325668,7.9999995,7.9999995,1008.3625,3.4084847,22.629004,8.900001,8.900001,1007.4334,14.204849,28.821585,0.3,0.3,1003.1958,20,8,2,0,-0.8660254037844385,-0.5000000000000004,75.6,65.0,63.6,4500.0,4500.0,4500.0,70.65714285714286,59.958333333333336,4500.0,5325.555555555556
2025-08-21,85.0,4500.0,139.61,149.0,0,False,True,False,False,1.68,4.449772,22.333168,3.8999999,3.8999999,1006.4958,2.9287493,22.294416,10.600001,10.600001,1008.1333,3.453418,22.631086,13.1,13.1,1007.1833,10.384181,28.36534,11.499999,11.499999,1002.9041,21,8,3,0,-0.8660254037844385,-0.5000000000000004,84.0,74.4,65.6,4500.0,4500.0,4500.0,73.42857142857143,60.791666666666664,4500.0,5275.555555555556
2025-08-22,85.0,75.0,139.94,149.0,0,False,True,False,False,1.68,3.5574608,21.893587,10.1,10.1,1004.75415,2.9293177,22.31108,15.200001,15.200001,1006.06665,3.6856616,22.606089,15.200001,15.200001,1005.12915,10.674949,27.813248,1.7000002,1.7000002,1001.0583,22,8,4,0,-0.8660254037844385,-0.5000000000000004,85.0,75.6,65.0,4500.0,4500.0,4500.0,76.28571428571429,61.666666666666664,4352.5,5218.333333333333
2025-08-23,86.25,75.0,140.36,149.0,0,False,True,False,False,1.68,3.7959652,22.437332,14.5,14.5,1004.03754,2.5803788,22.706911,14.800001,14.800001,1005.46265,3.4144104,22.57067,10.7,10.7,1004.50006,13.800843,28.57575,1.1,1.1,1000.2751,23,8,5,1,-0.8660254037844385,-0.5000000000000004,85.0,84.0,65.0,75.0,4500.0,4500.0,79.32142857142857,62.708333333333336,4205.0,5073.333333333333
2025-08-24,86.25,75.0,140.36,149.0,0,False,True,False,False,1.68,3.2275808,22.322752,20.8,20.8,1005.59985,3.4486272,22.67775,5.5999994,5.5999994,1007.01263,4.010573,22.410254,12.799999,12.799999,1006.1541,19.288858,28.823668,0.4,0.4,1001.9001,24,8,6,1,-0.8660254037844385,-0.5000000000000004,86.25,85.0,65.0,75.0,4500.0,4500.0,82.35714285714286,63.75,4057.5,4874.166666666667
2025-08-25,82.6,425.0,140.36,149.0,0,False,True,False,False,1.68,3.1208365,22.060251,10.900001,10.900001,1007.05414,3.3338757,22.123583,17.800001,17.800001,1008.5584,3.485717,22.04567,5.899999,5.899999,1007.75,12.64202,28.769499,0.6,0.6,1003.3374,25,8,0,0,-0.8660254037844385,-0.5000000000000004,86.25,85.0,74.4,75.0,4500.0,4500.0,83.52857142857144,64.67,3921.6666666666665,4678.888888888889
2025-08-26,82.0,425.0,140.44,149.0,0,False,True,False,False,1.68,3.7915637,22.17275,7.2,7.2,1008.31244,2.54625,22.14025,10.0,10.0,1009.69604,3.6266458,22.620667,5.2,5.2,1008.72485,6.2677827,28.907003,3.1000001,3.1000001,1004.03754,26,8,1,0,-0.8660254037844385,-0.5000000000000004,82.6,86.25,75.6,425.0,4500.0,4500.0,84.44285714285714,65.57,3785.8333333333335,4653.611111111111
2025-08-27,76.25,5700.0,140.6,149.0,0,False,True,False,False,1.68,3.6470025,22.337334,8.200001,8.200001,1006.9292,1.8404636,22.350664,15.299999,15.299999,1008.48334,2.803406,22.46025,3.9999998,3.9999998,1007.67914,5.3526115,27.773668,12.300001,12.300001,1003.1958,27,8,2,0,-0.8660254037844385,-0.5000000000000004,82.0,86.25,84.0,425.0,4500.0,4500.0,83.33571428571427,66.27833333333334,3825.8333333333335,4666.944444444444
2025-08-28,75.0,5700.0,140.6,149.0,0,False,True,False,False,1.68,3.114627,21.797752,25.5,25.5,1007.17505,2.415621,22.017334,21.299997,21.299997,1008.6125,3.255349,22.570665,7.4999995,7.4999995,1007.62915,10.139709,28.592417,1.4000002,1.4000002,1003.12506,28,8,3,0,-0.8660254037844385,-0.5000000000000004,76.25,82.6,85.0,5700.0,4500.0,4500.0,81.90714285714284,66.925,3865.8333333333335,4713.611111111111
2025-08-29,72.0,5700.0,140.51,149.0,0,False,True,False,False,1.68,2.6260073,21.8665,17.300003,17.300003,1008.4375,3.2405233,21.888166,11.1,11.1,1010.0459,2.697115,22.206083,1.8000001,1.8000001,1009.17505,11.970336,28.273666,9.900002,9.900002,1004.8125,29,8,4,0,-0.8660254037844385,-0.5000000000000004,75.0,82.0,85.0,5700.0,75.0,4500.0,80.04999999999998,67.49166666666666,3905.8333333333335,4760.277777777777
2025-08-30,75.0,5700.0,141.42,149.0,0,False,True,False,False,1.68,3.2210724,21.935251,8.9,8.9,1009.7749,2.5477052,22.090248,15.600001,15.600001,1011.1209,2.9536788,22.381086,2.8,2.8,1010.1792,9.4741,28.919502,1.0,1.0,1005.85004,30,8,5,1,-0.8660254037844385,-0.5000000000000004,72.0,76.25,86.25,5700.0,75.0,4500.0,78.44285714285714,68.145,3945.8333333333335,4698.611111111111
2025-08-31,75.0,5700.0,141.42,145.0,0,False,True,False,False,1.68,3.9649413,21.729002,6.399999,6.399999,1008.47906,3.0128787,21.721498,28.199999,28.199999,1009.99994,2.4868724,21.999834,5.8,5.8,1009.1126,7.310761,27.694498,12.600002,12.600002,1004.625,31,8,6,1,-0.8660254037844385,-0.5000000000000004,75.0,75.0,86.25,5700.0,75.0,4500.0,76.83571428571427,68.78666666666666,3985.8333333333335,4595.277777777777
2025-09-01,67.0,10175.0,141.42,145.0,0,False,True,False,False,1.87,4.178375,22.318583,2.7,2.7,1006.3249,3.0652297,21.729834,48.2,48.2,1008.10834,3.674245,22.60817,2.0,2.0,1006.9917,5.580725,29.334085,0.0,0.0,1001.51245,1,9,0,0,-1.0,-1.8369701987210297e-16,75.0,72.0,82.6,5700.0,425.0,4500.0,74.60714285714286,69.18666666666667,4175.0,4625.0
2025-09-02,68.0,10175.0,141.42,145.0,0,False,True,False,False,1.87,5.0620756,22.629,4.0,4.0,1006.53754,2.8744,22.277748,10.5,10.5,1008.31665,4.646341,22.568588,22.4,22.4,1007.425,11.206924,29.06533,0.0,0.0,1002.06665,2,9,1,0,-1.0,-1.8369701987210297e-16,67.0,75.0,82.0,10175.0,425.0,4500.0,72.60714285714286,69.6,4364.166666666667,4654.722222222223
2025-09-03,67.5,10175.0,141.36,145.0,0,False,True,False,False,1.87,3.503665,22.464418,6.2000003,6.2000003,1007.72504,3.017069,22.465248,14.700001,14.700001,1009.2541,4.00244,22.52275,3.2999997,3.2999997,1008.4458,9.828122,29.248667,0.9000001,0.9000001,1003.5415,3,9,2,0,-1.0,-1.8369701987210297e-16,68.0,75.0,76.25,10175.0,5700.0,4500.0,71.35714285714286,70.01,4553.333333333333,4684.444444444444
2025-09-04,67.5,10175.0,141.22,145.0,0,False,True,False,False,1.87,3.3117552,22.497751,4.5,4.5,1008.2456,3.6001692,22.433998,2.7999997,2.7999997,1009.9292,4.204396,22.42275,5.7000003,5.7000003,1009.0916,12.496245,29.256998,0.1,0.1,1004.25415,4,9,3,0,-1.0,-1.8369701987210297e-16,67.5,67.0,75.0,10175.0,5700.0,4500.0,70.28571428571429,70.42666666666668,4742.5,4714.166666666667
2025-09-05,70.0,10175.0,141.34,145.0,0,False,True,False,False,1.87,3.001353,22.422752,2.8999999,2.8999999,1009.19995,2.19935,22.298584,9.599999,9.599999,1010.6958,3.251338,22.704002,4.8,4.8,1009.7666,6.983816,29.025751,5.7999997,5.7999997,1005.0583,5,9,4,0,-1.0,-1.8369701987210297e-16,67.5,68.0,72.0,10175.0,5700.0,4500.0,70.0,70.89333333333335,4931.666666666667,4743.888888888889
2025-09-06,70.0,10175.0,141.53,145.0,0,False,True,False,False,1.87,3.8384268,21.933168,8.6,8.6,1009.90845,2.361588,21.938166,16.1,16.1,1011.50824,3.414976,22.160254,6.1,6.1,1010.6626,5.5682416,28.386164,4.3,4.3,1005.8125,6,9,5,1,-1.0,-1.8369701987210297e-16,70.0,67.5,75.0,10175.0,5700.0,4500.0,69.28571428571429,71.39333333333335,5120.833333333333,4773.611111111111
2025-09-07,65.6,10175.0,141.53,145.0,0,False,True,False,False,1.87,3.148865,22.024832,0.6,0.6,1008.76263,1.8271613,21.946497,3.0,3.0,1010.2542,2.5462968,22.208166,7.6,7.6,1009.37494,4.351219,27.979918,7.099999,7.099999,1004.98755,7,9,6,1,-1.0,-1.8369701987210297e-16,70.0,67.5,75.0,10175.0,5700.0,4500.0,67.94285714285715,71.74666666666667,5310.0,4803.333333333333
2025-09-08,64.0,10175.0,141.53,145.0,0,False,True,False,False,1.87,3.461282,22.074835,6.2999997,6.2999997,1008.80414,2.8224866,21.975668,2.6999998,2.6999998,1010.2458,2.4341204,22.070665,3.1999993,3.1999993,1009.3499,4.7475376,27.946585,6.5999994,6.5999994,1005.05,8,9,0,0,-1.0,-1.8369701987210297e-16,65.6,70.0,67.0,10175.0,10175.0,4500.0,67.51428571428572,72.07166666666667,5499.166666666667,4833.055555555556
2025-09-09,65.0,10175.0,141.53,145.0,0,False,True,False,False,1.87,3.7629042,22.416502,1.9000001,1.9000001,1009.0042,3.2951012,22.148582,1.5000001,1.5000001,1010.43744,2.0559833,22.343584,3.4999998,3.4999998,1009.521,3.6227934,27.794497,8.0,8.0,1005.31256,9,9,1,0,-1.0,-1.8369701987210297e-16,64.0,70.0,68.0,10175.0,10175.0,4500.0,67.08571428571429,72.405,5688.333333333333,4896.111111111111
2025-09-10,65.0,10175.0,141.27,145.0,0,False,True,False,False,1.87,3.346749,22.489418,1.6,1.6,1007.41254,2.3363938,22.056915,2.7999997,2.7999997,1008.9958,2.6543477,22.25192,6.799999,6.799999,1008.1792,4.44445,27.600752,9.299999,9.299999,1004.14594,10,9,2,0,-1.0,-1.8369701987210297e-16,65.0,65.6,67.5,10175.0,10175.0,4500.0,66.72857142857143,72.405,5877.5,4959.166666666667
2025-09-11,65.0,10175.0,141.27,145.0,0,False,True,False,False,1.87,3.3742154,21.724833,10.2,10.2,1007.86664,3.141965,22.204834,9.7,9.7,1009.43744,3.7284899,22.254,4.6999993,4.6999993,1008.60406,3.5342224,26.804916,22.800001,22.800001,1004.7625,11,9,3,0,-1.0,-1.8369701987210297e-16,65.0,64.0,67.5,10175.0,10175.0,4500.0,66.37142857142858,72.43833333333333,6066.666666666667,5022.222222222223
2025-09-12,64.0,10175.0,141.82,145.0,0,False,True,False,False,1.87,3.220848,22.072752,3.9,3.9,1009.425,2.7240946,22.284002,13.800002,13.800002,1010.93335,2.6928577,22.547752,1.3000001,1.3000001,1009.9041,3.1413348,27.90492,4.3999996,4.3999996,1005.79175,12,9,4,0,-1.0,-1.8369701987210297e-16,65.0,65.0,70.0,10175.0,10175.0,4500.0,65.51428571428572,72.45166666666667,6255.833333333333,5085.277777777777
2025-09-13,56.0,10175.0,141.55,145.0,0,False,True,False,False,1.87,3.3426912,21.664415,21.0,21.0,1010.30005,2.20278,22.167334,4.7999997,4.7999997,1011.68744,3.2558582,22.593588,5.1,5.1,1010.77515,4.838207,27.757002,5.8999996,5.8999996,1006.62085,13,9,5,1,-1.0,-1.8369701987210297e-16,64.0,65.0,70.0,10175.0,10175.0,4500.0,63.51428571428572,72.13166666666667,6445.0,5148.333333333333
2025-09-14,56.0,10175.0,141.55,145.0,0,False,True,False,False,1.87,2.9034364,21.374834,20.300001,20.300001,1009.9834,2.1818008,21.609,24.0,24.0,1011.45,2.9444313,21.739418,4.7999997,4.7999997,1010.6999,7.9493804,26.311165,20.4,20.4,1006.9207,14,9,6,1,-1.0,-1.8369701987210297e-16,56.0,65.0,65.6,10175.0,10175.0,4500.0,62.142857142857146,71.83166666666668,6634.166666666667,5211.388888888889
2025-09-15,55.0,10175.0,141.55,142.5,0,False,True,False,False,1.87,2.9567182,20.881084,37.999996,37.999996,1009.16254,2.712882,21.611084,24.900002,24.900002,1010.44165,3.3600588,22.114418,4.3,4.3,1009.58746,6.6812577,26.694504,14.900001,14.900001,1005.8709,15,9,0,0,-1.0,-1.8369701987210297e-16,56.0,64.0,64.0,10175.0,10175.0,4500.0,60.857142857142854,71.49833333333335,6823.333333333333,5274.444444444444
2025-09-16,55.0,10175.0,141.44,142.5,0,False,True,False,False,1.87,2.8929243,20.899836,19.2,19.2,1009.1875,2.3638742,21.100664,19.100002,19.100002,1010.71246,2.6329913,21.024834,13.5,13.5,1009.88324,10.316838,25.788254,20.400002,20.400002,1006.07086,16,9,1,0,-1.0,-1.8369701987210297e-16,55.0,56.0,65.0,10175.0,10175.0,4500.0,59.42857142857143,71.165,7012.5,5337.5
2025-09-17,55.0,10175.0,141.19,142.5,0,False,True,False,False,1.87,2.3278081,20.829,15.100001,15.100001,1009.47925,2.97419,20.881916,29.200003,29.200003,1010.95404,2.8621979,21.706085,5.4999995,5.4999995,1010.0042,8.1220255,26.438253,4.2,4.2,1006.14996,17,9,2,0,-1.0,-1.8369701987210297e-16,55.0,56.0,65.0,10175.0,10175.0,4500.0,58.0,70.51833333333335,7201.666666666667,5400.555555555556
2025-09-18,55.0,4500.0,140.81,142.5,0,False,True,False,False,1.87,3.3723927,21.249834,3.0,3.0,1009.20416,2.9632463,21.061079,20.600002,20.600002,1010.6042,2.101518,21.895668,1.8000002,1.8000002,1009.5959,5.510441,26.844503,6.1999993,6.1999993,1005.7083,18,9,3,0,-1.0,-1.8369701987210297e-16,55.0,55.0,65.0,10175.0,10175.0,4500.0,56.57142857142857,69.83166666666666,7201.666666666667,5400.555555555556
2025-09-19,64.4,4500.0,141.31,142.5,0,False,True,False,False,1.87,4.1746755,21.322748,1.9,1.9,1009.32916,2.401189,21.202747,4.8999996,4.8999996,1010.7375,2.7701895,21.347754,10.6,10.6,1009.94995,4.01416,26.982002,5.0999994,5.0999994,1005.88763,19,9,4,0,-1.0,-1.8369701987210297e-16,55.0,55.0,64.0,4500.0,10175.0,4500.0,56.628571428571426,69.17833333333333,7201.666666666667,5400.555555555556
2025-09-20,65.0,4500.0,141.25,142.5,0,False,True,False,False,1.87,3.149805,21.41442,2.9999998,2.9999998,1008.125,3.230959,21.513166,22.0,22.0,1009.59576,2.9615676,21.443583,1.2,1.2,1008.81244,3.8452291,27.290335,1.3000001,1.3000001,1004.7542,20,9,5,1,-1.0,-1.8369701987210297e-16,64.4,55.0,56.0,4500.0,10175.0,4500.0,57.91428571428571,68.51166666666667,7201.666666666667,5400.555555555556
2025-09-21,64.17,1479.17,141.25,142.5,0,False,True,False,False,1.87,3.6610644,21.831085,2.3,2.3,1007.32916,2.7391167,21.58608,5.7,5.7,1008.87085,3.1875198,22.193586,5.4,5.4,1007.82904,3.3958595,27.865334,0.0,0.0,1003.4875,21,9,6,1,-1.0,-1.8369701987210297e-16,65.0,55.0,56.0,4500.0,10175.0,75.0,59.08142857142857,67.81733333333334,7248.472333333334,5366.990777777778
2025-09-22,63.33,2958.33,141.25,142.5,0,False,True,False,False,1.87,4.0322084,22.451918,1.4000001,1.4000001,1007.63324,2.7867439,22.406916,1.4000001,1.4000001,1009.19574,3.0071669,22.666498,4.6,4.6,1008.27496,3.9663393,28.623665,0.3,0.3,1003.5042,22,9,0,0,-1.0,-1.8369701987210297e-16,64.17,64.4,55.0,1479.17,10175.0,75.0,60.27142857142858,67.05333333333333,7344.583333333333,5349.861111111111
2025-09-23,62.5,4437.5,141.6,142.5,0,False,True,False,False,1.87,3.9195716,22.637335,3.0000002,3.0000002,1007.37933,1.7061514,22.550667,7.8999996,7.8999996,1009.06665,2.6490633,22.624834,6.2999997,6.2999997,1008.17084,4.7703586,28.842413,0.7,0.7,1003.41675,23,9,1,0,-1.0,-1.8369701987210297e-16,63.33,65.0,55.0,2958.33,10175.0,75.0,61.34285714285714,66.26166666666667,7490.0,5349.166666666667
2025-09-24,61.67,5916.67,142.32,142.5,0,False,True,False,False,1.87,3.7081614,22.53525,0.90000004,0.90000004,1005.83746,2.3697402,21.956917,8.1,8.1,1007.60834,3.1560307,22.379004,7.6999993,7.6999993,1006.63745,5.1708503,27.671583,5.6,5.6,1001.8625,24,9,2,0,-1.0,-1.8369701987210297e-16,62.5,64.17,55.0,4437.5,10175.0,425.0,62.29571428571428,65.56400000000001,7673.055666666667,5364.907444444445
2025-09-25,60.83,7395.83,142.21,142.5,1,False,True,False,False,1.87,3.0442517,22.487333,5.7,5.7,1006.7083,2.864276,21.956917,6.2999997,6.2999997,1008.35406,2.3059669,22.704,2.4,2.4,1007.33746,2.6253567,28.944498,0.0,0.0,1002.13763,25,9,3,0,-1.0,-1.8369701987210297e-16,61.67,63.33,55.0,5916.67,4500.0,425.0,63.12857142857143,64.85833333333333,7905.416666666667,5397.083333333333
2025-09-26,60.0,8875.0,142.17,142.5,1,False,True,False,False,1.87,4.569093,23.610247,7.5,7.5,1008.45013,2.0715268,22.881918,1.9000002,1.9000002,1010.5166,3.2170608,22.918581,26.099998,26.099998,1009.7834,7.365434,30.079916,0.3,0.3,1003.71246,26,9,4,0,-1.0,-1.8369701987210297e-16,60.83,62.5,64.4,7395.83,4500.0,5700.0,62.5,64.31666666666666,8011.25,5445.694444444444
2025-09-27,65.0,8875.0,142.26,142.5,1,False,True,False,False,1.87,3.4818375,22.841501,0.6,0.6,1011.22906,1.9735433,22.190252,2.0,2.0,1013.0334,2.6374865,22.608164,1.2,1.2,1012.0959,11.052386,30.061167,0.0,0.0,1006.8708,27,9,5,1,-1.0,-1.8369701987210297e-16,60.0,61.67,65.0,8875.0,4500.0,5700.0,62.5,63.983333333333334,8117.083333333333,5494.305555555556
2025-09-28,75.0,10000.0,142.26,142.5,1,False,True,False,False,1.87,3.453057,21.966501,1.2,1.2,1011.1917,2.519091,21.536081,3.9,3.9,1012.67487,2.717296,22.0915,2.4999998,2.4999998,1011.76666,7.3866005,29.084084,4.1,4.1,1007.0793,28,9,6,1,-1.0,-1.8369701987210297e-16,65.0,60.83,64.17,8875.0,1479.17,5700.0,64.04714285714286,64.08333333333333,8260.416666666666,5555.416666666667
2025-09-29,75.0,10000.0,142.26,142.5,1,False,True,False,False,1.87,3.3753479,21.82692,3.3999999,3.3999999,1009.0376,2.2301898,21.250668,15.099999,15.099999,1010.7334,2.9975777,21.826918,9.200001,9.200001,1009.7832,4.274386,29.071579,0.7,0.7,1004.76245,29,9,0,0,-1.0,-1.8369701987210297e-16,75.0,60.0,63.33,10000.0,2958.33,5700.0,65.71428571428571,64.08333333333333,8403.75,5616.527777777777
2025-09-30,75.0,10000.0,142.32,145.0,1,False,True,False,False,1.87,3.1116467,21.91442,2.2,2.2,1006.5957,2.1373503,21.413168,9.599999,9.599999,1008.3667,2.8820803,21.426918,9.7,9.7,1007.53345,5.5537877,28.998667,0.3,0.3,1002.3499,30,9,1,0,-1.0,-1.8369701987210297e-16,75.0,65.0,62.5,10000.0,4437.5,5700.0,67.5,64.08333333333333,8547.083333333334,5677.638888888889
2025-10-01,75.0,10000.0,142.37,145.0,1,True,False,False,False,1.87,3.979805,21.472748,2.1000001,2.1000001,1006.66254,2.5903533,21.013166,18.1,18.1,1008.5417,2.9365435,21.420668,7.8999996,7.8999996,1007.7249,6.2078876,27.748667,18.5,18.5,1003.23755,1,10,2,0,-0.8660254037844386,0.5000000000000001,75.0,75.0,61.67,10000.0,5916.67,10175.0,69.4042857142857,64.35,8541.25,5738.75
2025-10-02,75.0,10000.0,142.21,145.0,1,True,False,False,False,1.87,2.6203494,19.768583,11.200001,11.200001,1012.02924,2.3310182,20.634,20.700003,20.700003,1013.33765,2.858137,20.635252,12.700002,12.700002,1012.55005,9.355947,26.63408,6.4999995,6.4999995,1008.4417,2,10,3,0,-0.8660254037844386,0.5000000000000001,75.0,75.0,60.83,10000.0,7395.83,10175.0,71.42857142857143,64.58333333333333,8535.416666666666,5799.861111111111
2025-10-03,75.0,4575.0,142.21,145.0,1,True,False,False,False,1.87,3.0730512,21.212334,1.5,1.5,1013.0083,2.5448833,20.973585,9.4,9.4,1014.5542,1.3149856,21.60817,1.3000001,1.3000001,1013.5625,13.127384,27.38617,0.0,0.0,1009.4917,3,10,4,0,-0.8660254037844386,0.5000000000000001,75.0,75.0,60.0,10000.0,8875.0,10175.0,73.57142857142857,64.83333333333333,8348.75,5800.694444444444
2025-10-04,75.0,9150.0,142.34,145.0,1,True,False,False,False,1.87,3.3925326,18.920668,96.7,96.7,1009.64166,3.7795055,18.506918,89.1,89.1,1011.4375,2.7347987,18.847752,55.000004,55.000004,1010.6916,20.166273,24.696587,57.599995,57.599995,1005.9834,4,10,5,1,-0.8660254037844386,0.5000000000000001,75.0,75.0,65.0,4575.0,8875.0,10175.0,75.0,65.08333333333333,8314.583333333334,5852.361111111111
2025-10-05,73.15,8540.0,142.34,145.0,1,True,False,False,False,1.87,3.8989022,19.776917,0.9000001,0.9000001,1010.0625,2.393665,19.627748,24.100002,24.100002,1011.425,4.072948,19.083168,25.800003,25.800003,1011.09155,5.89636,24.359083,31.900002,31.900002,1007.50006,5,10,6,1,-0.8660254037844386,0.5000000000000001,75.0,75.0,75.0,9150.0,10000.0,10175.0,74.73571428571428,65.18833333333333,8260.083333333334,5897.25
2025-10-06,71.3,7930.0,142.34,145.0,1,True,False,False,False,1.87,4.0073314,20.231081,0.6,0.6,1012.0251,3.927123,20.492334,2.4999995,2.4999995,1013.1208,3.8480127,20.306086,0.4,0.4,1012.41254,2.9083948,25.71742,0.1,0.1,1008.86255,6,10,0,0,-0.8660254037844386,0.5000000000000001,73.15,75.0,75.0,8540.0,10000.0,10175.0,74.20714285714287,65.23166666666667,8185.25,5935.361111111111
2025-10-07,69.45,7320.0,142.36,145.0,1,True,False,False,False,1.87,3.7176855,19.749834,0.70000005,0.70000005,1012.2,3.1456425,19.51525,10.7,10.7,1013.48755,2.2727847,19.687334,1.4000001,1.4000001,1012.7876,5.397665,25.738253,0.8000001,0.8000001,1009.0625,7,10,1,0,-0.8660254037844386,0.5000000000000001,71.3,75.0,75.0,7930.0,10000.0,10175.0,73.41428571428571,65.36,8090.083333333333,5966.694444444444
2025-10-08,67.6,6710.0,142.34,145.0,1,True,False,False,False,1.87,3.8058393,20.093584,0.2,0.2,1012.69165,2.3824723,19.929834,3.2999997,3.2999997,1014.1084,2.8004463,19.837334,1.7,1.7,1013.37085,5.5049114,26.3945,0.0,0.0,1009.1709,8,10,2,0,-0.8660254037844386,0.5000000000000001,69.45,73.15,75.0,7320.0,10000.0,10175.0,72.35714285714286,65.47999999999999,7974.583333333333,5991.25
2025-10-09,65.75,6100.0,142.38,145.0,1,True,False,False,False,1.87,3.7233,20.143583,0.0,0.0,1013.32495,5.250342,19.794416,0.70000005,0.70000005,1014.60425,2.539157,19.7665,0.3,0.3,1013.77515,5.9009,26.261168,0.0,0.0,1009.8001,9,10,3,0,-0.8660254037844386,0.5000000000000001,67.6,71.3,75.0,6710.0,10000.0,10175.0,71.03571428571429,65.505,7838.75,6009.027777777777
2025-10-10,63.9,5490.0,142.36,145.0,1,True,False,False,False,1.87,4.11188,19.874834,0.0,0.0,1012.8208,5.8742003,19.298584,0.2,0.2,1014.2041,2.4507937,19.697752,0.0,0.0,1013.39594,6.6294646,25.473663,0.0,0.0,1009.31665,10,10,4,0,-0.8660254037844386,0.5000000000000001,65.75,69.45,75.0,6100.0,4575.0,10175.0,69.45,65.46833333333333,7682.583333333333,6020.027777777777
2025-10-11,62.05,4880.0,142.2,145.0,1,True,False,False,False,1.87,3.952773,19.620668,0.0,0.0,1012.2624,5.5537744,19.21525,0.0,0.0,1013.6374,2.231672,19.414417,0.0,0.0,1012.83746,8.314492,24.725752,0.0,0.0,1009.0542,11,10,5,1,-0.8660254037844386,0.5000000000000001,63.9,67.6,75.0,5490.0,9150.0,10175.0,67.6,65.36999999999999,7506.083333333333,6024.25
2025-10-12,60.2,4270.0,142.2,145.0,1,True,False,False,False,1.87,3.7217486,18.647753,0.0,0.0,1012.5166,4.2887974,19.129831,0.0,0.0,1013.7334,2.614313,18.958168,0.0,0.0,1013.17914,7.4228234,24.117418,0.0,0.0,1009.7124,12,10,6,1,-0.8660254037844386,0.5000000000000001,62.05,65.75,73.15,4880.0,8540.0,10175.0,65.74999999999999,65.24333333333333,7309.25,6021.694444444444
2025-10-13,58.35,3660.0,142.2,145.0,1,True,False,False,False,1.87,3.3001595,18.69775,0.0,0.0,1013.84174,3.7220547,18.698584,0.0,0.0,1014.9624,2.176345,19.001917,0.0,0.0,1014.3501,6.8620834,24.06325,0.0,0.0,1011.12506,13,10,0,0,-0.8660254037844386,0.5000000000000001,60.2,63.9,71.3,4270.0,7930.0,10175.0,63.9,65.32166666666666,7092.083333333333,6012.361111111111
2025-10-14,56.5,3050.0,142.18,145.0,1,True,False,False,False,1.87,3.6456883,18.554003,0.0,0.0,1012.91235,3.729851,18.979834,1.5,1.5,1014.24164,3.2867136,18.976917,0.0,0.0,1013.5916,5.57972,23.571585,0.0,0.0,1010.3333,14,10,1,0,-0.8660254037844386,0.5000000000000001,58.35,62.05,69.45,3660.0,7320.0,10175.0,62.050000000000004,65.33833333333332,6854.583333333333,5996.25
2025-10-15,54.65,2440.0,142.38,145.0,1,True,False,False,False,1.87,4.297974,19.093584,0.0,0.0,1012.6292,3.5180588,19.421501,1.6,1.6,1014.03345,1.6649084,19.779,0.2,0.2,1013.23334,4.8953447,24.429918,0.0,0.0,1009.3833,15,10,2,0,-0.8660254037844386,0.5000000000000001,56.5,60.2,67.6,3050.0,6710.0,10175.0,60.199999999999996,65.32666666666667,6596.75,5973.361111111111
2025-10-16,52.8,1830.0,141.23,145.0,1,True,False,False,False,1.87,4.0171995,19.45817,0.0,0.0,1012.8792,3.1097631,19.565248,0.0,0.0,1014.2708,2.6512449,19.46025,0.1,0.1,1013.76245,2.8785717,25.100752,0.0,0.0,1009.8,16,10,3,0,-0.8660254037844386,0.5000000000000001,54.65,58.35,65.75,2440.0,6100.0,10175.0,58.35,65.25333333333333,6318.583333333333,5943.694444444444
2025-10-17,50.95,1220.0,140.82,145.0,1,True,False,False,False,1.87,3.3059044,19.370668,0.2,0.2,1014.6458,2.6135485,19.131916,0.8,0.8,1015.96246,2.386442,19.358164,0.90000004,0.90000004,1015.35425,3.0002205,25.536165,0.0,0.0,1011.24585,17,10,4,0,-0.8660254037844386,0.5000000000000001,52.8,56.5,63.9,1830.0,5490.0,10175.0,56.5,65.11833333333333,6020.083333333333,5907.25
2025-10-18,49.1,610.0,141.07,145.0,1,True,False,False,False,1.87,3.7295964,19.322752,0.5,0.5,1014.56244,3.3701527,19.150667,0.5,0.5,1015.80853,3.0396557,19.31442,0.0,0.0,1015.1208,3.7028458,26.013252,0.0,0.0,1011.1001,18,10,5,1,-0.8660254037844386,0.5000000000000001,50.95,54.65,62.05,1220.0,4880.0,4500.0,54.65,64.92166666666667,5890.416666666667,5864.027777777777
2025-10-19,47.25,610.0,141.07,145.0,1,True,False,False,False,1.87,4.313962,19.033167,0.1,0.1,1013.92084,3.3465035,19.090248,0.1,0.1,1015.2417,1.7776891,19.266502,0.0,0.0,1014.4958,5.869695,25.865335,0.0,0.0,1010.4458,19,10,6,1,-0.8660254037844386,0.5000000000000001,49.1,52.8,60.2,610.0,4270.0,4500.0,52.800000000000004,64.35,5760.75,5820.805555555556
2025-10-20,47.75,610.0,141.07,145.0,1,True,False,False,False,1.87,4.000488,19.1415,0.0,0.0,1014.27496,3.560269,19.106916,0.0,0.0,1015.62085,2.3260171,19.358168,0.0,0.0,1014.91254,5.4503446,25.51533,0.0,0.0,1010.97095,20,10,0,0,-0.8660254037844386,0.5000000000000001,47.25,50.95,58.35,610.0,3660.0,4500.0,51.285714285714285,63.775,5631.083333333333,5777.583333333333
