Date,Average_Price,Supply_Volume,USD_TO_NPR,Diesel,is_festival,Season_Autumn,Season_Monsoon,Season_Spring,Season_Winter,Inflation,Kathmandu_Rainfall_MM,Sarlahi_Temperature,Sarlahi_Precipitation,Sarlahi_Rainfall_MM,Hilly_Temperature,Hilly_Precipitation,Hilly_Rainfall_MM,day,month,day_of_week,is_weekend,month_sin,month_cos,Average_Price_lag1,Average_Price_lag3,Average_Price_lag7,Supply_Volume_lag1,Supply_Volume_lag7,Supply_Volume_lag30,Sarlahi_Temperature_lag1,Sarlahi_Temperature_lag3,Sarlahi_Temperature_lag7,Sarlahi_Precipitation_lag1,Sarlahi_Precipitation_lag3,Sarlahi_Precipitation_lag7,Sarlahi_Rainfall_MM_lag1,Sarlahi_Rainfall_MM_lag3,Sarlahi_Rainfall_MM_lag7,Hilly_Temperature_lag1,Hilly_Temperature_lag3,Hilly_Temperature_lag7,Hilly_Precipitation_lag1,Hilly_Precipitation_lag3,Hilly_Precipitation_lag7,Hilly_Rainfall_MM_lag1,Hilly_Rainfall_MM_lag3,Hilly_Rainfall_MM_lag7,Kathmandu_Rainfall_MM_lag1,Kathmandu_Rainfall_MM_lag2
2022-01-31,66.67,18000.0,120.37,122.0,0,False,False,False,True,6.03,0.0,13.7445,0.0,0.0,9.56962575,0.0,0.0,31,1,0,0,0.49999999999999994,0.8660254037844387,65.0,56.67,56.67,23250.0,16625.0,8000.0,11.952834,11.554917,14.836167,0.0,0.0,0.0,0.0,0.0,0.0,8.17899935,6.454000199999999,9.673791999999999,0.0,0.1,2.4,0.0,0.1,2.4,0.4,0.0
2022-02-01,69.17,25500.0,119.68,122.0,0,False,False,False,True,6.23,0.6,12.907001,0.3,0.3,8.6081675,1.0999999,1.0999999,1,2,1,0,0.8660254037844386,0.5000000000000001,66.67,66.67,55.0,18000.0,16312.5,8000.0,13.7445,11.859084,14.959084,0.0,0.0,0.4,0.0,0.0,0.4,9.56962575,7.5977491,9.6342085,0.0,0.0,0.50000005,0.0,0.0,0.50000005,0.0,0.4
2022-02-02,71.67,33000.0,119.97,122.0,0,False,False,False,True,6.23,0.0,13.727834,0.0,0.0,8.3915005,0.1,0.1,2,2,2,0,0.8660254037844386,0.5000000000000001,69.17,65.0,56.67,25500.0,16000.0,22375.0,12.907001,11.952834,13.111167,0.3,0.0,0.1,0.3,0.0,0.1,8.6081675,8.17899935,8.351916750000001,1.0999999,0.0,0.44999999999999996,1.0999999,0.0,0.44999999999999996,0.6,0.0
2022-02-03,74.17,40500.0,120.05,122.0,0,False,False,False,True,6.23,3.3000002,15.223667,3.3,3.3,9.86025,0.7,0.7,3,2,3,0,0.8660254037844386,0.5000000000000001,71.67,66.67,55.0,33000.0,10000.0,8000.0,13.727834,13.7445,11.952834,0.0,0.0,0.0,0.0,0.0,0.0,8.3915005,9.56962575,7.4904588,0.1,0.0,0.1,0.1,0.0,0.1,0.0,0.6
2022-02-04,76.67,48000.0,120.08,122.0,0,False,False,False,True,6.23,22.900003,14.613252,28.8,28.8,8.06754205,28.6000035,26.8500035,4,2,4,0,0.8660254037844386,0.5000000000000001,74.17,69.17,56.67,40500.0,14416.666666666668,32500.0,15.223667,12.907001,11.554917,3.3,0.3,0.0,3.3,0.3,0.0,9.86025,8.6081675,6.454000199999999,0.7,1.0999999,0.1,0.7,1.0999999,0.1,3.3000002,0.0
2022-02-05,76.67,5000.0,119.82,122.0,0,False,False,False,True,6.23,4.0999994,13.661167,8.6,8.6,6.958168049999999,10.800000500000001,9.650001,5,2,5,1,0.8660254037844386,0.5000000000000001,76.67,71.67,66.67,48000.0,18833.333333333336,11250.0,14.613252,13.727834,11.859084,28.8,0.0,0.0,28.8,0.0,0.0,8.06754205,8.3915005,7.5977491,28.6000035,0.1,0.0,26.8500035,0.1,0.0,22.900003,3.3000002
2022-02-06,75.0,27200.0,119.82,122.0,0,False,False,False,True,6.23,0.0,12.779916,0.0,0.0,7.77275,0.0,0.0,6,2,6,1,0.8660254037844386,0.5000000000000001,76.67,74.17,65.0,5000.0,23250.0,32500.0,13.661167,15.223667,11.952834,8.6,3.3,0.0,8.6,3.3,0.0,6.958168049999999,9.86025,8.17899935,10.800000500000001,0.7,0.0,9.650001,0.7,0.0,4.0999994,22.900003
2022-02-07,76.67,12000.0,119.82,122.0,0,False,False,False,True,6.23,0.0,13.757,0.0,0.0,8.940458,0.0,0.0,7,2,0,0,0.8660254037844386,0.5000000000000001,75.0,76.67,66.67,27200.0,18000.0,33500.0,12.779916,14.613252,13.7445,0.0,28.8,0.0,0.0,28.8,0.0,7.77275,8.06754205,9.56962575,0.0,28.6000035,0.0,0.0,26.8500035,0.0,0.0,4.0999994
2022-02-08,76.67,36000.0,119.82,122.0,0,False,False,False,True,6.23,0.0,13.436168,0.0,0.0,8.982125,0.45000002,0.45000002,8,2,1,0,0.8660254037844386,0.5000000000000001,76.67,76.67,69.17,12000.0,25500.0,34500.0,13.757,13.661167,12.907001,0.0,8.6,0.3,0.0,8.6,0.3,8.940458,6.958168049999999,8.6081675,0.0,10.800000500000001,1.0999999,0.0,9.650001,1.0999999,0.0,0.0
2022-02-09,86.67,58450.0,119.9,122.0,0,False,False,False,True,6.23,0.1,14.761167,0.0,0.0,10.352958000000001,2.0999999999999996,2.0999999999999996,9,2,2,0,0.8660254037844386,0.5000000000000001,76.67,75.0,71.67,36000.0,33000.0,14000.0,13.436168,12.779916,13.727834,0.0,0.0,0.0,0.0,0.0,0.0,8.982125,7.77275,8.3915005,0.45000002,0.0,0.1,0.45000002,0.0,0.1,0.0,0.0
2022-02-10,76.67,11250.0,120.0,122.0,0,False,False,False,True,6.23,0.5,15.3695,0.0,0.0,10.831082,0.35,0.35,10,2,3,0,0.8660254037844386,0.5000000000000001,86.67,76.67,74.17,58450.0,40500.0,25000.0,14.761167,13.757,15.223667,0.0,0.0,3.3,0.0,0.0,3.3,10.352958000000001,8.940458,9.86025,2.0999999999999996,0.0,0.7,2.0999999999999996,0.0,0.7,0.1,0.0
2022-02-11,76.67,12125.0,120.21,122.0,0,False,False,False,True,6.23,0.70000005,14.1945,0.0,0.0,9.32587475,1.7000000499999999,1.7000000499999999,11,2,4,0,0.8660254037844386,0.5000000000000001,76.67,76.67,76.67,11250.0,48000.0,12000.0,15.3695,13.436168,14.613252,0.0,0.0,28.8,0.0,0.0,28.8,10.831082,8.982125,8.06754205,0.35,0.45000002,28.6000035,0.35,0.45000002,26.8500035,0.5,0.1
2022-02-12,76.67,19166.666666666668,120.92,122.0,0,False,False,False,True,6.23,0.0,14.3965845,0.0,0.0,9.246709,0.0,0.0,12,2,5,1,0.8660254037844386,0.5000000000000001,76.67,86.67,76.67,12125.0,5000.0,12000.0,14.1945,14.761167,13.661167,0.0,0.0,8.6,0.0,0.0,8.6,9.32587475,10.352958000000001,6.958168049999999,1.7000000499999999,2.0999999999999996,10.800000500000001,1.7000000499999999,2.0999999999999996,9.650001,0.70000005,0.5
2022-02-13,65.0,26208.333333333336,120.92,122.0,0,False,False,False,True,6.23,0.0,14.513251,0.0,0.0,10.06649975,0.05,0.05,13,2,6,1,0.8660254037844386,0.5000000000000001,76.67,76.67,75.0,19166.666666666668,27200.0,11812.5,14.3965845,15.3695,12.779916,0.0,0.0,0.0,0.0,0.0,0.0,9.246709,10.831082,7.77275,0.0,0.35,0.0,0.0,0.35,0.0,0.0,0.70000005
2022-02-14,76.67,33250.0,120.92,122.0,0,False,False,False,True,6.23,0.0,15.154916,0.0,0.0,11.0581675,0.0,0.0,14,2,0,0,0.8660254037844386,0.5000000000000001,65.0,76.67,76.67,26208.333333333336,12000.0,11625.0,14.513251,14.1945,13.757,0.0,0.0,0.0,0.0,0.0,0.0,10.06649975,9.32587475,8.940458,0.05,1.7000000499999999,0.0,0.05,1.7000000499999999,0.0,0.0,0.0
2022-02-15,76.67,85375.0,121.28,122.0,0,False,False,False,True,6.23,1.1,15.179916,0.0,0.0,11.37275,0.4,0.4,15,2,1,0,0.8660254037844386,0.5000000000000001,76.67,76.67,76.67,33250.0,36000.0,11437.5,15.154916,14.3965845,13.436168,0.0,0.0,0.0,0.0,0.0,0.0,11.0581675,9.246709,8.982125,0.0,0.0,0.45000002,0.0,0.0,0.45000002,0.0,0.0
2022-02-16,76.67,55250.0,120.84,122.0,0,False,False,False,True,6.23,0.3,15.827832,0.0,0.0,11.737334,0.75,0.75,16,2,2,0,0.8660254037844386,0.5000000000000001,76.67,65.0,86.67,85375.0,58450.0,11250.0,15.179916,14.513251,14.761167,0.0,0.0,0.0,0.0,0.0,0.0,11.37275,10.06649975,10.352958000000001,0.4,0.05,2.0999999999999996,0.4,0.05,2.0999999999999996,1.1,0.0
2022-02-17,76.67,11250.0,120.42,122.0,0,False,False,False,True,6.23,0.0,16.117416,0.0,0.0,11.7487915,0.0,0.0,17,2,3,0,0.8660254037844386,0.5000000000000001,76.67,76.67,76.67,55250.0,11250.0,22500.0,15.827832,15.154916,15.3695,0.0,0.0,0.0,0.0,0.0,0.0,11.737334,11.0581675,10.831082,0.75,0.0,0.35,0.75,0.0,0.35,0.3,1.1
2022-02-18,76.67,66250.0,120.48,122.0,0,False,False,False,True,6.23,0.0,16.504915,0.0,0.0,12.12066575,0.0,0.0,18,2,4,0,0.8660254037844386,0.5000000000000001,76.67,76.67,76.67,11250.0,12125.0,24250.0,16.117416,15.179916,14.1945,0.0,0.0,0.0,0.0,0.0,0.0,11.7487915,11.37275,9.32587475,0.0,0.4,1.7000000499999999,0.0,0.4,1.7000000499999999,0.0,0.3
2022-02-19,76.67,36750.0,119.76,128.0,0,False,False,False,True,6.23,0.0,15.819501,0.0,0.0,11.91441625,0.25,0.25,19,2,5,1,0.8660254037844386,0.5000000000000001,76.67,76.67,76.67,66250.0,19166.666666666668,10625.0,16.504915,15.827832,14.3965845,0.0,0.0,0.0,0.0,0.0,0.0,12.12066575,11.737334,9.246709,0.0,0.75,0.0,0.0,0.75,0.0,0.0,0.0
2022-02-20,75.0,48955.0,119.76,128.0,0,False,False,False,True,6.23,2.6999998,15.082002,0.4,0.4,9.5529575,1.799999975,1.799999975,20,2,6,1,0.8660254037844386,0.5000000000000001,76.67,76.67,65.0,36750.0,26208.333333333336,23250.0,15.819501,16.117416,14.513251,0.0,0.0,0.0,0.0,0.0,0.0,11.91441625,11.7487915,10.06649975,0.25,0.0,0.05,0.25,0.0,0.05,0.0,0.0
2022-02-21,75.0,65500.0,119.76,128.0,0,False,False,False,True,6.23,7.6,15.252833,0.0,0.0,9.501916999999999,0.4,0.4,21,2,0,0,0.8660254037844386,0.5000000000000001,75.0,76.67,76.67,48955.0,33250.0,17625.0,15.082002,16.504915,15.154916,0.4,0.0,0.0,0.4,0.0,0.0,9.5529575,12.12066575,11.0581675,1.799999975,0.0,0.0,1.799999975,0.0,0.0,2.6999998,0.0
2022-02-22,65.0,67375.0,119.52,128.0,0,False,False,False,True,6.23,0.70000005,16.473667,0.0,0.0,10.093582999999999,0.1,0.1,22,2,1,0,0.8660254037844386,0.5000000000000001,75.0,76.67,76.67,65500.0,85375.0,12000.0,15.252833,15.819501,15.179916,0.0,0.0,0.0,0.0,0.0,0.0,9.501916999999999,11.91441625,11.37275,0.4,0.25,0.4,0.4,0.25,0.4,7.6,2.6999998
2022-02-23,65.0,54000.0,120.11,128.0,0,False,False,False,True,6.23,0.2,17.398668,0.0,0.0,12.4050415,0.0,0.0,23,2,2,0,0.8660254037844386,0.5000000000000001,65.0,75.0,76.67,67375.0,55250.0,16625.0,16.473667,15.082002,15.827832,0.0,0.4,0.0,0.0,0.4,0.0,10.093582999999999,9.5529575,11.737334,0.1,1.799999975,0.75,0.1,1.799999975,0.75,0.70000005,7.6
2022-02-24,65.0,89200.0,119.6,128.0,0,False,False,False,True,6.23,0.2,19.323668,0.0,0.0,13.508166,1.7000000499999999,1.7000000499999999,24,2,3,0,0.8660254037844386,0.5000000000000001,65.0,75.0,76.67,54000.0,11250.0,16312.5,17.398668,15.252833,16.117416,0.0,0.0,0.0,0.0,0.0,0.0,12.4050415,9.501916999999999,11.7487915,0.0,0.4,0.0,0.0,0.4,0.0,0.2,0.70000005
2022-02-25,65.0,44750.0,121.35,128.0,0,False,False,False,True,6.23,5.4,18.256998,3.8,3.8,12.04879175,1.000000075,1.000000075,25,2,4,0,0.8660254037844386,0.5000000000000001,65.0,65.0,76.67,89200.0,66250.0,16000.0,19.323668,16.473667,16.504915,0.0,0.0,0.0,0.0,0.0,0.0,13.508166,10.093582999999999,12.12066575,1.7000000499999999,0.1,0.0,1.7000000499999999,0.1,0.0,0.2,0.2
2022-02-26,60.0,64875.0,120.77,128.0,0,False,False,False,True,6.23,0.3,18.302834,0.0,0.0,12.711291,1.0,1.0,26,2,5,1,0.8660254037844386,0.5000000000000001,65.0,65.0,76.67,44750.0,36750.0,10000.0,18.256998,17.398668,15.819501,3.8,0.0,0.0,3.8,0.0,0.0,12.04879175,12.4050415,11.91441625,1.000000075,0.0,0.25,1.000000075,0.0,0.25,5.4,0.2
2022-02-27,55.0,85000.0,120.77,128.0,0,False,False,False,True,6.23,0.4,18.275751,0.0,0.0,13.918585,0.1,0.1,27,2,6,1,0.8660254037844386,0.5000000000000001,60.0,65.0,75.0,64875.0,48955.0,14416.666666666668,18.302834,19.323668,15.082002,0.0,0.0,0.4,0.0,0.0,0.4,12.711291,13.508166,9.5529575,1.0,1.7000000499999999,1.799999975,1.0,1.7000000499999999,1.799999975,0.3,5.4
2022-02-28,66.67,41050.0,120.77,128.0,0,False,False,False,True,6.23,0.0,18.698668,0.0,0.0,13.767542500000001,0.0,0.0,28,2,0,0,0.8660254037844386,0.5000000000000001,55.0,65.0,75.0,85000.0,65500.0,18833.333333333336,18.275751,18.256998,15.252833,0.0,3.8,0.0,0.0,3.8,0.0,13.918585,12.04879175,9.501916999999999,0.1,1.000000075,0.4,0.1,1.000000075,0.4,0.4,0.3
2022-03-01,66.67,86640.0,120.85,128.0,0,False,False,True,False,7.14,0.1,18.550749,0.0,0.0,14.541501,0.1,0.1,1,3,1,0,1.0,6.123233995736766e-17,66.67,60.0,65.0,41050.0,67375.0,23250.0,18.698668,18.302834,16.473667,0.0,0.0,0.0,0.0,0.0,0.0,13.767542500000001,12.711291,10.093582999999999,0.0,1.0,0.1,0.0,1.0,0.1,0.0,0.4
2022-03-02,56.67,62800.0,120.85,128.0,0,False,False,True,False,7.14,0.4,18.648666,0.0,0.0,14.4842095,1.69999995,1.69999995,2,3,2,0,1.0,6.123233995736766e-17,66.67,55.0,65.0,86640.0,54000.0,18000.0,18.550749,18.275751,17.398668,0.0,0.0,0.0,0.0,0.0,0.0,14.541501,13.918585,12.4050415,0.1,0.1,0.0,0.1,0.1,0.0,0.1,0.0
2022-03-03,56.67,23750.0,121.43,133.0,0,False,False,True,False,7.14,3.8000002,19.434084,0.0,0.0,15.140459,0.0,0.0,3,3,3,0,1.0,6.123233995736766e-17,56.67,66.67,65.0,62800.0,89200.0,25500.0,18.648666,18.698668,19.323668,0.0,0.0,0.0,0.0,0.0,0.0,14.4842095,13.767542500000001,13.508166,1.69999995,0.0,1.7000000499999999,1.69999995,0.0,1.7000000499999999,0.4,0.1
2022-03-04,60.84,35600.0,121.76,133.0,0,False,False,True,False,7.14,0.0,20.063248,0.0,0.0,15.4737915,0.0,0.0,4,3,4,0,1.0,6.123233995736766e-17,56.67,66.67,65.0,23750.0,44750.0,33000.0,19.434084,18.550749,18.256998,0.0,0.0,3.8,0.0,0.0,3.8,15.140459,14.541501,12.04879175,0.0,0.1,1.000000075,0.0,0.1,1.000000075,3.8000002,0.4
2022-03-05,65.0,47450.0,122.16,133.0,1,False,False,True,False,7.14,0.0,19.25492,0.0,0.0,15.0633755,0.05,0.05,5,3,5,1,1.0,6.123233995736766e-17,60.84,56.67,60.0,35600.0,64875.0,40500.0,20.063248,18.648666,18.302834,0.0,0.0,0.0,0.0,0.0,0.0,15.4737915,14.4842095,12.711291,0.0,1.69999995,1.0,0.0,1.69999995,1.0,0.0,3.8000002
2022-03-06,65.0,65425.0,122.16,133.0,1,False,False,True,False,7.14,0.0,20.536167,0.0,0.0,16.437334,0.0,0.0,6,3,6,1,1.0,6.123233995736766e-17,65.0,56.67,55.0,47450.0,85000.0,48000.0,19.25492,19.434084,18.275751,0.0,0.0,0.0,0.0,0.0,0.0,15.0633755,15.140459,13.918585,0.05,0.0,0.1,0.05,0.0,0.1,0.0,0.0
2022-03-07,65.0,84650.0,122.16,133.0,1,False,False,True,False,7.14,0.0,21.792418,0.0,0.0,18.0717115,0.0,0.0,7,3,0,0,1.0,6.123233995736766e-17,65.0,60.84,66.67,65425.0,41050.0,5000.0,20.536167,20.063248,18.698668,0.0,0.0,0.0,0.0,0.0,0.0,16.437334,15.4737915,13.767542500000001,0.0,0.0,0.0,0.0,0.0,0.0,0.0,0.0
2022-03-08,55.0,42975.0,123.44,133.0,1,False,False,True,False,7.14,0.0,21.919502,0.0,0.0,18.7331655,0.0,0.0,8,3,1,0,1.0,6.123233995736766e-17,65.0,65.0,66.67,84650.0,86640.0,27200.0,21.792418,19.25492,18.550749,0.0,0.0,0.0,0.0,0.0,0.0,18.0717115,15.0633755,14.541501,0.0,0.05,0.1,0.0,0.05,0.1,0.0,0.0
2022-03-09,56.67,81950.0,123.36,133.0,1,False,False,True,False,7.14,0.0,22.894499,0.0,0.0,18.665460500000002,0.0,0.0,9,3,2,0,1.0,6.123233995736766e-17,55.0,65.0,56.67,42975.0,62800.0,12000.0,21.919502,20.536167,18.648666,0.0,0.0,0.0,0.0,0.0,0.0,18.7331655,16.437334,14.4842095,0.0,0.0,1.69999995,0.0,0.0,1.69999995,0.0,0.0
2022-03-10,56.67,65700.0,122.8,133.0,1,False,False,True,False,7.14,0.0,23.16117,0.0,0.0,18.4540005,0.0,0.0,10,3,3,0,1.0,6.123233995736766e-17,56.67,65.0,56.67,81950.0,23750.0,36000.0,22.894499,21.792418,19.434084,0.0,0.0,0.0,0.0,0.0,0.0,18.665460500000002,18.0717115,15.140459,0.0,0.0,0.0,0.0,0.0,0.0,0.0,0.0
2022-03-11,46.67,47500.0,122.4,133.0,1,False,False,True,False,7.14,1.7,22.686167,0.0,0.0,18.044625,0.05,0.05,11,3,4,0,1.0,6.123233995736766e-17,56.67,55.0,60.84,65700.0,35600.0,58450.0,23.16117,21.919502,20.063248,0.0,0.0,0.0,0.0,0.0,0.0,18.4540005,18.7331655,15.4737915,0.0,0.0,0.0,0.0,0.0,0.0,0.0,0.0
2022-03-12,46.67,69250.0,122.85,133.0,1,False,False,True,False,7.14,0.0,23.134087,0.0,0.0,18.651916999999997,0.0,0.0,12,3,5,1,1.0,6.123233995736766e-17,46.67,56.67,65.0,47500.0,47450.0,11250.0,22.686167,22.894499,19.25492,0.0,0.0,0.0,0.0,0.0,0.0,18.044625,18.665460500000002,15.0633755,0.05,0.0,0.05,0.05,0.0,0.05,1.7,0.0
2022-03-13,45.0,88375.0,122.85,133.0,1,False,False,True,False,7.14,0.0,23.667418,0.0,0.0,19.126918000000003,0.0,0.0,13,3,6,1,1.0,6.123233995736766e-17,46.67,56.67,65.0,69250.0,65425.0,12125.0,23.134087,23.16117,20.536167,0.0,0.0,0.0,0.0,0.0,0.0,18.651916999999997,18.4540005,16.437334,0.0,0.0,0.0,0.0,0.0,0.0,0.0,1.7
2022-03-14,56.67,35506.0,122.85,133.0,1,False,False,True,False,7.14,0.0,23.738253,0.0,0.0,20.0092085,0.0,0.0,14,3,0,0,1.0,6.123233995736766e-17,45.0,46.67,65.0,88375.0,84650.0,19166.666666666668,23.667418,22.686167,21.792418,0.0,0.0,0.0,0.0,0.0,0.0,19.126918000000003,18.044625,18.0717115,0.0,0.05,0.0,0.0,0.05,0.0,0.0,0.0
2022-03-15,61.0,56500.0,122.8,133.0,1,False,False,True,False,7.14,0.0,24.132002,0.0,0.0,20.699836,0.0,0.0,15,3,1,0,1.0,6.123233995736766e-17,56.67,46.67,55.0,35506.0,42975.0,26208.333333333336,23.738253,23.134087,21.919502,0.0,0.0,0.0,0.0,0.0,0.0,20.0092085,18.651916999999997,18.7331655,0.0,0.0,0.0,0.0,0.0,0.0,0.0,0.0
2022-03-16,55.0,93695.0,122.88,138.0,1,False,False,True,False,7.14,2.1,25.62992,0.0,0.0,20.334209,1.65000005,1.65000005,16,3,2,0,1.0,6.123233995736766e-17,61.0,45.0,56.67,56500.0,81950.0,33250.0,24.132002,23.667418,22.894499,0.0,0.0,0.0,0.0,0.0,0.0,20.699836,19.126918000000003,18.665460500000002,0.0,0.0,0.0,0.0,0.0,0.0,0.0,0.0
2022-03-17,65.0,107243.0,122.33,138.0,1,False,False,True,False,7.14,0.0,27.14033,0.0,0.0,21.2904595,0.0,0.0,17,3,3,0,1.0,6.123233995736766e-17,55.0,56.67,56.67,93695.0,65700.0,85375.0,25.62992,23.738253,23.16117,0.0,0.0,0.0,0.0,0.0,0.0,20.334209,20.0092085,18.4540005,1.65000005,0.0,0.0,1.65000005,0.0,0.0,2.1,0.0
2022-03-18,65.0,93260.0,121.58,138.0,1,False,False,True,False,7.14,0.1,28.23825,0.0,0.0,22.2998335,0.0,0.0,18,3,4,0,1.0,6.123233995736766e-17,65.0,61.0,46.67,107243.0,47500.0,55250.0,27.14033,24.132002,22.686167,0.0,0.0,0.0,0.0,0.0,0.0,21.2904595,20.699836,18.044625,0.0,0.0,0.05,0.0,0.0,0.05,0.0,2.1
2022-03-19,57.5,97000.0,121.58,138.0,1,False,False,True,False,7.14,0.0,27.932001,0.0,0.0,22.480041,0.0,0.0,19,3,5,1,1.0,6.123233995736766e-17,65.0,55.0,46.67,93260.0,69250.0,11250.0,28.23825,25.62992,23.134087,0.0,0.0,0.0,0.0,0.0,0.0,22.2998335,20.334209,18.651916999999997,0.0,1.65000005,0.0,0.0,1.65000005,0.0,0.1,0.0
2022-03-20,60.0,50625.0,121.58,138.0,1,False,False,True,False,7.14,0.0,27.271582,0.0,0.0,22.396711,0.0,0.0,20,3,6,1,1.0,6.123233995736766e-17,57.5,65.0,45.0,97000.0,88375.0,66250.0,27.932001,27.14033,23.667418,0.0,0.0,0.0,0.0,0.0,0.0,22.480041,21.2904595,19.126918000000003,0.0,0.0,0.0,0.0,0.0,0.0,0.0,0.1
2022-03-21,65.0,55575.0,121.58,138.0,1,False,False,True,False,7.14,0.0,27.069502,0.4,0.4,21.7425425,0.15,0.15,21,3,0,0,1.0,6.123233995736766e-17,60.0,65.0,56.67,50625.0,35506.0,36750.0,27.271582,28.23825,23.738253,0.0,0.0,0.0,0.0,0.0,0.0,22.396711,22.2998335,20.0092085,0.0,0.0,0.0,0.0,0.0,0.0,0.0,0.0
2022-03-22,65.0,97350.0,122.09,138.0,1,False,False,True,False,7.14,0.2,27.540335,0.0,0.0,20.91442,3.24999985,3.24999985,22,3,1,0,1.0,6.123233995736766e-17,65.0,57.5,61.0,55575.0,56500.0,48955.0,27.069502,27.932001,24.132002,0.4,0.0,0.0,0.4,0.0,0.0,21.7425425,22.480041,20.699836,0.15,0.0,0.0,0.15,0.0,0.0,0.0,0.0
2022-03-23,70.0,132595.0,122.19,138.0,1,False,False,True,False,7.14,11.4,26.979918,0.0,0.0,19.260252,4.75,4.75,23,3,2,0,1.0,6.123233995736766e-17,65.0,60.0,55.0,97350.0,93695.0,65500.0,27.540335,27.271582,25.62992,0.0,0.0,0.0,0.0,0.0,0.0,20.91442,22.396711,20.334209,3.24999985,0.0,1.65000005,3.24999985,0.0,1.65000005,0.2,0.0
2022-03-24,67.5,159257.5,122.39,138.0,1,False,False,True,False,7.14,2.6000001,26.188253,0.1,0.1,18.8185845,7.75000055,7.75000055,24,3,3,0,1.0,6.123233995736766e-17,70.0,65.0,65.0,132595.0,107243.0,67375.0,26.979918,27.069502,27.14033,0.0,0.4,0.0,0.0,0.4,0.0,19.260252,21.7425425,21.2904595,4.75,0.15,0.0,4.75,0.15,0.0,11.4,0.2
2022-03-25,65.0,185920.0,122.49,138.0,1,False,False,True,False,7.14,0.0,26.42367,0.0,0.0,20.694625000000002,0.0,0.0,25,3,4,0,1.0,6.123233995736766e-17,67.5,65.0,65.0,159257.5,93260.0,54000.0,26.188253,27.540335,28.23825,0.1,0.0,0.0,0.1,0.0,0.0,18.8185845,20.91442,22.2998335,7.75000055,3.24999985,0.0,7.75000055,3.24999985,0.0,2.6000001,11.4
2022-03-26,65.0,85960.0,122.22,138.0,0,False,False,True,False,7.14,0.0,25.569498,0.0,0.0,20.636294499999998,0.0,0.0,26,3,5,1,1.0,6.123233995736766e-17,65.0,70.0,57.5,185920.0,97000.0,89200.0,26.42367,26.979918,27.932001,0.0,0.0,0.0,0.0,0.0,0.0,20.694625000000002,19.260252,22.480041,0.0,4.75,0.0,0.0,4.75,0.0,0.0,2.6000001
2022-03-27,65.0,59825.0,122.22,138.0,0,False,False,True,False,7.14,0.0,26.13617,0.0,0.0,21.1883755,0.0,0.0,27,3,6,1,1.0,6.123233995736766e-17,65.0,67.5,60.0,85960.0,50625.0,44750.0,25.569498,26.188253,27.271582,0.0,0.1,0.0,0.0,0.1,0.0,20.636294499999998,18.8185845,22.396711,0.0,7.75000055,0.0,0.0,7.75000055,0.0,0.0,0.0
2022-03-28,60.0,52662.5,122.22,138.0,0,False,False,True,False,7.14,0.70000005,27.752836,0.0,0.0,21.107125,0.05,0.05,28,3,0,0,1.0,6.123233995736766e-17,65.0,65.0,65.0,59825.0,55575.0,64875.0,26.13617,26.42367,27.069502,0.0,0.0,0.4,0.0,0.0,0.4,21.1883755,20.694625000000002,21.7425425,0.0,0.0,0.15,0.0,0.0,0.15,0.0,0.0
2022-03-29,55.0,45500.0,122.16,138.0,0,False,False,True,False,7.14,0.1,27.419502,0.1,0.1,20.630043,0.85000005,0.85000005,29,3,1,0,1.0,6.123233995736766e-17,60.0,65.0,65.0,52662.5,97350.0,85000.0,27.752836,25.569498,27.540335,0.0,0.0,0.0,0.0,0.0,0.0,21.107125,20.636294499999998,20.91442,0.05,0.0,3.24999985,0.05,0.0,3.24999985,0.70000005,0.0
2022-03-30,55.0,76280.0,121.88,138.0,0,False,False,True,False,7.14,6.7999997,27.432001,0.2,0.2,18.7487925,12.7,12.7,30,3,2,0,1.0,6.123233995736766e-17,55.0,65.0,70.0,45500.0,132595.0,41050.0,27.419502,26.13617,26.979918,0.1,0.0,0.0,0.1,0.0,0.0,20.630043,21.1883755,19.260252,0.85000005,0.0,4.75,0.85000005,0.0,4.75,0.1,0.70000005
2022-03-31,55.0,107060.0,121.76,138.0,0,False,False,True,False,7.14,12.000001,26.065332,3.3000002,3.3000002,18.307127,19.0999995,19.0999995,31,3,3,0,1.0,6.123233995736766e-17,55.0,60.0,67.5,76280.0,159257.5,86640.0,27.432001,27.752836,26.188253,0.2,0.0,0.1,0.2,0.0,0.1,18.7487925,21.107125,18.8185845,12.7,0.05,7.75000055,12.7,0.05,7.75000055,6.7999997,0.1
2022-04-01,56.67,110200.0,121.57,138.0,0,False,False,True,False,7.61,1.5000002,27.111168,0.0,0.0,19.991500000000002,5.3999996,5.3999996,1,4,4,0,0.8660254037844387,-0.4999999999999998,55.0,55.0,65.0,107060.0,185920.0,62800.0,26.065332,27.419502,26.42367,3.3000002,0.1,0.0,3.3000002,0.1,0.0,18.307127,20.630043,20.694625000000002,19.0999995,0.85000005,0.0,19.0999995,0.85000005,0.0,12.000001,6.7999997
2022-04-02,56.67,106650.0,121.57,138.0,0,False,False,True,False,7.61,13.900002,27.734085,0.8,0.8,19.849836,10.8,10.8,2,4,5,1,0.8660254037844387,-0.4999999999999998,56.67,55.0,65.0,110200.0,85960.0,23750.0,27.111168,27.432001,25.569498,0.0,0.2,0.0,0.0,0.2,0.0,19.991500000000002,18.7487925,20.636294499999998,5.3999996,12.7,0.0,5.3999996,12.7,0.0,1.5000002,12.000001
2022-04-03,55.0,141475.0,121.57,138.0,0,False,False,True,False,7.61,0.1,26.929918,1.5,1.5,20.164417999999998,4.14999975,4.14999975,3,4,6,1,0.8660254037844387,-0.4999999999999998,56.67,55.0,65.0,106650.0,59825.0,35600.0,27.734085,26.065332,26.13617,0.8,3.3000002,0.0,0.8,3.3000002,0.0,19.849836,18.307127,21.1883755,10.8,19.0999995,0.0,10.8,19.0999995,0.0,13.900002,1.5000002
2022-04-04,55.0,105025.0,121.57,138.0,0,False,False,True,False,7.61,0.0,27.606997,0.0,0.0,21.181086,0.350000025,0.350000025,4,4,0,0,0.8660254037844387,-0.4999999999999998,55.0,56.67,60.0,141475.0,52662.5,47450.0,26.929918,27.111168,27.752836,1.5,0.0,0.0,1.5,0.0,0.0,20.164417999999998,19.991500000000002,21.107125,4.14999975,5.3999996,0.05,4.14999975,5.3999996,0.05,0.1,13.900002
2022-04-05,55.0,72750.0,121.18,143.0,0,False,False,True,False,7.61,1.4000001,28.834082,0.0,0.0,21.879001,0.45000002,0.45000002,5,4,1,0,0.8660254037844387,-0.4999999999999998,55.0,56.67,55.0,105025.0,45500.0,65425.0,27.606997,27.734085,27.419502,0.0,0.8,0.1,0.0,0.8,0.1,21.181086,19.849836,20.630043,0.350000025,10.8,0.85000005,0.350000025,10.8,0.85000005,0.0,0.1
2022-04-06,65.0,80900.0,120.88,143.0,0,False,False,True,False,7.61,0.0,28.819502,0.0,0.0,22.0654595,0.15000000000000002,0.15000000000000002,6,4,2,0,0.8660254037844387,-0.4999999999999998,55.0,55.0,55.0,72750.0,76280.0,84650.0,28.834082,26.929918,27.432001,0.0,1.5,0.2,0.0,1.5,0.2,21.879001,20.164417999999998,18.7487925,0.45000002,4.14999975,12.7,0.45000002,4.14999975,12.7,1.4000001,0.0
2022-04-07,65.0,125650.0,121.52,143.0,0,False,False,True,False,7.61,2.5,27.434082,0.6,0.6,20.232127,4.39999975,4.39999975,7,4,3,0,0.8660254037844387,-0.4999999999999998,65.0,55.0,55.0,80900.0,107060.0,42975.0,28.819502,27.606997,26.065332,0.0,0.0,3.3000002,0.0,0.0,3.3000002,22.0654595,21.181086,18.307127,0.15000000000000002,0.350000025,19.0999995,0.15000000000000002,0.350000025,19.0999995,0.0,1.4000001
2022-04-08,65.0,78285.0,121.84,143.0,0,False,False,True,False,7.61,5.9,28.175749,0.1,0.1,20.02796,2.7499999,2.7499999,8,4,4,0,0.8660254037844387,-0.4999999999999998,65.0,55.0,56.67,125650.0,110200.0,81950.0,27.434082,28.834082,27.111168,0.6,0.0,0.0,0.6,0.0,0.0,20.232127,21.879001,19.991500000000002,4.39999975,0.45000002,5.3999996,4.39999975,0.45000002,5.3999996,2.5,0.0
2022-04-09,65.0,72385.0,121.74,143.0,0,False,False,True,False,7.61,3.6999998,27.979918,0.0,0.0,19.5925425,12.6500005,12.6500005,9,4,5,1,0.8660254037844387,-0.4999999999999998,65.0,65.0,56.67,78285.0,106650.0,65700.0,28.175749,28.819502,27.734085,0.1,0.0,0.8,0.1,0.0,0.8,20.02796,22.0654595,19.849836,2.7499999,0.15000000000000002,10.8,2.7499999,0.15000000000000002,10.8,5.9,2.5
2022-04-10,75.0,79875.0,121.74,143.0,0,False,False,True,False,7.61,1.2,26.021584,2.9,2.9,19.4050425,3.0499997,3.0499997,10,4,6,1,0.8660254037844387,-0.4999999999999998,65.0,65.0,55.0,72385.0,141475.0,47500.0,27.979918,27.434082,26.929918,0.0,0.6,1.5,0.0,0.6,1.5,19.5925425,20.232127,20.164417999999998,12.6500005,4.39999975,4.14999975,12.6500005,4.39999975,4.14999975,3.6999998,5.9
2022-04-11,75.0,121975.0,121.74,143.0,0,False,False,True,False,7.61,0.2,27.052835,0.1,0.1,21.117542999999998,0.1,0.1,11,4,0,0,0.8660254037844387,-0.4999999999999998,75.0,65.0,55.0,79875.0,105025.0,69250.0,26.021584,28.175749,27.606997,2.9,0.1,0.0,2.9,0.1,0.0,19.4050425,20.02796,21.181086,3.0499997,2.7499999,0.350000025,3.0499997,2.7499999,0.350000025,1.2,3.6999998
2022-04-12,75.0,57350.0,121.83,143.0,0,False,False,True,False,7.61,1.7000002,28.161165,0.0,0.0,20.275875,5.8000001,5.8000001,12,4,1,0,0.8660254037844387,-0.4999999999999998,75.0,65.0,55.0,121975.0,72750.0,88375.0,27.052835,27.979918,28.834082,0.1,0.0,0.0,0.1,0.0,0.0,21.117542999999998,19.5925425,21.879001,0.1,12.6500005,0.45000002,0.1,12.6500005,0.45000002,0.2,1.2
2022-04-13,55.0,82450.0,122.12,143.0,1,False,False,True,False,7.61,5.4000006,28.517418,0.0,0.0,20.743585500000002,7.25,7.25,13,4,2,0,0.8660254037844387,-0.4999999999999998,75.0,75.0,65.0,57350.0,80900.0,35506.0,28.161165,26.021584,28.819502,0.0,2.9,0.0,0.0,2.9,0.0,20.275875,19.4050425,22.0654595,5.8000001,3.0499997,0.15000000000000002,5.8000001,3.0499997,0.15000000000000002,1.7000002,0.2
2022-04-14,66.67,107950.0,122.19,143.0,1,False,False,True,False,7.61,0.0,28.467415,0.0,0.0,22.312334999999997,0.05,0.05,14,4,3,0,0.8660254037844387,-0.4999999999999998,55.0,75.0,65.0,82450.0,125650.0,56500.0,28.517418,27.052835,27.434082,0.0,0.1,0.6,0.0,0.1,0.6,20.743585500000002,21.117542999999998,20.232127,7.25,0.1,4.39999975,7.25,0.1,4.39999975,5.4000006,1.7000002
2022-04-15,56.67,93750.0,122.19,143.0,0,False,False,True,False,7.61,0.0,27.542418,0.0,0.0,22.544626,0.2,0.2,15,4,4,0,0.8660254037844387,-0.4999999999999998,66.67,75.0,65.0,107950.0,78285.0,93695.0,28.467415,28.161165,28.175749,0.0,0.0,0.1,0.0,0.0,0.1,22.312334999999997,20.275875,20.02796,0.05,5.8000001,2.7499999,0.05,5.8000001,2.7499999,0.0,5.4000006
2022-04-16,56.67,77935.0,122.19,143.0,0,False,False,True,False,7.61,0.0,27.479914,0.0,0.0,22.7550435,0.0,0.0,16,4,5,1,0.8660254037844387,-0.4999999999999998,56.67,55.0,65.0,93750.0,72385.0,107243.0,27.542418,28.517418,27.979918,0.0,0.0,0.0,0.0,0.0,0.0,22.544626,20.743585500000002,19.5925425,0.2,7.25,12.6500005,0.2,7.25,12.6500005,0.0,0.0
2022-04-17,55.0,40075.0,122.19,143.0,0,False,False,True,False,7.61,0.0,28.261168,0.0,0.0,22.9998335,0.0,0.0,17,4,6,1,0.8660254037844387,-0.4999999999999998,56.67,66.67,75.0,77935.0,79875.0,93260.0,27.479914,28.467415,26.021584,0.0,0.0,2.9,0.0,0.0,2.9,22.7550435,22.312334999999997,19.4050425,0.0,0.05,3.0499997,0.0,0.05,3.0499997,0.0,0.0
2022-04-18,55.0,76885.0,122.19,143.0,0,False,False,True,False,7.61,0.0,29.72783,0.0,0.0,23.0977515,0.0,0.0,18,4,0,0,0.8660254037844387,-0.4999999999999998,55.0,56.67,75.0,40075.0,121975.0,97000.0,28.261168,27.542418,27.052835,0.0,0.0,0.1,0.0,0.0,0.1,22.9998335,22.544626,21.117542999999998,0.0,0.2,0.1,0.0,0.2,0.1,0.0,0.0
2022-04-19,56.67,64475.0,122.32,143.0,0,False,False,True,False,7.61,1.4,29.671587,0.7,0.7,21.598792500000002,3.0,3.0,19,4,1,0,0.8660254037844387,-0.4999999999999998,55.0,56.67,75.0,76885.0,57350.0,50625.0,29.72783,27.479914,28.161165,0.0,0.0,0.0,0.0,0.0,0.0,23.0977515,22.7550435,20.275875,0.0,0.0,5.8000001,0.0,0.0,5.8000001,0.0,0.0
2022-04-20,56.67,48450.0,122.72,143.0,0,False,False,True,False,7.61,12.3,28.034082,0.0,0.0,19.998794500000002,16.599999,16.599999,20,4,2,0,0.8660254037844387,-0.4999999999999998,56.67,55.0,55.0,64475.0,82450.0,55575.0,29.671587,28.261168,28.517418,0.7,0.0,0.0,0.7,0.0,0.0,21.598792500000002,22.9998335,20.743585500000002,3.0,0.0,7.25,3.0,0.0,7.25,1.4,0.0
2022-04-21,55.0,46575.0,122.24,143.0,0,False,False,True,False,7.61,3.2999997,28.461166,0.0,0.0,20.350876,3.6499998,3.6499998,21,4,3,0,0.8660254037844387,-0.4999999999999998,56.67,55.0,66.67,48450.0,107950.0,97350.0,28.034082,29.72783,28.467415,0.0,0.0,0.0,0.0,0.0,0.0,19.998794500000002,23.0977515,22.312334999999997,16.599999,0.0,0.05,16.599999,0.0,0.05,12.3,1.4
2022-04-22,56.67,59156.0,122.14,143.0,0,False,False,True,False,7.61,1.0,28.211168,1.0000001,1.0000001,20.6362925,2.55,2.55,22,4,4,0,0.8660254037844387,-0.4999999999999998,55.0,56.67,56.67,46575.0,93750.0,132595.0,28.461166,29.671587,27.542418,0.0,0.7,0.0,0.0,0.7,0.0,20.350876,21.598792500000002,22.544626,3.6499998,3.0,0.2,3.6499998,3.0,0.2,3.2999997,12.3
2022-04-23,56.67,48750.0,122.68,143.0,0,False,False,True,False,7.61,0.0,28.732,0.0,0.0,22.4665,0.0,0.0,23,4,5,1,0.8660254037844387,-0.4999999999999998,56.67,56.67,56.67,59156.0,77935.0,159257.5,28.211168,28.034082,27.479914,1.0000001,0.0,0.0,1.0000001,0.0,0.0,20.6362925,19.998794500000002,22.7550435,2.55,16.599999,0.0,2.55,16.599999,0.0,1.0,3.2999997
2022-04-24,55.0,47700.0,122.68,143.0,0,False,False,True,False,7.61,0.0,27.892416,0.0,0.0,23.3269185,0.0,0.0,24,4,6,1,0.8660254037844387,-0.4999999999999998,56.67,55.0,55.0,48750.0,40075.0,185920.0,28.732,28.461166,28.261168,0.0,0.0,0.0,0.0,0.0,0.0,22.4665,20.350876,22.9998335,0.0,3.6499998,0.0,0.0,3.6499998,0.0,0.0,1.0
2022-04-25,65.0,39500.0,122.68,143.0,0,False,False,True,False,7.61,0.0,28.082,0.0,0.0,23.484209,0.1,0.1,25,4,0,0,0.8660254037844387,-0.4999999999999998,55.0,56.67,55.0,47700.0,76885.0,85960.0,27.892416,28.211168,29.72783,0.0,1.0000001,0.0,0.0,1.0000001,0.0,23.3269185,20.6362925,23.0977515,0.0,2.55,0.0,0.0,2.55,0.0,0.0,0.0
2022-04-26,56.67,16500.0,123.01,143.0,0,False,False,True,False,7.61,0.5,29.002832,0.0,0.0,23.247752,0.05,0.05,26,4,1,0,0.8660254037844387,-0.4999999999999998,65.0,56.67,56.67,39500.0,64475.0,59825.0,28.082,28.732,29.671587,0.0,0.0,0.7,0.0,0.0,0.7,23.484209,22.4665,21.598792500000002,0.1,0.0,3.0,0.1,0.0,3.0,0.0,0.0
2022-04-27,55.0,22200.0,122.84,143.0,0,False,False,True,False,7.61,0.0,29.279913,0.4,0.4,23.239418,0.0,0.0,27,4,2,0,0.8660254037844387,-0.4999999999999998,56.67,55.0,56.67,16500.0,48450.0,52662.5,29.002832,27.892416,28.034082,0.0,0.0,0.0,0.0,0.0,0.0,23.247752,23.3269185,19.998794500000002,0.05,0.0,16.599999,0.05,0.0,16.599999,0.5,0.0
2022-04-28,66.67,27050.0,122.76,143.0,0,False,False,True,False,7.61,0.0,30.332,0.0,0.0,22.8081665,1.7,1.7,28,4,3,0,0.8660254037844387,-0.4999999999999998,55.0,65.0,55.0,22200.0,46575.0,45500.0,29.279913,28.082,28.461166,0.4,0.0,0.0,0.4,0.0,0.0,23.239418,23.484209,20.350876,0.0,0.1,3.6499998,0.0,0.1,3.6499998,0.0,0.5
2022-04-29,66.67,49650.0,122.68,143.0,0,False,False,True,False,7.61,6.0,28.973665,6.7,6.7,21.879004,2.2000001,2.2000001,29,4,4,0,0.8660254037844387,-0.4999999999999998,66.67,56.67,56.67,27050.0,59156.0,76280.0,30.332,29.002832,28.211168,0.0,0.0,1.0000001,0.0,0.0,1.0000001,22.8081665,23.247752,20.6362925,1.7,0.05,2.55,1.7,0.05,2.55,0.0,0.0
2022-04-30,66.67,8450.0,122.59,143.0,0,False,False,True,False,7.61,17.7,27.729914,0.5,0.5,19.904000500000002,8.24999985,8.24999985,30,4,5,1,0.8660254037844387,-0.4999999999999998,66.67,55.0,56.67,49650.0,48750.0,107060.0,28.973665,29.279913,28.732,6.7,0.4,0.0,6.7,0.4,0.0,21.879004,23.239418,22.4665,2.2000001,0.0,0.0,2.2000001,0.0,0.0,6.0,0.0
2022-05-01,66.67,40175.0,122.59,143.0,0,False,False,True,False,7.04,30.799997,26.550749,9.3,9.3,19.3394165,13.500001,13.500001,1,5,6,1,0.49999999999999994,-0.8660254037844387,66.67,66.67,55.0,8450.0,47700.0,110200.0,27.729914,30.332,27.892416,0.5,0.0,0.0,0.5,0.0,0.0,19.904000500000002,22.8081665,23.3269185,8.24999985,1.7,0.0,8.24999985,1.7,0.0,17.7,6.0
2022-05-02,66.67,35700.0,122.59,143.0,0,False,False,True,False,7.04,13.0,26.05075,10.3,10.3,19.7685855,9.8000005,9.8000005,2,5,0,0,0.49999999999999994,-0.8660254037844387,66.67,66.67,65.0,40175.0,39500.0,106650.0,26.550749,28.973665,28.082,9.3,6.7,0.0,9.3,6.7,0.0,19.3394165,21.879004,23.484209,13.500001,2.2000001,0.1,13.500001,2.2000001,0.1,30.799997,17.7
2022-05-03,85.0,42375.0,122.73,143.0,0,False,False,True,False,7.04,2.0,26.30075,0.0,0.0,20.6373345,1.9499998500000002,1.9499998500000002,3,5,1,0,0.49999999999999994,-0.8660254037844387,66.67,66.67,56.67,35700.0,16500.0,141475.0,26.05075,27.729914,29.002832,10.3,0.5,0.0,10.3,0.5,0.0,19.7685855,19.904000500000002,23.247752,9.8000005,8.24999985,0.05,9.8000005,8.24999985,0.05,13.0,30.799997
2022-05-04,76.67,33470.0,122.73,143.0,0,False,False,True,False,7.04,18.300001,26.471582,2.0,2.0,19.3123345,18.05,18.05,4,5,2,0,0.49999999999999994,-0.8660254037844387,85.0,66.67,55.0,42375.0,22200.0,105025.0,26.30075,26.550749,29.279913,0.0,9.3,0.4,0.0,9.3,0.4,20.6373345,19.3394165,23.239418,1.9499998500000002,13.500001,0.0,1.9499998500000002,13.500001,0.0,2.0,13.0
2022-05-05,76.67,18125.0,122.57,143.0,0,False,False,True,False,7.04,14.700001,26.319502,2.1,2.1,18.965457999999998,14.650000250000002,14.650000250000002,5,5,3,0,0.49999999999999994,-0.8660254037844387,76.67,66.67,66.67,33470.0,27050.0,72750.0,26.471582,26.05075,30.332,2.0,10.3,0.0,2.0,10.3,0.0,19.3123345,19.7685855,22.8081665,18.05,9.8000005,1.7,18.05,9.8000005,1.7,18.300001,2.0
2022-05-06,66.67,29450.0,122.32,143.0,0,False,False,True,False,7.04,30.800001,27.15908,0.5,0.5,19.460249,7.5999995,7.5999995,6,5,4,0,0.49999999999999994,-0.8660254037844387,76.67,85.0,66.67,18125.0,49650.0,80900.0,26.319502,26.30075,28.973665,2.1,0.0,6.7,2.1,0.0,6.7,18.965457999999998,20.6373345,21.879004,14.650000250000002,1.9499998500000002,2.2000001,14.650000250000002,1.9499998500000002,2.2000001,14.700001,18.300001
2022-05-07,66.67,28250.0,123.37,143.0,0,False,False,True,False,7.04,11.6,27.00075,0.8,0.8,20.0029595,6.6999995000000006,6.6999995000000006,7,5,5,1,0.49999999999999994,-0.8660254037844387,66.67,76.67,66.67,29450.0,8450.0,125650.0,27.15908,26.471582,27.729914,0.5,2.0,0.5,0.5,2.0,0.5,19.460249,19.3123345,19.904000500000002,7.5999995,18.05,8.24999985,7.5999995,18.05,8.24999985,30.800001,14.700001
2022-05-08,65.0,31000.0,123.37,143.0,0,False,False,True,False,7.04,5.7,27.615332,0.6,0.6,20.527957999999998,2.3499999000000003,2.3499999000000003,8,5,6,1,0.49999999999999994,-0.8660254037844387,66.67,76.67,66.67,28250.0,40175.0,78285.0,27.00075,26.319502,26.550749,0.8,2.1,9.3,0.8,2.1,9.3,20.0029595,18.965457999999998,19.3394165,6.6999995000000006,14.650000250000002,13.500001,6.6999995000000006,14.650000250000002,13.500001,11.6,30.800001
2022-05-09,75.0,48675.0,123.37,143.0,0,False,False,True,False,7.04,0.2,28.277834,0.0,0.0,21.343586000000002,0.25,0.25,9,5,0,0,0.49999999999999994,-0.8660254037844387,65.0,66.67,66.67,31000.0,35700.0,72385.0,27.615332,27.15908,26.05075,0.6,0.5,10.3,0.6,0.5,10.3,20.527957999999998,19.460249,19.7685855,2.3499999000000003,7.5999995,9.8000005,2.3499999000000003,7.5999995,9.8000005,5.7,11.6
2022-05-10,76.67,16250.0,124.25,143.0,0,False,False,True,False,7.04,5.4,28.694502,0.0,0.0,21.9362915,4.249999949999999,4.249999949999999,10,5,1,0,0.49999999999999994,-0.8660254037844387,75.0,66.67,85.0,48675.0,42375.0,79875.0,28.277834,27.00075,26.30075,0.0,0.8,0.0,0.0,0.8,0.0,21.343586000000002,20.0029595,20.6373345,0.25,6.6999995000000006,1.9499998500000002,0.25,6.6999995000000006,1.9499998500000002,0.2,5.7
2022-05-11,66.67,22000.0,124.04,143.0,0,False,False,True,False,7.04,6.2999997,29.077835,0.0,0.0,22.020666499999997,0.95000005,0.95000005,11,5,2,0,0.49999999999999994,-0.8660254037844387,76.67,65.0,76.67,16250.0,33470.0,121975.0,28.694502,27.615332,26.471582,0.0,0.6,2.0,0.0,0.6,2.0,21.9362915,20.527957999999998,19.3123345,4.249999949999999,2.3499999000000003,18.05,4.249999949999999,2.3499999000000003,18.05,5.4,0.2
2022-05-12,65.0,11250.0,123.89,143.0,0,False,False,True,False,7.04,4.4,29.231997,2.4,2.4,22.299835,1.05000005,1.05000005,12,5,3,0,0.49999999999999994,-0.8660254037844387,66.67,75.0,76.67,22000.0,18125.0,57350.0,29.077835,28.277834,26.319502,0.0,0.0,2.1,0.0,0.0,2.1,22.020666499999997,21.343586000000002,18.965457999999998,0.95000005,0.25,14.650000250000002,0.95000005,0.25,14.650000250000002,6.2999997,5.4
2022-05-13,73.61,12958.33,124.17,143.0,0,False,False,True,False,7.04,7.7,28.563253,1.1,1.1,21.804001,6.4999994999999995,6.4999994999999995,13,5,4,0,0.49999999999999994,-0.8660254037844387,65.0,76.67,66.67,11250.0,29450.0,82450.0,29.231997,28.694502,27.15908,2.4,0.0,0.5,2.4,0.0,0.5,22.299835,21.9362915,19.460249,1.05000005,4.249999949999999,7.5999995,1.05000005,4.249999949999999,7.5999995,4.4,6.2999997
2022-05-14,82.22,14666.67,124.23,143.0,0,False,False,True,False,7.04,5.0,26.859085,19.800001,19.800001,22.304,2.4,2.4,14,5,5,1,0.49999999999999994,-0.8660254037844387,73.61,66.67,66.67,12958.33,28250.0,107950.0,28.563253,29.077835,27.00075,1.1,0.0,0.8,1.1,0.0,0.8,21.804001,22.020666499999997,20.0029595,6.4999994999999995,0.95000005,6.6999995000000006,6.4999994999999995,0.95000005,6.6999995000000006,7.7,4.4
2022-05-15,90.84,16375.0,124.23,143.0,0,False,False,True,False,7.04,26.9,29.261164,5.7,5.7,21.991502,8.8500005,8.8500005,15,5,6,1,0.49999999999999994,-0.8660254037844387,82.22,65.0,65.0,14666.67,31000.0,93750.0,26.859085,29.231997,27.615332,19.800001,2.4,0.6,19.800001,2.4,0.6,22.304,22.299835,20.527957999999998,2.4,1.05000005,2.3499999000000003,2.4,1.05000005,2.3499999000000003,5.0,7.7
2022-05-16,99.45,18083.33,124.23,143.0,0,False,False,True,False,7.04,6.9,28.798662,4.3,4.3,21.959209,15.450001499999999,15.450001499999999,16,5,0,0,0.49999999999999994,-0.8660254037844387,90.84,73.61,75.0,16375.0,48675.0,77935.0,29.261164,28.563253,28.277834,5.7,1.1,0.0,5.7,1.1,0.0,21.991502,21.804001,21.343586000000002,8.8500005,6.4999994999999995,0.25,8.8500005,6.4999994999999995,0.25,26.9,5.0
2022-05-17,108.06,19791.67,124.23,143.0,0,False,False,True,False,7.04,0.3,28.944498,0.0,0.0,23.2571255,1.55,1.55,17,5,1,0,0.49999999999999994,-0.8660254037844387,99.45,82.22,76.67,18083.33,16250.0,40075.0,28.798662,26.859085,28.694502,4.3,19.800001,0.0,4.3,19.800001,0.0,21.959209,22.304,21.9362915,15.450001499999999,2.4,4.249999949999999,15.450001499999999,2.4,4.249999949999999,6.9,26.9
2022-05-18,116.67,21500.0,124.41,143.0,0,False,False,True,False,7.04,1.0,29.879913,0.0,0.0,22.6623345,2.0999999000000003,2.0999999000000003,18,5,2,0,0.49999999999999994,-0.8660254037844387,108.06,90.84,66.67,19791.67,22000.0,76885.0,28.944498,29.261164,29.077835,0.0,5.7,0.0,0.0,5.7,0.0,23.2571255,21.991502,22.020666499999997,1.55,8.8500005,0.95000005,1.55,8.8500005,0.95000005,0.3,6.9
2022-05-19,115.0,4400.0,124.44,143.0,0,False,False,True,False,7.04,2.2,29.117414,0.8000001,0.8000001,22.474833,2.15,2.15,19,5,3,0,0.49999999999999994,-0.8660254037844387,116.67,99.45,65.0,21500.0,11250.0,64475.0,29.879913,28.798662,29.231997,0.0,4.3,2.4,0.0,4.3,2.4,22.6623345,21.959209,22.299835,2.0999999000000003,15.450001499999999,1.05000005,2.0999999000000003,15.450001499999999,1.05000005,1.0,0.3
2022-05-20,115.0,2200.0,124.67,143.0,0,False,False,True,False,7.04,15.6,28.940332,1.2,1.2,21.4956685,31.250002,31.250002,20,5,4,0,0.49999999999999994,-0.8660254037844387,115.0,108.06,73.61,4400.0,12958.33,48450.0,29.117414,28.944498,28.563253,0.8000001,0.0,1.1,0.8000001,0.0,1.1,22.474833,23.2571255,21.804001,2.15,1.55,6.4999994999999995,2.15,1.55,6.4999994999999995,2.2,1.0
2022-05-21,115.0,11600.0,124.38,143.0,0,False,False,True,False,7.04,8.199999,27.16742,14.0,14.0,20.463377,20.150000499999997,20.150000499999997,21,5,5,1,0.49999999999999994,-0.8660254037844387,115.0,116.67,82.22,2200.0,14666.67,46575.0,28.940332,29.879913,26.859085,1.2,0.0,19.800001,1.2,0.0,19.800001,21.4956685,22.6623345,22.304,31.250002,2.0999999000000003,2.4,31.250002,2.0999999000000003,2.4,15.6,2.2
2022-05-22,95.0,21000.0,124.38,163.0,0,False,False,True,False,7.04,1.9,26.427834,7.7000003,7.7000003,20.369624,1.7500000500000001,1.7500000500000001,22,5,6,1,0.49999999999999994,-0.8660254037844387,115.0,115.0,90.84,11600.0,16375.0,59156.0,27.16742,29.117414,29.261164,14.0,0.8000001,5.7,14.0,0.8000001,5.7,20.463377,22.474833,21.991502,20.150000499999997,2.15,8.8500005,20.150000499999997,2.15,8.8500005,8.199999,15.6
2022-05-23,125.0,11900.0,124.38,163.0,0,False,False,True,False,7.04,13.4,26.9945,3.0,3.0,19.864420000000003,6.89999985,6.89999985,23,5,0,0,0.49999999999999994,-0.8660254037844387,95.0,115.0,99.45,21000.0,18083.33,48750.0,26.427834,28.940332,28.798662,7.7000003,1.2,4.3,7.7000003,1.2,4.3,20.369624,21.4956685,21.959209,1.7500000500000001,31.250002,15.450001499999999,1.7500000500000001,31.250002,15.450001499999999,1.9,8.199999
2022-05-24,115.0,11500.0,124.33,163.0,0,False,False,True,False,7.04,10.8,27.69242,0.0,0.0,21.1185835,0.25,0.25,24,5,1,0,0.49999999999999994,-0.8660254037844387,125.0,115.0,108.06,11900.0,19791.67,47700.0,26.9945,27.16742,28.944498,3.0,14.0,0.0,3.0,14.0,0.0,19.864420000000003,20.463377,23.2571255,6.89999985,20.150000499999997,1.55,6.89999985,20.150000499999997,1.55,13.4,1.9
2022-05-25,105.0,11400.0,124.44,163.0,0,False,False,True,False,7.04,0.8,26.846586,0.0,0.0,20.114417,1.55000005,1.55000005,25,5,2,0,0.49999999999999994,-0.8660254037844387,115.0,95.0,116.67,11500.0,21500.0,39500.0,27.69242,26.427834,29.879913,0.0,7.7000003,0.0,0.0,7.7000003,0.0,21.1185835,20.369624,22.6623345,0.25,1.7500000500000001,2.0999999000000003,0.25,1.7500000500000001,2.0999999000000003,10.8,13.4
2022-05-26,108.89,11300.0,124.35,163.0,0,False,False,True,False,7.04,2.5,27.446589,0.0,0.0,20.530041500000003,3.1000000500000002,3.1000000500000002,26,5,3,0,0.49999999999999994,-0.8660254037844387,105.0,125.0,115.0,11400.0,4400.0,16500.0,26.846586,26.9945,29.117414,0.0,3.0,0.8000001,0.0,3.0,0.8000001,20.114417,19.864420000000003,22.474833,1.55000005,6.89999985,2.15,1.55000005,6.89999985,2.15,0.8,10.8
2022-05-27,112.78,11200.0,124.43,163.0,0,False,False,True,False,7.04,1.6,29.309082,0.2,0.2,21.6915015,2.2999999,2.2999999,27,5,4,0,0.49999999999999994,-0.8660254037844387,108.89,115.0,115.0,11300.0,2200.0,22200.0,27.446589,27.69242,28.940332,0.0,0.0,1.2,0.0,0.0,1.2,20.530041500000003,21.1185835,21.4956685,3.1000000500000002,0.25,31.250002,3.1000000500000002,0.25,31.250002,2.5,0.8
2022-05-28,116.67,11100.0,124.41,163.0,0,False,False,True,False,7.04,1.6000001,29.3445,21.0,21.0,20.982127,6.7500005,6.7500005,28,5,5,1,0.49999999999999994,-0.8660254037844387,112.78,105.0,115.0,11200.0,11600.0,27050.0,29.309082,26.846586,27.16742,0.2,0.0,14.0,0.2,0.0,14.0,21.6915015,20.114417,20.463377,2.2999999,1.55000005,20.150000499999997,2.2999999,1.55000005,20.150000499999997,1.6,2.5
2022-05-29,125.0,11000.0,124.41,163.0,0,False,False,True,False,7.04,18.5,27.448668,12.6,12.6,21.260249,9.1,9.1,29,5,6,1,0.49999999999999994,-0.8660254037844387,116.67,108.89,95.0,11100.0,21000.0,49650.0,29.3445,27.446589,26.427834,21.0,0.0,7.7000003,21.0,0.0,7.7000003,20.982127,20.530041500000003,20.369624,6.7500005,3.1000000500000002,1.7500000500000001,6.7500005,3.1000000500000002,1.7500000500000001,1.6000001,1.6
2022-05-30,115.0,2400.0,124.41,163.0,0,False,False,True,False,7.04,20.500002,27.102835,13.0,13.0,21.562336000000002,4.3499997,4.3499997,30,5,0,0,0.49999999999999994,-0.8660254037844387,125.0,112.78,125.0,11000.0,11900.0,8450.0,27.448668,29.309082,26.9945,12.6,0.2,3.0,12.6,0.2,3.0,21.260249,21.6915015,19.864420000000003,9.1,2.2999999,6.89999985,9.1,2.2999999,6.89999985,18.5,1.6000001
2022-05-31,140.0,1875.0,124.37,163.0,0,False,False,True,False,7.04,1.6000001,29.05908,0.6,0.6,22.3008755,2.15000005,2.15000005,31,5,1,0,0.49999999999999994,-0.8660254037844387,115.0,116.67,115.0,2400.0,11500.0,40175.0,27.102835,29.3445,27.69242,13.0,21.0,0.0,13.0,21.0,0.0,21.562336000000002,20.982127,21.1185835,4.3499997,6.7500005,0.25,4.3499997,6.7500005,0.25,20.500002,18.5
2022-06-01,150.0,3726.0,124.53,163.0,0,False,True,False,False,6.71,4.8,29.690338,0.1,0.1,22.336295,4.449999999999999,4.449999999999999,1,6,2,0,1.2246467991473532e-16,-1.0,140.0,125.0,105.0,1875.0,11400.0,35700.0,29.05908,27.448668,26.846586,0.6,12.6,0.0,0.6,12.6,0.0,22.3008755,21.260249,20.114417,2.15000005,9.1,1.55000005,2.15000005,9.1,1.55000005,1.6000001,20.500002
2022-06-02,147.11,3766.74,124.34,163.0,0,False,True,False,False,6.71,2.6999998,29.421585,7.7999997,7.7999997,22.5706675,9.05000005,9.05000005,2,6,3,0,1.2246467991473532e-16,-1.0,150.0,115.0,108.89,3726.0,11300.0,42375.0,29.690338,27.102835,27.446589,0.1,13.0,0.0,0.1,13.0,0.0,22.336295,21.562336000000002,20.530041500000003,4.449999999999999,4.3499997,3.1000000500000002,4.449999999999999,4.3499997,3.1000000500000002,4.8,1.6000001
2022-06-03,144.21,3807.47,124.48,163.0,0,False,True,False,False,6.71,2.5,29.313248,3.3999999,3.3999999,22.772751999999997,1.60000005,1.60000005,3,6,4,0,1.2246467991473532e-16,-1.0,147.11,140.0,112.78,3766.74,11200.0,33470.0,29.421585,29.05908,29.309082,7.7999997,0.6,0.2,7.7999997,0.6,0.2,22.5706675,22.3008755,21.6915015,9.05000005,2.15000005,2.2999999,9.05000005,2.15000005,2.2999999,2.6999998,4.8
2022-06-04,141.32,3848.21,124.5,163.0,0,False,True,False,False,6.71,0.5,30.000753,0.6,0.6,22.888376,7.1,7.1,4,6,5,1,1.2246467991473532e-16,-1.0,144.21,150.0,116.67,3807.47,11100.0,18125.0,29.313248,29.690338,29.3445,3.3999999,0.1,21.0,3.3999999,0.1,21.0,22.772751999999997,22.336295,20.982127,1.60000005,4.449999999999999,6.7500005,1.60000005,4.449999999999999,6.7500005,2.5,2.6999998
2022-06-05,138.42,3888.95,124.5,163.0,0,False,True,False,False,6.71,2.9,29.965332,0.0,0.0,22.539417,11.05,11.05,5,6,6,1,1.2246467991473532e-16,-1.0,141.32,147.11,125.0,3848.21,11000.0,29450.0,30.000753,29.421585,27.448668,0.6,7.7999997,12.6,0.6,7.7999997,12.6,22.888376,22.5706675,21.260249,7.1,9.05000005,9.1,7.1,9.05000005,9.1,0.5,2.5
2022-06-06,135.53,3929.68,124.5,163.0,0,False,True,False,False,6.71,2.0,29.357,1.3,1.3,22.2071255,8.7500005,8.7500005,6,6,0,0,1.2246467991473532e-16,-1.0,138.42,144.21,115.0,3888.95,2400.0,28250.0,29.965332,29.313248,27.102835,0.0,3.3999999,13.0,0.0,3.3999999,13.0,22.539417,22.772751999999997,21.562336000000002,11.05,1.60000005,4.3499997,11.05,1.60000005,4.3499997,2.9,0.5
2022-06-07,132.63,3970.42,124.52,163.0,0,False,True,False,False,6.71,7.499998,29.5195,0.4,0.4,22.755043,18.6500005,18.6500005,7,6,1,0,1.2246467991473532e-16,-1.0,135.53,141.32,140.0,3929.68,1875.0,31000.0,29.357,30.000753,29.05908,1.3,0.6,0.6,1.3,0.6,0.6,22.2071255,22.888376,22.3008755,8.7500005,7.1,2.15000005,8.7500005,7.1,2.15000005,2.0,2.9
2022-06-08,129.74,4011.16,124.64,163.0,0,False,True,False,False,6.71,6.4,29.619501,18.0,18.0,22.486291,17.600001,17.600001,8,6,2,0,1.2246467991473532e-16,-1.0,132.63,138.42,150.0,3970.42,3726.0,48675.0,29.5195,29.965332,29.690338,0.4,0.0,0.1,0.4,0.0,0.1,22.755043,22.539417,22.336295,18.6500005,11.05,4.449999999999999,18.6500005,11.05,4.449999999999999,7.499998,2.0
2022-06-09,126.84,4051.89,124.68,163.0,0,False,True,False,False,6.71,16.800001,28.7195,5.7,5.7,22.301917,19.799999999999997,19.799999999999997,9,6,3,0,1.2246467991473532e-16,-1.0,129.74,135.53,147.11,4011.16,3766.74,16250.0,29.619501,29.357,29.421585,18.0,1.3,7.7999997,18.0,1.3,7.7999997,22.486291,22.2071255,22.5706675,17.600001,8.7500005,9.05000005,17.600001,8.7500005,9.05000005,6.4,7.499998
2022-06-10,123.95,4092.63,124.73,163.0,0,False,True,False,False,6.71,6.199999,29.721588,3.3,3.3,22.967542,18.750002,18.750002,10,6,4,0,1.2246467991473532e-16,-1.0,126.84,132.63,144.21,4051.89,3807.47,22000.0,28.7195,29.5195,29.313248,5.7,0.4,3.3999999,5.7,0.4,3.3999999,22.301917,22.755043,22.772751999999997,19.799999999999997,18.6500005,1.60000005,19.799999999999997,18.6500005,1.60000005,16.800001,6.4
2022-06-11,121.05,4133.37,124.84,163.0,0,False,True,False,False,6.71,3.8,29.242416,8.7,8.7,22.9675425,9.85,9.85,11,6,5,1,1.2246467991473532e-16,-1.0,123.95,129.74,141.32,4092.63,3848.21,11250.0,29.721588,29.619501,30.000753,3.3,18.0,0.6,3.3,18.0,0.6,22.967542,22.486291,22.888376,18.750002,17.600001,7.1,18.750002,17.600001,7.1,6.199999,16.800001
2022-06-12,118.16,4174.11,124.84,163.0,0,False,True,False,False,6.71,3.8,27.657,37.1,37.1,22.8060835,4.05000045,4.05000045,12,6,6,1,1.2246467991473532e-16,-1.0,121.05,126.84,138.42,4133.37,3888.95,12958.33,29.242416,28.7195,29.965332,8.7,5.7,0.0,8.7,5.7,0.0,22.9675425,22.301917,22.539417,9.85,19.799999999999997,11.05,9.85,19.799999999999997,11.05,3.8,6.199999
2022-06-13,115.26,4214.84,124.84,163.0,0,False,True,False,False,6.71,4.2,29.292414,2.0,2.0,23.0081665,6.7000005,6.7000005,13,6,0,0,1.2246467991473532e-16,-1.0,118.16,123.95,135.53,4174.11,3929.68,14666.67,27.657,29.721588,29.357,37.1,3.3,1.3,37.1,3.3,1.3,22.8060835,22.967542,22.2071255,4.05000045,18.750002,8.7500005,4.05000045,18.750002,8.7500005,3.8,3.8
2022-06-14,112.37,4255.58,125.16,163.0,0,False,True,False,False,6.71,8.8,29.042414,0.3,0.3,22.982122500000003,18.5,18.5,14,6,1,0,1.2246467991473532e-16,-1.0,115.26,121.05,132.63,4214.84,3970.42,16375.0,29.292414,29.242416,29.5195,2.0,8.7,0.4,2.0,8.7,0.4,23.0081665,22.9675425,22.755043,6.7000005,9.85,18.6500005,6.7000005,9.85,18.6500005,4.2,3.8
2022-06-15,109.47,4296.32,125.08,163.0,0,False,True,False,False,6.71,17.800001,28.461166,17.8,17.8,22.3685845,22.0,22.0,15,6,2,0,1.2246467991473532e-16,-1.0,112.37,118.16,129.74,4255.58,4011.16,18083.33,29.042414,27.657,29.619501,0.3,37.1,18.0,0.3,37.1,18.0,22.982122500000003,22.8060835,22.486291,18.5,4.05000045,17.600001,18.5,4.05000045,17.600001,8.8,4.2
2022-06-16,106.58,4337.05,125.21,163.0,0,False,True,False,False,6.71,17.1,28.082,14.099999,14.099999,22.308169499999998,25.6000005,25.6000005,16,6,3,0,1.2246467991473532e-16,-1.0,109.47,115.26,126.84,4296.32,4051.89,19791.67,28.461166,29.292414,28.7195,17.8,2.0,5.7,17.8,2.0,5.7,22.3685845,23.0081665,22.301917,22.0,6.7000005,19.799999999999997,22.0,6.7000005,19.799999999999997,17.800001,8.8
2022-06-17,103.68,4377.79,125.22,163.0,0,False,True,False,False,6.71,21.9,27.700752,15.700003,15.700003,22.2008765,15.400001500000002,15.400001500000002,17,6,4,0,1.2246467991473532e-16,-1.0,106.58,112.37,123.95,4337.05,4092.63,21500.0,28.082,29.042414,29.721588,14.099999,0.3,3.3,14.099999,0.3,3.3,22.308169499999998,22.982122500000003,22.967542,25.6000005,18.5,18.750002,25.6000005,18.5,18.750002,17.1,17.800001
2022-06-18,100.79,4418.53,125.22,163.0,0,False,True,False,False,6.71,6.5999994,27.702833,21.1,21.1,22.317542,16.2500015,16.2500015,18,6,5,1,1.2246467991473532e-16,-1.0,103.68,109.47,121.05,4377.79,4133.37,4400.0,27.700752,28.461166,29.242416,15.700003,17.8,8.7,15.700003,17.8,8.7,22.2008765,22.3685845,22.9675425,15.400001500000002,22.0,9.85,15.400001500000002,22.0,9.85,21.9,17.1
2022-06-19,97.89,4459.26,125.22,163.0,0,False,True,False,False,6.71,4.2000003,27.475748,17.5,17.5,22.4362935,8.79999995,8.79999995,19,6,6,1,1.2246467991473532e-16,-1.0,100.79,106.58,118.16,4418.53,4174.11,2200.0,27.702833,28.082,27.657,21.1,14.099999,37.1,21.1,14.099999,37.1,22.317542,22.308169499999998,22.8060835,16.2500015,25.6000005,4.05000045,16.2500015,25.6000005,4.05000045,6.5999994,21.9
2022-06-20,95.0,4500.0,125.22,163.0,0,False,True,False,False,6.71,3.8999999,27.065332,7.3999996,7.3999996,22.207126000000002,6.39999935,6.39999935,20,6,0,0,1.2246467991473532e-16,-1.0,97.89,103.68,115.26,4459.26,4214.84,11600.0,27.475748,27.700752,29.292414,17.5,15.700003,2.0,17.5,15.700003,2.0,22.4362935,22.2008765,23.0081665,8.79999995,15.400001500000002,6.7000005,8.79999995,15.400001500000002,6.7000005,4.2000003,6.5999994
2022-06-21,86.67,14450.0,125.07,163.0,0,False,True,False,False,6.71,2.4,27.327833,3.1999996,3.1999996,22.161294,3.19999995,3.19999995,21,6,1,0,1.2246467991473532e-16,-1.0,95.0,100.79,112.37,4500.0,4255.58,21000.0,27.065332,27.702833,29.042414,7.3999996,21.1,0.3,7.3999996,21.1,0.3,22.207126000000002,22.317542,22.982122500000003,6.39999935,16.2500015,18.5,6.39999935,16.2500015,18.5,3.8999999,4.2000003
2022-06-22,86.39,12041.67,125.22,163.0,0,False,True,False,False,6.71,2.9,28.213247,3.2,3.2,22.763376,7.55,7.55,22,6,2,0,1.2246467991473532e-16,-1.0,86.67,97.89,109.47,14450.0,4296.32,11900.0,27.327833,27.475748,28.461166,3.1999996,17.5,17.8,3.1999996,17.5,17.8,22.161294,22.4362935,22.3685845,3.19999995,8.79999995,22.0,3.19999995,8.79999995,22.0,2.4,3.8999999
2022-06-23,86.11,9633.33,125.72,163.0,0,False,True,False,False,6.71,6.4,28.61325,10.5,10.5,23.032124500000002,8.99999985,8.99999985,23,6,3,0,1.2246467991473532e-16,-1.0,86.39,95.0,106.58,12041.67,4337.05,11500.0,28.213247,27.065332,28.082,3.2,7.3999996,14.099999,3.2,7.3999996,14.099999,22.763376,22.207126000000002,22.308169499999998,7.55,6.39999935,25.6000005,7.55,6.39999935,25.6000005,2.9,2.4
2022-06-24,85.84,7225.0,125.59,163.0,0,False,True,False,False,6.71,34.899998,28.242418,27.0,27.0,23.202959,14.0,14.0,24,6,4,0,1.2246467991473532e-16,-1.0,86.11,86.67,103.68,9633.33,4377.79,11400.0,28.61325,27.327833,27.700752,10.5,3.1999996,15.700003,10.5,3.1999996,15.700003,23.032124500000002,22.161294,22.2008765,8.99999985,3.19999995,15.400001500000002,8.99999985,3.19999995,15.400001500000002,6.4,2.9
2022-06-25,85.56,4816.67,125.66,163.0,0,False,True,False,False,6.71,15.099999,28.692413,1.4000001,1.4000001,22.748790999999997,10.25,10.25,25,6,5,1,1.2246467991473532e-16,-1.0,85.84,86.39,100.79,7225.0,4418.53,11300.0,28.242418,28.213247,27.702833,27.0,3.2,21.1,27.0,3.2,21.1,23.202959,22.763376,22.317542,14.0,7.55,16.2500015,14.0,7.55,16.2500015,34.899998,6.4
2022-06-26,85.28,2408.33,125.66,163.0,0,False,True,False,False,6.71,9.4,28.657,3.9999998,3.9999998,22.916501500000003,16.0000015,16.0000015,26,6,6,1,1.2246467991473532e-16,-1.0,85.56,86.11,97.89,4816.67,4459.26,11200.0,28.692413,28.61325,27.475748,1.4000001,10.5,17.5,1.4000001,10.5,17.5,22.748790999999997,23.032124500000002,22.4362935,10.25,8.99999985,8.79999995,10.25,8.99999985,8.79999995,15.099999,34.899998
2022-06-27,85.0,1983.33,125.66,163.0,0,False,True,False,False,6.71,13.900001,27.36117,40.599995,40.599995,22.9175415,15.4999997,15.4999997,27,6,0,0,1.2246467991473532e-16,-1.0,85.28,85.84,95.0,2408.33,4500.0,11100.0,28.657,28.242418,27.065332,3.9999998,27.0,7.3999996,3.9999998,27.0,7.3999996,22.916501500000003,23.202959,22.207126000000002,16.0000015,14.0,6.39999935,16.0000015,14.0,6.39999935,9.4,15.099999
2022-06-28,88.89,1558.33,125.65,163.0,0,False,True,False,False,6.71,44.7,25.990334,86.8,86.8,22.5862915,54.4,54.4,28,6,1,0,1.2246467991473532e-16,-1.0,85.0,85.56,86.67,1983.33,14450.0,11000.0,27.36117,28.692413,27.327833,40.599995,1.4000001,3.1999996,40.599995,1.4000001,3.1999996,22.9175415,22.748790999999997,22.161294,15.4999997,10.25,3.19999995,15.4999997,10.25,3.19999995,13.900001,9.4
2022-06-29,92.78,3116.67,126.34,163.0,0,False,True,False,False,6.71,90.00001,24.977837,123.40001,123.40001,21.426917500000002,89.64999,89.64999,29,6,2,0,1.2246467991473532e-16,-1.0,88.89,85.28,86.39,1558.33,12041.67,2400.0,25.990334,28.657,28.213247,86.8,3.9999998,3.2,86.8,3.9999998,3.2,22.5862915,22.916501500000003,22.763376,54.4,16.0000015,7.55,54.4,16.0000015,7.55,44.7,13.900001
2022-06-30,96.67,4675.0,126.65,163.0,0,False,True,False,False,6.71,9.799999,26.486168,28.500002,28.500002,22.5748345,4.5000005,4.5000005,30,6,3,0,1.2246467991473532e-16,-1.0,92.78,85.0,86.11,3116.67,9633.33,1875.0,24.977837,27.36117,28.61325,123.40001,40.599995,10.5,123.40001,40.599995,10.5,21.426917500000002,22.9175415,23.032124500000002,89.64999,15.4999997,8.99999985,89.64999,15.4999997,8.99999985,90.00001,44.7
2022-07-01,96.67,5500.0,126.66,163.0,0,False,True,False,False,6.71,4.2,27.971582,20.0,20.0,23.1248335,6.99999985,6.99999985,1,7,4,0,-0.4999999999999997,-0.8660254037844388,96.67,88.89,85.84,4675.0,7225.0,3726.0,26.486168,25.990334,28.242418,28.500002,86.8,27.0,28.500002,86.8,27.0,22.5748345,22.5862915,23.202959,4.5000005,54.4,14.0,4.5000005,54.4,14.0,9.799999,90.00001
2022-07-02,96.67,2500.0,126.78,163.0,0,False,True,False,False,6.71,14.700001,28.00492,1.0000001,1.0000001,22.942541499999997,12.4500005,12.4500005,2,7,5,1,-0.4999999999999997,-0.8660254037844388,96.67,92.78,85.56,5500.0,4816.67,3766.74,27.971582,24.977837,28.692413,20.0,123.40001,1.4000001,20.0,123.40001,1.4000001,23.1248335,21.426917500000002,22.748790999999997,6.99999985,89.64999,10.25,6.99999985,89.64999,10.25,4.2,9.799999
2022-07-03,95.0,9425.0,126.78,163.0,0,False,True,False,False,6.71,20.0,29.07367,5.7000003,5.7000003,23.210251,13.1000005,13.1000005,3,7,6,1,-0.4999999999999997,-0.8660254037844388,96.67,96.67,85.28,2500.0,2408.33,3807.47,28.00492,26.486168,28.657,1.0000001,28.500002,3.9999998,1.0000001,28.500002,3.9999998,22.942541499999997,22.5748345,22.916501500000003,12.4500005,4.5000005,16.0000015,12.4500005,4.5000005,16.0000015,14.700001,4.2
2022-07-04,85.0,22500.0,126.78,172.0,0,False,True,False,False,6.71,7.3999996,29.717417,0.6,0.6,24.081084,5.69999945,5.69999945,4,7,0,0,-0.4999999999999997,-0.8660254037844388,95.0,96.67,85.0,9425.0,1983.33,3848.21,29.07367,27.971582,27.36117,5.7000003,20.0,40.599995,5.7000003,20.0,40.599995,23.210251,23.1248335,22.9175415,13.1000005,6.99999985,15.4999997,13.1000005,6.99999985,15.4999997,20.0,14.700001
2022-07-05,75.0,2750.0,126.63,172.0,0,False,True,False,False,6.71,21.9,30.248663,0.8,0.8,24.106084000000003,21.2500005,21.2500005,5,7,1,0,-0.4999999999999997,-0.8660254037844388,85.0,96.67,88.89,22500.0,1558.33,3888.95,29.717417,28.00492,25.990334,0.6,1.0000001,86.8,0.6,1.0000001,86.8,24.081084,22.942541499999997,22.5862915,5.69999945,12.4500005,54.4,5.69999945,12.4500005,54.4,7.3999996,20.0
2022-07-06,86.67,5150.0,127.3,172.0,0,False,True,False,False,6.71,6.6,30.359085,0.9,0.9,23.8581675,8.10000035,8.10000035,6,7,2,0,-0.4999999999999997,-0.8660254037844388,75.0,95.0,92.78,2750.0,3116.67,3929.68,30.248663,29.07367,24.977837,0.8,5.7000003,123.40001,0.8,5.7000003,123.40001,24.106084000000003,23.210251,21.426917500000002,21.2500005,13.1000005,89.64999,21.2500005,13.1000005,89.64999,21.9,7.3999996
2022-07-07,76.67,1825.0,127.19,172.0,0,False,True,False,False,6.71,3.9999995,29.986166,0.0,0.0,24.151919499999998,5.0999999,5.0999999,7,7,3,0,-0.4999999999999997,-0.8660254037844388,86.67,85.0,96.67,5150.0,4675.0,3970.42,30.359085,29.717417,26.486168,0.9,0.6,28.500002,0.9,0.6,28.500002,23.8581675,24.081084,22.5748345,8.10000035,5.69999945,4.5000005,8.10000035,5.69999945,4.5000005,6.6,21.9
2022-07-08,66.67,25750.0,126.99,172.0,0,False,True,False,False,6.71,19.800003,29.513247,3.7,3.7,23.5321255,16.85,16.85,8,7,4,0,-0.4999999999999997,-0.8660254037844388,76.67,75.0,96.67,1825.0,5500.0,4011.16,29.986166,30.248663,27.971582,0.0,0.8,20.0,0.0,0.8,20.0,24.151919499999998,24.106084000000003,23.1248335,5.0999999,21.2500005,6.99999985,5.0999999,21.2500005,6.99999985,3.9999995,6.6
2022-07-09,66.67,7750.0,127.11,172.0,0,False,True,False,False,6.71,19.2,28.902834,10.800001,10.800001,23.193587,12.700000200000002,12.700000200000002,9,7,5,1,-0.4999999999999997,-0.8660254037844388,66.67,86.67,96.67,25750.0,2500.0,4051.89,29.513247,30.359085,28.00492,3.7,0.9,1.0000001,3.7,0.9,1.0000001,23.5321255,23.8581675,22.942541499999997,16.85,8.10000035,12.4500005,16.85,8.10000035,12.4500005,19.800003,3.9999995
2022-07-10,60.0,3350.0,127.11,172.0,0,False,True,False,False,6.71,13.100001,29.763254,4.5,4.5,23.638375500000002,5.0499996,5.0499996,10,7,6,1,-0.4999999999999997,-0.8660254037844388,66.67,76.67,95.0,7750.0,9425.0,4092.63,28.902834,29.986166,29.07367,10.800001,0.0,5.7000003,10.800001,0.0,5.7000003,23.193587,24.151919499999998,23.210251,12.700000200000002,5.0999999,13.1000005,12.700000200000002,5.0999999,13.1000005,19.2,19.800003
2022-07-11,65.0,2455.5566666666664,127.11,172.0,0,False,True,False,False,6.71,20.1,30.098665,0.2,0.2,23.812334999999997,9.25,9.25,11,7,0,0,-0.4999999999999997,-0.8660254037844388,60.0,66.67,85.0,3350.0,22500.0,4133.37,29.763254,29.513247,29.717417,4.5,3.7,0.6,4.5,3.7,0.6,23.638375500000002,23.5321255,24.081084,5.0499996,16.85,5.69999945,5.0499996,16.85,5.69999945,13.100001,19.2
2022-07-12,65.0,1561.1133333333332,127.41,172.0,0,False,True,False,False,6.71,7.2,30.402832,0.0,0.0,23.486293,9.3000005,9.3000005,12,7,1,0,-0.4999999999999997,-0.8660254037844388,65.0,66.67,75.0,2455.5566666666664,2750.0,4174.11,30.098665,28.902834,30.248663,0.2,10.800001,0.8,0.2,10.800001,0.8,23.812334999999997,23.193587,24.106084000000003,9.25,12.700000200000002,21.2500005,9.25,12.700000200000002,21.2500005,20.1,13.100001
2022-07-13,61.67,666.67,127.66,172.0,0,False,True,False,False,6.71,2.3,30.623667,0.0,0.0,23.97796,2.75000015,2.75000015,13,7,2,0,-0.4999999999999997,-0.8660254037844388,65.0,60.0,86.67,1561.1133333333332,5150.0,4214.84,30.402832,29.763254,30.359085,0.0,4.5,0.9,0.0,4.5,0.9,23.486293,23.638375500000002,23.8581675,9.3000005,5.0499996,8.10000035,9.3000005,5.0499996,8.10000035,7.2,20.1
2022-07-14,58.33,1333.33,127.72,172.0,0,False,True,False,False,6.71,0.6,30.54242,0.70000005,0.70000005,24.267544,8.050000149999999,8.050000149999999,14,7,3,0,-0.4999999999999997,-0.8660254037844388,61.67,65.0,76.67,666.67,1825.0,4255.58,30.623667,30.098665,29.986166,0.0,0.2,0.0,0.0,0.2,0.0,23.97796,23.812334999999997,24.151919499999998,2.75000015,9.25,5.0999999,2.75000015,9.25,5.0999999,2.3,7.2
2022-07-15,55.0,2000.0,128.11,172.0,0,False,True,False,False,6.71,4.8999996,30.7945,1.4000001,1.4000001,24.7217085,7.5500004999999994,7.5500004999999994,15,7,4,0,-0.4999999999999997,-0.8660254037844388,58.33,65.0,66.67,1333.33,25750.0,4296.32,30.54242,30.402832,29.513247,0.70000005,0.0,3.7,0.70000005,0.0,3.7,24.267544,23.486293,23.5321255,8.050000149999999,9.3000005,16.85,8.050000149999999,9.3000005,16.85,0.6,2.3
2022-07-16,56.0,1800.0,128.11,172.0,0,False,True,False,False,6.71,5.4,30.531998,1.1,1.1,24.1217105,6.99999985,6.99999985,16,7,5,1,-0.4999999999999997,-0.8660254037844388,55.0,61.67,66.67,2000.0,7750.0,4337.05,30.7945,30.623667,28.902834,1.4000001,0.0,10.800001,1.4000001,0.0,10.800001,24.7217085,23.97796,23.193587,7.5500004999999994,2.75000015,12.700000200000002,7.5500004999999994,2.75000015,12.700000200000002,4.8999996,0.6
2022-07-17,57.0,1600.0,128.11,172.0,0,False,True,False,False,6.71,11.200002,31.054916,0.1,0.1,24.398789999999998,6.250000549999999,6.250000549999999,17,7,6,1,-0.4999999999999997,-0.8660254037844388,56.0,58.33,60.0,1800.0,3350.0,4377.79,30.531998,30.54242,29.763254,1.1,0.70000005,4.5,1.1,0.70000005,4.5,24.1217105,24.267544,23.638375500000002,6.99999985,8.050000149999999,5.0499996,6.99999985,8.050000149999999,5.0499996,5.4,4.8999996
2022-07-18,58.0,1400.0,128.11,172.0,0,False,True,False,False,6.71,24.900003,30.361168,0.6,0.6,23.586292999999998,13.9,13.9,18,7,0,0,-0.4999999999999997,-0.8660254037844388,57.0,55.0,65.0,1600.0,2455.5566666666664,4418.53,31.054916,30.7945,30.098665,0.1,1.4000001,0.2,0.1,1.4000001,0.2,24.398789999999998,24.7217085,23.812334999999997,6.250000549999999,7.5500004999999994,9.25,6.250000549999999,7.5500004999999994,9.25,11.200002,5.4
2022-07-19,59.0,1200.0,128.26,172.0,0,False,True,False,False,6.71,32.0,29.457,2.4,2.4,23.176918,18.3999995,18.3999995,19,7,1,0,-0.4999999999999997,-0.8660254037844388,58.0,56.0,65.0,1400.0,1561.1133333333332,4459.26,30.361168,30.531998,30.402832,0.6,1.1,0.0,0.6,1.1,0.0,23.586292999999998,24.1217105,23.486293,13.9,6.99999985,9.3000005,13.9,6.99999985,9.3000005,24.900003,11.200002
2022-07-20,60.0,1000.0,128.21,172.0,0,False,True,False,False,6.71,34.0,28.119501,31.500006,31.500006,22.8779575,8.5,8.5,20,7,2,0,-0.4999999999999997,-0.8660254037844388,59.0,57.0,61.67,1200.0,666.67,4500.0,29.457,31.054916,30.623667,2.4,0.1,0.0,2.4,0.1,0.0,23.176918,24.398789999999998,23.97796,18.3999995,6.250000549999999,2.75000015,18.3999995,6.250000549999999,2.75000015,32.0,24.900003
2022-07-21,61.0,800.0,128.29,172.0,0,False,True,False,False,6.71,20.299997,27.175749,25.6,25.6,22.575876,10.550001,10.550001,21,7,3,0,-0.4999999999999997,-0.8660254037844388,60.0,58.0,58.33,1000.0,1333.33,14450.0,28.119501,30.361168,30.54242,31.500006,0.6,0.70000005,31.500006,0.6,0.70000005,22.8779575,23.586292999999998,24.267544,8.5,13.9,8.050000149999999,8.5,13.9,8.050000149999999,34.0,32.0
2022-07-22,62.0,600.0,128.22,172.0,0,False,True,False,False,6.71,15.900002,28.648666,18.2,18.2,23.098793,17.8500005,17.8500005,22,7,4,0,-0.4999999999999997,-0.8660254037844388,61.0,59.0,55.0,800.0,2000.0,12041.67,27.175749,29.457,30.7945,25.6,2.4,1.4000001,25.6,2.4,1.4000001,22.575876,23.176918,24.7217085,10.550001,18.3999995,7.5500004999999994,10.550001,18.3999995,7.5500004999999994,20.299997,34.0
2022-07-23,63.0,400.0,128.08,172.0,0,False,True,False,False,6.71,7.399999,29.396582,4.9,4.9,23.4592105,18.949999,18.949999,23,7,5,1,-0.4999999999999997,-0.8660254037844388,62.0,60.0,56.0,600.0,1800.0,9633.33,28.648666,28.119501,30.531998,18.2,31.500006,1.1,18.2,31.500006,1.1,23.098793,22.8779575,24.1217105,17.8500005,8.5,6.99999985,17.8500005,8.5,6.99999985,15.900002,20.299997
2022-07-24,64.0,200.0,128.08,172.0,0,False,True,False,False,6.71,32.699997,26.784086,11.8,11.8,22.701919,12.3999995,12.3999995,24,7,6,1,-0.4999999999999997,-0.8660254037844388,63.0,61.0,57.0,400.0,1600.0,7225.0,29.396582,27.175749,31.054916,4.9,25.6,0.1,4.9,25.6,0.1,23.4592105,22.575876,24.398789999999998,18.949999,10.550001,6.250000549999999,18.949999,10.550001,6.250000549999999,7.399999,15.900002
2022-07-25,65.0,2725.0,128.08,172.0,0,False,True,False,False,6.71,11.600002,28.096582,1.1,1.1,22.4612915,16.400001500000002,16.400001500000002,25,7,0,0,-0.4999999999999997,-0.8660254037844388,64.0,62.0,58.0,200.0,1400.0,4816.67,26.784086,28.648666,30.361168,11.8,18.2,0.6,11.8,18.2,0.6,22.701919,23.098793,23.586292999999998,12.3999995,17.8500005,13.9,12.3999995,17.8500005,13.9,32.699997,7.399999
2022-07-26,66.67,5250.0,127.88,172.0,0,False,True,False,False,6.71,25.100002,26.796585,20.800001,20.800001,22.264418,16.1499995,16.1499995,26,7,1,0,-0.4999999999999997,-0.8660254037844388,65.0,63.0,59.0,2725.0,1200.0,2408.33,28.096582,29.396582,29.457,1.1,4.9,2.4,1.1,4.9,2.4,22.4612915,23.4592105,23.176918,16.400001500000002,18.949999,18.3999995,16.400001500000002,18.949999,18.3999995,11.600002,32.699997
2022-07-27,67.5,3339.285,127.96,172.0,0,False,True,False,False,6.71,15.200001,27.329918,21.400003,21.400003,22.6696265,15.250000150000002,15.250000150000002,27,7,2,0,-0.4999999999999997,-0.8660254037844388,66.67,64.0,60.0,5250.0,1000.0,1983.33,26.796585,26.784086,28.119501,20.800001,11.8,31.500006,20.800001,11.8,31.500006,22.264418,22.701919,22.8779575,16.1499995,12.3999995,8.5,16.1499995,12.3999995,8.5,25.100002,11.600002
2022-07-28,63.93,1428.57,128.14,172.0,0,False,True,False,False,6.71,12.200001,27.461166,9.7,9.7,22.582127,2.9999998999999997,2.9999998999999997,28,7,3,0,-0.4999999999999997,-0.8660254037844388,67.5,65.0,61.0,3339.285,800.0,1558.33,27.329918,28.096582,27.175749,21.400003,1.1,25.6,21.400003,1.1,25.6,22.6696265,22.4612915,22.575876,15.250000150000002,16.400001500000002,10.550001,15.250000150000002,16.400001500000002,10.550001,15.200001,25.100002
2022-07-29,60.36,2857.14,127.92,172.0,0,False,True,False,False,6.71,30.100002,26.998665,13.1,13.1,22.458168,7.3000004999999994,7.3000004999999994,29,7,4,0,-0.4999999999999997,-0.8660254037844388,63.93,66.67,62.0,1428.57,600.0,3116.67,27.461166,26.796585,28.648666,9.7,20.800001,18.2,9.7,20.800001,18.2,22.582127,22.264418,23.098793,2.9999998999999997,16.1499995,17.8500005,2.9999998999999997,16.1499995,17.8500005,12.200001,15.200001
2022-07-30,56.79,4285.71,127.11,172.0,0,False,True,False,False,6.71,25.300001,26.990334,17.600002,17.600002,22.568585,9.8,9.8,30,7,5,1,-0.4999999999999997,-0.8660254037844388,60.36,67.5,63.0,2857.14,400.0,4675.0,26.998665,27.329918,29.396582,13.1,21.400003,4.9,13.1,21.400003,4.9,22.458168,22.6696265,23.4592105,7.3000004999999994,15.250000150000002,18.949999,7.3000004999999994,15.250000150000002,18.949999,30.100002,12.200001
2022-07-31,53.21,5714.29,127.11,172.0,0,False,True,False,False,6.71,49.000004,26.179922,34.9,34.9,22.0175435,18.500001,18.500001,31,7,6,1,-0.4999999999999997,-0.8660254037844388,56.79,63.93,64.0,4285.71,200.0,5500.0,26.990334,27.461166,26.784086,17.600002,9.7,11.8,17.600002,9.7,11.8,22.568585,22.582127,22.701919,9.8,2.9999998999999997,12.3999995,9.8,2.9999998999999997,12.3999995,25.300001,30.100002
2022-08-01,49.64,7142.86,127.11,172.0,0,False,True,False,False,8.26,30.400002,26.079912,37.90001,37.90001,22.029000500000002,49.549998,49.549998,1,8,0,0,-0.8660254037844385,-0.5000000000000004,53.21,60.36,65.0,5714.29,2725.0,2500.0,26.179922,26.998665,28.096582,34.9,13.1,1.1,34.9,13.1,1.1,22.0175435,22.458168,22.4612915,18.500001,7.3000004999999994,16.400001500000002,18.500001,7.3000004999999994,16.400001500000002,49.000004,25.300001
2022-08-02,46.07,8571.43,126.74,172.0,0,False,True,False,False,8.26,34.100002,26.407003,9.6,9.6,22.015461000000002,27.5999995,27.5999995,2,8,1,0,-0.8660254037844385,-0.5000000000000004,49.64,56.79,66.67,7142.86,5250.0,9425.0,26.079912,26.990334,26.796585,37.90001,17.600002,20.800001,37.90001,17.600002,20.800001,22.029000500000002,22.568585,22.264418,49.549998,9.8,16.1499995,49.549998,9.8,16.1499995,30.400002,49.000004
2022-08-03,42.5,10000.0,126.25,172.0,0,False,True,False,False,8.26,13.500001,27.477837,30.199999,30.199999,22.642542499999998,17.95,17.95,3,8,2,0,-0.8660254037844385,-0.5000000000000004,46.07,53.21,67.5,8571.43,3339.285,22500.0,26.407003,26.179922,27.329918,9.6,34.9,21.400003,9.6,34.9,21.400003,22.015461000000002,22.0175435,22.6696265,27.5999995,18.500001,15.250000150000002,27.5999995,18.500001,15.250000150000002,34.100002,30.400002
2022-08-04,42.5,7500.0,126.96,172.0,0,False,True,False,False,8.26,9.900001,28.113253,17.9,17.9,22.8446265,5.8999999999999995,5.8999999999999995,4,8,3,0,-0.8660254037844385,-0.5000000000000004,42.5,49.64,63.93,10000.0,1428.57,2750.0,27.477837,26.079912,27.461166,30.199999,37.90001,9.7,30.199999,37.90001,9.7,22.642542499999998,22.029000500000002,22.582127,17.95,49.549998,2.9999998999999997,17.95,49.549998,2.9999998999999997,13.500001,34.100002
2022-08-05,47.5,5000.0,127.45,172.0,0,False,True,False,False,8.26,12.699999,28.863249,25.9,25.9,23.373792,13.0500006,13.0500006,5,8,4,0,-0.8660254037844385,-0.5000000000000004,42.5,46.07,60.36,7500.0,2857.14,5150.0,28.113253,26.407003,26.998665,17.9,9.6,13.1,17.9,9.6,13.1,22.8446265,22.015461000000002,22.458168,5.8999999999999995,27.5999995,7.3000004999999994,5.8999999999999995,27.5999995,7.3000004999999994,9.900001,13.500001
2022-08-06,57.5,750.0,127.08,172.0,0,False,True,False,False,8.26,18.5,28.02992,42.4,42.4,23.119625,24.55,24.55,6,8,5,1,-0.8660254037844385,-0.5000000000000004,47.5,42.5,56.79,5000.0,4285.71,1825.0,28.863249,27.477837,26.990334,25.9,30.199999,17.600002,25.9,30.199999,17.600002,23.373792,22.642542499999998,22.568585,13.0500006,17.95,9.8,13.0500006,17.95,9.8,12.699999,9.900001
2022-08-07,55.0,6050.0,127.08,172.0,0,False,True,False,False,8.26,14.100001,28.800749,5.5,5.5,23.7665005,7.4999995,7.4999995,7,8,6,1,-0.8660254037844385,-0.5000000000000004,57.5,42.5,53.21,750.0,5714.29,25750.0,28.02992,28.113253,26.179922,42.4,17.9,34.9,42.4,17.9,34.9,23.119625,22.8446265,22.0175435,24.55,5.8999999999999995,18.500001,24.55,5.8999999999999995,18.500001,18.5,12.699999
2022-08-08,57.5,11350.0,127.08,172.0,0,False,True,False,False,8.26,1.7,29.006996,5.2000003,5.2000003,24.154002,13.3999995,13.3999995,8,8,0,0,-0.8660254037844385,-0.5000000000000004,55.0,47.5,49.64,6050.0,7142.86,7750.0,28.800749,28.863249,26.079912,5.5,25.9,37.90001,5.5,25.9,37.90001,23.7665005,23.373792,22.029000500000002,7.4999995,13.0500006,49.549998,7.4999995,13.0500006,49.549998,14.100001,18.5
2022-08-09,60.0,6000.0,127.76,172.0,0,False,True,False,False,8.26,2.5,29.819502,0.1,0.1,24.2685835,13.6499995,13.6499995,9,8,1,0,-0.8660254037844385,-0.5000000000000004,57.5,57.5,46.07,11350.0,8571.43,3350.0,29.006996,28.02992,26.407003,5.2000003,42.4,9.6,5.2000003,42.4,9.6,24.154002,23.119625,22.015461000000002,13.3999995,24.55,27.5999995,13.3999995,24.55,27.5999995,1.7,14.100001
2022-08-10,57.5,12125.0,127.76,172.0,0,False,True,False,False,8.26,5.3,29.552832,0.0,0.0,23.4467095,28.0500015,28.0500015,10,8,2,0,-0.8660254037844385,-0.5000000000000004,60.0,55.0,42.5,6000.0,10000.0,2455.5566666666664,29.819502,28.800749,27.477837,0.1,5.5,30.199999,0.1,5.5,30.199999,24.2685835,23.7665005,22.642542499999998,13.6499995,7.4999995,17.95,13.6499995,7.4999995,17.95,2.5,1.7
2022-08-11,65.0,18250.0,127.54,172.0,0,False,True,False,False,8.26,9.100001,29.636168,0.0,0.0,23.451919500000002,18.349999999999998,18.349999999999998,11,8,3,0,-0.8660254037844385,-0.5000000000000004,57.5,57.5,42.5,12125.0,7500.0,1561.1133333333332,29.552832,29.006996,28.113253,0.0,5.2000003,17.9,0.0,5.2000003,17.9,23.4467095,24.154002,22.8446265,28.0500015,13.3999995,5.8999999999999995,28.0500015,13.3999995,5.8999999999999995,5.3,2.5
2022-08-12,67.0,15216.666666666666,127.72,172.0,0,False,True,False,False,8.26,2.0,29.1695,0.2,0.2,23.506083500000003,2.45,2.45,12,8,4,0,-0.8660254037844385,-0.5000000000000004,65.0,60.0,47.5,18250.0,5000.0,666.67,29.636168,29.819502,28.863249,0.0,0.1,25.9,0.0,0.1,25.9,23.451919500000002,24.2685835,23.373792,18.349999999999998,13.6499995,13.0500006,18.349999999999998,13.6499995,13.0500006,9.100001,5.3
2022-08-13,53.0,12183.333333333332,127.76,172.0,0,False,True,False,False,8.26,23.9,29.961166,0.0,0.0,23.4373355,28.950000000000003,28.950000000000003,13,8,5,1,-0.8660254037844385,-0.5000000000000004,67.0,57.5,57.5,15216.666666666666,750.0,1333.33,29.1695,29.552832,28.02992,0.2,0.0,42.4,0.2,0.0,42.4,23.506083500000003,23.4467095,23.119625,2.45,28.0500015,24.55,2.45,28.0500015,24.55,2.0,9.100001
2022-08-14,51.67,9150.0,127.76,172.0,0,False,True,False,False,8.26,12.600001,29.01325,6.4,6.4,22.830042499999998,13.5999995,13.5999995,14,8,6,1,-0.8660254037844385,-0.5000000000000004,53.0,65.0,55.0,12183.333333333332,6050.0,2000.0,29.961166,29.636168,28.800749,0.0,0.0,5.5,0.0,0.0,5.5,23.4373355,23.451919500000002,23.7665005,28.950000000000003,18.349999999999998,7.4999995,28.950000000000003,18.349999999999998,7.4999995,23.9,2.0
2022-08-15,55.0,13875.0,127.76,172.0,0,False,True,False,False,8.26,5.0,29.148664,0.0,0.0,23.354002,2.2,2.2,15,8,0,0,-0.8660254037844385,-0.5000000000000004,51.67,67.0,57.5,9150.0,11350.0,1800.0,29.01325,29.1695,29.006996,6.4,0.2,5.2000003,6.4,0.2,5.2000003,22.830042499999998,23.506083500000003,24.154002,13.5999995,2.45,13.3999995,13.5999995,2.45,13.3999995,12.600001,23.9
2022-08-16,52.5,10962.5,127.76,172.0,0,False,True,False,False,8.26,3.3999999,29.154915,1.5000001,1.5000001,23.1915015,4.0499996,4.0499996,16,8,1,0,-0.8660254037844385,-0.5000000000000004,55.0,53.0,60.0,13875.0,6000.0,1600.0,29.148664,29.961166,29.819502,0.0,0.0,0.1,0.0,0.0,0.1,23.354002,23.4373355,24.2685835,2.2,28.950000000000003,13.6499995,2.2,28.950000000000003,13.6499995,5.0,12.600001
2022-08-17,52.5,8050.0,127.76,172.0,0,False,True,False,False,8.26,2.5,29.20075,0.9000001,0.9000001,23.54775,2.3500001,2.3500001,17,8,2,0,-0.8660254037844385,-0.5000000000000004,52.5,51.67,57.5,10962.5,12125.0,1400.0,29.154915,29.01325,29.552832,1.5000001,6.4,0.0,1.5000001,6.4,0.0,23.1915015,22.830042499999998,23.4467095,4.0499996,13.5999995,28.0500015,4.0499996,13.5999995,28.0500015,3.3999999,5.0
2022-08-18,53.75,16750.0,127.42,172.0,0,False,True,False,False,8.26,10.1,29.61325,0.0,0.0,23.7685825,7.25,7.25,18,8,3,0,-0.8660254037844385,-0.5000000000000004,52.5,55.0,65.0,8050.0,18250.0,1200.0,29.20075,29.148664,29.636168,0.9000001,0.0,0.0,0.9000001,0.0,0.0,23.54775,23.354002,23.451919500000002,2.3500001,2.2,18.349999999999998,2.3500001,2.2,18.349999999999998,2.5,3.3999999
2022-08-19,47.5,12750.0,127.78,172.0,0,False,True,False,False,8.26,4.3,28.084085,22.1,22.1,22.9342115,26.1000025,26.1000025,19,8,4,0,-0.8660254037844385,-0.5000000000000004,53.75,52.5,67.0,16750.0,15216.666666666666,1000.0,29.61325,29.154915,29.1695,0.0,1.5000001,0.2,0.0,1.5000001,0.2,23.7685825,23.1915015,23.506083500000003,7.25,4.0499996,2.45,7.25,4.0499996,2.45,10.1,2.5
2022-08-20,48.33,8750.0,127.95,172.0,0,False,True,False,False,8.26,4.4,29.265337,0.1,0.1,23.473792000000003,3.3,3.3,20,8,5,1,-0.8660254037844385,-0.5000000000000004,47.5,52.5,53.0,12750.0,12183.333333333332,800.0,28.084085,29.20075,29.961166,22.1,0.9000001,0.0,22.1,0.9000001,0.0,22.9342115,23.54775,23.4373355,26.1000025,2.3500001,28.950000000000003,26.1000025,2.3500001,28.950000000000003,4.3,10.1
2022-08-21,47.67,4750.0,127.95,172.0,0,False,True,False,False,8.26,5.5,29.438248,0.0,0.0,23.085250000000002,5.95,5.95,21,8,6,1,-0.8660254037844385,-0.5000000000000004,48.33,53.75,51.67,8750.0,9150.0,600.0,29.265337,29.61325,29.01325,0.1,0.0,6.4,0.1,0.0,6.4,23.473792000000003,23.7685825,22.830042499999998,3.3,7.25,13.5999995,3.3,7.25,13.5999995,4.4,4.3
2022-08-22,47.5,4000.0,127.95,172.0,0,False,True,False,False,8.26,2.2,29.225748,7.0,7.0,23.251919,2.4999999500000003,2.4999999500000003,22,8,0,0,-0.8660254037844385,-0.5000000000000004,47.67,47.5,55.0,4750.0,13875.0,400.0,29.438248,28.084085,29.148664,0.0,22.1,0.0,0.0,22.1,0.0,23.085250000000002,22.9342115,23.354002,5.95,26.1000025,2.2,5.95,26.1000025,2.2,5.5,4.4
2022-08-23,42.5,3250.0,128.1,172.0,0,False,True,False,False,8.26,18.0,28.317415,5.3,5.3,23.310249499999998,9.199999,9.199999,23,8,1,0,-0.8660254037844385,-0.5000000000000004,47.5,48.33,52.5,4000.0,10962.5,200.0,29.225748,29.265337,29.154915,7.0,0.1,1.5000001,7.0,0.1,1.5000001,23.251919,23.473792000000003,23.1915015,2.4999999500000003,3.3,4.0499996,2.4999999500000003,3.3,4.0499996,2.2,5.5
2022-08-24,47.5,14625.0,128.09,172.0,0,False,True,False,False,8.26,1.7,28.231997,7.5,7.5,23.449836,6.7999995,6.7999995,24,8,2,0,-0.8660254037844385,-0.5000000000000004,42.5,47.67,52.5,3250.0,8050.0,2725.0,28.317415,29.438248,29.20075,5.3,0.0,0.9000001,5.3,0.0,0.9000001,23.310249499999998,23.085250000000002,23.54775,9.199999,5.95,2.3500001,9.199999,5.95,2.3500001,18.0,2.2
2022-08-25,47.5,24775.0,128.0,172.0,0,False,True,False,False,8.26,4.2,28.902832,0.2,0.2,23.510252,2.7999999,2.7999999,25,8,3,0,-0.8660254037844385,-0.5000000000000004,47.5,47.5,53.75,14625.0,16750.0,5250.0,28.231997,29.225748,29.61325,7.5,7.0,0.0,7.5,7.0,0.0,23.449836,23.251919,23.7685825,6.7999995,2.4999999500000003,7.25,6.7999995,2.4999999500000003,7.25,1.7,18.0
2022-08-26,57.5,1075.0,128.12,172.0,0,False,True,False,False,8.26,7.4999995,29.77575,0.6,0.6,23.157125999999998,7.1499998,7.1499998,26,8,4,0,-0.8660254037844385,-0.5000000000000004,47.5,42.5,47.5,24775.0,12750.0,3339.285,28.902832,28.317415,28.084085,0.2,5.3,22.1,0.2,5.3,22.1,23.510252,23.310249499999998,22.9342115,2.7999999,9.199999,26.1000025,2.7999999,9.199999,26.1000025,4.2,1.7
2022-08-27,65.0,4000.0,128.09,172.0,0,False,True,False,False,8.26,16.0,28.640335,10.400001,10.400001,23.0821265,21.1500005,21.1500005,27,8,5,1,-0.8660254037844385,-0.5000000000000004,57.5,47.5,48.33,1075.0,8750.0,1428.57,29.77575,28.231997,29.265337,0.6,7.5,0.1,0.6,7.5,0.1,23.157125999999998,23.449836,23.473792000000003,7.1499998,6.7999995,3.3,7.1499998,6.7999995,3.3,7.4999995,4.2
2022-08-28,65.0,2791.666666666667,128.09,172.0,0,False,True,False,False,8.26,18.100002,26.400751,20.500002,20.500002,21.877961,20.350001,20.350001,28,8,6,1,-0.8660254037844385,-0.5000000000000004,65.0,47.5,47.67,4000.0,4750.0,2857.14,28.640335,28.902832,29.438248,10.400001,0.2,0.0,10.400001,0.2,0.0,23.0821265,23.510252,23.085250000000002,21.1500005,2.7999999,5.95,21.1500005,2.7999999,5.95,16.0,7.4999995
2022-08-29,68.33,1583.3333333333335,128.09,172.0,0,False,True,False,False,8.26,14.4,27.119497,31.7,31.7,22.6790015,2.30000015,2.30000015,29,8,0,0,-0.8660254037844385,-0.5000000000000004,65.0,57.5,47.5,2791.666666666667,4000.0,4285.71,26.400751,29.77575,29.225748,20.500002,0.6,7.0,20.500002,0.6,7.0,21.877961,23.157125999999998,23.251919,20.350001,7.1499998,2.4999999500000003,20.350001,7.1499998,2.4999999500000003,18.100002,16.0
2022-08-30,62.5,375.0,128.25,172.0,0,False,True,False,False,8.26,1.9000001,27.517416,6.299999,6.299999,22.906083000000002,3.0999998,3.0999998,30,8,1,0,-0.8660254037844385,-0.5000000000000004,68.33,65.0,42.5,1583.3333333333335,3250.0,5714.29,27.119497,28.640335,28.317415,31.7,10.400001,5.3,31.7,10.400001,5.3,22.6790015,23.0821265,23.310249499999998,2.30000015,21.1500005,9.199999,2.30000015,21.1500005,9.199999,14.4,18.100002
2022-08-31,62.5,9775.0,127.43,172.0,0,False,True,False,False,8.26,11.600001,26.965338,10.0,10.0,22.296708000000002,12.650001,12.650001,31,8,2,0,-0.8660254037844385,-0.5000000000000004,62.5,65.0,47.5,375.0,14625.0,7142.86,27.517416,26.400751,28.231997,6.299999,20.500002,7.5,6.299999,20.500002,7.5,22.906083000000002,21.877961,23.449836,3.0999998,20.350001,6.7999995,3.0999998,20.350001,6.7999995,1.9000001,14.4
2022-09-01,58.33,22000.0,127.43,178.0,0,False,True,False,False,8.64,29.800003,26.38825,22.000002,22.000002,21.548794,45.149998999999994,45.149998999999994,1,9,3,0,-1.0,-1.8369701987210297e-16,62.5,68.33,47.5,9775.0,24775.0,8571.43,26.965338,27.119497,28.902832,10.0,31.7,0.2,10.0,31.7,0.2,22.296708000000002,22.6790015,23.510252,12.650001,2.30000015,2.7999999,12.650001,2.30000015,2.7999999,11.600001,1.9000001
2022-09-02,57.22,14666.67,127.6,178.0,0,False,True,False,False,8.64,1.8000002,26.815344,2.9,2.9,22.3508765,7.5000005,7.5000005,2,9,4,0,-1.0,-1.8369701987210297e-16,58.33,62.5,57.5,22000.0,1075.0,10000.0,26.38825,27.517416,29.77575,22.000002,6.299999,0.6,22.000002,6.299999,0.6,21.548794,22.906083000000002,23.157125999999998,45.149998999999994,3.0999998,7.1499998,45.149998999999994,3.0999998,7.1499998,29.800003,11.600001
2022-09-03,56.11,7333.33,127.98,178.0,0,False,True,False,False,8.64,6.8999996,26.644503,13.4,13.4,22.4487925,6.949999999999999,6.949999999999999,3,9,5,1,-1.0,-1.8369701987210297e-16,57.22,62.5,65.0,14666.67,4000.0,7500.0,26.815344,26.965338,28.640335,2.9,10.0,10.400001,2.9,10.0,10.400001,22.3508765,22.296708000000002,23.0821265,7.5000005,12.650001,21.1500005,7.5000005,12.650001,21.1500005,1.8000002,29.800003
2022-09-04,55.0,3941.665,127.98,178.0,0,False,True,False,False,8.64,3.0,26.927834,10.000002,10.000002,22.311294500000002,4.89999945,4.89999945,4,9,6,1,-1.0,-1.8369701987210297e-16,56.11,58.33,65.0,7333.33,2791.666666666667,5000.0,26.644503,26.38825,26.400751,13.4,22.000002,20.500002,13.4,22.000002,20.500002,22.4487925,21.548794,21.877961,6.949999999999999,45.149998999999994,20.350001,6.949999999999999,45.149998999999994,20.350001,6.8999996,1.8000002
2022-09-05,56.67,550.0,127.98,178.0,0,False,True,False,False,8.64,2.2,27.215332,1.8,1.8,22.475876,3.8499998,3.8499998,5,9,0,0,-1.0,-1.8369701987210297e-16,55.0,57.22,68.33,3941.665,1583.3333333333335,750.0,26.927834,26.815344,27.119497,10.000002,2.9,31.7,10.000002,2.9,31.7,22.311294500000002,22.3508765,22.6790015,4.89999945,7.5000005,2.30000015,4.89999945,7.5000005,2.30000015,3.0,6.8999996
2022-09-06,58.33,1100.0,128.06,178.0,0,False,True,False,False,8.64,12.700002,26.807001,2.8,2.8,22.34567,7.5500001999999995,7.5500001999999995,6,9,1,0,-1.0,-1.8369701987210297e-16,56.67,56.11,62.5,550.0,375.0,6050.0,27.215332,26.644503,27.517416,1.8,13.4,6.299999,1.8,13.4,6.299999,22.475876,22.4487925,22.906083000000002,3.8499998,6.949999999999999,3.0999998,3.8499998,6.949999999999999,3.0999998,2.2,3.0
2022-09-07,53.33,2675.0,128.04,178.0,0,False,True,False,False,8.64,13.2,27.065332,13.599999,13.599999,22.32275,5.0,5.0,7,9,2,0,-1.0,-1.8369701987210297e-16,58.33,55.0,62.5,1100.0,9775.0,11350.0,26.807001,26.927834,26.965338,2.8,10.000002,10.0,2.8,10.000002,10.0,22.34567,22.311294500000002,22.296708000000002,7.5500001999999995,4.89999945,12.650001,7.5500001999999995,4.89999945,12.650001,12.700002,2.2
2022-09-08,57.5,4250.0,128.15,178.0,0,False,True,False,False,8.64,3.1,27.886164,17.800001,17.800001,22.3144185,4.75,4.75,8,9,3,0,-1.0,-1.8369701987210297e-16,53.33,56.67,58.33,2675.0,22000.0,6000.0,27.065332,27.215332,26.38825,13.599999,1.8,22.000002,13.599999,1.8,22.000002,22.32275,22.475876,21.548794,5.0,3.8499998,45.149998999999994,5.0,3.8499998,45.149998999999994,13.2,12.700002
2022-09-09,52.5,6400.0,127.84,178.0,0,False,True,False,False,8.64,12.900001,27.961166,5.5,5.5,22.2644195,4.89999975,4.89999975,9,9,4,0,-1.0,-1.8369701987210297e-16,57.5,58.33,57.22,4250.0,14666.67,12125.0,27.886164,26.807001,26.815344,17.800001,2.8,2.9,17.800001,2.8,2.9,22.3144185,22.34567,22.3508765,4.75,7.5500001999999995,7.5000005,4.75,7.5500001999999995,7.5000005,3.1,13.2
2022-09-10,52.5,13675.0,127.64,178.0,0,False,True,False,False,8.64,6.0999994,28.654917,0.0,0.0,21.723793,31.6499995,31.6499995,10,9,5,1,-1.0,-1.8369701987210297e-16,52.5,53.33,56.11,6400.0,7333.33,18250.0,27.961166,27.065332,26.644503,5.5,13.599999,13.4,5.5,13.599999,13.4,22.2644195,22.32275,22.4487925,4.89999975,5.0,6.949999999999999,4.89999975,5.0,6.949999999999999,12.900001,3.1
2022-09-11,52.5,12000.0,127.64,178.0,0,False,True,False,False,8.64,5.1000004,28.444504,0.8,0.8,22.459209,5.9499999500000005,5.9499999500000005,11,9,6,1,-1.0,-1.8369701987210297e-16,52.5,57.5,55.0,13675.0,3941.665,15216.666666666666,28.654917,27.886164,26.927834,0.0,17.800001,10.000002,0.0,17.800001,10.000002,21.723793,22.3144185,22.311294500000002,31.6499995,4.75,4.89999945,31.6499995,4.75,4.89999945,6.0999994,12.900001
2022-09-12,53.33,1500.0,127.64,178.0,0,False,True,False,False,8.64,9.699999,27.263252,1.2,1.2,21.766499,14.350001500000001,14.350001500000001,12,9,0,0,-1.0,-1.8369701987210297e-16,52.5,52.5,56.67,12000.0,550.0,12183.333333333332,28.444504,27.961166,27.215332,0.8,5.5,1.8,0.8,5.5,1.8,22.459209,22.2644195,22.475876,5.9499999500000005,4.89999975,3.8499998,5.9499999500000005,4.89999975,3.8499998,5.1000004,6.0999994
2022-09-13,53.33,2375.0,127.54,178.0,0,False,True,False,False,8.64,3.3000002,26.829916,1.0,1.0,21.70921,5.949999999999999,5.949999999999999,13,9,1,0,-1.0,-1.8369701987210297e-16,53.33,52.5,58.33,1500.0,1100.0,9150.0,27.263252,28.654917,26.807001,1.2,0.0,2.8,1.2,0.0,2.8,21.766499,21.723793,22.34567,14.350001500000001,31.6499995,7.5500001999999995,14.350001500000001,31.6499995,7.5500001999999995,9.699999,5.1000004
2022-09-14,47.5,2500.0,126.94,178.0,0,False,True,False,False,8.64,14.3,26.432,10.4,10.4,21.6019175,8.5,8.5,14,9,2,0,-1.0,-1.8369701987210297e-16,53.33,52.5,53.33,2375.0,2675.0,13875.0,26.829916,28.444504,27.065332,1.0,0.8,13.599999,1.0,0.8,13.599999,21.70921,22.459209,22.32275,5.949999999999999,5.9499999500000005,5.0,5.949999999999999,5.9499999500000005,5.0,3.3000002,9.699999
2022-09-15,52.33,4625.0,127.41,178.0,0,False,True,False,False,8.64,12.700001,25.996588,12.999999,12.999999,21.543585,4.199999849999999,4.199999849999999,15,9,3,0,-1.0,-1.8369701987210297e-16,47.5,53.33,57.5,2500.0,4250.0,10962.5,26.432,27.263252,27.886164,10.4,1.2,17.800001,10.4,1.2,17.800001,21.6019175,21.766499,22.3144185,8.5,14.350001500000001,4.75,8.5,14.350001500000001,4.75,14.3,3.3000002
2022-09-16,65.0,500.0,127.82,178.0,0,False,True,False,False,8.64,12.6,26.1445,29.300003,29.300003,21.382126999999997,11.000000499999999,11.000000499999999,16,9,4,0,-1.0,-1.8369701987210297e-16,52.33,53.33,52.5,4625.0,6400.0,8050.0,25.996588,26.829916,27.961166,12.999999,1.0,5.5,12.999999,1.0,5.5,21.543585,21.70921,22.2644195,4.199999849999999,5.949999999999999,4.89999975,4.199999849999999,5.949999999999999,4.89999975,12.700001,14.3
2022-09-17,65.0,5400.0,127.89,178.0,0,False,True,False,False,8.64,15.299999,25.86325,26.500002,26.500002,21.2529595,7.3,7.3,17,9,5,1,-1.0,-1.8369701987210297e-16,65.0,47.5,52.5,500.0,13675.0,16750.0,26.1445,26.432,28.654917,29.300003,10.4,0.0,29.300003,10.4,0.0,21.382126999999997,21.6019175,21.723793,11.000000499999999,8.5,31.6499995,11.000000499999999,8.5,31.6499995,12.6,12.700001
2022-09-18,65.0,5000.0,127.89,178.0,0,False,True,False,False,8.64,4.0,27.41117,13.100002,13.100002,22.0362915,2.89999985,2.89999985,18,9,6,1,-1.0,-1.8369701987210297e-16,65.0,52.33,52.5,5400.0,12000.0,12750.0,25.86325,25.996588,28.444504,26.500002,12.999999,0.8,26.500002,12.999999,0.8,21.2529595,21.543585,22.459209,7.3,4.199999849999999,5.9499999500000005,7.3,4.199999849999999,5.9499999500000005,15.299999,12.6
2022-09-19,65.0,5000.0,127.89,178.0,0,False,True,False,False,8.64,6.3,27.20492,4.0,4.0,22.768583999999997,4.35000015,4.35000015,19,9,0,0,-1.0,-1.8369701987210297e-16,65.0,65.0,53.33,5000.0,1500.0,8750.0,27.41117,26.1445,27.263252,13.100002,29.300003,1.2,13.100002,29.300003,1.2,22.0362915,21.382126999999997,21.766499,2.89999985,11.000000499999999,14.350001500000001,2.89999985,11.000000499999999,14.350001500000001,4.0,15.299999
2022-09-20,47.5,8125.0,127.94,178.0,0,False,True,False,False,8.64,0.70000005,27.811167,5.3999996,5.3999996,22.937334,4.9499998000000005,4.9499998000000005,20,9,1,0,-1.0,-1.8369701987210297e-16,65.0,65.0,53.33,5000.0,2375.0,4750.0,27.20492,25.86325,26.829916,4.0,26.500002,1.0,4.0,26.500002,1.0,22.768583999999997,21.2529595,21.70921,4.35000015,7.3,5.949999999999999,4.35000015,7.3,5.949999999999999,6.3,4.0
2022-09-21,48.33,11250.0,127.91,178.0,0,False,True,False,False,8.64,3.3,28.45075,0.5,0.5,22.345667499999998,5.85000005,5.85000005,21,9,2,0,-1.0,-1.8369701987210297e-16,47.5,65.0,47.5,8125.0,2500.0,4000.0,27.811167,27.41117,26.432,5.3999996,13.100002,10.4,5.3999996,13.100002,10.4,22.937334,22.0362915,21.6019175,4.9499998000000005,2.89999985,8.5,4.9499998000000005,2.89999985,8.5,0.70000005,6.3
2022-09-22,48.33,6875.0,128.27,178.0,0,False,True,False,False,8.64,7.3,27.600748,9.8,9.8,22.197752,2.9999999500000003,2.9999999500000003,22,9,3,0,-1.0,-1.8369701987210297e-16,48.33,65.0,52.33,11250.0,4625.0,3250.0,28.45075,27.20492,25.996588,0.5,4.0,12.999999,0.5,4.0,12.999999,22.345667499999998,22.768583999999997,21.543585,5.85000005,4.35000015,4.199999849999999,5.85000005,4.35000015,4.199999849999999,3.3,0.70000005
2022-09-23,47.6,2500.0,129.68,178.0,0,False,True,False,False,8.64,15.6,27.13408,8.299999,8.299999,21.968584,3.4499999,3.4499999,23,9,4,0,-1.0,-1.8369701987210297e-16,48.33,47.5,65.0,6875.0,500.0,14625.0,27.600748,27.811167,26.1445,9.8,5.3999996,29.300003,9.8,5.3999996,29.300003,22.197752,22.937334,21.382126999999997,2.9999999500000003,4.9499998000000005,11.000000499999999,2.9999999500000003,4.9499998000000005,11.000000499999999,7.3,3.3
2022-09-24,53.33,4525.0,129.89,178.0,0,False,True,False,False,8.64,12.9,26.002838,15.700001,15.700001,21.5696265,2.1500000000000004,2.1500000000000004,24,9,5,1,-1.0,-1.8369701987210297e-16,47.6,48.33,65.0,2500.0,5400.0,24775.0,27.13408,28.45075,25.86325,8.299999,0.5,26.500002,8.299999,0.5,26.500002,21.968584,22.345667499999998,21.2529595,3.4499999,5.85000005,7.3,3.4499999,5.85000005,7.3,15.6,7.3
2022-09-25,55.0,11500.0,129.89,178.0,1,False,True,False,False,8.64,12.0,26.3445,1.5000001,1.5000001,21.4123345,3.3499999000000003,3.3499999000000003,25,9,6,1,-1.0,-1.8369701987210297e-16,53.33,48.33,65.0,4525.0,5000.0,1075.0,26.002838,27.600748,27.41117,15.700001,9.8,13.100002,15.700001,9.8,13.100002,21.5696265,22.197752,22.0362915,2.1500000000000004,2.9999999500000003,2.89999985,2.1500000000000004,2.9999999500000003,2.89999985,12.9,15.6
2022-09-26,55.0,250.0,129.89,178.0,1,False,True,False,False,8.64,4.1,25.650747,1.8000002,1.8000002,21.194626,4.25,4.25,26,9,0,0,-1.0,-1.8369701987210297e-16,55.0,47.6,65.0,11500.0,5000.0,4000.0,26.3445,27.13408,27.20492,1.5000001,8.299999,4.0,1.5000001,8.299999,4.0,21.4123345,21.968584,22.768583999999997,3.3499999000000003,3.4499999,4.35000015,3.3499999000000003,3.4499999,4.35000015,12.0,12.9
2022-09-27,55.0,12000.0,130.9,178.0,1,False,True,False,False,8.64,6.7000003,26.040335,1.2,1.2,20.807126,2.75,2.75,27,9,1,0,-1.0,-1.8369701987210297e-16,55.0,53.33,47.5,250.0,8125.0,2791.666666666667,25.650747,26.002838,27.811167,1.8000002,15.700001,5.3999996,1.8000002,15.700001,5.3999996,21.194626,21.5696265,22.937334,4.25,2.1500000000000004,4.9499998000000005,4.25,2.1500000000000004,4.9499998000000005,4.1,12.0
2022-09-28,48.33,1750.0,130.84,178.0,1,False,True,False,False,8.64,0.9000001,26.915337,0.0,0.0,21.2029595,0.75,0.75,28,9,2,0,-1.0,-1.8369701987210297e-16,55.0,55.0,48.33,12000.0,11250.0,1583.3333333333335,26.040335,26.3445,28.45075,1.2,1.5000001,0.5,1.2,1.5000001,0.5,20.807126,21.4123345,22.345667499999998,2.75,3.3499999000000003,5.85000005,2.75,3.3499999000000003,5.85000005,6.7000003,4.1
2022-09-29,55.0,3500.0,131.41,178.0,1,False,True,False,False,8.64,0.4,26.802832,6.2,6.2,21.2102515,1.55000005,1.55000005,29,9,3,0,-1.0,-1.8369701987210297e-16,48.33,55.0,48.33,1750.0,6875.0,375.0,26.915337,25.650747,27.600748,0.0,1.8000002,9.8,0.0,1.8000002,9.8,21.2029595,21.194626,22.197752,0.75,4.25,2.9999999500000003,0.75,4.25,2.9999999500000003,0.9000001,6.7000003
2022-09-30,43.33,11000.0,131.28,178.0,1,False,True,False,False,8.64,22.4,26.60283,10.2,10.2,21.233167,4.499999750000001,4.499999750000001,30,9,4,0,-1.0,-1.8369701987210297e-16,55.0,55.0,47.6,3500.0,2500.0,9775.0,26.802832,26.040335,27.13408,6.2,1.2,8.299999,6.2,1.2,8.299999,21.2102515,20.807126,21.968584,1.55000005,2.75,3.4499999,1.55000005,2.75,3.4499999,0.4,0.9000001
2022-10-01,49.0,8025.0,130.45,178.0,1,True,False,False,False,8.5,8.200001,27.381998,1.2,1.2,21.571709,3.1,3.1,1,10,5,1,-0.8660254037844386,0.5000000000000001,43.33,48.33,53.33,11000.0,4525.0,22000.0,26.60283,26.915337,26.002838,10.2,0.0,15.700001,10.2,0.0,15.700001,21.233167,21.2029595,21.5696265,4.499999750000001,0.75,2.1500000000000004,4.499999750000001,0.75,2.1500000000000004,22.4,0.4
2022-10-02,55.0,5050.0,130.45,178.0,1,True,False,False,False,8.5,3.3,28.475752,0.0,0.0,22.6237905,0.25,0.25,2,10,6,1,-0.8660254037844386,0.5000000000000001,49.0,55.0,55.0,8025.0,11500.0,14666.67,27.381998,26.802832,26.3445,1.2,6.2,1.5000001,1.2,6.2,1.5000001,21.571709,21.2102515,21.4123345,3.1,1.55000005,3.3499999000000003,3.1,1.55000005,3.3499999000000003,8.200001,22.4
2022-10-03,60.0,4559.375,130.45,178.0,1,True,False,False,False,8.5,1.9000001,28.088255,2.5,2.5,22.29671,2.20000005,2.20000005,3,10,0,0,-0.8660254037844386,0.5000000000000001,55.0,43.33,55.0,5050.0,250.0,7333.33,28.475752,26.60283,25.650747,0.0,10.2,1.8000002,0.0,10.2,1.8000002,22.6237905,21.233167,21.194626,0.25,4.499999750000001,4.25,0.25,4.499999750000001,4.25,3.3,8.200001
2022-10-04,58.33,4068.75,131.3,178.0,1,True,False,False,False,8.5,15.299999,25.538252,18.199999,18.199999,20.517543,12.85,12.85,4,10,1,0,-0.8660254037844386,0.5000000000000001,60.0,49.0,55.0,4559.375,12000.0,3941.665,28.088255,27.381998,26.040335,2.5,1.2,1.2,2.5,1.2,1.2,22.29671,21.571709,20.807126,2.20000005,3.1,2.75,2.20000005,3.1,2.75,1.9000001,3.3
2022-10-05,42.5,3578.125,130.74,178.0,1,True,False,False,False,8.5,29.900003,26.12992,12.300001,12.300001,20.3362925,31.650001000000003,31.650001000000003,5,10,2,0,-0.8660254037844386,0.5000000000000001,58.33,55.0,48.33,4068.75,1750.0,550.0,25.538252,28.475752,26.915337,18.199999,0.0,0.0,18.199999,0.0,0.0,20.517543,22.6237905,21.2029595,12.85,0.25,0.75,12.85,0.25,0.75,15.299999,1.9000001
2022-10-06,47.5,3087.5,130.74,178.0,1,True,False,False,False,8.5,31.199999,26.23825,19.199999,19.199999,19.918585,27.8999975,27.8999975,6,10,3,0,-0.8660254037844386,0.5000000000000001,42.5,60.0,55.0,3578.125,3500.0,1100.0,26.12992,28.088255,26.802832,12.300001,2.5,6.2,12.300001,2.5,6.2,20.3362925,22.29671,21.2102515,31.650001000000003,2.20000005,1.55000005,31.650001000000003,2.20000005,1.55000005,29.900003,15.299999
2022-10-07,47.5,2596.875,131.32,178.0,1,True,False,False,False,8.5,4.9999995,26.473665,0.0,0.0,20.737335,0.45,0.45,7,10,4,0,-0.8660254037844386,0.5000000000000001,47.5,58.33,43.33,3087.5,11000.0,2675.0,26.23825,25.538252,26.60283,19.199999,18.199999,10.2,19.199999,18.199999,10.2,19.918585,20.517543,21.233167,27.8999975,12.85,4.499999750000001,27.8999975,12.85,4.499999750000001,31.199999,29.900003
2022-10-08,47.5,2106.25,132.02,178.0,1,True,False,False,False,8.5,3.1,26.367418,1.0,1.0,21.189419,0.6,0.6,8,10,5,1,-0.8660254037844386,0.5000000000000001,47.5,42.5,49.0,2596.875,8025.0,4250.0,26.473665,26.12992,27.381998,0.0,12.300001,1.2,0.0,12.300001,1.2,20.737335,20.3362925,21.571709,0.45,31.650001000000003,3.1,0.45,31.650001000000003,3.1,4.9999995,31.199999
2022-10-09,47.67,1615.625,132.02,178.0,1,True,False,False,False,8.5,1.4000001,26.975754,3.5,3.5,21.361295,4.5,4.5,9,10,6,1,-0.8660254037844386,0.5000000000000001,47.5,47.5,55.0,2106.25,5050.0,6400.0,26.367418,26.23825,28.475752,1.0,19.199999,0.0,1.0,19.199999,0.0,21.189419,19.918585,22.6237905,0.6,27.8999975,0.25,0.6,27.8999975,0.25,3.1,4.9999995
2022-10-10,42.5,1125.0,132.02,178.0,1,True,False,False,False,8.5,1.7,25.72367,6.7999997,6.7999997,20.9696265,3.8499996999999997,3.8499996999999997,10,10,0,0,-0.8660254037844386,0.5000000000000001,47.67,47.5,60.0,1615.625,4559.375,13675.0,26.975754,26.473665,28.088255,3.5,0.0,2.5,3.5,0.0,2.5,21.361295,20.737335,22.29671,4.5,0.45,2.20000005,4.5,0.45,2.20000005,1.4000001,3.1
2022-10-11,41.67,4083.3333333333335,132.02,178.0,1,True,False,False,False,8.5,0.1,25.82992,0.0,0.0,20.6696285,2.4,2.4,11,10,1,0,-0.8660254037844386,0.5000000000000001,42.5,47.5,58.33,1125.0,4068.75,12000.0,25.72367,26.367418,25.538252,6.7999997,1.0,18.199999,6.7999997,1.0,18.199999,20.9696265,21.189419,20.517543,3.8499996999999997,0.6,12.85,3.8499996999999997,0.6,12.85,1.7,1.4000001
2022-10-12,65.0,7041.666666666667,132.01,178.0,1,True,False,False,False,8.5,2.4,24.959084,0.2,0.2,19.801918,3.95,3.95,12,10,2,0,-0.8660254037844386,0.5000000000000001,41.67,47.67,42.5,4083.3333333333335,3578.125,1500.0,25.82992,26.975754,26.12992,0.0,3.5,12.300001,0.0,3.5,12.300001,20.6696285,21.361295,20.3362925,2.4,4.5,31.650001000000003,2.4,4.5,31.650001000000003,0.1,1.7
2022-10-13,75.0,10000.0,132.01,178.0,1,True,False,False,False,8.5,2.2,25.084085,0.0,0.0,19.567543,1.0,1.0,13,10,3,0,-0.8660254037844386,0.5000000000000001,65.0,42.5,47.5,7041.666666666667,3087.5,2375.0,24.959084,25.72367,26.23825,0.2,6.7999997,19.199999,0.2,6.7999997,19.199999,19.801918,20.9696265,19.918585,3.95,3.8499996999999997,27.8999975,3.95,3.8499996999999997,27.8999975,2.4,0.1
2022-10-14,65.0,8900.0,132.06,178.0,1,True,False,False,False,8.5,2.0,24.56742,0.0,0.0,19.070667,0.05,0.05,14,10,4,0,-0.8660254037844386,0.5000000000000001,75.0,41.67,47.5,10000.0,2596.875,2500.0,25.084085,25.82992,26.473665,0.0,0.0,0.0,0.0,0.0,0.0,19.567543,20.6696285,20.737335,1.0,2.4,0.45,1.0,2.4,0.45,2.2,2.4
2022-10-15,70.0,3750.0,132.07,178.0,1,True,False,False,False,8.5,0.4,24.002832,0.0,0.0,19.133167,0.0,0.0,15,10,5,1,-0.8660254037844386,0.5000000000000001,65.0,65.0,47.5,8900.0,2106.25,4625.0,24.56742,24.959084,26.367418,0.0,0.2,1.0,0.0,0.2,1.0,19.070667,19.801918,21.189419,0.05,3.95,0.6,0.05,3.95,0.6,2.0,2.2
2022-10-16,65.0,2925.0,132.07,178.0,1,True,False,False,False,8.5,0.0,23.327833,0.0,0.0,18.899834,0.0,0.0,16,10,6,1,-0.8660254037844386,0.5000000000000001,70.0,75.0,47.67,3750.0,1615.625,500.0,24.002832,25.084085,26.975754,0.0,0.0,3.5,0.0,0.0,3.5,19.133167,19.567543,21.361295,0.0,1.0,4.5,0.0,1.0,4.5,0.4,2.0
2022-10-17,65.0,2100.0,132.07,178.0,1,True,False,False,False,8.5,0.0,22.715332,0.0,0.0,19.31025,0.0,0.0,17,10,0,0,-0.8660254037844386,0.5000000000000001,65.0,65.0,42.5,2925.0,1125.0,5400.0,23.327833,24.56742,25.72367,0.0,0.0,6.7999997,0.0,0.0,6.7999997,18.899834,19.070667,20.9696265,0.0,0.05,3.8499996999999997,0.0,0.05,3.8499996999999997,0.0,0.4
2022-10-18,65.0,1275.0,132.07,178.0,1,True,False,False,False,8.5,0.0,22.354918,0.0,0.0,18.307125,0.0,0.0,18,10,1,0,-0.8660254037844386,0.5000000000000001,65.0,70.0,41.67,2100.0,4083.3333333333335,5000.0,22.715332,24.002832,25.82992,0.0,0.0,0.0,0.0,0.0,0.0,19.31025,19.133167,20.6696285,0.0,0.0,2.4,0.0,0.0,2.4,0.0,0.0
2022-10-19,65.0,625.0,132.08,178.0,1,True,False,False,False,8.5,0.0,23.186167,0.0,0.0,17.739418,0.0,0.0,19,10,2,0,-0.8660254037844386,0.5000000000000001,65.0,65.0,65.0,1275.0,7041.666666666667,5000.0,22.354918,23.327833,24.959084,0.0,0.0,0.2,0.0,0.0,0.2,18.307125,18.899834,19.801918,0.0,0.0,3.95,0.0,0.0,3.95,0.0,0.0
2022-10-20,65.0,1575.0,133.14,178.0,1,True,False,False,False,8.5,0.7,23.100752,0.0,0.0,17.668585,0.0,0.0,20,10,3,0,-0.8660254037844386,0.5000000000000001,65.0,65.0,75.0,625.0,10000.0,8125.0,23.186167,22.715332,25.084085,0.0,0.0,0.0,0.0,0.0,0.0,17.739418,19.31025,19.567543,0.0,0.0,1.0,0.0,0.0,1.0,0.0,0.0
2022-10-21,65.0,2525.0,132.72,178.0,1,True,False,False,False,8.5,0.0,22.63617,0.0,0.0,18.027959,0.0,0.0,21,10,4,0,-0.8660254037844386,0.5000000000000001,65.0,65.0,65.0,1575.0,8900.0,11250.0,23.100752,22.354918,24.56742,0.0,0.0,0.0,0.0,0.0,0.0,17.668585,18.307125,19.070667,0.0,0.0,0.05,0.0,0.0,0.05,0.7,0.0
2022-10-22,65.0,4037.5,132.59,178.0,1,True,False,False,False,8.5,0.0,22.798668,0.0,0.0,18.3019185,0.0,0.0,22,10,5,1,-0.8660254037844386,0.5000000000000001,65.0,65.0,70.0,2525.0,3750.0,6875.0,22.63617,23.186167,24.002832,0.0,0.0,0.0,0.0,0.0,0.0,18.027959,17.739418,19.133167,0.0,0.0,0.0,0.0,0.0,0.0,0.0,0.7
2022-10-23,65.0,5550.0,132.59,178.0,1,True,False,False,False,8.5,0.0,23.31117,0.0,0.0,19.096708,0.0,0.0,23,10,6,1,-0.8660254037844386,0.5000000000000001,65.0,65.0,65.0,4037.5,2925.0,2500.0,22.798668,23.100752,23.327833,0.0,0.0,0.0,0.0,0.0,0.0,18.3019185,17.668585,18.899834,0.0,0.0,0.0,0.0,0.0,0.0,0.0,0.0
2022-10-24,65.0,5750.0,132.59,178.0,1,True,False,False,False,8.5,0.0,24.36325,0.0,0.0,18.7144185,0.45,0.45,24,10,0,0,-0.8660254037844386,0.5000000000000001,65.0,65.0,65.0,5550.0,2100.0,4525.0,23.31117,22.63617,22.715332,0.0,0.0,0.0,0.0,0.0,0.0,19.096708,18.027959,19.31025,0.0,0.0,0.0,0.0,0.0,0.0,0.0,0.0
2022-10-25,75.0,5950.0,132.59,178.0,1,True,False,False,False,8.5,0.3,23.382002,0.0,0.0,17.8862925,0.3,0.3,25,10,1,0,-0.8660254037844386,0.5000000000000001,65.0,65.0,65.0,5750.0,1275.0,11500.0,24.36325,22.798668,22.354918,0.0,0.0,0.0,0.0,0.0,0.0,18.7144185,18.3019185,18.307125,0.45,0.0,0.0,0.45,0.0,0.0,0.0,0.0
2022-10-26,75.0,6150.0,132.67,178.0,1,True,False,False,False,8.5,0.1,22.719498,0.0,0.0,17.543584000000003,1.2,1.2,26,10,2,0,-0.8660254037844386,0.5000000000000001,75.0,65.0,65.0,5950.0,625.0,250.0,23.382002,23.31117,23.186167,0.0,0.0,0.0,0.0,0.0,0.0,17.8862925,19.096708,17.739418,0.3,0.0,0.0,0.3,0.0,0.0,0.3,0.0
2022-10-27,80.0,6350.0,132.67,178.0,1,True,False,False,False,8.5,2.2,22.054916,0.0,0.0,17.247749,0.2,0.2,27,10,3,0,-0.8660254037844386,0.5000000000000001,75.0,65.0,65.0,6150.0,1575.0,12000.0,22.719498,24.36325,23.100752,0.0,0.0,0.0,0.0,0.0,0.0,17.543584000000003,18.7144185,17.668585,1.2,0.45,0.0,1.2,0.45,0.0,0.1,0.3
2022-10-28,85.0,6550.0,132.29,178.0,1,True,False,False,False,8.5,0.70000005,22.163252,0.0,0.0,17.3789995,0.0,0.0,28,10,4,0,-0.8660254037844386,0.5000000000000001,80.0,75.0,65.0,6350.0,2525.0,1750.0,22.054916,23.382002,22.63617,0.0,0.0,0.0,0.0,0.0,0.0,17.247749,17.8862925,18.027959,0.2,0.3,0.0,0.2,0.3,0.0,2.2,0.1
2022-10-29,75.0,6750.0,132.26,178.0,1,True,False,False,False,8.5,1.0,21.986166,0.0,0.0,18.076917,0.0,0.0,29,10,5,1,-0.8660254037844386,0.5000000000000001,85.0,75.0,65.0,6550.0,4037.5,3500.0,22.163252,22.719498,22.798668,0.0,0.0,0.0,0.0,0.0,0.0,17.3789995,17.543584000000003,18.3019185,0.0,1.2,0.0,0.0,1.2,0.0,0.70000005,2.2
2022-10-30,95.0,4875.0,132.26,178.0,1,True,False,False,False,8.5,0.0,21.72367,0.0,0.0,17.98421,0.0,0.0,30,10,6,1,-0.8660254037844386,0.5000000000000001,75.0,80.0,65.0,6750.0,5550.0,11000.0,21.986166,22.054916,23.31117,0.0,0.0,0.0,0.0,0.0,0.0,18.076917,17.247749,19.096708,0.0,0.2,0.0,0.0,0.2,0.0,1.0,0.70000005
2022-10-31,95.0,3000.0,132.26,178.0,1,True,False,False,False,8.5,0.0,21.934084,0.0,0.0,18.1675435,0.0,0.0,31,10,0,0,-0.8660254037844386,0.5000000000000001,95.0,85.0,65.0,4875.0,5750.0,8025.0,21.72367,22.163252,24.36325,0.0,0.0,0.0,0.0,0.0,0.0,17.98421,17.3789995,18.7144185,0.0,0.0,0.45,0.0,0.0,0.45,0.0,1.0
2022-11-01,95.0,4200.0,132.76,178.0,1,True,False,False,False,8.08,0.0,22.081999,0.0,0.0,17.8342095,0.0,0.0,1,11,1,0,-0.5000000000000004,0.8660254037844384,95.0,75.0,75.0,3000.0,5950.0,5050.0,21.934084,21.986166,23.382002,0.0,0.0,0.0,0.0,0.0,0.0,18.1675435,18.076917,17.8862925,0.0,0.0,0.3,0.0,0.0,0.3,0.0,0.0
2022-11-02,76.67,13600.0,132.62,178.0,1,True,False,False,False,8.08,0.0,21.304918,0.0,0.0,17.133167999999998,0.0,0.0,2,11,2,0,-0.5000000000000004,0.8660254037844384,95.0,95.0,75.0,4200.0,6150.0,4559.375,22.081999,21.72367,22.719498,0.0,0.0,0.0,0.0,0.0,0.0,17.8342095,17.98421,17.543584000000003,0.0,0.0,1.2,0.0,0.0,1.2,0.0,0.0
2022-11-03,76.67,2000.0,132.76,178.0,1,True,False,False,False,8.08,0.0,21.659082,0.0,0.0,16.486293,0.0,0.0,3,11,3,0,-0.5000000000000004,0.8660254037844384,76.67,95.0,80.0,13600.0,6350.0,4068.75,21.304918,21.934084,22.054916,0.0,0.0,0.0,0.0,0.0,0.0,17.133167999999998,18.1675435,17.247749,0.0,0.0,0.2,0.0,0.0,0.2,0.0,0.0
2022-11-04,76.67,6000.0,132.92,178.0,1,True,False,False,False,8.08,0.0,22.554916,0.0,0.0,17.2112935,0.0,0.0,4,11,4,0,-0.5000000000000004,0.8660254037844384,76.67,95.0,85.0,2000.0,6550.0,3578.125,21.659082,22.081999,22.163252,0.0,0.0,0.0,0.0,0.0,0.0,16.486293,17.8342095,17.3789995,0.0,0.0,0.0,0.0,0.0,0.0,0.0,0.0
2022-11-05,65.0,10000.0,132.21,178.0,1,True,False,False,False,8.08,0.2,22.179916,0.0,0.0,17.8727505,0.05,0.05,5,11,5,1,-0.5000000000000004,0.8660254037844384,76.67,76.67,75.0,6000.0,6750.0,3087.5,22.554916,21.304918,21.986166,0.0,0.0,0.0,0.0,0.0,0.0,17.2112935,17.133167999999998,18.076917,0.0,0.0,0.0,0.0,0.0,0.0,0.0,0.0
2022-11-06,75.0,3750.0,132.21,178.0,1,True,False,False,False,8.08,1.7,22.117416,0.0,0.0,17.331085,0.05,0.05,6,11,6,1,-0.5000000000000004,0.8660254037844384,65.0,76.67,95.0,10000.0,4875.0,2596.875,22.179916,21.659082,21.72367,0.0,0.0,0.0,0.0,0.0,0.0,17.8727505,16.486293,17.98421,0.05,0.0,0.0,0.05,0.0,0.0,0.2,0.0
2022-11-07,76.67,2500.0,132.21,178.0,1,True,False,False,False,8.08,0.0,21.915335,0.0,0.0,17.068583500000003,0.0,0.0,7,11,0,0,-0.5000000000000004,0.8660254037844384,75.0,76.67,95.0,3750.0,3000.0,2106.25,22.117416,22.554916,21.934084,0.0,0.0,0.0,0.0,0.0,0.0,17.331085,17.2112935,18.1675435,0.05,0.0,0.0,0.05,0.0,0.0,1.7,0.2
2022-11-08,65.0,7350.0,131.38,178.0,1,True,False,False,False,8.08,0.0,21.66117,0.0,0.0,16.942545,0.0,0.0,8,11,1,0,-0.5000000000000004,0.8660254037844384,76.67,65.0,95.0,2500.0,4200.0,1615.625,21.915335,22.179916,22.081999,0.0,0.0,0.0,0.0,0.0,0.0,17.068583500000003,17.8727505,17.8342095,0.0,0.05,0.0,0.0,0.05,0.0,0.0,1.7
2022-11-09,60.0,7350.0,131.38,178.0,1,True,False,False,False,8.08,3.1999998,21.607004,0.0,0.0,16.532124,0.2,0.2,9,11,2,0,-0.5000000000000004,0.8660254037844384,65.0,75.0,76.67,7350.0,13600.0,1125.0,21.66117,22.117416,21.304918,0.0,0.0,0.0,0.0,0.0,0.0,16.942545,17.331085,17.133167999999998,0.0,0.05,0.0,0.0,0.05,0.0,0.0,0.0
2022-11-10,60.0,16750.0,130.6,178.0,1,True,False,False,False,8.08,0.8000001,21.432001,0.0,0.0,16.423795,0.15,0.15,10,11,3,0,-0.5000000000000004,0.8660254037844384,60.0,76.67,76.67,7350.0,2000.0,4083.3333333333335,21.607004,21.915335,21.659082,0.0,0.0,0.0,0.0,0.0,0.0,16.532124,17.068583500000003,16.486293,0.2,0.0,0.0,0.2,0.0,0.0,3.1999998,0.0
2022-11-11,55.0,5000.0,131.2,178.0,1,True,False,False,False,8.08,0.4,21.215336,0.8,0.8,15.8352505,0.3,0.3,11,11,4,0,-0.5000000000000004,0.8660254037844384,60.0,65.0,76.67,16750.0,6000.0,7041.666666666667,21.432001,21.66117,22.554916,0.0,0.0,0.0,0.0,0.0,0.0,16.423795,16.942545,17.2112935,0.15,0.0,0.0,0.15,0.0,0.0,0.8000001,3.1999998
2022-11-12,55.0,4500.0,129.58,178.0,1,True,False,False,False,8.08,0.0,20.204918,0.0,0.0,15.4696255,0.0,0.0,12,11,5,1,-0.5000000000000004,0.8660254037844384,55.0,60.0,65.0,5000.0,10000.0,10000.0,21.215336,21.607004,22.179916,0.8,0.0,0.0,0.8,0.0,0.0,15.8352505,16.532124,17.8727505,0.3,0.2,0.05,0.3,0.2,0.05,0.4,0.8000001
2022-11-13,55.0,4000.0,129.58,178.0,1,True,False,False,False,8.08,0.0,19.613249,0.0,0.0,14.683166,0.0,0.0,13,11,6,1,-0.5000000000000004,0.8660254037844384,55.0,60.0,75.0,4500.0,3750.0,8900.0,20.204918,21.432001,22.117416,0.0,0.0,0.0,0.0,0.0,0.0,15.4696255,16.423795,17.331085,0.0,0.15,0.05,0.0,0.15,0.05,0.0,0.4
2022-11-14,55.0,2600.0,129.58,178.0,1,True,False,False,False,8.08,0.0,19.53825,0.0,0.0,15.20504125,0.0,0.0,14,11,0,0,-0.5000000000000004,0.8660254037844384,55.0,55.0,76.67,4000.0,2500.0,3750.0,19.613249,21.215336,21.915335,0.0,0.8,0.0,0.0,0.8,0.0,14.683166,15.8352505,17.068583500000003,0.0,0.3,0.0,0.0,0.3,0.0,0.0,0.0
2022-11-15,55.0,500.0,130.32,178.0,1,True,False,False,False,8.08,0.0,19.440332,0.0,0.0,15.446709,0.0,0.0,15,11,1,0,-0.5000000000000004,0.8660254037844384,55.0,55.0,65.0,2600.0,7350.0,2925.0,19.53825,20.204918,21.66117,0.0,0.0,0.0,0.0,0.0,0.0,15.20504125,15.4696255,16.942545,0.0,0.0,0.0,0.0,0.0,0.0,0.0,0.0
2022-11-16,55.0,4800.0,130.06,178.0,0,True,False,False,False,8.08,0.2,19.709082,0.0,0.0,15.426917499999998,0.1,0.1,16,11,2,0,-0.5000000000000004,0.8660254037844384,55.0,55.0,60.0,500.0,7350.0,2100.0,19.440332,19.613249,21.607004,0.0,0.0,0.0,0.0,0.0,0.0,15.446709,14.683166,16.532124,0.0,0.0,0.2,0.0,0.0,0.2,0.0,0.0
2022-11-17,55.0,3275.0,130.38,178.0,0,True,False,False,False,8.08,0.0,19.423668,0.0,0.0,14.584209999999999,0.2,0.2,17,11,3,0,-0.5000000000000004,0.8660254037844384,55.0,55.0,60.0,4800.0,16750.0,1275.0,19.709082,19.53825,21.432001,0.0,0.0,0.0,0.0,0.0,0.0,15.426917499999998,15.20504125,16.423795,0.1,0.0,0.15,0.1,0.0,0.15,0.2,0.0
2022-11-18,55.0,1750.0,130.95,178.0,0,True,False,False,False,8.08,0.0,18.819502,0.0,0.0,14.561292,0.0,0.0,18,11,4,0,-0.5000000000000004,0.8660254037844384,55.0,55.0,55.0,3275.0,5000.0,625.0,19.423668,19.440332,21.215336,0.0,0.0,0.8,0.0,0.0,0.8,14.584209999999999,15.446709,15.8352505,0.2,0.0,0.3,0.2,0.0,0.3,0.0,0.2
2022-11-19,55.0,2812.5,131.0,178.0,0,True,False,False,False,8.08,0.0,18.507002,0.0,0.0,15.870667999999998,0.0,0.0,19,11,5,1,-0.5000000000000004,0.8660254037844384,55.0,55.0,55.0,1750.0,4500.0,1575.0,18.819502,19.709082,20.204918,0.0,0.0,0.0,0.0,0.0,0.0,14.561292,15.426917499999998,15.4696255,0.0,0.1,0.0,0.0,0.1,0.0,0.0,0.0
2022-11-20,55.0,3875.0,131.0,178.0,0,True,False,False,False,8.08,0.0,18.4945,0.0,0.0,16.148792999999998,0.0,0.0,20,11,6,1,-0.5000000000000004,0.8660254037844384,55.0,55.0,55.0,2812.5,4000.0,2525.0,18.507002,19.423668,19.613249,0.0,0.0,0.0,0.0,0.0,0.0,15.870667999999998,14.584209999999999,14.683166,0.0,0.2,0.0,0.0,0.2,0.0,0.0,0.0
2022-11-21,55.0,4937.5,131.0,178.0,0,True,False,False,False,8.08,0.0,18.309084,0.0,0.0,15.6258755,0.0,0.0,21,11,0,0,-0.5000000000000004,0.8660254037844384,55.0,55.0,55.0,3875.0,2600.0,4037.5,18.4945,18.819502,19.53825,0.0,0.0,0.0,0.0,0.0,0.0,16.148792999999998,14.561292,15.20504125,0.0,0.0,0.0,0.0,0.0,0.0,0.0,0.0
2022-11-22,55.0,6000.0,131.25,178.0,0,True,False,False,False,8.08,0.0,18.08825,0.0,0.0,15.377959,0.0,0.0,22,11,1,0,-0.5000000000000004,0.8660254037844384,55.0,55.0,55.0,4937.5,500.0,5550.0,18.309084,18.507002,19.440332,0.0,0.0,0.0,0.0,0.0,0.0,15.6258755,15.870667999999998,15.446709,0.0,0.0,0.0,0.0,0.0,0.0,0.0,0.0
2022-11-23,55.0,2000.0,130.97,178.0,0,True,False,False,False,8.08,0.0,18.111166,0.0,0.0,14.799835,0.0,0.0,23,11,2,0,-0.5000000000000004,0.8660254037844384,55.0,55.0,55.0,6000.0,4800.0,5750.0,18.08825,18.4945,19.709082,0.0,0.0,0.0,0.0,0.0,0.0,15.377959,16.148792999999998,15.426917499999998,0.0,0.0,0.1,0.0,0.0,0.1,0.0,0.0
2022-11-24,55.0,5000.0,131.26,178.0,0,True,False,False,False,8.08,0.0,18.009085,0.0,0.0,14.856084,0.0,0.0,24,11,3,0,-0.5000000000000004,0.8660254037844384,55.0,55.0,55.0,2000.0,3275.0,5950.0,18.111166,18.309084,19.423668,0.0,0.0,0.0,0.0,0.0,0.0,14.799835,15.6258755,14.584209999999999,0.0,0.0,0.2,0.0,0.0,0.2,0.0,0.0
2022-11-25,55.0,2875.0,130.92,178.0,0,True,False,False,False,8.08,0.0,18.619501,0.0,0.0,16.2696255,0.0,0.0,25,11,4,0,-0.5000000000000004,0.8660254037844384,55.0,55.0,55.0,5000.0,1750.0,6150.0,18.009085,18.08825,18.819502,0.0,0.0,0.0,0.0,0.0,0.0,14.856084,15.377959,14.561292,0.0,0.0,0.0,0.0,0.0,0.0,0.0,0.0
2022-11-26,45.0,750.0,131.0,178.0,0,True,False,False,False,8.08,0.0,19.1695,0.0,0.0,16.2623355,0.0,0.0,26,11,5,1,-0.5000000000000004,0.8660254037844384,55.0,55.0,55.0,2875.0,2812.5,6350.0,18.619501,18.111166,18.507002,0.0,0.0,0.0,0.0,0.0,0.0,16.2696255,14.799835,15.870667999999998,0.0,0.0,0.0,0.0,0.0,0.0,0.0,0.0
2022-11-27,55.0,4000.0,131.0,178.0,0,True,False,False,False,8.08,0.0,19.396582,0.0,0.0,15.2008765,0.0,0.0,27,11,6,1,-0.5000000000000004,0.8660254037844384,45.0,55.0,55.0,750.0,3875.0,6550.0,19.1695,18.009085,18.4945,0.0,0.0,0.0,0.0,0.0,0.0,16.2623355,14.856084,16.148792999999998,0.0,0.0,0.0,0.0,0.0,0.0,0.0,0.0
2022-11-28,45.0,1075.0,131.0,178.0,0,True,False,False,False,8.08,0.0,19.186167,0.0,0.0,14.9185845,0.0,0.0,28,11,0,0,-0.5000000000000004,0.8660254037844384,55.0,55.0,55.0,4000.0,4937.5,6750.0,19.396582,18.619501,18.309084,0.0,0.0,0.0,0.0,0.0,0.0,15.2008765,16.2696255,15.6258755,0.0,0.0,0.0,0.0,0.0,0.0,0.0,0.0
2022-11-29,45.0,2412.5,130.98,178.0,0,True,False,False,False,8.08,0.0,19.427834,0.0,0.0,15.1602505,0.0,0.0,29,11,1,0,-0.5000000000000004,0.8660254037844384,45.0,45.0,55.0,1075.0,6000.0,4875.0,19.186167,19.1695,18.08825,0.0,0.0,0.0,0.0,0.0,0.0,14.9185845,16.2623355,15.377959,0.0,0.0,0.0,0.0,0.0,0.0,0.0,0.0
2022-11-30,46.0,3750.0,131.06,178.0,0,True,False,False,False,8.08,0.0,18.790333,0.0,0.0,15.169626000000001,0.0,0.0,30,11,2,0,-0.5000000000000004,0.8660254037844384,45.0,55.0,55.0,2412.5,2000.0,3000.0,19.427834,19.396582,18.111166,0.0,0.0,0.0,0.0,0.0,0.0,15.1602505,15.2008765,14.799835,0.0,0.0,0.0,0.0,0.0,0.0,0.0,0.0
2022-12-01,55.0,18550.0,130.58,178.0,0,False,False,False,True,7.38,0.0,17.148668,0.0,0.0,14.694624000000001,0.0,0.0,1,12,3,0,-2.4492935982947064e-16,1.0,46.0,45.0,55.0,3750.0,5000.0,4200.0,18.790333,19.186167,18.009085,0.0,0.0,0.0,0.0,0.0,0.0,15.169626000000001,14.9185845,14.856084,0.0,0.0,0.0,0.0,0.0,0.0,0.0,0.0
2022-12-02,45.0,10650.0,130.25,178.0,0,False,False,False,True,7.38,0.0,16.813253,0.0,0.0,14.7467075,0.0,0.0,2,12,4,0,-2.4492935982947064e-16,1.0,55.0,45.0,55.0,18550.0,2875.0,13600.0,17.148668,19.427834,18.619501,0.0,0.0,0.0,0.0,0.0,0.0,14.694624000000001,15.1602505,16.2696255,0.0,0.0,0.0,0.0,0.0,0.0,0.0,0.0
2022-12-03,65.0,2750.0,130.42,178.0,0,False,False,False,True,7.38,0.0,17.0445,0.0,0.0,14.820666,0.0,0.0,3,12,5,1,-2.4492935982947064e-16,1.0,45.0,46.0,45.0,10650.0,750.0,2000.0,16.813253,18.790333,19.1695,0.0,0.0,0.0,0.0,0.0,0.0,14.7467075,15.169626000000001,16.2623355,0.0,0.0,0.0,0.0,0.0,0.0,0.0,0.0
2022-12-04,65.0,7025.0,130.42,178.0,0,False,False,False,True,7.38,0.0,17.69242,0.0,0.0,14.718584,0.0,0.0,4,12,6,1,-2.4492935982947064e-16,1.0,65.0,55.0,55.0,2750.0,4000.0,6000.0,17.0445,17.148668,19.396582,0.0,0.0,0.0,0.0,0.0,0.0,14.820666,14.694624000000001,15.2008765,0.0,0.0,0.0,0.0,0.0,0.0,0.0,0.0
2022-12-05,45.0,14250.0,130.42,178.0,0,False,False,False,True,7.38,0.0,17.546583,0.0,0.0,14.4133755,0.0,0.0,5,12,0,0,-2.4492935982947064e-16,1.0,65.0,45.0,45.0,7025.0,1075.0,10000.0,17.69242,16.813253,19.186167,0.0,0.0,0.0,0.0,0.0,0.0,14.718584,14.7467075,14.9185845,0.0,0.0,0.0,0.0,0.0,0.0,0.0,0.0
2022-12-06,55.0,13175.0,131.17,178.0,0,False,False,False,True,7.38,0.0,16.7195,0.0,0.0,14.0737925,0.0,0.0,6,12,1,0,-2.4492935982947064e-16,1.0,45.0,65.0,45.0,14250.0,2412.5,3750.0,17.546583,17.0445,19.427834,0.0,0.0,0.0,0.0,0.0,0.0,14.4133755,14.820666,15.1602505,0.0,0.0,0.0,0.0,0.0,0.0,0.0,0.0
2022-12-07,45.0,12100.0,132.49,178.0,0,False,False,False,True,7.38,0.0,16.290335,0.0,0.0,13.719626,0.0,0.0,7,12,2,0,-2.4492935982947064e-16,1.0,55.0,65.0,46.0,13175.0,3750.0,2500.0,16.7195,17.69242,18.790333,0.0,0.0,0.0,0.0,0.0,0.0,14.0737925,14.718584,15.169626000000001,0.0,0.0,0.0,0.0,0.0,0.0,0.0,0.0
2022-12-08,45.0,11125.0,132.26,178.0,0,False,False,False,True,7.38,0.0,16.465334,0.0,0.0,14.049833,0.0,0.0,8,12,3,0,-2.4492935982947064e-16,1.0,45.0,45.0,55.0,12100.0,18550.0,7350.0,16.290335,17.546583,17.148668,0.0,0.0,0.0,0.0,0.0,0.0,13.719626,14.4133755,14.694624000000001,0.0,0.0,0.0,0.0,0.0,0.0,0.0,0.0
2022-12-09,55.0,12666.666666666666,132.18,178.0,0,False,False,False,True,7.38,0.0,16.952837,0.0,0.0,14.0227515,0.0,0.0,9,12,4,0,-2.4492935982947064e-16,1.0,45.0,55.0,45.0,11125.0,10650.0,7350.0,16.465334,16.7195,16.813253,0.0,0.0,0.0,0.0,0.0,0.0,14.049833,14.0737925,14.7467075,0.0,0.0,0.0,0.0,0.0,0.0,0.0,0.0
2022-12-10,55.0,14208.333333333332,131.94,178.0,0,False,False,False,True,7.38,0.0,17.515335,0.0,0.0,14.55920775,0.0,0.0,10,12,5,1,-2.4492935982947064e-16,1.0,55.0,45.0,65.0,12666.666666666666,2750.0,16750.0,16.952837,16.290335,17.0445,0.0,0.0,0.0,0.0,0.0,0.0,14.0227515,13.719626,14.820666,0.0,0.0,0.0,0.0,0.0,0.0,0.0,0.0
2022-12-11,55.0,15750.0,131.94,178.0,0,False,False,False,True,7.38,0.0,16.150751,0.0,0.0,14.6123345,0.0,0.0,11,12,6,1,-2.4492935982947064e-16,1.0,55.0,45.0,65.0,14208.333333333332,7025.0,5000.0,17.515335,16.465334,17.69242,0.0,0.0,0.0,0.0,0.0,0.0,14.55920775,14.049833,14.718584,0.0,0.0,0.0,0.0,0.0,0.0,0.0,0.0
2022-12-12,45.0,2300.0,131.94,178.0,0,False,False,False,True,7.38,0.0,17.282,0.0,0.0,14.324835,0.0,0.0,12,12,0,0,-2.4492935982947064e-16,1.0,55.0,55.0,45.0,15750.0,14250.0,4500.0,16.150751,16.952837,17.546583,0.0,0.0,0.0,0.0,0.0,0.0,14.6123345,14.0227515,14.4133755,0.0,0.0,0.0,0.0,0.0,0.0,0.0,0.0
2022-12-13,45.0,3000.0,132.36,178.0,0,False,False,False,True,7.38,0.0,17.619501,0.0,0.0,14.0352505,0.0,0.0,13,12,1,0,-2.4492935982947064e-16,1.0,45.0,55.0,55.0,2300.0,13175.0,4000.0,17.282,17.515335,16.7195,0.0,0.0,0.0,0.0,0.0,0.0,14.324835,14.55920775,14.0737925,0.0,0.0,0.0,0.0,0.0,0.0,0.0,0.0
2022-12-14,55.0,13225.0,132.8,178.0,0,False,False,False,True,7.38,0.0,17.571585,0.0,0.0,12.87379125,0.0,0.0,14,12,2,0,-2.4492935982947064e-16,1.0,45.0,55.0,45.0,3000.0,12100.0,2600.0,17.619501,16.150751,16.290335,0.0,0.0,0.0,0.0,0.0,0.0,14.0352505,14.6123345,13.719626,0.0,0.0,0.0,0.0,0.0,0.0,0.0,0.0
2022-12-15,55.0,23450.0,132.24,178.0,0,False,False,False,True,7.38,0.0,16.490335,0.0,0.0,12.670666749999999,0.0,0.0,15,12,3,0,-2.4492935982947064e-16,1.0,55.0,45.0,45.0,13225.0,11125.0,500.0,17.571585,17.282,16.465334,0.0,0.0,0.0,0.0,0.0,0.0,12.87379125,14.324835,14.049833,0.0,0.0,0.0,0.0,0.0,0.0,0.0,0.0
2022-12-16,55.0,6475.0,132.72,175.0,0,False,False,False,True,7.38,0.0,16.484083,0.0,0.0,13.148793000000001,0.05,0.05,16,12,4,0,-2.4492935982947064e-16,1.0,55.0,45.0,55.0,23450.0,12666.666666666666,4800.0,16.490335,17.619501,16.952837,0.0,0.0,0.0,0.0,0.0,0.0,12.670666749999999,14.0352505,14.0227515,0.0,0.0,0.0,0.0,0.0,0.0,0.0,0.0
2022-12-17,45.0,7481.25,132.9,175.0,0,False,False,False,True,7.38,1.9000001,17.379917,0.0,0.0,13.7685845,0.0,0.0,17,12,5,1,-2.4492935982947064e-16,1.0,55.0,55.0,55.0,6475.0,14208.333333333332,3275.0,16.484083,17.571585,17.515335,0.0,0.0,0.0,0.0,0.0,0.0,13.148793000000001,12.87379125,14.55920775,0.05,0.0,0.0,0.05,0.0,0.0,0.0,0.0
2022-12-18,45.0,8487.5,132.9,175.0,0,False,False,False,True,7.38,0.2,17.507,0.0,0.0,14.427960500000001,0.0,0.0,18,12,6,1,-2.4492935982947064e-16,1.0,45.0,55.0,55.0,7481.25,15750.0,1750.0,17.379917,16.490335,16.150751,0.0,0.0,0.0,0.0,0.0,0.0,13.7685845,12.670666749999999,14.6123345,0.0,0.0,0.0,0.0,0.0,0.0,1.9000001,0.0
2022-12-19,35.0,9493.75,132.9,175.0,0,False,False,False,True,7.38,0.0,17.321583,0.0,0.0,14.306085,0.0,0.0,19,12,0,0,-2.4492935982947064e-16,1.0,45.0,55.0,45.0,8487.5,2300.0,2812.5,17.507,16.484083,17.282,0.0,0.0,0.0,0.0,0.0,0.0,14.427960500000001,13.148793000000001,14.324835,0.0,0.05,0.0,0.0,0.05,0.0,0.2,1.9000001
2022-12-20,36.67,10500.0,132.64,175.0,0,False,False,False,True,7.38,0.0,17.200752,0.0,0.0,13.226917,0.0,0.0,20,12,1,0,-2.4492935982947064e-16,1.0,35.0,45.0,45.0,9493.75,3000.0,3875.0,17.321583,17.379917,17.619501,0.0,0.0,0.0,0.0,0.0,0.0,14.306085,13.7685845,14.0352505,0.0,0.0,0.0,0.0,0.0,0.0,0.0,0.2
2022-12-21,35.0,8375.0,132.72,175.0,0,False,False,False,True,7.38,0.0,16.765333,0.0,0.0,13.005043,0.0,0.0,21,12,2,0,-2.4492935982947064e-16,1.0,36.67,45.0,55.0,10500.0,13225.0,4937.5,17.200752,17.507,17.571585,0.0,0.0,0.0,0.0,0.0,0.0,13.226917,14.427960500000001,12.87379125,0.0,0.0,0.0,0.0,0.0,0.0,0.0,0.0
2022-12-22,35.0,6250.0,132.8,175.0,0,False,False,False,True,7.38,0.0,15.352836,0.0,0.0,13.029001000000001,0.0,0.0,22,12,3,0,-2.4492935982947064e-16,1.0,35.0,35.0,55.0,8375.0,23450.0,6000.0,16.765333,17.321583,16.490335,0.0,0.0,0.0,0.0,0.0,0.0,13.005043,14.306085,12.670666749999999,0.0,0.0,0.0,0.0,0.0,0.0,0.0,0.0
2022-12-23,34.0,4125.0,132.73,175.0,0,False,False,False,True,7.38,0.0,14.609084,0.0,0.0,12.191499499999999,0.0,0.0,23,12,4,0,-2.4492935982947064e-16,1.0,35.0,36.67,55.0,6250.0,6475.0,2000.0,15.352836,17.200752,16.484083,0.0,0.0,0.0,0.0,0.0,0.0,13.029001000000001,13.226917,13.148793000000001,0.0,0.0,0.05,0.0,0.0,0.05,0.0,0.0
2022-12-24,35.0,2000.0,132.88,175.0,0,False,False,False,True,7.38,0.0,14.298668,0.0,0.0,12.3300425,0.0,0.0,24,12,5,1,-2.4492935982947064e-16,1.0,34.0,35.0,45.0,4125.0,7481.25,5000.0,14.609084,16.765333,17.379917,0.0,0.0,0.0,0.0,0.0,0.0,12.191499499999999,13.005043,13.7685845,0.0,0.0,0.0,0.0,0.0,0.0,0.0,0.0
2022-12-25,35.0,1350.0,132.88,175.0,0,False,False,False,True,7.38,0.0,14.954918,0.0,0.0,12.439415499999999,0.0,0.0,25,12,6,1,-2.4492935982947064e-16,1.0,35.0,35.0,45.0,2000.0,8487.5,2875.0,14.298668,15.352836,17.507,0.0,0.0,0.0,0.0,0.0,0.0,12.3300425,13.029001000000001,14.427960500000001,0.0,0.0,0.0,0.0,0.0,0.0,0.0,0.0
2022-12-26,36.67,4000.0,132.88,175.0,0,False,False,False,True,7.38,0.0,15.111167,0.0,0.0,11.978999,0.0,0.0,26,12,0,0,-2.4492935982947064e-16,1.0,35.0,34.0,35.0,1350.0,9493.75,750.0,14.954918,14.609084,17.321583,0.0,0.0,0.0,0.0,0.0,0.0,12.439415499999999,12.191499499999999,14.306085,0.0,0.0,0.0,0.0,0.0,0.0,0.0,0.0
2022-12-27,50.0,15500.0,132.55,175.0,0,False,False,False,True,7.38,0.0,13.825749,0.0,0.0,11.230042000000001,0.0,0.0,27,12,1,0,-2.4492935982947064e-16,1.0,36.67,35.0,36.67,4000.0,10500.0,4000.0,15.111167,14.298668,17.200752,0.0,0.0,0.0,0.0,0.0,0.0,11.978999,12.3300425,13.226917,0.0,0.0,0.0,0.0,0.0,0.0,0.0,0.0
2022-12-28,55.0,10500.0,132.86,175.0,0,False,False,False,True,7.38,0.0,13.0424185,0.0,0.0,9.827959,0.0,0.0,28,12,2,0,-2.4492935982947064e-16,1.0,50.0,35.0,35.0,15500.0,8375.0,1075.0,13.825749,14.954918,16.765333,0.0,0.0,0.0,0.0,0.0,0.0,11.230042000000001,12.439415499999999,13.005043,0.0,0.0,0.0,0.0,0.0,0.0,0.0,0.0
2022-12-29,45.0,5375.0,132.88,175.0,0,False,False,False,True,7.38,0.0,13.336166,0.0,0.0,9.3279575,0.0,0.0,29,12,3,0,-2.4492935982947064e-16,1.0,55.0,36.67,35.0,10500.0,6250.0,2412.5,13.0424185,15.111167,15.352836,0.0,0.0,0.0,0.0,0.0,0.0,9.827959,11.978999,13.029001000000001,0.0,0.0,0.0,0.0,0.0,0.0,0.0,0.0
2022-12-30,45.0,250.0,132.78,175.0,0,False,False,False,True,7.38,0.1,14.377833,0.0,0.0,10.838375,0.0,0.0,30,12,4,0,-2.4492935982947064e-16,1.0,45.0,50.0,34.0,5375.0,4125.0,3750.0,13.336166,13.825749,14.609084,0.0,0.0,0.0,0.0,0.0,0.0,9.3279575,11.230042000000001,12.191499499999999,0.0,0.0,0.0,0.0,0.0,0.0,0.0,0.0
2022-12-31,45.0,4500.0,132.66,175.0,0,False,False,False,True,7.38,0.2,14.3445015,0.0,0.0,11.128999499999999,0.05,0.05,31,12,5,1,-2.4492935982947064e-16,1.0,45.0,55.0,35.0,250.0,2000.0,18550.0,14.377833,13.0424185,14.298668,0.0,0.0,0.0,0.0,0.0,0.0,10.838375,9.827959,12.3300425,0.0,0.0,0.0,0.0,0.0,0.0,0.1,0.0
2023-01-01,45.0,10000.0,132.66,175.0,0,False,False,False,True,7.26,0.2,14.490333,0.0,0.0,10.854,0.15,0.15,1,1,6,1,0.49999999999999994,0.8660254037844387,45.0,45.0,35.0,4500.0,1350.0,10650.0,14.3445015,13.336166,14.954918,0.0,0.0,0.0,0.0,0.0,0.0,11.128999499999999,9.3279575,12.439415499999999,0.05,0.0,0.0,0.05,0.0,0.0,0.2,0.1
2023-01-02,46.67,10375.0,132.66,175.0,0,False,False,False,True,7.26,0.0,13.015334,0.0,0.0,10.83524925,0.0,0.0,2,1,0,0,0.49999999999999994,0.8660254037844387,45.0,45.0,36.67,10000.0,4000.0,2750.0,14.490333,14.377833,15.111167,0.0,0.0,0.0,0.0,0.0,0.0,10.854,10.838375,11.978999,0.15,0.0,0.0,0.15,0.0,0.0,0.2,0.2
2023-01-03,45.0,30650.0,132.69,175.0,0,False,False,False,True,7.26,0.0,12.413251,0.0,0.0,10.658166,0.0,0.0,3,1,1,0,0.49999999999999994,0.8660254037844387,46.67,45.0,50.0,10375.0,15500.0,7025.0,13.015334,14.3445015,13.825749,0.0,0.0,0.0,0.0,0.0,0.0,10.83524925,11.128999499999999,11.230042000000001,0.0,0.05,0.0,0.0,0.05,0.0,0.0,0.2
2023-01-04,55.0,22975.0,132.92,175.0,0,False,False,False,True,7.26,0.0,11.973667,0.0,0.0,10.5612925,0.0,0.0,4,1,2,0,0.49999999999999994,0.8660254037844387,45.0,45.0,55.0,30650.0,10500.0,14250.0,12.413251,14.490333,13.0424185,0.0,0.0,0.0,0.0,0.0,0.0,10.658166,10.854,9.827959,0.0,0.15,0.0,0.0,0.15,0.0,0.0,0.0
2023-01-05,46.67,48750.0,132.79,175.0,0,False,False,False,True,7.26,0.0,10.990333,0.0,0.0,10.93525,0.0,0.0,5,1,3,0,0.49999999999999994,0.8660254037844387,55.0,46.67,45.0,22975.0,5375.0,13175.0,11.973667,13.015334,13.336166,0.0,0.0,0.0,0.0,0.0,0.0,10.5612925,10.83524925,9.3279575,0.0,0.0,0.0,0.0,0.0,0.0,0.0,0.0
2023-01-06,36.67,51275.0,132.4,175.0,0,False,False,False,True,7.26,0.0,11.417417,0.0,0.0,12.46649925,0.0,0.0,6,1,4,0,0.49999999999999994,0.8660254037844387,46.67,45.0,45.0,48750.0,250.0,12100.0,10.990333,12.413251,14.377833,0.0,0.0,0.0,0.0,0.0,0.0,10.93525,10.658166,10.838375,0.0,0.0,0.0,0.0,0.0,0.0,0.0,0.0
2023-01-07,45.0,47750.0,132.66,175.0,0,False,False,False,True,7.26,0.0,11.029918,0.0,0.0,13.6727505,0.0,0.0,7,1,5,1,0.49999999999999994,0.8660254037844387,36.67,55.0,45.0,51275.0,4500.0,11125.0,11.417417,11.973667,14.3445015,0.0,0.0,0.0,0.0,0.0,0.0,12.46649925,10.5612925,11.128999499999999,0.0,0.0,0.05,0.0,0.0,0.05,0.0,0.0
2023-01-08,45.0,60500.0,132.66,172.0,0,False,False,False,True,7.26,0.0,10.431999,0.0,0.0,13.533166,0.0,0.0,8,1,6,1,0.49999999999999994,0.8660254037844387,45.0,46.67,45.0,47750.0,10000.0,12666.666666666666,11.029918,10.990333,14.490333,0.0,0.0,0.0,0.0,0.0,0.0,13.6727505,10.93525,10.854,0.0,0.0,0.15,0.0,0.0,0.15,0.0,0.0
2023-01-09,45.0,61150.0,132.66,172.0,0,False,False,False,True,7.26,0.0,10.300751,0.0,0.0,13.445667499999999,0.0,0.0,9,1,0,0,0.49999999999999994,0.8660254037844387,45.0,36.67,46.67,60500.0,10375.0,14208.333333333332,10.431999,11.417417,13.015334,0.0,0.0,0.0,0.0,0.0,0.0,13.533166,12.46649925,10.83524925,0.0,0.0,0.0,0.0,0.0,0.0,0.0,0.0
2023-01-10,45.0,45750.0,132.08,172.0,0,False,False,False,True,7.26,0.0,10.671584,0.0,0.0,13.1165015,0.0,0.0,10,1,1,0,0.49999999999999994,0.8660254037844387,45.0,45.0,45.0,61150.0,30650.0,15750.0,10.300751,11.029918,12.413251,0.0,0.0,0.0,0.0,0.0,0.0,13.445667499999999,13.6727505,10.658166,0.0,0.0,0.0,0.0,0.0,0.0,0.0,0.0
2023-01-11,46.67,49250.0,131.16,172.0,0,False,False,False,True,7.26,0.0,10.669501,0.0,0.0,12.34358425,0.0,0.0,11,1,2,0,0.49999999999999994,0.8660254037844387,45.0,45.0,55.0,45750.0,22975.0,2300.0,10.671584,10.431999,11.973667,0.0,0.0,0.0,0.0,0.0,0.0,13.1165015,13.533166,10.5612925,0.0,0.0,0.0,0.0,0.0,0.0,0.0,0.0
2023-01-12,46.67,52750.0,130.83,172.0,0,False,False,False,True,7.26,0.0,11.209084,0.0,0.0,12.498791,0.0,0.0,12,1,3,0,0.49999999999999994,0.8660254037844387,46.67,45.0,46.67,49250.0,48750.0,3000.0,10.669501,10.300751,10.990333,0.0,0.0,0.0,0.0,0.0,0.0,12.34358425,13.445667499999999,10.93525,0.0,0.0,0.0,0.0,0.0,0.0,0.0,0.0
2023-01-13,46.67,66050.0,130.79,172.0,0,False,False,False,True,7.26,0.0,11.821584,0.0,0.0,12.4477505,0.0,0.0,13,1,4,0,0.49999999999999994,0.8660254037844387,46.67,45.0,36.67,52750.0,51275.0,13225.0,11.209084,10.671584,11.417417,0.0,0.0,0.0,0.0,0.0,0.0,12.498791,13.1165015,12.46649925,0.0,0.0,0.0,0.0,0.0,0.0,0.0,0.0
2023-01-14,45.0,66050.0,130.43,172.0,0,False,False,False,True,7.26,0.0,13.504918,0.0,0.0,12.345666000000001,0.0,0.0,14,1,5,1,0.49999999999999994,0.8660254037844387,46.67,46.67,45.0,66050.0,47750.0,23450.0,11.821584,10.669501,11.029918,0.0,0.0,0.0,0.0,0.0,0.0,12.4477505,12.34358425,13.6727505,0.0,0.0,0.0,0.0,0.0,0.0,0.0,0.0
2023-01-15,45.0,21000.0,130.43,172.0,0,False,False,False,True,7.26,0.0,13.452835,0.0,0.0,10.967542,0.0,0.0,15,1,6,1,0.49999999999999994,0.8660254037844387,45.0,46.67,45.0,66050.0,60500.0,6475.0,13.504918,11.209084,10.431999,0.0,0.0,0.0,0.0,0.0,0.0,12.345666000000001,12.498791,13.533166,0.0,0.0,0.0,0.0,0.0,0.0,0.0,0.0
2023-01-16,45.0,32500.0,130.43,172.0,0,False,False,False,True,7.26,0.0,12.144501,0.0,0.0,9.678999999999998,0.05,0.05,16,1,0,0,0.49999999999999994,0.8660254037844387,45.0,46.67,45.0,21000.0,61150.0,7481.25,13.452835,11.821584,10.300751,0.0,0.0,0.0,0.0,0.0,0.0,10.967542,12.4477505,13.445667499999999,0.0,0.0,0.0,0.0,0.0,0.0,0.0,0.0
2023-01-17,45.0,55500.0,130.89,172.0,0,False,False,False,True,7.26,0.0,11.727836,0.0,0.0,8.939416999999999,0.0,0.0,17,1,1,0,0.49999999999999994,0.8660254037844387,45.0,45.0,45.0,32500.0,45750.0,8487.5,12.144501,13.504918,10.671584,0.0,0.0,0.0,0.0,0.0,0.0,9.678999999999998,12.345666000000001,13.1165015,0.05,0.0,0.0,0.05,0.0,0.0,0.0,0.0
2023-01-18,45.0,76250.0,131.12,172.0,0,False,False,False,True,7.26,0.0,12.569499,0.0,0.0,8.6415,0.0,0.0,18,1,2,0,0.49999999999999994,0.8660254037844387,45.0,45.0,46.67,55500.0,49250.0,9493.75,11.727836,13.452835,10.669501,0.0,0.0,0.0,0.0,0.0,0.0,8.939416999999999,10.967542,12.34358425,0.0,0.0,0.0,0.0,0.0,0.0,0.0,0.0
2023-01-19,56.67,59500.0,130.29,172.0,0,False,False,False,True,7.26,0.0,12.669499,0.0,0.0,9.3467075,0.0,0.0,19,1,3,0,0.49999999999999994,0.8660254037844387,45.0,45.0,46.67,76250.0,52750.0,10500.0,12.569499,12.144501,11.209084,0.0,0.0,0.0,0.0,0.0,0.0,8.6415,9.678999999999998,12.498791,0.0,0.05,0.0,0.0,0.05,0.0,0.0,0.0
2023-01-20,56.67,79425.0,130.48,172.0,0,False,False,False,True,7.26,0.0,13.419502,0.0,0.0,11.8654585,0.0,0.0,20,1,4,0,0.49999999999999994,0.8660254037844387,56.67,45.0,46.67,59500.0,66050.0,8375.0,12.669499,11.727836,11.821584,0.0,0.0,0.0,0.0,0.0,0.0,9.3467075,8.939416999999999,12.4477505,0.0,0.0,0.0,0.0,0.0,0.0,0.0,0.0
2023-01-21,56.67,79425.0,130.1,172.0,0,False,False,False,True,7.26,0.0,14.888249,0.0,0.0,13.485251,0.0,0.0,21,1,5,1,0.49999999999999994,0.8660254037844387,56.67,45.0,45.0,79425.0,66050.0,6250.0,13.419502,12.569499,13.504918,0.0,0.0,0.0,0.0,0.0,0.0,11.8654585,8.6415,12.345666000000001,0.0,0.0,0.0,0.0,0.0,0.0,0.0,0.0
2023-01-22,56.67,59250.0,130.1,172.0,0,False,False,False,True,7.26,0.0,14.046582,0.0,0.0,13.2290005,0.0,0.0,22,1,6,1,0.49999999999999994,0.8660254037844387,56.67,56.67,45.0,79425.0,21000.0,4125.0,14.888249,12.669499,13.452835,0.0,0.0,0.0,0.0,0.0,0.0,13.485251,9.3467075,10.967542,0.0,0.0,0.0,0.0,0.0,0.0,0.0,0.0
2023-01-23,55.0,114550.0,130.1,172.0,0,False,False,False,True,7.26,0.0,14.9695015,0.0,0.0,13.7821255,0.0,0.0,23,1,0,0,0.49999999999999994,0.8660254037844387,56.67,56.67,45.0,59250.0,32500.0,2000.0,14.046582,13.419502,12.144501,0.0,0.0,0.0,0.0,0.0,0.0,13.2290005,11.8654585,9.678999999999998,0.0,0.0,0.05,0.0,0.0,0.05,0.0,0.0
2023-01-24,56.67,46250.0,130.53,172.0,0,False,False,False,True,7.26,0.0,16.081999,0.0,0.0,14.525876499999999,0.0,0.0,24,1,1,0,0.49999999999999994,0.8660254037844387,55.0,56.67,45.0,114550.0,55500.0,1350.0,14.9695015,14.888249,11.727836,0.0,0.0,0.0,0.0,0.0,0.0,13.7821255,13.485251,8.939416999999999,0.0,0.0,0.0,0.0,0.0,0.0,0.0,0.0
2023-01-25,56.67,53900.0,131.06,172.0,0,False,False,False,True,7.26,0.0,17.004915,0.0,0.0,15.1081655,0.0,0.0,25,1,2,0,0.49999999999999994,0.8660254037844387,56.67,56.67,45.0,46250.0,76250.0,4000.0,16.081999,14.046582,12.569499,0.0,0.0,0.0,0.0,0.0,0.0,14.525876499999999,13.2290005,8.6415,0.0,0.0,0.0,0.0,0.0,0.0,0.0,0.0
2023-01-26,55.0,11250.0,130.85,172.0,0,False,False,False,True,7.26,0.0,16.075748,0.0,0.0,16.096708999999997,0.0,0.0,26,1,3,0,0.49999999999999994,0.8660254037844387,56.67,55.0,56.67,53900.0,59500.0,15500.0,17.004915,14.9695015,12.669499,0.0,0.0,0.0,0.0,0.0,0.0,15.1081655,13.7821255,9.3467075,0.0,0.0,0.0,0.0,0.0,0.0,0.0,0.0
2023-01-27,55.0,32750.0,130.85,172.0,0,False,False,False,True,7.26,0.0,16.717417,0.0,0.0,16.3842085,0.0,0.0,27,1,4,0,0.49999999999999994,0.8660254037844387,55.0,56.67,56.67,11250.0,79425.0,10500.0,16.075748,16.081999,13.419502,0.0,0.0,0.0,0.0,0.0,0.0,16.096708999999997,14.525876499999999,11.8654585,0.0,0.0,0.0,0.0,0.0,0.0,0.0,0.0
2023-01-28,56.0,45100.0,130.74,172.0,0,False,False,False,True,7.26,0.0,14.627833,0.0,0.0,14.3290005,0.0,0.0,28,1,5,1,0.49999999999999994,0.8660254037844387,55.0,56.67,56.67,32750.0,79425.0,5375.0,16.717417,17.004915,14.888249,0.0,0.0,0.0,0.0,0.0,0.0,16.3842085,15.1081655,13.485251,0.0,0.0,0.0,0.0,0.0,0.0,0.0,0.0
2023-01-29,55.0,97400.0,130.74,172.0,0,False,False,False,True,7.26,0.0,15.227834,0.0,0.0,14.29150025,0.0,0.0,29,1,6,1,0.49999999999999994,0.8660254037844387,56.0,55.0,56.67,45100.0,59250.0,250.0,14.627833,16.075748,14.046582,0.0,0.0,0.0,0.0,0.0,0.0,14.3290005,16.096708999999997,13.2290005,0.0,0.0,0.0,0.0,0.0,0.0,0.0,0.0
2023-01-30,45.0,34250.0,130.74,172.0,0,False,False,False,True,7.26,0.0,17.498669,0.0,0.0,16.126917,0.0,0.0,30,1,0,0,0.49999999999999994,0.8660254037844387,55.0,55.0,55.0,97400.0,114550.0,4500.0,15.227834,16.717417,14.9695015,0.0,0.0,0.0,0.0,0.0,0.0,14.29150025,16.3842085,13.7821255,0.0,0.0,0.0,0.0,0.0,0.0,0.0,0.0
2023-01-31,45.0,42500.0,130.7,172.0,0,False,False,False,True,7.26,0.0,17.792418,0.0,0.0,17.163375000000002,0.0,0.0,31,1,1,0,0.49999999999999994,0.8660254037844387,45.0,56.0,56.67,34250.0,46250.0,10000.0,17.498669,14.627833,16.081999,0.0,0.0,0.0,0.0,0.0,0.0,16.126917,14.3290005,14.525876499999999,0.0,0.0,0.0,0.0,0.0,0.0,0.0,0.0
2023-02-01,45.0,62000.0,131.38,172.0,0,False,False,False,True,7.88,0.0,16.273668,0.0,0.0,14.6071255,0.0,0.0,1,2,2,0,0.8660254037844386,0.5000000000000001,45.0,55.0,56.67,42500.0,53900.0,10375.0,17.792418,15.227834,17.004915,0.0,0.0,0.0,0.0,0.0,0.0,17.163375000000002,14.29150025,15.1081655,0.0,0.0,0.0,0.0,0.0,0.0,0.0,0.0
2023-02-02,45.0,29000.0,131.38,172.0,0,False,False,False,True,7.88,0.0,14.286168,0.0,0.0,13.801917750000001,0.0,0.0,2,2,3,0,0.8660254037844386,0.5000000000000001,45.0,45.0,55.0,62000.0,11250.0,30650.0,16.273668,17.498669,16.075748,0.0,0.0,0.0,0.0,0.0,0.0,14.6071255,16.126917,16.096708999999997,0.0,0.0,0.0,0.0,0.0,0.0,0.0,0.0
2023-02-03,46.67,21000.0,131.78,172.0,0,False,False,False,True,7.88,0.0,15.227837,0.0,0.0,13.795669,0.0,0.0,3,2,4,0,0.8660254037844386,0.5000000000000001,45.0,45.0,55.0,29000.0,32750.0,22975.0,14.286168,17.792418,16.717417,0.0,0.0,0.0,0.0,0.0,0.0,13.801917750000001,17.163375000000002,16.3842085,0.0,0.0,0.0,0.0,0.0,0.0,0.0,0.0
2023-02-04,46.0,5000.0,131.23,172.0,0,False,False,False,True,7.88,0.70000005,15.050754,0.0,0.0,13.70087525,0.0,0.0,4,2,5,1,0.8660254037844386,0.5000000000000001,46.67,45.0,56.0,21000.0,45100.0,48750.0,15.227837,16.273668,14.627833,0.0,0.0,0.0,0.0,0.0,0.0,13.795669,14.6071255,14.3290005,0.0,0.0,0.0,0.0,0.0,0.0,0.0,0.0
2023-02-05,45.0,7000.0,131.23,172.0,0,False,False,False,True,7.88,0.0,16.232,0.0,0.0,12.9550415,0.0,0.0,5,2,6,1,0.8660254037844386,0.5000000000000001,46.0,45.0,55.0,5000.0,97400.0,51275.0,15.050754,14.286168,15.227834,0.0,0.0,0.0,0.0,0.0,0.0,13.70087525,13.801917750000001,14.29150025,0.0,0.0,0.0,0.0,0.0,0.0,0.70000005,0.0
2023-02-06,46.67,13787.5,131.23,175.0,0,False,False,False,True,7.88,0.2,15.894501,0.0,0.0,13.073793,0.0,0.0,6,2,0,0,0.8660254037844386,0.5000000000000001,45.0,46.67,45.0,7000.0,34250.0,47750.0,16.232,15.227837,17.498669,0.0,0.0,0.0,0.0,0.0,0.0,12.9550415,13.795669,16.126917,0.0,0.0,0.0,0.0,0.0,0.0,0.0,0.70000005
2023-02-07,46.67,20575.0,132.67,175.0,0,False,False,False,True,7.88,0.4,16.790335,0.0,0.0,12.915459,0.0,0.0,7,2,1,0,0.8660254037844386,0.5000000000000001,46.67,46.0,45.0,13787.5,42500.0,60500.0,15.894501,15.050754,17.792418,0.0,0.0,0.0,0.0,0.0,0.0,13.073793,13.70087525,17.163375000000002,0.0,0.0,0.0,0.0,0.0,0.0,0.2,0.0
2023-02-08,45.0,5950.0,132.63,175.0,0,False,False,False,True,7.88,0.0,16.567417,0.0,0.0,13.1842085,0.0,0.0,8,2,2,0,0.8660254037844386,0.5000000000000001,46.67,45.0,45.0,20575.0,62000.0,61150.0,16.790335,16.232,16.273668,0.0,0.0,0.0,0.0,0.0,0.0,12.915459,12.9550415,14.6071255,0.0,0.0,0.0,0.0,0.0,0.0,0.4,0.2
2023-02-09,46.67,12000.0,132.3,175.0,0,False,False,False,True,7.88,0.1,16.746584,0.0,0.0,12.505043,0.15,0.15,9,2,3,0,0.8660254037844386,0.5000000000000001,45.0,46.67,45.0,5950.0,29000.0,45750.0,16.567417,15.894501,14.286168,0.0,0.0,0.0,0.0,0.0,0.0,13.1842085,13.073793,13.801917750000001,0.0,0.0,0.0,0.0,0.0,0.0,0.0,0.4
2023-02-10,46.67,4000.0,132.32,175.0,0,False,False,False,True,7.88,0.0,16.84867,0.0,0.0,13.627959,0.0,0.0,10,2,4,0,0.8660254037844386,0.5000000000000001,46.67,46.67,46.67,12000.0,21000.0,49250.0,16.746584,16.790335,15.227837,0.0,0.0,0.0,0.0,0.0,0.0,12.505043,12.915459,13.795669,0.15,0.0,0.0,0.15,0.0,0.0,0.1,0.0
2023-02-11,45.0,9000.0,132.3,175.0,0,False,False,False,True,7.88,0.0,17.361166,0.0,0.0,15.674833,0.0,0.0,11,2,5,1,0.8660254037844386,0.5000000000000001,46.67,45.0,46.0,4000.0,5000.0,52750.0,16.84867,16.567417,15.050754,0.0,0.0,0.0,0.0,0.0,0.0,13.627959,13.1842085,13.70087525,0.0,0.0,0.0,0.0,0.0,0.0,0.0,0.1
2023-02-12,45.0,14000.0,132.3,175.0,0,False,False,False,True,7.88,0.0,18.742416,0.0,0.0,13.961292499999999,0.0,0.0,12,2,6,1,0.8660254037844386,0.5000000000000001,45.0,46.67,45.0,9000.0,7000.0,66050.0,17.361166,16.746584,16.232,0.0,0.0,0.0,0.0,0.0,0.0,15.674833,12.505043,12.9550415,0.0,0.15,0.0,0.0,0.15,0.0,0.0,0.0
2023-02-13,56.67,12000.0,132.3,175.0,0,False,False,False,True,7.88,0.0,15.713252,0.0,0.0,12.36649925,0.0,0.0,13,2,0,0,0.8660254037844386,0.5000000000000001,45.0,46.67,46.67,14000.0,13787.5,66050.0,18.742416,16.84867,15.894501,0.0,0.0,0.0,0.0,0.0,0.0,13.961292499999999,13.627959,13.073793,0.0,0.0,0.0,0.0,0.0,0.0,0.0,0.0
2023-02-14,55.0,12000.0,132.66,175.0,0,False,False,False,True,7.88,0.0,15.673667,0.0,0.0,12.5717095,0.0,0.0,14,2,1,0,0.8660254037844386,0.5000000000000001,56.67,45.0,46.67,12000.0,20575.0,21000.0,15.713252,17.361166,16.790335,0.0,0.0,0.0,0.0,0.0,0.0,12.36649925,15.674833,12.915459,0.0,0.0,0.0,0.0,0.0,0.0,0.0,0.0
2023-02-15,56.67,22000.0,132.72,175.0,0,False,False,False,True,7.88,0.0,16.379917,0.0,0.0,14.449834,0.0,0.0,15,2,2,0,0.8660254037844386,0.5000000000000001,55.0,45.0,45.0,12000.0,5950.0,32500.0,15.673667,18.742416,16.567417,0.0,0.0,0.0,0.0,0.0,0.0,12.5717095,13.961292499999999,13.1842085,0.0,0.0,0.0,0.0,0.0,0.0,0.0,0.0
2023-02-16,56.67,14250.0,132.79,175.0,0,False,False,False,True,7.88,0.0,18.619501,0.0,0.0,15.968583500000001,0.0,0.0,16,2,3,0,0.8660254037844386,0.5000000000000001,56.67,56.67,46.67,22000.0,12000.0,55500.0,16.379917,15.713252,16.746584,0.0,0.0,0.0,0.0,0.0,0.0,14.449834,12.36649925,12.505043,0.0,0.0,0.15,0.0,0.0,0.15,0.0,0.0
2023-02-17,45.0,8125.0,132.66,175.0,0,False,False,False,True,7.88,0.0,20.465334,0.0,0.0,16.735250999999998,0.0,0.0,17,2,4,0,0.8660254037844386,0.5000000000000001,56.67,55.0,46.67,14250.0,4000.0,76250.0,18.619501,15.673667,16.84867,0.0,0.0,0.0,0.0,0.0,0.0,15.968583500000001,12.5717095,13.627959,0.0,0.0,0.0,0.0,0.0,0.0,0.0,0.0
2023-02-18,41.0,2000.0,132.84,175.0,0,False,False,False,True,7.88,0.0,21.006998,0.0,0.0,16.619625,0.0,0.0,18,2,5,1,0.8660254037844386,0.5000000000000001,45.0,56.67,45.0,8125.0,9000.0,59500.0,20.465334,16.379917,17.361166,0.0,0.0,0.0,0.0,0.0,0.0,16.735250999999998,14.449834,15.674833,0.0,0.0,0.0,0.0,0.0,0.0,0.0,0.0
2023-02-19,37.67,625.0,132.84,175.0,0,False,False,False,True,7.88,0.0,21.196585,0.0,0.0,16.947750499999998,0.0,0.0,19,2,6,1,0.8660254037844386,0.5000000000000001,41.0,56.67,45.0,2000.0,14000.0,79425.0,21.006998,18.619501,18.742416,0.0,0.0,0.0,0.0,0.0,0.0,16.619625,15.968583500000001,13.961292499999999,0.0,0.0,0.0,0.0,0.0,0.0,0.0,0.0
2023-02-20,42.0,18125.0,132.84,175.0,0,False,False,False,True,7.88,0.0,20.890333,0.0,0.0,16.630043,0.0,0.0,20,2,0,0,0.8660254037844386,0.5000000000000001,37.67,45.0,56.67,625.0,12000.0,79425.0,21.196585,20.465334,15.713252,0.0,0.0,0.0,0.0,0.0,0.0,16.947750499999998,16.735250999999998,12.36649925,0.0,0.0,0.0,0.0,0.0,0.0,0.0,0.0
2023-02-21,38.33,13000.0,132.66,175.0,0,False,False,False,True,7.88,0.0,21.265335,0.0,0.0,17.065458999999997,0.0,0.0,21,2,1,0,0.8660254037844386,0.5000000000000001,42.0,41.0,55.0,18125.0,12000.0,59250.0,20.890333,21.006998,15.673667,0.0,0.0,0.0,0.0,0.0,0.0,16.630043,16.619625,12.5717095,0.0,0.0,0.0,0.0,0.0,0.0,0.0,0.0
2023-02-22,55.0,42000.0,132.77,175.0,0,False,False,False,True,7.88,0.1,21.546583,0.0,0.0,17.017542,0.4,0.4,22,2,2,0,0.8660254037844386,0.5000000000000001,38.33,37.67,56.67,13000.0,22000.0,114550.0,21.265335,21.196585,16.379917,0.0,0.0,0.0,0.0,0.0,0.0,17.065458999999997,16.947750499999998,14.449834,0.0,0.0,0.0,0.0,0.0,0.0,0.0,0.0
2023-02-23,55.0,6550.0,132.87,175.0,0,False,False,False,True,7.88,0.0,20.025747,0.0,0.0,16.893585,0.60000002,0.60000002,23,2,3,0,0.8660254037844386,0.5000000000000001,55.0,42.0,56.67,42000.0,14250.0,46250.0,21.546583,20.890333,18.619501,0.0,0.0,0.0,0.0,0.0,0.0,17.017542,16.630043,15.968583500000001,0.4,0.0,0.0,0.4,0.0,0.0,0.1,0.0
2023-02-24,55.0,31800.0,132.68,175.0,0,False,False,False,True,7.88,0.0,20.144499,0.0,0.0,16.4904595,0.05,0.05,24,2,4,0,0.8660254037844386,0.5000000000000001,55.0,38.33,45.0,6550.0,8125.0,53900.0,20.025747,21.265335,20.465334,0.0,0.0,0.0,0.0,0.0,0.0,16.893585,17.065458999999997,16.735250999999998,0.60000002,0.0,0.0,0.60000002,0.0,0.0,0.0,0.1
2023-02-25,55.0,24875.0,132.71,175.0,0,False,False,False,True,7.88,1.1000001,20.92992,0.0,0.0,15.27379225,2.95000005,2.95000005,25,2,5,1,0.8660254037844386,0.5000000000000001,55.0,55.0,41.0,31800.0,2000.0,11250.0,20.144499,21.546583,21.006998,0.0,0.0,0.0,0.0,0.0,0.0,16.4904595,17.017542,16.619625,0.05,0.4,0.0,0.05,0.4,0.0,0.0,0.0
2023-02-26,55.0,46000.0,132.71,175.0,0,False,False,False,True,7.88,3.8,20.902832,1.6,1.6,13.342543,7.1000000000000005,7.1000000000000005,26,2,6,1,0.8660254037844386,0.5000000000000001,55.0,55.0,37.67,24875.0,625.0,32750.0,20.92992,20.025747,21.196585,0.0,0.0,0.0,0.0,0.0,0.0,15.27379225,16.893585,16.947750499999998,2.95000005,0.60000002,0.0,2.95000005,0.60000002,0.0,1.1000001,0.0
2023-02-27,55.0,7000.0,132.71,175.0,0,False,False,False,True,7.88,4.7000003,20.821585,0.0,0.0,13.797749,4.54999985,4.54999985,27,2,0,0,0.8660254037844386,0.5000000000000001,55.0,55.0,42.0,46000.0,18125.0,45100.0,20.902832,20.144499,20.890333,1.6,0.0,0.0,1.6,0.0,0.0,13.342543,16.4904595,16.630043,7.1000000000000005,0.05,0.0,7.1000000000000005,0.05,0.0,3.8,1.1000001
2023-02-28,56.67,18000.0,132.84,175.0,0,False,False,False,True,7.88,1.1,20.734085,0.0,0.0,15.2904585,0.75,0.75,28,2,1,0,0.8660254037844386,0.5000000000000001,55.0,55.0,38.33,7000.0,13000.0,97400.0,20.821585,20.92992,21.265335,0.0,0.0,0.0,0.0,0.0,0.0,13.797749,15.27379225,17.065458999999997,4.54999985,2.95000005,0.0,4.54999985,2.95000005,0.0,4.7000003,3.8
2023-03-01,55.0,19475.0,132.57,175.0,0,False,False,True,False,7.44,0.2,22.009085,0.0,0.0,16.302958,0.05,0.05,1,3,2,0,1.0,6.123233995736766e-17,56.67,55.0,55.0,18000.0,42000.0,34250.0,20.734085,20.902832,21.546583,0.0,1.6,0.0,0.0,1.6,0.0,15.2904585,13.342543,17.017542,0.75,7.1000000000000005,0.4,0.75,7.1000000000000005,0.4,1.1,4.7000003
2023-03-02,55.0,32060.0,132.31,175.0,0,False,False,True,False,7.44,0.3,22.411165,0.0,0.0,16.440458999999997,3.05,3.05,2,3,3,0,1.0,6.123233995736766e-17,55.0,55.0,55.0,19475.0,6550.0,42500.0,22.009085,20.821585,20.025747,0.0,0.0,0.0,0.0,0.0,0.0,16.302958,13.797749,16.893585,0.05,4.54999985,0.60000002,0.05,4.54999985,0.60000002,0.2,1.1
2023-03-03,45.0,14000.0,132.46,175.0,0,False,False,True,False,7.44,0.2,22.994501,0.0,0.0,17.010251,0.35,0.35,3,3,4,0,1.0,6.123233995736766e-17,55.0,56.67,55.0,32060.0,31800.0,62000.0,22.411165,20.734085,20.144499,0.0,0.0,0.0,0.0,0.0,0.0,16.440458999999997,15.2904585,16.4904595,3.05,0.75,0.05,3.05,0.75,0.05,0.3,0.2
2023-03-04,45.0,32212.5,131.45,175.0,0,False,False,True,False,7.44,0.3,23.875748,0.0,0.0,16.9852505,4.1,4.1,4,3,5,1,1.0,6.123233995736766e-17,45.0,55.0,55.0,14000.0,24875.0,29000.0,22.994501,22.009085,20.92992,0.0,0.0,0.0,0.0,0.0,0.0,17.010251,16.302958,15.27379225,0.35,0.05,2.95000005,0.35,0.05,2.95000005,0.2,0.3
2023-03-05,45.0,50425.0,131.45,175.0,1,False,False,True,False,7.44,0.2,23.8945,0.0,0.0,17.844625999999998,2.8000000000000003,2.8000000000000003,5,3,6,1,1.0,6.123233995736766e-17,45.0,55.0,55.0,32212.5,46000.0,21000.0,23.875748,22.411165,20.902832,0.0,0.0,1.6,0.0,0.0,1.6,16.9852505,16.440458999999997,13.342543,4.1,3.05,7.1000000000000005,4.1,3.05,7.1000000000000005,0.3,0.2
2023-03-06,46.67,12000.0,131.45,175.0,1,False,False,True,False,7.44,0.0,22.413252,0.0,0.0,17.965457999999998,0.15,0.15,6,3,0,0,1.0,6.123233995736766e-17,45.0,45.0,55.0,50425.0,7000.0,5000.0,23.8945,22.994501,20.821585,0.0,0.0,0.0,0.0,0.0,0.0,17.844625999999998,17.010251,13.797749,2.8000000000000003,0.35,4.54999985,2.8000000000000003,0.35,4.54999985,0.2,0.3
2023-03-07,56.67,6000.0,131.36,175.0,1,False,False,True,False,7.44,0.3,21.713251,0.0,0.0,17.686292,0.0,0.0,7,3,1,0,1.0,6.123233995736766e-17,46.67,45.0,56.67,12000.0,18000.0,7000.0,22.413252,23.875748,20.734085,0.0,0.0,0.0,0.0,0.0,0.0,17.965457999999998,16.9852505,15.2904585,0.15,4.1,0.75,0.15,4.1,0.75,0.0,0.2
2023-03-08,56.67,4000.0,131.36,175.0,1,False,False,True,False,7.44,2.0,18.70075,4.0,4.0,15.522752,1.7,1.7,8,3,2,0,1.0,6.123233995736766e-17,56.67,45.0,55.0,6000.0,19475.0,13787.5,21.713251,23.8945,22.009085,0.0,0.0,0.0,0.0,0.0,0.0,17.686292,17.844625999999998,16.302958,0.0,2.8000000000000003,0.05,0.0,2.8000000000000003,0.05,0.3,0.0
2023-03-09,65.0,2750.0,131.6,175.0,1,False,False,True,False,7.44,7.1,20.692417,0.0,0.0,16.1425425,0.84999995,0.84999995,9,3,3,0,1.0,6.123233995736766e-17,56.67,46.67,55.0,4000.0,32060.0,20575.0,18.70075,22.413252,22.411165,4.0,0.0,0.0,4.0,0.0,0.0,15.522752,17.965457999999998,16.440458999999997,1.7,0.15,3.05,1.7,0.15,3.05,2.0,0.3
2023-03-10,65.0,2250.0,131.47,175.0,1,False,False,True,False,7.44,0.2,21.192415,0.0,0.0,17.236292,0.0,0.0,10,3,4,0,1.0,6.123233995736766e-17,65.0,56.67,45.0,2750.0,14000.0,5950.0,20.692417,21.713251,22.994501,0.0,0.0,0.0,0.0,0.0,0.0,16.1425425,17.686292,17.010251,0.84999995,0.0,0.35,0.84999995,0.0,0.35,7.1,2.0
2023-03-11,65.0,1750.0,131.57,175.0,1,False,False,True,False,7.44,0.4,21.507002,0.0,0.0,17.527957999999998,0.4,0.4,11,3,5,1,1.0,6.123233995736766e-17,65.0,56.67,45.0,2250.0,32212.5,12000.0,21.192415,18.70075,23.875748,0.0,4.0,0.0,0.0,4.0,0.0,17.236292,15.522752,16.9852505,0.0,1.7,4.1,0.0,1.7,4.1,0.2,7.1
2023-03-12,65.0,3500.0,131.57,175.0,1,False,False,True,False,7.44,0.0,22.902838,0.0,0.0,18.170668,0.0,0.0,12,3,6,1,1.0,6.123233995736766e-17,65.0,65.0,45.0,1750.0,50425.0,4000.0,21.507002,20.692417,23.8945,0.0,0.0,0.0,0.0,0.0,0.0,17.527957999999998,16.1425425,17.844625999999998,0.4,0.84999995,2.8000000000000003,0.4,0.84999995,2.8000000000000003,0.4,0.2
2023-03-13,66.67,19750.0,131.57,175.0,1,False,False,True,False,7.44,6.2999997,23.059088,0.0,0.0,17.780041500000003,1.7000001,1.7000001,13,3,0,0,1.0,6.123233995736766e-17,65.0,65.0,46.67,3500.0,12000.0,9000.0,22.902838,21.192415,22.413252,0.0,0.0,0.0,0.0,0.0,0.0,18.170668,17.236292,17.965457999999998,0.0,0.0,0.15,0.0,0.0,0.15,0.0,0.4
2023-03-14,36.67,23625.0,131.7,175.0,1,False,False,True,False,7.44,1.4000001,22.207,1.1,1.1,16.3727515,4.0,4.0,14,3,1,0,1.0,6.123233995736766e-17,66.67,65.0,56.67,19750.0,6000.0,14000.0,23.059088,21.507002,21.713251,0.0,0.0,0.0,0.0,0.0,0.0,17.780041500000003,17.527957999999998,17.686292,1.7000001,0.4,0.0,1.7000001,0.4,0.0,6.2999997,0.0
2023-03-15,55.0,19600.0,132.29,175.0,1,False,False,True,False,7.44,3.5,22.748665,0.0,0.0,17.094625999999998,1.45,1.45,15,3,2,0,1.0,6.123233995736766e-17,36.67,65.0,56.67,23625.0,4000.0,12000.0,22.207,22.902838,18.70075,1.1,0.0,4.0,1.1,0.0,4.0,16.3727515,18.170668,15.522752,4.0,0.0,1.7,4.0,0.0,1.7,1.4000001,6.2999997
2023-03-16,45.0,65000.0,132.46,175.0,1,False,False,True,False,7.44,0.8000001,23.134085,0.0,0.0,17.611291,0.400000025,0.400000025,16,3,3,0,1.0,6.123233995736766e-17,55.0,66.67,65.0,19600.0,2750.0,12000.0,22.748665,23.059088,20.692417,0.0,0.0,0.0,0.0,0.0,0.0,17.094625999999998,17.780041500000003,16.1425425,1.45,1.7000001,0.84999995,1.45,1.7000001,0.84999995,3.5,1.4000001
2023-03-17,46.67,49250.0,132.68,175.0,1,False,False,True,False,7.44,1.1,21.829916,1.3,1.3,16.307125,3.3500000500000002,3.3500000500000002,17,3,4,0,1.0,6.123233995736766e-17,45.0,36.67,65.0,65000.0,2250.0,22000.0,23.134085,22.207,21.192415,0.0,1.1,0.0,0.0,1.1,0.0,17.611291,16.3727515,17.236292,0.400000025,4.0,0.0,0.400000025,4.0,0.0,0.8000001,3.5
2023-03-18,46.67,28825.0,132.39,175.0,1,False,False,True,False,7.44,9.800001,22.540335,0.0,0.0,16.071709499999997,6.9,6.9,18,3,5,1,1.0,6.123233995736766e-17,46.67,55.0,65.0,49250.0,1750.0,14250.0,21.829916,22.748665,21.507002,1.3,0.0,0.0,1.3,0.0,0.0,16.307125,17.094625999999998,17.527957999999998,3.3500000500000002,1.45,0.4,3.3500000500000002,1.45,0.4,1.1,0.8000001
2023-03-19,45.0,53925.0,132.39,175.0,1,False,False,True,False,7.44,14.300001,21.257,7.2,7.2,15.4019165,5.10000005,5.10000005,19,3,6,1,1.0,6.123233995736766e-17,46.67,45.0,65.0,28825.0,3500.0,8125.0,22.540335,23.134085,22.902838,0.0,0.0,0.0,0.0,0.0,0.0,16.071709499999997,17.611291,18.170668,6.9,0.400000025,0.0,6.9,0.400000025,0.0,9.800001,1.1
2023-03-20,56.67,75050.0,132.39,175.0,1,False,False,True,False,7.44,12.3,20.032,8.999999,8.999999,14.4165,7.4000003,7.4000003,20,3,0,0,1.0,6.123233995736766e-17,45.0,46.67,66.67,53925.0,19750.0,2000.0,21.257,21.829916,23.059088,7.2,1.3,0.0,7.2,1.3,0.0,15.4019165,16.307125,17.780041500000003,5.10000005,3.3500000500000002,1.7000001,5.10000005,3.3500000500000002,1.7000001,14.300001,9.800001
2023-03-21,56.67,23275.0,132.52,175.0,1,False,False,True,False,7.44,16.400003,20.1695,5.3999996,5.3999996,14.3727515,10.600000999999999,10.600000999999999,21,3,1,0,1.0,6.123233995736766e-17,56.67,46.67,36.67,75050.0,23625.0,625.0,20.032,22.540335,22.207,8.999999,0.0,1.1,8.999999,0.0,1.1,14.4165,16.071709499999997,16.3727515,7.4000003,6.9,4.0,7.4000003,6.9,4.0,12.3,14.300001
2023-03-22,56.67,97600.0,132.56,175.0,1,False,False,True,False,7.44,2.6,20.984083,0.0,0.0,15.085251,1.05000005,1.05000005,22,3,2,0,1.0,6.123233995736766e-17,56.67,45.0,55.0,23275.0,19600.0,18125.0,20.1695,21.257,22.748665,5.3999996,7.2,0.0,5.3999996,7.2,0.0,14.3727515,15.4019165,17.094625999999998,10.600000999999999,5.10000005,1.45,10.600000999999999,5.10000005,1.45,16.400003,12.3
2023-03-23,56.67,101050.0,132.56,175.0,1,False,False,True,False,7.44,0.8000001,21.252832,0.0,0.0,15.787334000000001,7.549999,7.549999,23,3,3,0,1.0,6.123233995736766e-17,56.67,56.67,45.0,97600.0,65000.0,13000.0,20.984083,20.032,23.134085,0.0,8.999999,0.0,0.0,8.999999,0.0,15.085251,14.4165,17.611291,1.05000005,7.4000003,0.400000025,1.05000005,7.4000003,0.400000025,2.6,16.400003
2023-03-24,45.0,56125.0,131.93,175.0,1,False,False,True,False,7.44,6.3,21.982,0.0,0.0,16.2092085,2.1,2.1,24,3,4,0,1.0,6.123233995736766e-17,56.67,56.67,46.67,101050.0,49250.0,42000.0,21.252832,20.1695,21.829916,0.0,5.3999996,1.3,0.0,5.3999996,1.3,15.787334000000001,14.3727515,16.307125,7.549999,10.600000999999999,3.3500000500000002,7.549999,10.600000999999999,3.3500000500000002,0.8000001,2.6
2023-03-25,46.67,14000.0,132.28,175.0,1,False,False,True,False,7.44,0.5,23.494505,0.1,0.1,17.517542,0.7000000000000001,0.7000000000000001,25,3,5,1,1.0,6.123233995736766e-17,45.0,56.67,46.67,56125.0,28825.0,6550.0,21.982,20.984083,22.540335,0.0,0.0,0.0,0.0,0.0,0.0,16.2092085,15.085251,16.071709499999997,2.1,1.05000005,6.9,2.1,1.05000005,6.9,6.3,0.8000001
2023-03-26,45.0,102075.0,132.28,175.0,0,False,False,True,False,7.44,0.0,24.465338,0.0,0.0,18.606086,0.0,0.0,26,3,6,1,1.0,6.123233995736766e-17,46.67,56.67,45.0,14000.0,53925.0,31800.0,23.494505,21.252832,21.257,0.1,0.0,7.2,0.1,0.0,7.2,17.517542,15.787334000000001,15.4019165,0.7000000000000001,7.549999,5.10000005,0.7000000000000001,7.549999,5.10000005,0.5,6.3
2023-03-27,45.0,89900.0,132.28,175.0,0,False,False,True,False,7.44,0.1,23.602835,0.0,0.0,18.00296,0.0,0.0,27,3,0,0,1.0,6.123233995736766e-17,45.0,45.0,56.67,102075.0,75050.0,24875.0,24.465338,21.982,20.032,0.0,0.0,8.999999,0.0,0.0,8.999999,18.606086,16.2092085,14.4165,0.0,2.1,7.4000003,0.0,2.1,7.4000003,0.0,0.5
2023-03-28,45.0,97000.0,132.1,175.0,0,False,False,True,False,7.44,0.0,23.1695,0.0,0.0,18.4310835,0.0,0.0,28,3,1,0,1.0,6.123233995736766e-17,45.0,46.67,56.67,89900.0,23275.0,46000.0,23.602835,23.494505,20.1695,0.0,0.1,5.3999996,0.0,0.1,5.3999996,18.00296,17.517542,14.3727515,0.0,0.7000000000000001,10.600000999999999,0.0,0.7000000000000001,10.600000999999999,0.1,0.0
2023-03-29,55.0,37550.0,131.81,175.0,0,False,False,True,False,7.44,0.4,23.134085,0.0,0.0,18.710251,0.0,0.0,29,3,2,0,1.0,6.123233995736766e-17,45.0,45.0,56.67,97000.0,97600.0,7000.0,23.1695,24.465338,20.984083,0.0,0.0,0.0,0.0,0.0,0.0,18.4310835,18.606086,15.085251,0.0,0.0,1.05000005,0.0,0.0,1.05000005,0.0,0.1
2023-03-30,45.0,97100.0,132.05,175.0,0,False,False,True,False,7.44,0.0,24.188248,0.0,0.0,19.125875999999998,0.0,0.0,30,3,3,0,1.0,6.123233995736766e-17,55.0,45.0,56.67,37550.0,101050.0,18000.0,23.134085,23.602835,21.252832,0.0,0.0,0.0,0.0,0.0,0.0,18.710251,18.00296,15.787334000000001,0.0,0.0,7.549999,0.0,0.0,7.549999,0.4,0.0
2023-03-31,45.0,88800.0,132.05,175.0,0,False,False,True,False,7.44,7.9999995,22.779915,8.1,8.1,16.577958,2.85000005,2.85000005,31,3,4,0,1.0,6.123233995736766e-17,45.0,45.0,45.0,97100.0,56125.0,19475.0,24.188248,23.1695,21.982,0.0,0.0,0.0,0.0,0.0,0.0,19.125875999999998,18.4310835,16.2092085,0.0,0.0,2.1,0.0,0.0,2.1,0.0,0.4
2023-04-01,45.0,17800.0,131.77,175.0,0,False,False,True,False,7.76,8.1,21.467415,0.4,0.4,15.047751,2.5,2.5,1,4,5,1,0.8660254037844387,-0.4999999999999998,45.0,55.0,46.67,88800.0,14000.0,32060.0,22.779915,23.134085,23.494505,8.1,0.0,0.1,8.1,0.0,0.1,16.577958,18.710251,17.517542,2.85000005,0.0,0.7000000000000001,2.85000005,0.0,0.7000000000000001,7.9999995,0.0
2023-04-02,55.0,52500.0,131.77,175.0,0,False,False,True,False,7.76,13.300001,20.99033,0.9,0.9,14.544626000000001,8.3000005,8.3000005,2,4,6,1,0.8660254037844387,-0.4999999999999998,45.0,45.0,45.0,17800.0,102075.0,14000.0,21.467415,24.188248,24.465338,0.4,0.0,0.0,0.4,0.0,0.0,15.047751,19.125875999999998,18.606086,2.5,0.0,0.0,2.5,0.0,0.0,8.1,7.9999995
2023-04-03,65.0,73400.0,131.77,165.0,0,False,False,True,False,7.76,0.6,22.471586,0.0,0.0,16.8737925,4.1500002,4.1500002,3,4,0,0,0.8660254037844387,-0.4999999999999998,55.0,45.0,45.0,52500.0,89900.0,32212.5,20.99033,22.779915,23.602835,0.9,8.1,0.0,0.9,8.1,0.0,14.544626000000001,16.577958,18.00296,8.3000005,2.85000005,0.0,8.3000005,2.85000005,0.0,13.300001,8.1
2023-04-04,65.0,58500.0,132.04,165.0,0,False,False,True,False,7.76,0.8,23.727835,0.9,0.9,17.406084,3.85,3.85,4,4,1,0,0.8660254037844387,-0.4999999999999998,65.0,45.0,45.0,73400.0,97000.0,50425.0,22.471586,21.467415,23.1695,0.0,0.4,0.0,0.0,0.4,0.0,16.8737925,15.047751,18.4310835,4.1500002,2.5,0.0,4.1500002,2.5,0.0,0.6,13.300001
2023-04-05,65.0,40800.0,132.04,165.0,0,False,False,True,False,7.76,0.1,23.796585,0.0,0.0,18.695668,0.55,0.55,5,4,2,0,0.8660254037844387,-0.4999999999999998,65.0,55.0,55.0,58500.0,37550.0,12000.0,23.727835,20.99033,23.134085,0.9,0.9,0.0,0.9,0.9,0.0,17.406084,14.544626000000001,18.710251,3.85,8.3000005,0.0,3.85,8.3000005,0.0,0.8,0.6
2023-04-06,65.0,27250.0,131.51,165.0,0,False,False,True,False,7.76,0.0,23.8945,0.0,0.0,19.362333,0.0,0.0,6,4,3,0,0.8660254037844387,-0.4999999999999998,65.0,65.0,45.0,40800.0,97100.0,6000.0,23.796585,22.471586,24.188248,0.0,0.0,0.0,0.0,0.0,0.0,18.695668,16.8737925,19.125875999999998,0.55,4.1500002,0.0,0.55,4.1500002,0.0,0.1,0.8
2023-04-07,65.0,19000.0,131.32,165.0,0,False,False,True,False,7.76,0.0,24.465332,0.0,0.0,19.802958500000003,0.0,0.0,7,4,4,0,0.8660254037844387,-0.4999999999999998,65.0,65.0,45.0,27250.0,88800.0,4000.0,23.8945,23.727835,22.779915,0.0,0.9,8.1,0.0,0.9,8.1,19.362333,17.406084,16.577958,0.0,3.85,2.85000005,0.0,3.85,2.85000005,0.0,0.1
2023-04-08,55.0,10625.0,131.32,165.0,0,False,False,True,False,7.76,0.0,24.636168,0.0,0.0,20.3769165,0.0,0.0,8,4,5,1,0.8660254037844387,-0.4999999999999998,65.0,65.0,45.0,19000.0,17800.0,2750.0,24.465332,23.796585,21.467415,0.0,0.0,0.4,0.0,0.0,0.4,19.802958500000003,18.695668,15.047751,0.0,0.55,2.5,0.0,0.55,2.5,0.0,0.0
2023-04-09,55.0,29250.0,131.32,165.0,0,False,False,True,False,7.76,0.0,25.938248,0.0,0.0,20.9592095,0.15,0.15,9,4,6,1,0.8660254037844387,-0.4999999999999998,55.0,65.0,55.0,10625.0,52500.0,2250.0,24.636168,23.8945,20.99033,0.0,0.0,0.9,0.0,0.0,0.9,20.3769165,19.362333,14.544626000000001,0.0,0.0,8.3000005,0.0,0.0,8.3000005,0.0,0.0
2023-04-10,55.0,47250.0,131.32,165.0,0,False,False,True,False,7.76,0.0,25.813253,0.0,0.0,20.948793,0.0,0.0,10,4,0,0,0.8660254037844387,-0.4999999999999998,55.0,65.0,65.0,29250.0,73400.0,1750.0,25.938248,24.465332,22.471586,0.0,0.0,0.0,0.0,0.0,0.0,20.9592095,19.802958500000003,16.8737925,0.15,0.0,4.1500002,0.15,0.0,4.1500002,0.0,0.0
2023-04-11,55.0,25100.0,131.48,165.0,0,False,False,True,False,7.76,0.0,25.007004,0.0,0.0,21.771707999999997,0.0,0.0,11,4,1,0,0.8660254037844387,-0.4999999999999998,55.0,55.0,65.0,47250.0,58500.0,3500.0,25.813253,24.636168,23.727835,0.0,0.0,0.9,0.0,0.0,0.9,20.948793,20.3769165,17.406084,0.0,0.0,3.85,0.0,0.0,3.85,0.0,0.0
2023-04-12,55.0,55250.0,131.71,165.0,0,False,False,True,False,7.76,0.0,25.400751,0.0,0.0,22.4717075,0.0,0.0,12,4,2,0,0.8660254037844387,-0.4999999999999998,55.0,55.0,65.0,25100.0,40800.0,19750.0,25.007004,25.938248,23.796585,0.0,0.0,0.0,0.0,0.0,0.0,21.771707999999997,20.9592095,18.695668,0.0,0.15,0.55,0.0,0.15,0.55,0.0,0.0
2023-04-13,55.0,11250.0,131.63,165.0,1,False,False,True,False,7.76,0.0,26.186165,0.0,0.0,23.064416,0.0,0.0,13,4,3,0,0.8660254037844387,-0.4999999999999998,55.0,55.0,65.0,55250.0,27250.0,23625.0,25.400751,25.813253,23.8945,0.0,0.0,0.0,0.0,0.0,0.0,22.4717075,20.948793,19.362333,0.0,0.0,0.0,0.0,0.0,0.0,0.0,0.0
2023-04-14,55.0,27450.0,131.27,165.0,1,False,False,True,False,7.76,0.0,27.654917,0.0,0.0,23.7279625,0.0,0.0,14,4,4,0,0.8660254037844387,-0.4999999999999998,55.0,55.0,65.0,11250.0,19000.0,19600.0,26.186165,25.007004,24.465332,0.0,0.0,0.0,0.0,0.0,0.0,23.064416,21.771707999999997,19.802958500000003,0.0,0.0,0.0,0.0,0.0,0.0,0.0,0.0
2023-04-15,55.0,24480.0,131.27,165.0,0,False,False,True,False,7.76,0.8,28.409082,0.0,0.0,24.3467105,0.0,0.0,15,4,5,1,0.8660254037844387,-0.4999999999999998,55.0,55.0,55.0,27450.0,10625.0,65000.0,27.654917,25.400751,24.636168,0.0,0.0,0.0,0.0,0.0,0.0,23.7279625,22.4717075,20.3769165,0.0,0.0,0.0,0.0,0.0,0.0,0.0,0.0
2023-04-16,55.0,8550.0,131.27,165.0,0,False,False,True,False,7.76,0.0,28.48408,0.0,0.0,24.991504,0.0,0.0,16,4,6,1,0.8660254037844387,-0.4999999999999998,55.0,55.0,55.0,24480.0,29250.0,49250.0,28.409082,26.186165,25.938248,0.0,0.0,0.0,0.0,0.0,0.0,24.3467105,23.064416,20.9592095,0.0,0.0,0.15,0.0,0.0,0.15,0.8,0.0
2023-04-17,45.0,15275.0,131.27,165.0,0,False,False,True,False,7.76,0.0,28.469498,0.0,0.0,25.063378,0.0,0.0,17,4,0,0,0.8660254037844387,-0.4999999999999998,55.0,55.0,55.0,8550.0,47250.0,28825.0,28.48408,27.654917,25.813253,0.0,0.0,0.0,0.0,0.0,0.0,24.991504,23.7279625,20.948793,0.0,0.0,0.0,0.0,0.0,0.0,0.0,0.8
2023-04-18,55.0,11250.0,131.46,165.0,0,False,False,True,False,7.76,0.0,29.802834,0.0,0.0,25.764418,0.0,0.0,18,4,1,0,0.8660254037844387,-0.4999999999999998,45.0,55.0,55.0,15275.0,25100.0,53925.0,28.469498,28.409082,25.007004,0.0,0.0,0.0,0.0,0.0,0.0,25.063378,24.3467105,21.771707999999997,0.0,0.0,0.0,0.0,0.0,0.0,0.0,0.0
2023-04-19,55.0,16590.0,131.57,165.0,0,False,False,True,False,7.76,0.0,29.79033,0.0,0.0,25.5894185,0.15,0.15,19,4,2,0,0.8660254037844387,-0.4999999999999998,55.0,55.0,55.0,11250.0,55250.0,75050.0,29.802834,28.48408,25.400751,0.0,0.0,0.0,0.0,0.0,0.0,25.764418,24.991504,22.4717075,0.0,0.0,0.0,0.0,0.0,0.0,0.0,0.0
2023-04-20,55.0,17720.0,131.87,165.0,0,False,False,True,False,7.76,0.1,28.596582,0.0,0.0,24.5008755,0.0,0.0,20,4,3,0,0.8660254037844387,-0.4999999999999998,55.0,45.0,55.0,16590.0,11250.0,23275.0,29.79033,28.469498,26.186165,0.0,0.0,0.0,0.0,0.0,0.0,25.5894185,25.063378,23.064416,0.15,0.0,0.0,0.15,0.0,0.0,0.0,0.0
2023-04-21,55.0,34050.0,131.74,165.0,0,False,False,True,False,7.76,0.1,27.846582,2.6,2.6,21.9102485,0.95,0.95,21,4,4,0,0.8660254037844387,-0.4999999999999998,55.0,55.0,55.0,17720.0,27450.0,97600.0,28.596582,29.802834,27.654917,0.0,0.0,0.0,0.0,0.0,0.0,24.5008755,25.764418,23.7279625,0.0,0.0,0.0,0.0,0.0,0.0,0.1,0.0
2023-04-22,55.0,21365.0,131.65,165.0,0,False,False,True,False,7.76,0.8000001,27.498667,0.0,0.0,21.426918,0.2,0.2,22,4,5,1,0.8660254037844387,-0.4999999999999998,55.0,55.0,55.0,34050.0,24480.0,101050.0,27.846582,29.79033,28.409082,2.6,0.0,0.0,2.6,0.0,0.0,21.9102485,25.5894185,24.3467105,0.95,0.15,0.0,0.95,0.15,0.0,0.1,0.1
2023-04-23,55.0,15000.0,131.65,165.0,0,False,False,True,False,7.76,3.6999998,26.917418,0.0,0.0,20.8487935,0.79999995,0.79999995,23,4,6,1,0.8660254037844387,-0.4999999999999998,55.0,55.0,55.0,21365.0,8550.0,56125.0,27.498667,28.596582,28.48408,0.0,0.0,0.0,0.0,0.0,0.0,21.426918,24.5008755,24.991504,0.2,0.0,0.0,0.2,0.0,0.0,0.8000001,0.1
2023-04-24,55.0,27830.0,131.65,165.0,0,False,False,True,False,7.76,0.3,24.319502,0.6,0.6,17.82796,3.20000005,3.20000005,24,4,0,0,0.8660254037844387,-0.4999999999999998,55.0,55.0,45.0,15000.0,15275.0,14000.0,26.917418,27.846582,28.469498,0.0,2.6,0.0,0.0,2.6,0.0,20.8487935,21.9102485,25.063378,0.79999995,0.95,0.0,0.79999995,0.95,0.0,3.6999998,0.8000001
2023-04-25,55.0,24250.0,131.36,165.0,0,False,False,True,False,7.76,2.6,25.940332,0.0,0.0,19.047750999999998,0.3,0.3,25,4,1,0,0.8660254037844387,-0.4999999999999998,55.0,55.0,55.0,27830.0,11250.0,102075.0,24.319502,27.498667,29.802834,0.6,0.0,0.0,0.6,0.0,0.0,17.82796,21.426918,25.764418,3.20000005,0.2,0.0,3.20000005,0.2,0.0,0.3,3.6999998
2023-04-26,55.0,56575.0,131.37,165.0,0,False,False,True,False,7.76,0.4,27.488249,0.0,0.0,20.5039995,0.8500000000000001,0.8500000000000001,26,4,2,0,0.8660254037844387,-0.4999999999999998,55.0,55.0,55.0,24250.0,16590.0,89900.0,25.940332,26.917418,29.79033,0.0,0.0,0.0,0.0,0.0,0.0,19.047750999999998,20.8487935,25.5894185,0.3,0.79999995,0.15,0.3,0.79999995,0.15,2.6,0.3
2023-04-27,55.0,28000.0,131.13,165.0,0,False,False,True,False,7.76,0.1,27.092417,0.0,0.0,20.9342085,0.05,0.05,27,4,3,0,0.8660254037844387,-0.4999999999999998,55.0,55.0,55.0,56575.0,17720.0,97000.0,27.488249,24.319502,28.596582,0.0,0.6,0.0,0.0,0.6,0.0,20.5039995,17.82796,24.5008755,0.8500000000000001,3.20000005,0.0,0.8500000000000001,3.20000005,0.0,0.4,2.6
2023-04-28,55.0,30750.0,131.25,165.0,0,False,False,True,False,7.76,0.0,27.56325,0.0,0.0,21.164417,0.0,0.0,28,4,4,0,0.8660254037844387,-0.4999999999999998,55.0,55.0,55.0,28000.0,34050.0,37550.0,27.092417,25.940332,27.846582,0.0,0.0,2.6,0.0,0.0,2.6,20.9342085,19.047750999999998,21.9102485,0.05,0.3,0.95,0.05,0.3,0.95,0.1,0.4
2023-04-29,55.0,20837.5,131.23,165.0,0,False,False,True,False,7.76,2.0,27.479918,0.5,0.5,20.9508765,1.650000025,1.650000025,29,4,5,1,0.8660254037844387,-0.4999999999999998,55.0,55.0,55.0,30750.0,21365.0,97100.0,27.56325,27.488249,27.498667,0.0,0.0,0.0,0.0,0.0,0.0,21.164417,20.5039995,21.426918,0.0,0.8500000000000001,0.2,0.0,0.8500000000000001,0.2,0.0,0.1
2023-04-30,55.0,10925.0,131.23,165.0,0,False,False,True,False,7.76,2.6,25.52575,5.9,5.9,19.145668,2.1999999,2.1999999,30,4,6,1,0.8660254037844387,-0.4999999999999998,55.0,55.0,55.0,20837.5,15000.0,88800.0,27.479918,27.092417,26.917418,0.5,0.0,0.0,0.5,0.0,0.0,20.9508765,20.9342085,20.8487935,1.650000025,0.05,0.79999995,1.650000025,0.05,0.79999995,2.0,0.0
2023-05-01,45.0,10592.5,131.23,165.0,0,False,False,True,False,7.41,6.7000003,24.3945,0.4,0.4,17.565458999999997,2.4499999,2.4499999,1,5,0,0,0.49999999999999994,-0.8660254037844387,55.0,55.0,55.0,10925.0,27830.0,17800.0,25.52575,27.56325,24.319502,5.9,0.0,0.6,5.9,0.0,0.6,19.145668,21.164417,17.82796,2.1999999,0.0,3.20000005,2.1999999,0.0,3.20000005,2.6,2.0
2023-05-02,55.0,10260.0,131.23,165.0,0,False,False,True,False,7.41,13.4,24.992416,0.4,0.4,17.839418000000002,3.0999998499999997,3.0999998499999997,2,5,1,0,0.49999999999999994,-0.8660254037844387,45.0,55.0,55.0,10592.5,24250.0,52500.0,24.3945,27.479918,25.940332,0.4,0.5,0.0,0.4,0.5,0.0,17.565458999999997,20.9508765,19.047750999999998,2.4499999,1.650000025,0.3,2.4499999,1.650000025,0.3,6.7000003,2.6
2023-05-03,55.0,28300.0,131.32,165.0,0,False,False,True,False,7.41,6.0,26.831999,0.0,0.0,19.2321265,5.49999985,5.49999985,3,5,2,0,0.49999999999999994,-0.8660254037844387,55.0,55.0,55.0,10260.0,56575.0,73400.0,24.992416,25.52575,27.488249,0.4,5.9,0.0,0.4,5.9,0.0,17.839418000000002,19.145668,20.5039995,3.0999998499999997,2.1999999,0.8500000000000001,3.0999998499999997,2.1999999,0.8500000000000001,13.4,6.7000003
2023-05-04,55.0,32200.0,131.22,165.0,0,False,False,True,False,7.41,11.9,26.24659,6.1,6.1,18.7217085,4.4500005,4.4500005,4,5,3,0,0.49999999999999994,-0.8660254037844387,55.0,45.0,55.0,28300.0,28000.0,58500.0,26.831999,24.3945,27.092417,0.0,0.4,0.0,0.0,0.4,0.0,19.2321265,17.565458999999997,20.9342085,5.49999985,2.4499999,0.05,5.49999985,2.4499999,0.05,6.0,13.4
2023-05-05,55.0,12000.0,131.19,165.0,0,False,False,True,False,7.41,0.4,27.55075,0.0,0.0,20.205042,0.0,0.0,5,5,4,0,0.49999999999999994,-0.8660254037844387,55.0,55.0,55.0,32200.0,30750.0,40800.0,26.24659,24.992416,27.56325,6.1,0.4,0.0,6.1,0.4,0.0,18.7217085,17.839418000000002,21.164417,4.4500005,3.0999998499999997,0.0,4.4500005,3.0999998499999997,0.0,11.9,6.0
2023-05-06,55.0,12262.5,131.19,165.0,0,False,False,True,False,7.41,0.1,29.042414,0.0,0.0,21.7644175,0.25,0.25,6,5,5,1,0.49999999999999994,-0.8660254037844387,55.0,55.0,55.0,12000.0,20837.5,27250.0,27.55075,26.831999,27.479918,0.0,0.0,0.5,0.0,0.0,0.5,20.205042,19.2321265,20.9508765,0.0,5.49999985,1.650000025,0.0,5.49999985,1.650000025,0.4,11.9
2023-05-07,55.0,12525.0,131.19,165.0,0,False,False,True,False,7.41,0.4,30.28408,0.0,0.0,22.1987925,1.69999985,1.69999985,7,5,6,1,0.49999999999999994,-0.8660254037844387,55.0,55.0,55.0,12262.5,10925.0,19000.0,29.042414,26.24659,25.52575,0.0,6.1,5.9,0.0,6.1,5.9,21.7644175,18.7217085,19.145668,0.25,4.4500005,2.1999999,0.25,4.4500005,2.1999999,0.1,0.4
2023-05-08,55.0,20000.0,131.19,165.0,0,False,False,True,False,7.41,0.1,30.33825,0.0,0.0,23.362336,0.0,0.0,8,5,0,0,0.49999999999999994,-0.8660254037844387,55.0,55.0,45.0,12525.0,10592.5,10625.0,30.28408,27.55075,24.3945,0.0,0.0,0.4,0.0,0.0,0.4,22.1987925,20.205042,17.565458999999997,1.69999985,0.0,2.4499999,1.69999985,0.0,2.4499999,0.4,0.1
2023-05-09,55.0,11250.0,131.18,165.0,0,False,False,True,False,7.41,0.0,29.982004,0.0,0.0,23.488376,0.0,0.0,9,5,1,0,0.49999999999999994,-0.8660254037844387,55.0,55.0,55.0,20000.0,10260.0,29250.0,30.33825,29.042414,24.992416,0.0,0.0,0.4,0.0,0.0,0.4,23.362336,21.7644175,17.839418000000002,0.0,0.25,3.0999998499999997,0.0,0.25,3.0999998499999997,0.1,0.4
2023-05-10,56.67,11250.0,131.57,165.0,0,False,False,True,False,7.41,0.0,29.698664,0.0,0.0,23.783167499999998,0.0,0.0,10,5,2,0,0.49999999999999994,-0.8660254037844387,55.0,55.0,55.0,11250.0,28300.0,47250.0,29.982004,30.28408,26.831999,0.0,0.0,0.0,0.0,0.0,0.0,23.488376,22.1987925,19.2321265,0.0,1.69999985,5.49999985,0.0,1.69999985,5.49999985,0.0,0.1
2023-05-11,55.0,11250.0,131.48,165.0,0,False,False,True,False,7.41,0.0,29.22367,0.0,0.0,23.8404605,0.0,0.0,11,5,3,0,0.49999999999999994,-0.8660254037844387,56.67,55.0,55.0,11250.0,32200.0,25100.0,29.698664,30.33825,26.24659,0.0,0.0,6.1,0.0,0.0,6.1,23.783167499999998,23.362336,18.7217085,0.0,0.0,4.4500005,0.0,0.0,4.4500005,0.0,0.0
2023-05-12,55.0,11250.0,131.65,165.0,0,False,False,True,False,7.41,0.1,30.454918,0.0,0.0,23.912332499999998,0.0,0.0,12,5,4,0,0.49999999999999994,-0.8660254037844387,55.0,55.0,55.0,11250.0,12000.0,55250.0,29.22367,29.982004,27.55075,0.0,0.0,0.0,0.0,0.0,0.0,23.8404605,23.488376,20.205042,0.0,0.0,0.0,0.0,0.0,0.0,0.0,0.0
2023-05-13,55.0,10625.0,131.77,165.0,0,False,False,True,False,7.41,0.70000005,31.709078,0.0,0.0,23.965459000000003,0.0,0.0,13,5,5,1,0.49999999999999994,-0.8660254037844387,55.0,56.67,55.0,11250.0,12262.5,11250.0,30.454918,29.698664,29.042414,0.0,0.0,0.0,0.0,0.0,0.0,23.912332499999998,23.783167499999998,21.7644175,0.0,0.0,0.25,0.0,0.0,0.25,0.1,0.0
2023-05-14,55.0,39950.0,131.77,165.0,0,False,False,True,False,7.41,11.2,31.996588,0.0,0.0,22.855042500000003,3.5499997,3.5499997,14,5,6,1,0.49999999999999994,-0.8660254037844387,55.0,55.0,55.0,10625.0,12525.0,27450.0,31.709078,29.22367,30.28408,0.0,0.0,0.0,0.0,0.0,0.0,23.965459000000003,23.8404605,22.1987925,0.0,0.0,1.69999985,0.0,0.0,1.69999985,0.70000005,0.1
2023-05-15,55.0,41300.0,131.77,165.0,0,False,False,True,False,7.41,2.0,30.184082,0.0,0.0,21.273792999999998,7.85,7.85,15,5,0,0,0.49999999999999994,-0.8660254037844387,55.0,55.0,55.0,39950.0,20000.0,24480.0,31.996588,30.454918,30.33825,0.0,0.0,0.0,0.0,0.0,0.0,22.855042500000003,23.912332499999998,23.362336,3.5499997,0.0,0.0,3.5499997,0.0,0.0,11.2,0.70000005
2023-05-16,55.0,2625.0,131.98,155.0,0,False,False,True,False,7.41,17.5,29.29658,1.6,1.6,20.476917,17.65,17.65,16,5,1,0,0.49999999999999994,-0.8660254037844387,55.0,55.0,55.0,41300.0,11250.0,8550.0,30.184082,31.709078,29.982004,0.0,0.0,0.0,0.0,0.0,0.0,21.273792999999998,23.965459000000003,23.488376,7.85,0.0,0.0,7.85,0.0,0.0,2.0,11.2
2023-05-17,55.0,2500.0,131.84,155.0,0,False,False,True,False,7.41,10.099999,28.404917,6.1000004,6.1000004,20.693583,22.2999975,22.2999975,17,5,2,0,0.49999999999999994,-0.8660254037844387,55.0,55.0,56.67,2625.0,11250.0,15275.0,29.29658,31.996588,29.698664,1.6,0.0,0.0,1.6,0.0,0.0,20.476917,22.855042500000003,23.783167499999998,17.65,3.5499997,0.0,17.65,3.5499997,0.0,17.5,2.0
2023-05-18,55.0,13887.5,132.12,155.0,0,False,False,True,False,7.41,7.4999995,27.975748,1.2,1.2,20.7071265,22.300002999999997,22.300002999999997,18,5,3,0,0.49999999999999994,-0.8660254037844387,55.0,55.0,55.0,2500.0,11250.0,11250.0,28.404917,30.184082,29.22367,6.1000004,0.0,0.0,6.1000004,0.0,0.0,20.693583,21.273792999999998,23.8404605,22.2999975,7.85,0.0,22.2999975,7.85,0.0,10.099999,17.5
2023-05-19,55.0,25275.0,132.47,155.0,0,False,False,True,False,7.41,0.6,28.31117,0.0,0.0,21.669626,5.8500005,5.8500005,19,5,4,0,0.49999999999999994,-0.8660254037844387,55.0,55.0,55.0,13887.5,11250.0,16590.0,27.975748,29.29658,30.454918,1.2,1.6,0.0,1.2,1.6,0.0,20.7071265,20.476917,23.912332499999998,22.300002999999997,17.65,0.0,22.300002999999997,17.65,0.0,7.4999995,10.099999
2023-05-20,55.0,5125.0,132.56,155.0,0,False,False,True,False,7.41,0.70000005,28.95492,0.0,0.0,21.439418,7.6,7.6,20,5,5,1,0.49999999999999994,-0.8660254037844387,55.0,55.0,55.0,25275.0,10625.0,17720.0,28.31117,28.404917,31.709078,0.0,6.1000004,0.0,0.0,6.1000004,0.0,21.669626,20.693583,23.965459000000003,5.8500005,22.2999975,0.0,5.8500005,22.2999975,0.0,0.6,7.4999995
2023-05-21,55.0,2625.0,132.56,155.0,0,False,False,True,False,7.41,1.2,29.1445,1.6,1.6,21.7915025,0.55,0.55,21,5,6,1,0.49999999999999994,-0.8660254037844387,55.0,55.0,55.0,5125.0,39950.0,34050.0,28.95492,27.975748,31.996588,0.0,1.2,0.0,0.0,1.2,0.0,21.439418,20.7071265,22.855042500000003,7.6,22.300002999999997,3.5499997,7.6,22.300002999999997,3.5499997,0.70000005,0.6
2023-05-22,55.0,13000.0,132.56,155.0,0,False,False,True,False,7.41,1.4,30.23617,0.3,0.3,22.734209,0.8500000000000001,0.8500000000000001,22,5,0,0,0.49999999999999994,-0.8660254037844387,55.0,55.0,55.0,2625.0,41300.0,21365.0,29.1445,28.31117,30.184082,1.6,0.0,0.0,1.6,0.0,0.0,21.7915025,21.669626,21.273792999999998,0.55,5.8500005,7.85,0.55,5.8500005,7.85,1.2,0.70000005
2023-05-23,45.0,6575.0,132.83,155.0,0,False,False,True,False,7.41,4.4,26.396585,7.5999994,7.5999994,21.4019185,2.8499997500000003,2.8499997500000003,23,5,1,0,0.49999999999999994,-0.8660254037844387,55.0,55.0,55.0,13000.0,2625.0,15000.0,30.23617,28.95492,29.29658,0.3,0.0,1.6,0.3,0.0,1.6,22.734209,21.439418,20.476917,0.8500000000000001,7.6,17.65,0.8500000000000001,7.6,17.65,1.4,1.2
2023-05-24,45.0,2625.0,132.79,155.0,0,False,False,True,False,7.41,8.1,28.18825,0.2,0.2,21.5571275,9.75,9.75,24,5,2,0,0.49999999999999994,-0.8660254037844387,45.0,55.0,55.0,6575.0,2500.0,27830.0,26.396585,29.1445,28.404917,7.5999994,1.6,6.1000004,7.5999994,1.6,6.1000004,21.4019185,21.7915025,20.693583,2.8499997500000003,0.55,22.2999975,2.8499997500000003,0.55,22.2999975,4.4,1.4
2023-05-25,45.0,1250.0,132.56,155.0,0,False,False,True,False,7.41,17.000002,28.119501,2.6000001,2.6000001,20.1748335,14.0000005,14.0000005,25,5,3,0,0.49999999999999994,-0.8660254037844387,45.0,55.0,55.0,2625.0,13887.5,24250.0,28.18825,30.23617,27.975748,0.2,0.3,1.2,0.2,0.3,1.2,21.5571275,22.734209,20.7071265,9.75,0.8500000000000001,22.300002999999997,9.75,0.8500000000000001,22.300002999999997,8.1,4.4
2023-05-26,45.0,18125.0,132.69,155.0,0,False,False,True,False,7.41,4.8,26.079916,17.300001,17.300001,20.2623345,1.10000005,1.10000005,26,5,4,0,0.49999999999999994,-0.8660254037844387,45.0,45.0,55.0,1250.0,25275.0,56575.0,28.119501,26.396585,28.31117,2.6000001,7.5999994,0.0,2.6000001,7.5999994,0.0,20.1748335,21.4019185,21.669626,14.0000005,2.8499997500000003,5.8500005,14.0000005,2.8499997500000003,5.8500005,17.000002,8.1
2023-05-27,45.0,5000.0,132.43,155.0,0,False,False,True,False,7.41,2.8999999,26.309082,7.1000004,7.1000004,19.562335,6.05,6.05,27,5,5,1,0.49999999999999994,-0.8660254037844387,45.0,45.0,55.0,18125.0,5125.0,28000.0,26.079916,28.18825,28.95492,17.300001,0.2,0.0,17.300001,0.2,0.0,20.2623345,21.5571275,21.439418,1.10000005,9.75,7.6,1.10000005,9.75,7.6,4.8,17.000002
2023-05-28,45.0,2800.0,132.43,155.0,0,False,False,True,False,7.41,1.4000002,27.194498,1.3000001,1.3000001,20.4383775,1.35000005,1.35000005,28,5,6,1,0.49999999999999994,-0.8660254037844387,45.0,45.0,55.0,5000.0,2625.0,30750.0,26.309082,28.119501,29.1445,7.1000004,2.6000001,1.6,7.1000004,2.6000001,1.6,19.562335,20.1748335,21.7915025,6.05,14.0000005,0.55,6.05,14.0000005,0.55,2.8999999,4.8
2023-05-29,45.0,9000.0,132.43,155.0,0,False,False,True,False,7.41,1.3000001,29.27575,0.0,0.0,22.1727505,0.65000005,0.65000005,29,5,0,0,0.49999999999999994,-0.8660254037844387,45.0,45.0,55.0,2800.0,13000.0,20837.5,27.194498,26.079916,30.23617,1.3000001,17.300001,0.3,1.3000001,17.300001,0.3,20.4383775,20.2623345,22.734209,1.35000005,1.10000005,0.8500000000000001,1.35000005,1.10000005,0.8500000000000001,1.4000002,2.8999999
2023-05-30,38.75,5975.0,132.51,155.0,0,False,False,True,False,7.41,1.6000001,31.204916,0.0,0.0,23.9175425,0.0,0.0,30,5,1,0,0.49999999999999994,-0.8660254037844387,45.0,45.0,45.0,9000.0,6575.0,10925.0,29.27575,26.309082,26.396585,0.0,7.1000004,7.5999994,0.0,7.1000004,7.5999994,22.1727505,19.562335,21.4019185,0.65000005,6.05,2.8499997500000003,0.65000005,6.05,2.8499997500000003,1.3000001,1.4000002
2023-05-31,32.5,2950.0,132.64,155.0,0,False,False,True,False,7.41,0.1,32.381996,0.0,0.0,25.219627,0.0,0.0,31,5,2,0,0.49999999999999994,-0.8660254037844387,38.75,45.0,45.0,5975.0,2625.0,10592.5,31.204916,27.194498,28.18825,0.0,1.3000001,0.2,0.0,1.3000001,0.2,23.9175425,20.4383775,21.5571275,0.0,1.35000005,9.75,0.0,1.35000005,9.75,1.6000001,1.3000001
2023-06-01,27.5,10325.0,132.66,155.0,0,False,True,False,False,6.83,0.0,32.42158,0.0,0.0,25.6019175,0.0,0.0,1,6,3,0,1.2246467991473532e-16,-1.0,32.5,45.0,45.0,2950.0,1250.0,10260.0,32.381996,29.27575,28.119501,0.0,0.0,2.6000001,0.0,0.0,2.6000001,25.219627,22.1727505,20.1748335,0.0,0.65000005,14.0000005,0.0,0.65000005,14.0000005,0.1,1.6000001
2023-06-02,27.5,1425.0,132.16,155.0,0,False,True,False,False,6.83,0.0,32.440334,0.0,0.0,25.442543,0.0,0.0,2,6,4,0,1.2246467991473532e-16,-1.0,27.5,38.75,45.0,10325.0,18125.0,28300.0,32.42158,31.204916,26.079916,0.0,0.0,17.300001,0.0,0.0,17.300001,25.6019175,23.9175425,20.2623345,0.0,0.0,1.10000005,0.0,0.0,1.10000005,0.0,0.1
2023-06-03,27.5,2787.5,132.0,155.0,0,False,True,False,False,6.83,0.4,32.352833,0.0,0.0,25.5925425,0.0,0.0,3,6,5,1,1.2246467991473532e-16,-1.0,27.5,32.5,45.0,1425.0,5000.0,32200.0,32.440334,32.381996,26.309082,0.0,0.0,7.1000004,0.0,0.0,7.1000004,25.442543,25.219627,19.562335,0.0,0.0,6.05,0.0,0.0,6.05,0.0,0.0
2023-06-04,27.67,4150.0,132.0,155.0,0,False,True,False,False,6.83,0.0,32.040333,0.0,0.0,25.345666,0.0,0.0,4,6,6,1,1.2246467991473532e-16,-1.0,27.5,27.5,45.0,2787.5,2800.0,12000.0,32.352833,32.42158,27.194498,0.0,0.0,1.3000001,0.0,0.0,1.3000001,25.5925425,25.6019175,20.4383775,0.0,0.0,1.35000005,0.0,0.0,1.35000005,0.4,0.0
2023-06-05,27.5,14950.0,132.0,155.0,0,False,True,False,False,6.83,0.0,32.79658,0.0,0.0,25.114416,0.05,0.05,5,6,0,0,1.2246467991473532e-16,-1.0,27.67,27.5,45.0,4150.0,9000.0,12262.5,32.040333,32.440334,29.27575,0.0,0.0,0.0,0.0,0.0,0.0,25.345666,25.442543,22.1727505,0.0,0.0,0.65000005,0.0,0.0,0.65000005,0.0,0.4
2023-06-06,25.0,10575.0,132.58,155.0,0,False,True,False,False,6.83,3.3999999,33.492416,0.0,0.0,25.271707499999998,0.2,0.2,6,6,1,0,1.2246467991473532e-16,-1.0,27.5,27.5,38.75,14950.0,5975.0,12525.0,32.79658,32.352833,31.204916,0.0,0.0,0.0,0.0,0.0,0.0,25.114416,25.5925425,23.9175425,0.05,0.0,0.0,0.05,0.0,0.0,0.0,0.0
2023-06-07,22.5,6200.0,132.48,155.0,0,False,True,False,False,6.83,0.3,34.107,0.0,0.0,25.5477515,0.3,0.3,7,6,2,0,1.2246467991473532e-16,-1.0,25.0,27.67,32.5,10575.0,2950.0,20000.0,33.492416,32.040333,32.381996,0.0,0.0,0.0,0.0,0.0,0.0,25.271707499999998,25.345666,25.219627,0.2,0.0,0.0,0.2,0.0,0.0,3.3999999,0.0
2023-06-08,30.63,6425.0,132.38,155.0,0,False,True,False,False,6.83,0.2,34.727833,0.0,0.0,26.4196255,0.1,0.1,8,6,3,0,1.2246467991473532e-16,-1.0,22.5,27.5,27.5,6200.0,10325.0,11250.0,34.107,32.79658,32.42158,0.0,0.0,0.0,0.0,0.0,0.0,25.5477515,25.114416,25.6019175,0.3,0.05,0.0,0.3,0.05,0.0,0.3,3.3999999
2023-06-09,38.75,6650.0,132.41,155.0,0,False,True,False,False,6.83,0.2,34.68408,0.0,0.0,26.819626,0.0,0.0,9,6,4,0,1.2246467991473532e-16,-1.0,30.63,25.0,27.5,6425.0,1425.0,11250.0,34.727833,33.492416,32.440334,0.0,0.0,0.0,0.0,0.0,0.0,26.4196255,25.271707499999998,25.442543,0.1,0.2,0.0,0.1,0.2,0.0,0.2,0.3
2023-06-10,46.88,6875.0,132.25,155.0,0,False,True,False,False,6.83,1.4,33.340332,0.9,0.9,25.837336999999998,0.3,0.3,10,6,5,1,1.2246467991473532e-16,-1.0,38.75,22.5,27.5,6650.0,2787.5,11250.0,34.68408,34.107,32.352833,0.0,0.0,0.0,0.0,0.0,0.0,26.819626,25.5477515,25.5925425,0.0,0.3,0.0,0.0,0.3,0.0,0.2,0.2
2023-06-11,55.0,7100.0,132.25,155.0,0,False,True,False,False,6.83,1.8,31.327833,2.6999998,2.6999998,24.677959,3.3499998,3.3499998,11,6,6,1,1.2246467991473532e-16,-1.0,46.88,30.63,27.67,6875.0,4150.0,11250.0,33.340332,34.727833,32.040333,0.9,0.0,0.0,0.9,0.0,0.0,25.837336999999998,26.4196255,25.345666,0.3,0.1,0.0,0.3,0.1,0.0,1.4,0.2
2023-06-12,55.0,7450.0,132.25,155.0,0,False,True,False,False,6.83,4.2999997,29.36534,2.6999998,2.6999998,23.565458999999997,11.3,11.3,12,6,0,0,1.2246467991473532e-16,-1.0,55.0,38.75,27.5,7100.0,14950.0,10625.0,31.327833,34.68408,32.79658,2.6999998,0.0,0.0,2.6999998,0.0,0.0,24.677959,26.819626,25.114416,3.3499998,0.0,0.05,3.3499998,0.0,0.05,1.8,1.4
2023-06-13,35.0,2500.0,132.2,155.0,0,False,True,False,False,6.83,5.7,28.827833,11.9,11.9,23.305044000000002,14.1,14.1,13,6,1,0,1.2246467991473532e-16,-1.0,55.0,46.88,25.0,7450.0,10575.0,39950.0,29.36534,33.340332,33.492416,2.6999998,0.9,0.0,2.6999998,0.9,0.0,23.565458999999997,25.837336999999998,25.271707499999998,11.3,0.3,0.2,11.3,0.3,0.2,4.2999997,1.8
2023-06-14,35.0,1875.0,132.1,155.0,0,False,True,False,False,6.83,44.89999,29.907003,0.6,0.6,22.1092085,70.549997,70.549997,14,6,2,0,1.2246467991473532e-16,-1.0,35.0,55.0,22.5,2500.0,6200.0,41300.0,28.827833,31.327833,34.107,11.9,2.6999998,0.0,11.9,2.6999998,0.0,23.305044000000002,24.677959,25.5477515,14.1,3.3499998,0.3,14.1,3.3499998,0.3,5.7,4.2999997
2023-06-15,35.0,2000.0,131.66,155.0,0,False,True,False,False,6.83,17.300001,31.529917,0.0,0.0,23.1373345,27.1000005,27.1000005,15,6,3,0,1.2246467991473532e-16,-1.0,35.0,55.0,30.63,1875.0,6425.0,2625.0,29.907003,29.36534,34.727833,0.6,2.6999998,0.0,0.6,2.6999998,0.0,22.1092085,23.565458999999997,26.4196255,70.549997,11.3,0.1,70.549997,11.3,0.1,44.89999,5.7
2023-06-16,35.0,2125.0,131.79,155.0,0,False,True,False,False,6.83,1.4000001,31.938248,0.0,0.0,24.0550435,6.2,6.2,16,6,4,0,1.2246467991473532e-16,-1.0,35.0,35.0,38.75,2000.0,6650.0,2500.0,31.529917,28.827833,34.68408,0.0,11.9,0.0,0.0,11.9,0.0,23.1373345,23.305044000000002,26.819626,27.1000005,14.1,0.0,27.1000005,14.1,0.0,17.300001,44.89999
2023-06-17,34.53,1416.67,131.4,155.0,0,False,True,False,False,6.83,2.3,32.0695,0.0,0.0,24.9831665,14.95,14.95,17,6,5,1,1.2246467991473532e-16,-1.0,35.0,35.0,46.88,2125.0,6875.0,13887.5,31.938248,29.907003,33.340332,0.0,0.6,0.9,0.0,0.6,0.9,24.0550435,22.1092085,25.837336999999998,6.2,70.549997,0.3,6.2,70.549997,0.3,1.4000001,17.300001
2023-06-18,34.07,708.33,131.4,155.0,0,False,True,False,False,6.83,1.9000002,30.902832,3.8,3.8,23.6956665,19.600001499999998,19.600001499999998,18,6,6,1,1.2246467991473532e-16,-1.0,34.53,35.0,55.0,1416.67,7100.0,25275.0,32.0695,31.529917,31.327833,0.0,0.0,2.6999998,0.0,0.0,2.6999998,24.9831665,23.1373345,24.677959,14.95,27.1000005,3.3499998,14.95,27.1000005,3.3499998,2.3,1.4000001
2023-06-19,33.6,1229.165,131.4,155.0,0,False,True,False,False,6.83,1.4000001,30.338247,13.700001,13.700001,23.680044000000002,11.100000000000001,11.100000000000001,19,6,0,0,1.2246467991473532e-16,-1.0,34.07,35.0,55.0,708.33,7450.0,5125.0,30.902832,31.938248,29.36534,3.8,0.0,2.6999998,3.8,0.0,2.6999998,23.6956665,24.0550435,23.565458999999997,19.600001499999998,6.2,11.3,19.600001499999998,6.2,11.3,1.9000002,2.3
2023-06-20,40.0,1750.0,131.4,155.0,0,False,True,False,False,6.83,5.5,29.609083,1.0,1.0,24.033168500000002,7.0499998,7.0499998,20,6,1,0,1.2246467991473532e-16,-1.0,33.6,34.53,35.0,1229.165,2500.0,2625.0,30.338247,32.0695,28.827833,13.700001,0.0,11.9,13.700001,0.0,11.9,23.680044000000002,24.9831665,23.305044000000002,11.100000000000001,14.95,14.1,11.100000000000001,14.95,14.1,1.4000001,1.9000002
2023-06-21,39.0,2250.0,131.7,155.0,0,False,True,False,False,6.83,9.700002,29.79033,10.799999,10.799999,24.226917999999998,10.30000165,10.30000165,21,6,2,0,1.2246467991473532e-16,-1.0,40.0,34.07,35.0,1750.0,1875.0,13000.0,29.609083,30.902832,29.907003,1.0,3.8,0.6,1.0,3.8,0.6,24.033168500000002,23.6956665,22.1092085,7.0499998,19.600001499999998,70.549997,7.0499998,19.600001499999998,70.549997,5.5,1.4000001
2023-06-22,37.5,5125.0,131.57,155.0,0,False,True,False,False,6.83,5.2000003,28.813248,56.0,56.0,24.220668,11.649999000000001,11.649999000000001,22,6,3,0,1.2246467991473532e-16,-1.0,39.0,33.6,35.0,2250.0,2000.0,6575.0,29.79033,30.338247,31.529917,10.799999,13.700001,0.0,10.799999,13.700001,0.0,24.226917999999998,23.680044000000002,23.1373345,10.30000165,11.100000000000001,27.1000005,10.30000165,11.100000000000001,27.1000005,9.700002,5.5
2023-06-23,45.0,5362.5,131.43,155.0,0,False,True,False,False,6.83,9.2,29.104914,26.099998,26.099998,24.3008765,27.9999965,27.9999965,23,6,4,0,1.2246467991473532e-16,-1.0,37.5,40.0,35.0,5125.0,2125.0,2625.0,28.813248,29.609083,31.938248,56.0,1.0,0.0,56.0,1.0,0.0,24.220668,24.033168500000002,24.0550435,11.649999000000001,7.0499998,6.2,11.649999000000001,7.0499998,6.2,5.2000003,9.700002
2023-06-24,45.0,5600.0,131.56,155.0,0,False,True,False,False,6.83,27.200005,29.513252,3.8,3.8,23.838375,24.300002,24.300002,24,6,5,1,1.2246467991473532e-16,-1.0,45.0,39.0,34.53,5362.5,1416.67,1250.0,29.104914,29.79033,32.0695,26.099998,10.799999,0.0,26.099998,10.799999,0.0,24.3008765,24.226917999999998,24.9831665,27.9999965,10.30000165,14.95,27.9999965,10.30000165,14.95,9.2,5.2000003
2023-06-25,45.0,375.0,131.56,155.0,0,False,True,False,False,6.83,24.100002,30.16742,7.3,7.3,23.708168,23.849999,23.849999,25,6,6,1,1.2246467991473532e-16,-1.0,45.0,37.5,34.07,5600.0,708.33,18125.0,29.513252,28.813248,30.902832,3.8,56.0,3.8,3.8,56.0,3.8,23.838375,24.220668,23.6956665,24.300002,11.649999000000001,19.600001499999998,24.300002,11.649999000000001,19.600001499999998,27.200005,9.2
2023-06-26,45.0,6150.0,131.56,155.0,0,False,True,False,False,6.83,3.7,30.677834,0.0,0.0,23.739418,8.3,8.3,26,6,0,0,1.2246467991473532e-16,-1.0,45.0,45.0,33.6,375.0,1229.165,5000.0,30.16742,29.104914,30.338247,7.3,26.099998,13.700001,7.3,26.099998,13.700001,23.708168,24.3008765,23.680044000000002,23.849999,27.9999965,11.100000000000001,23.849999,27.9999965,11.100000000000001,24.100002,27.200005
2023-06-27,45.0,4662.5,131.57,155.0,0,False,True,False,False,6.83,11.500002,29.792418,0.1,0.1,23.2508765,14.850000000000001,14.850000000000001,27,6,1,0,1.2246467991473532e-16,-1.0,45.0,45.0,40.0,6150.0,1750.0,2800.0,30.677834,29.513252,29.609083,0.0,3.8,1.0,0.0,3.8,1.0,23.739418,23.838375,24.033168500000002,8.3,24.300002,7.0499998,8.3,24.300002,7.0499998,3.7,24.100002
2023-06-28,50.0,3175.0,131.55,155.0,0,False,True,False,False,6.83,26.200003,29.004915,1.8000002,1.8000002,22.929001,19.2499995,19.2499995,28,6,2,0,1.2246467991473532e-16,-1.0,45.0,45.0,39.0,4662.5,2250.0,9000.0,29.792418,30.16742,29.79033,0.1,7.3,10.799999,0.1,7.3,10.799999,23.2508765,23.708168,24.226917999999998,14.850000000000001,23.849999,10.30000165,14.850000000000001,23.849999,10.30000165,11.500002,3.7
2023-06-29,65.0,2962.5,131.6,155.0,0,False,True,False,False,6.83,7.8999996,27.484085,13.800001,13.800001,22.7842075,13.1500005,13.1500005,29,6,3,0,1.2246467991473532e-16,-1.0,50.0,45.0,37.5,3175.0,5125.0,5975.0,29.004915,30.677834,28.813248,1.8000002,0.0,56.0,1.8000002,0.0,56.0,22.929001,23.739418,24.220668,19.2499995,8.3,11.649999000000001,19.2499995,8.3,11.649999000000001,26.200003,11.500002
2023-06-30,55.0,2750.0,131.6,155.0,0,False,True,False,False,6.83,30.1,26.850754,22.199999,22.199999,22.256083500000003,37.749998500000004,37.749998500000004,30,6,4,0,1.2246467991473532e-16,-1.0,65.0,45.0,45.0,2962.5,5362.5,2950.0,27.484085,29.792418,29.104914,13.800001,0.1,26.099998,13.800001,0.1,26.099998,22.7842075,23.2508765,24.3008765,13.1500005,14.850000000000001,27.9999965,13.1500005,14.850000000000001,27.9999965,7.8999996,26.200003
2023-07-01,55.0,2537.5,131.57,155.0,0,False,True,False,False,7.44,31.300003,26.881998,22.900002,22.900002,22.310252,17.2500025,17.2500025,1,7,5,1,-0.4999999999999997,-0.8660254037844388,55.0,50.0,45.0,2750.0,5600.0,10325.0,26.850754,29.004915,29.513252,22.199999,1.8000002,3.8,22.199999,1.8000002,3.8,22.256083500000003,22.929001,23.838375,37.749998500000004,19.2499995,24.300002,37.749998500000004,19.2499995,24.300002,30.1,7.8999996
2023-07-02,55.0,2325.0,131.57,155.0,0,False,True,False,False,7.44,24.5,27.792418,28.400002,28.400002,23.0196245,8.14999985,8.14999985,2,7,6,1,-0.4999999999999997,-0.8660254037844388,55.0,65.0,45.0,2537.5,375.0,1425.0,26.881998,27.484085,30.16742,22.900002,13.800001,7.3,22.900002,13.800001,7.3,22.310252,22.7842075,23.708168,17.2500025,13.1500005,23.849999,17.2500025,13.1500005,23.849999,31.300003,30.1
2023-07-03,65.0,2112.5,131.57,150.0,0,False,True,False,False,7.44,29.700003,27.111168,25.6,25.6,23.1019175,9.6,9.6,3,7,0,0,-0.4999999999999997,-0.8660254037844388,55.0,55.0,45.0,2325.0,6150.0,2787.5,27.792418,26.850754,30.677834,28.400002,22.199999,0.0,28.400002,22.199999,0.0,23.0196245,22.256083500000003,23.739418,8.14999985,37.749998500000004,8.3,8.14999985,37.749998500000004,8.3,24.5,31.300003
2023-07-04,75.0,1900.0,131.44,150.0,0,False,True,False,False,7.44,38.100006,28.50908,15.200002,15.200002,22.7717105,16.349999500000003,16.349999500000003,4,7,1,0,-0.4999999999999997,-0.8660254037844388,65.0,55.0,45.0,2112.5,4662.5,4150.0,27.111168,26.881998,29.792418,25.6,22.900002,0.1,25.6,22.900002,0.1,23.1019175,22.310252,23.2508765,9.6,17.2500025,14.850000000000001,9.6,17.2500025,14.850000000000001,29.700003,24.5
2023-07-05,84.0,1687.5,131.54,150.0,0,False,True,False,False,7.44,9.799999,27.832,22.0,22.0,22.5196245,6.79999985,6.79999985,5,7,2,0,-0.4999999999999997,-0.8660254037844388,75.0,55.0,50.0,1900.0,3175.0,14950.0,28.50908,27.792418,29.004915,15.200002,28.400002,1.8000002,15.200002,28.400002,1.8000002,22.7717105,23.0196245,22.929001,16.349999500000003,8.14999985,19.2499995,16.349999500000003,8.14999985,19.2499995,38.100006,29.700003
2023-07-06,85.0,1475.0,131.87,150.0,0,False,True,False,False,7.44,26.9,29.369497,2.6,2.6,23.4144175,4.7499995,4.7499995,6,7,3,0,-0.4999999999999997,-0.8660254037844388,84.0,65.0,65.0,1687.5,2962.5,10575.0,27.832,27.111168,27.484085,22.0,25.6,13.800001,22.0,25.6,13.800001,22.5196245,23.1019175,22.7842075,6.79999985,9.6,13.1500005,6.79999985,9.6,13.1500005,9.799999,38.100006
2023-07-07,95.0,1262.5,132.32,150.0,0,False,True,False,False,7.44,28.200003,29.323671,0.5,0.5,23.530045,9.55,9.55,7,7,4,0,-0.4999999999999997,-0.8660254037844388,85.0,75.0,55.0,1475.0,2750.0,6200.0,29.369497,28.50908,26.850754,2.6,15.200002,22.199999,2.6,15.200002,22.199999,23.4144175,22.7717105,22.256083500000003,4.7499995,16.349999500000003,37.749998500000004,4.7499995,16.349999500000003,37.749998500000004,26.9,9.799999
2023-07-08,95.0,1050.0,132.69,150.0,0,False,True,False,False,7.44,21.3,29.223665,5.3000007,5.3000007,23.464418000000002,8.300001,8.300001,8,7,5,1,-0.4999999999999997,-0.8660254037844388,95.0,84.0,55.0,1262.5,2537.5,6425.0,29.323671,27.832,26.881998,0.5,22.0,22.900002,0.5,22.0,22.900002,23.530045,22.5196245,22.310252,9.55,6.79999985,17.2500025,9.55,6.79999985,17.2500025,28.200003,26.9
2023-07-09,95.0,1160.0,132.69,150.0,0,False,True,False,False,7.44,14.400001,29.982,0.8000001,0.8000001,23.869627,4.8499999,4.8499999,9,7,6,1,-0.4999999999999997,-0.8660254037844388,95.0,85.0,55.0,1050.0,2325.0,6650.0,29.223665,29.369497,27.792418,5.3000007,2.6,28.400002,5.3000007,2.6,28.400002,23.464418000000002,23.4144175,23.0196245,8.300001,4.7499995,8.14999985,8.300001,4.7499995,8.14999985,21.3,28.200003
2023-07-10,95.0,1270.0,132.69,150.0,0,False,True,False,False,7.44,22.100002,29.26533,3.9,3.9,24.0654605,2.9499999,2.9499999,10,7,0,0,-0.4999999999999997,-0.8660254037844388,95.0,95.0,65.0,1160.0,2112.5,6875.0,29.982,29.323671,27.111168,0.8000001,0.5,25.6,0.8000001,0.5,25.6,23.869627,23.530045,23.1019175,4.8499999,9.55,9.6,4.8499999,9.55,9.6,14.400001,21.3
2023-07-11,95.0,1380.0,132.41,150.0,0,False,True,False,False,7.44,18.499998,29.10283,2.8999999,2.8999999,23.8394145,7.100000250000001,7.100000250000001,11,7,1,0,-0.4999999999999997,-0.8660254037844388,95.0,95.0,75.0,1270.0,1900.0,7100.0,29.26533,29.223665,28.50908,3.9,5.3000007,15.200002,3.9,5.3000007,15.200002,24.0654605,23.464418000000002,22.7717105,2.9499999,8.300001,16.349999500000003,2.9499999,8.300001,16.349999500000003,22.100002,14.400001
2023-07-12,85.0,1490.0,132.09,150.0,0,False,True,False,False,7.44,26.000002,28.184082,22.900003,22.900003,23.2758765,8.9499995,8.9499995,12,7,2,0,-0.4999999999999997,-0.8660254037844388,95.0,95.0,84.0,1380.0,1687.5,7450.0,29.10283,29.982,27.832,2.8999999,0.8000001,22.0,2.8999999,0.8000001,22.0,23.8394145,23.869627,22.5196245,7.100000250000001,4.8499999,6.79999985,7.100000250000001,4.8499999,6.79999985,18.499998,22.100002
2023-07-13,95.0,1600.0,131.9,150.0,0,False,True,False,False,7.44,3.6,27.467415,17.6,17.6,22.936292,11.65,11.65,13,7,3,0,-0.4999999999999997,-0.8660254037844388,85.0,95.0,85.0,1490.0,1475.0,2500.0,28.184082,29.26533,29.369497,22.900003,3.9,2.6,22.900003,3.9,2.6,23.2758765,24.0654605,23.4144175,8.9499995,2.9499999,4.7499995,8.9499995,2.9499999,4.7499995,26.000002,18.499998
2023-07-14,75.0,1567.0454545454545,131.62,150.0,0,False,True,False,False,7.44,26.4,27.157003,36.8,36.8,23.007126,17.44999865,17.44999865,14,7,4,0,-0.4999999999999997,-0.8660254037844388,95.0,95.0,95.0,1600.0,1262.5,1875.0,27.467415,29.10283,29.323671,17.6,2.8999999,0.5,17.6,2.8999999,0.5,22.936292,23.8394145,23.530045,11.65,7.100000250000001,9.55,11.65,7.100000250000001,9.55,3.6,26.000002
2023-07-15,75.0,1534.090909090909,131.77,150.0,0,False,True,False,False,7.44,11.5,28.521584,20.800001,20.800001,23.4435845,7.4,7.4,15,7,5,1,-0.4999999999999997,-0.8660254037844388,75.0,85.0,95.0,1567.0454545454545,1050.0,2000.0,27.157003,28.184082,29.223665,36.8,22.900003,5.3000007,36.8,22.900003,5.3000007,23.007126,23.2758765,23.464418000000002,17.44999865,8.9499995,8.300001,17.44999865,8.9499995,8.300001,26.4,3.6
2023-07-16,75.0,1501.1363636363637,131.77,146.0,0,False,True,False,False,7.44,39.499992,29.586166,0.9,0.9,23.382126,12.25,12.25,16,7,6,1,-0.4999999999999997,-0.8660254037844388,75.0,95.0,95.0,1534.090909090909,1160.0,2125.0,28.521584,27.467415,29.982,20.800001,17.6,0.8000001,20.800001,17.6,0.8000001,23.4435845,22.936292,23.869627,7.4,11.65,4.8499999,7.4,11.65,4.8499999,11.5,26.4
2023-07-17,85.0,1468.1818181818182,131.77,146.0,0,False,True,False,False,7.44,44.3,29.248665,0.90000004,0.90000004,23.1258755,15.400001,15.400001,17,7,0,0,-0.4999999999999997,-0.8660254037844388,75.0,75.0,95.0,1501.1363636363637,1270.0,1416.67,29.586166,27.157003,29.26533,0.9,36.8,3.9,0.9,36.8,3.9,23.382126,23.007126,24.0654605,12.25,17.44999865,2.9499999,12.25,17.44999865,2.9499999,39.499992,11.5
2023-07-18,86.0,1435.2272727272727,131.57,146.0,0,False,True,False,False,7.44,10.7,29.123667,0.0,0.0,22.921709,8.200001,8.200001,18,7,1,0,-0.4999999999999997,-0.8660254037844388,85.0,75.0,95.0,1468.1818181818182,1380.0,708.33,29.248665,28.521584,29.10283,0.90000004,20.800001,2.8999999,0.90000004,20.800001,2.8999999,23.1258755,23.4435845,23.8394145,15.400001,7.4,7.100000250000001,15.400001,7.4,7.100000250000001,44.3,39.499992
2023-07-19,85.0,1402.2727272727273,131.56,146.0,0,False,True,False,False,7.44,3.3999999,30.771582,0.0,0.0,24.032125,1.7999999500000001,1.7999999500000001,19,7,2,0,-0.4999999999999997,-0.8660254037844388,86.0,75.0,85.0,1435.2272727272727,1490.0,1229.165,29.123667,29.586166,28.184082,0.0,0.9,22.900003,0.0,0.9,22.900003,22.921709,23.382126,23.2758765,8.200001,12.25,8.9499995,8.200001,12.25,8.9499995,10.7,44.3
2023-07-20,85.0,1369.3181818181818,131.66,146.0,0,False,True,False,False,7.44,2.7999997,30.711166,2.3,2.3,24.744627,2.7999997,2.7999997,20,7,3,0,-0.4999999999999997,-0.8660254037844388,85.0,85.0,95.0,1402.2727272727273,1600.0,1750.0,30.771582,29.248665,27.467415,0.0,0.90000004,17.6,0.0,0.90000004,17.6,24.032125,23.1258755,22.936292,1.7999999500000001,15.400001,11.65,1.7999999500000001,15.400001,11.65,3.3999999,10.7
2023-07-21,85.0,1336.3636363636365,131.48,146.0,0,False,True,False,False,7.44,35.1,30.350748,1.1,1.1,23.909209,18.749999,18.749999,21,7,4,0,-0.4999999999999997,-0.8660254037844388,85.0,86.0,75.0,1369.3181818181818,1567.0454545454545,2250.0,30.711166,29.123667,27.157003,2.3,0.0,36.8,2.3,0.0,36.8,24.744627,22.921709,23.007126,2.7999997,8.200001,17.44999865,2.7999997,8.200001,17.44999865,2.7999997,3.3999999
2023-07-22,86.67,1303.409090909091,131.42,146.0,0,False,True,False,False,7.44,1.3000001,30.242422,3.8999999,3.8999999,24.027957999999998,9.94999885,9.94999885,22,7,5,1,-0.4999999999999997,-0.8660254037844388,85.0,85.0,75.0,1336.3636363636365,1534.090909090909,5125.0,30.350748,30.771582,28.521584,1.1,0.0,20.800001,1.1,0.0,20.800001,23.909209,24.032125,23.4435845,18.749999,1.7999999500000001,7.4,18.749999,1.7999999500000001,7.4,35.1,2.7999997
2023-07-23,85.0,1270.4545454545455,131.42,146.0,0,False,True,False,False,7.44,36.2,30.107002,9.6,9.6,23.526919499999998,12.399999000000001,12.399999000000001,23,7,6,1,-0.4999999999999997,-0.8660254037844388,86.67,85.0,75.0,1303.409090909091,1501.1363636363637,5362.5,30.242422,30.711166,29.586166,3.8999999,2.3,0.9,3.8999999,2.3,0.9,24.027957999999998,24.744627,23.382126,9.94999885,2.7999997,12.25,9.94999885,2.7999997,12.25,1.3000001,35.1
2023-07-24,96.67,1237.5,131.42,146.0,0,False,True,False,False,7.44,4.6000004,29.150751,10.8,10.8,22.949832999999998,4.54999995,4.54999995,24,7,0,0,-0.4999999999999997,-0.8660254037844388,85.0,85.0,85.0,1270.4545454545455,1468.1818181818182,5600.0,30.107002,30.350748,29.248665,9.6,1.1,0.90000004,9.6,1.1,0.90000004,23.526919499999998,23.909209,23.1258755,12.399999000000001,18.749999,15.400001,12.399999000000001,18.749999,15.400001,36.2,1.3000001
2023-07-25,110.0,1204.5454545454545,131.21,146.0,0,False,True,False,False,7.44,13.2,28.234083,21.900002,21.900002,22.54775,14.5000008,14.5000008,25,7,1,0,-0.4999999999999997,-0.8660254037844388,96.67,86.67,86.0,1237.5,1435.2272727272727,375.0,29.150751,30.242422,29.123667,10.8,3.8999999,0.0,10.8,3.8999999,0.0,22.949832999999998,24.027957999999998,22.921709,4.54999995,9.94999885,8.200001,4.54999995,9.94999885,8.200001,4.6000004,36.2
2023-07-26,100.0,1171.590909090909,131.3,146.0,0,False,True,False,False,7.44,4.5999994,29.829916,0.6,0.6,23.466502,1.99999995,1.99999995,26,7,2,0,-0.4999999999999997,-0.8660254037844388,110.0,85.0,85.0,1204.5454545454545,1402.2727272727273,6150.0,28.234083,30.107002,30.771582,21.900002,9.6,0.0,21.900002,9.6,0.0,22.54775,23.526919499999998,24.032125,14.5000008,12.399999000000001,1.7999999500000001,14.5000008,12.399999000000001,1.7999999500000001,13.2,4.6000004
2023-07-27,93.33,1138.6363636363637,131.5,146.0,0,False,True,False,False,7.44,11.599999,29.394503,2.0,2.0,23.580042,2.5999999000000003,2.5999999000000003,27,7,3,0,-0.4999999999999997,-0.8660254037844388,100.0,96.67,85.0,1171.590909090909,1369.3181818181818,4662.5,29.829916,29.150751,30.711166,0.6,10.8,2.3,0.6,10.8,2.3,23.466502,22.949832999999998,24.744627,1.99999995,4.54999995,2.7999997,1.99999995,4.54999995,2.7999997,4.5999994,13.2
2023-07-28,106.67,1105.6818181818182,131.4,146.0,0,False,True,False,False,7.44,8.1,29.636168,1.8000001,1.8000001,23.4133765,10.150001,10.150001,28,7,4,0,-0.4999999999999997,-0.8660254037844388,93.33,110.0,85.0,1138.6363636363637,1336.3636363636365,3175.0,29.394503,28.234083,30.350748,2.0,21.900002,1.1,2.0,21.900002,1.1,23.580042,22.54775,23.909209,2.5999999000000003,14.5000008,18.749999,2.5999999000000003,14.5000008,18.749999,11.599999,4.5999994
2023-07-29,106.0,1072.7272727272727,131.9,146.0,0,False,True,False,False,7.44,6.8999996,28.80075,7.5,7.5,22.905042,13.850000999999999,13.850000999999999,29,7,5,1,-0.4999999999999997,-0.8660254037844388,106.67,100.0,86.67,1105.6818181818182,1303.409090909091,2962.5,29.636168,29.829916,30.242422,1.8000001,0.6,3.8999999,1.8000001,0.6,3.8999999,23.4133765,23.466502,24.027957999999998,10.150001,1.99999995,9.94999885,10.150001,1.99999995,9.94999885,8.1,11.599999
2023-07-30,105.0,1039.7727272727273,131.9,146.0,0,False,True,False,False,7.44,7.6,28.221586,19.3,19.3,23.107126,8.0499995,8.0499995,30,7,6,1,-0.4999999999999997,-0.8660254037844388,106.0,93.33,85.0,1072.7272727272727,1270.4545454545455,2750.0,28.80075,29.394503,30.107002,7.5,2.0,9.6,7.5,2.0,9.6,22.905042,23.580042,23.526919499999998,13.850000999999999,2.5999999000000003,12.399999000000001,13.850000999999999,2.5999999000000003,12.399999000000001,6.8999996,8.1
2023-07-31,130.0,1006.8181818181819,131.9,146.0,0,False,True,False,False,7.44,8.0,29.561167,3.5,3.5,23.8092115,8.649999999999999,8.649999999999999,31,7,0,0,-0.4999999999999997,-0.8660254037844388,105.0,106.67,96.67,1039.7727272727273,1237.5,2537.5,28.221586,29.636168,29.150751,19.3,1.8000001,10.8,19.3,1.8000001,10.8,23.107126,23.4133765,22.949832999999998,8.0499995,10.150001,4.54999995,8.0499995,10.150001,4.54999995,7.6,6.8999996
2023-08-01,130.0,973.8636363636364,131.9,153.0,0,False,True,False,False,7.52,13.8,30.163252,7.1,7.1,24.4883765,8.1499995,8.1499995,1,8,1,0,-0.8660254037844385,-0.5000000000000004,130.0,106.0,110.0,1006.8181818181819,1204.5454545454545,2325.0,29.561167,28.80075,28.234083,3.5,7.5,21.900002,3.5,7.5,21.900002,23.8092115,22.905042,22.54775,8.649999999999999,13.850000999999999,14.5000008,8.649999999999999,13.850000999999999,14.5000008,8.0,7.6
2023-08-02,146.0,940.909090909091,131.92,153.0,0,False,True,False,False,7.52,3.1000001,29.98408,1.1,1.1,24.7675415,3.7000002,3.7000002,2,8,2,0,-0.8660254037844385,-0.5000000000000004,130.0,105.0,100.0,973.8636363636364,1171.590909090909,2112.5,30.163252,28.221586,29.829916,7.1,19.3,0.6,7.1,19.3,0.6,24.4883765,23.107126,23.466502,8.1499995,8.0499995,1.99999995,8.1499995,8.0499995,1.99999995,13.8,8.0
2023-08-03,170.0,907.9545454545455,132.44,153.0,0,False,True,False,False,7.52,5.0999994,29.784079,1.0,1.0,23.892542,18.5000005,18.5000005,3,8,3,0,-0.8660254037844385,-0.5000000000000004,146.0,130.0,93.33,940.909090909091,1138.6363636363637,1900.0,29.98408,29.561167,29.394503,1.1,3.5,2.0,1.1,3.5,2.0,24.7675415,23.8092115,23.580042,3.7000002,8.649999999999999,2.5999999000000003,3.7000002,8.649999999999999,2.5999999000000003,3.1000001,13.8
2023-08-04,170.0,875.0,132.66,153.0,0,False,True,False,False,7.52,8.700002,29.11741,2.0,2.0,23.306086999999998,11.60000005,11.60000005,4,8,4,0,-0.8660254037844385,-0.5000000000000004,170.0,130.0,106.67,907.9545454545455,1105.6818181818182,1687.5,29.784079,30.163252,29.636168,1.0,7.1,1.8000001,1.0,7.1,1.8000001,23.892542,24.4883765,23.4133765,18.5000005,8.1499995,10.150001,18.5000005,8.1499995,10.150001,5.0999994,3.1000001
2023-08-05,170.0,978.125,132.85,153.0,0,False,True,False,False,7.52,37.899998,28.48825,2.0,2.0,23.176918999999998,5.44999925,5.44999925,5,8,5,1,-0.8660254037844385,-0.5000000000000004,170.0,146.0,106.0,875.0,1072.7272727272727,1475.0,29.11741,29.98408,28.80075,2.0,1.1,7.5,2.0,1.1,7.5,23.306086999999998,24.7675415,22.905042,11.60000005,3.7000002,13.850000999999999,11.60000005,3.7000002,13.850000999999999,8.700002,5.0999994
2023-08-06,168.33,1081.25,132.85,153.0,0,False,True,False,False,7.52,9.200001,28.448668,11.200001,11.200001,23.257128,12.85,12.85,6,8,6,1,-0.8660254037844385,-0.5000000000000004,170.0,170.0,105.0,978.125,1039.7727272727273,1262.5,28.48825,29.784079,28.221586,2.0,1.0,19.3,2.0,1.0,19.3,23.176918999999998,23.892542,23.107126,5.44999925,18.5000005,8.0499995,5.44999925,18.5000005,8.0499995,37.899998,8.700002
2023-08-07,160.0,1184.375,132.85,153.0,0,False,True,False,False,7.52,26.4,26.834084,24.000002,24.000002,22.619625,17.800001,17.800001,7,8,0,0,-0.8660254037844385,-0.5000000000000004,168.33,170.0,130.0,1081.25,1006.8181818181819,1050.0,28.448668,29.11741,29.561167,11.200001,2.0,3.5,11.200001,2.0,3.5,23.257128,23.306086999999998,23.8092115,12.85,11.60000005,8.649999999999999,12.85,11.60000005,8.649999999999999,9.200001,37.899998
2023-08-08,170.0,1287.5,132.7,153.0,0,False,True,False,False,7.52,51.699993,26.475748,42.6,42.6,22.331085,15.300001000000002,15.300001000000002,8,8,1,0,-0.8660254037844385,-0.5000000000000004,160.0,170.0,130.0,1184.375,973.8636363636364,1160.0,26.834084,28.48825,30.163252,24.000002,2.0,7.1,24.000002,2.0,7.1,22.619625,23.176918999999998,24.4883765,17.800001,5.44999925,8.1499995,17.800001,5.44999925,8.1499995,26.4,9.200001
2023-08-09,170.0,1390.625,132.83,153.0,0,False,True,False,False,7.52,4.4999995,27.725752,3.8,3.8,23.514418499999998,6.000000249999999,6.000000249999999,9,8,2,0,-0.8660254037844385,-0.5000000000000004,170.0,168.33,146.0,1287.5,940.909090909091,1270.0,26.475748,28.448668,29.98408,42.6,11.200001,1.1,42.6,11.200001,1.1,22.331085,23.257128,24.7675415,15.300001000000002,12.85,3.7000002,15.300001000000002,12.85,3.7000002,51.699993,26.4
2023-08-10,170.0,1493.75,132.81,153.0,0,False,True,False,False,7.52,7.9,28.027832,7.2,7.2,23.430044000000002,7.05,7.05,10,8,3,0,-0.8660254037844385,-0.5000000000000004,170.0,160.0,170.0,1390.625,907.9545454545455,1380.0,27.725752,26.834084,29.784079,3.8,24.000002,1.0,3.8,24.000002,1.0,23.514418499999998,22.619625,23.892542,6.000000249999999,17.800001,18.5000005,6.000000249999999,17.800001,18.5000005,4.4999995,51.699993
2023-08-11,150.0,1596.875,132.65,153.0,0,False,True,False,False,7.52,7.1,27.836166,8.0,8.0,23.541499,2.9500001,2.9500001,11,8,4,0,-0.8660254037844385,-0.5000000000000004,170.0,170.0,170.0,1493.75,875.0,1490.0,28.027832,26.475748,29.11741,7.2,42.6,2.0,7.2,42.6,2.0,23.430044000000002,22.331085,23.306086999999998,7.05,15.300001000000002,11.60000005,7.05,15.300001000000002,11.60000005,7.9,4.4999995
2023-08-12,140.0,1700.0,132.86,153.0,0,False,True,False,False,7.52,36.300003,27.669504,3.2,3.2,23.1415005,25.550000000000004,25.550000000000004,12,8,5,1,-0.8660254037844385,-0.5000000000000004,150.0,170.0,170.0,1596.875,978.125,1600.0,27.836166,27.725752,28.48825,8.0,3.8,2.0,8.0,3.8,2.0,23.541499,23.514418499999998,23.176918999999998,2.9500001,6.000000249999999,5.44999925,2.9500001,6.000000249999999,5.44999925,7.1,7.9
2023-08-13,140.0,1803.125,132.86,153.0,0,False,True,False,False,7.52,66.899994,27.623665,1.6000001,1.6000001,21.9925425,32.1500015,32.1500015,13,8,6,1,-0.8660254037844385,-0.5000000000000004,140.0,170.0,168.33,1700.0,1081.25,1567.0454545454545,27.669504,28.027832,28.448668,3.2,7.2,11.200001,3.2,7.2,11.200001,23.1415005,23.430044000000002,23.257128,25.550000000000004,7.05,12.85,25.550000000000004,7.05,12.85,36.300003,7.1
2023-08-14,170.0,1906.25,132.86,153.0,0,False,True,False,False,7.52,3.1000001,27.865332,0.6,0.6,23.1852515,1.0,1.0,14,8,0,0,-0.8660254037844385,-0.5000000000000004,140.0,150.0,160.0,1803.125,1184.375,1534.090909090909,27.623665,27.836166,26.834084,1.6000001,8.0,24.000002,1.6000001,8.0,24.000002,21.9925425,23.541499,22.619625,32.1500015,2.9500001,17.800001,32.1500015,2.9500001,17.800001,66.899994,36.300003
2023-08-15,150.0,2009.375,133.03,153.0,0,False,True,False,False,7.52,0.5,29.092415,0.0,0.0,23.526916999999997,1.05,1.05,15,8,1,0,-0.8660254037844385,-0.5000000000000004,170.0,140.0,170.0,1906.25,1287.5,1501.1363636363637,27.865332,27.669504,26.475748,0.6,3.2,42.6,0.6,3.2,42.6,23.1852515,23.1415005,22.331085,1.0,25.550000000000004,15.300001000000002,1.0,25.550000000000004,15.300001000000002,3.1000001,66.899994
2023-08-16,145.0,2112.5,133.03,167.0,0,False,True,False,False,7.52,2.5000002,29.734083,0.8,0.8,23.673794,6.1499998,6.1499998,16,8,2,0,-0.8660254037844385,-0.5000000000000004,150.0,140.0,170.0,2009.375,1390.625,1468.1818181818182,29.092415,27.623665,27.725752,0.0,1.6000001,3.8,0.0,1.6000001,3.8,23.526916999999997,21.9925425,23.514418499999998,1.05,32.1500015,6.000000249999999,1.05,32.1500015,6.000000249999999,0.5,3.1000001
2023-08-17,137.5,2215.625,133.03,167.0,0,False,True,False,False,7.52,6.0,29.090338,13.000003,13.000003,23.6331685,7.0500004999999994,7.0500004999999994,17,8,3,0,-0.8660254037844385,-0.5000000000000004,145.0,170.0,170.0,2112.5,1493.75,1435.2272727272727,29.734083,27.865332,28.027832,0.8,0.6,7.2,0.8,0.6,7.2,23.673794,23.1852515,23.430044000000002,6.1499998,1.0,7.05,6.1499998,1.0,7.05,2.5000002,0.5
2023-08-18,142.5,2318.75,133.34,167.0,0,False,True,False,False,7.52,12.699999,29.202835,3.3,3.3,24.181085,10.9999995,10.9999995,18,8,4,0,-0.8660254037844385,-0.5000000000000004,137.5,150.0,150.0,2215.625,1596.875,1402.2727272727273,29.090338,29.092415,27.836166,13.000003,0.0,8.0,13.000003,0.0,8.0,23.6331685,23.526916999999997,23.541499,7.0500004999999994,1.05,2.9500001,7.0500004999999994,1.05,2.9500001,6.0,2.5000002
2023-08-19,147.5,2421.875,133.27,167.0,0,False,True,False,False,7.52,3.8000002,29.665335,0.70000005,0.70000005,23.766500999999998,10.6500005,10.6500005,19,8,5,1,-0.8660254037844385,-0.5000000000000004,142.5,145.0,140.0,2318.75,1700.0,1369.3181818181818,29.202835,29.734083,27.669504,3.3,0.8,3.2,3.3,0.8,3.2,24.181085,23.673794,23.1415005,10.9999995,6.1499998,25.550000000000004,10.9999995,6.1499998,25.550000000000004,12.699999,6.0
2023-08-20,150.0,2525.0,133.27,167.0,0,False,True,False,False,7.52,17.2,29.569502,1.6000001,1.6000001,23.432128,14.2500005,14.2500005,20,8,6,1,-0.8660254037844385,-0.5000000000000004,147.5,137.5,140.0,2421.875,1803.125,1336.3636363636365,29.665335,29.090338,27.623665,0.70000005,13.000003,1.6000001,0.70000005,13.000003,1.6000001,23.766500999999998,23.6331685,21.9925425,10.6500005,7.0500004999999994,32.1500015,10.6500005,7.0500004999999994,32.1500015,3.8000002,12.699999
2023-08-21,125.0,2762.5,133.27,167.0,0,False,True,False,False,7.52,13.399999,27.575752,15.2,15.2,22.6331695,18.6000015,18.6000015,21,8,0,0,-0.8660254037844385,-0.5000000000000004,150.0,142.5,170.0,2525.0,1906.25,1303.409090909091,29.569502,29.202835,27.865332,1.6000001,3.3,0.6,1.6000001,3.3,0.6,23.432128,24.181085,23.1852515,14.2500005,10.9999995,1.0,14.2500005,10.9999995,1.0,17.2,3.8000002
2023-08-22,120.0,3000.0,133.28,167.0,0,False,True,False,False,7.52,15.400001,28.238253,3.0,3.0,23.074833499999997,5.85,5.85,22,8,1,0,-0.8660254037844385,-0.5000000000000004,125.0,147.5,150.0,2762.5,2009.375,1270.4545454545455,27.575752,29.665335,29.092415,15.2,0.70000005,0.0,15.2,0.70000005,0.0,22.6331695,23.766500999999998,23.526916999999997,18.6000015,10.6500005,1.05,18.6000015,10.6500005,1.05,13.399999,17.2
2023-08-23,110.0,2525.0,133.0,167.0,0,False,True,False,False,7.52,17.199999,27.00075,18.3,18.3,22.618582500000002,9.350000999999999,9.350000999999999,23,8,2,0,-0.8660254037844385,-0.5000000000000004,120.0,150.0,145.0,3000.0,2112.5,1237.5,28.238253,29.569502,29.734083,3.0,1.6000001,0.8,3.0,1.6000001,0.8,23.074833499999997,23.432128,23.673794,5.85,14.2500005,6.1499998,5.85,14.2500005,6.1499998,15.400001,13.399999
2023-08-24,100.0,5000.0,132.6,167.0,0,False,True,False,False,7.52,73.200005,26.567421,24.800003,24.800003,22.517542,21.1499988,21.1499988,24,8,3,0,-0.8660254037844385,-0.5000000000000004,110.0,125.0,137.5,2525.0,2215.625,1204.5454545454545,27.00075,27.575752,29.090338,18.3,15.2,13.000003,18.3,15.2,13.000003,22.618582500000002,22.6331695,23.6331685,9.350000999999999,18.6000015,7.0500004999999994,9.350000999999999,18.6000015,7.0500004999999994,17.199999,15.400001
2023-08-25,85.0,4083.3333333333335,132.42,167.0,0,False,True,False,False,7.52,51.3,26.323668,22.1,22.1,22.1717075,22.0,22.0,25,8,4,0,-0.8660254037844385,-0.5000000000000004,100.0,120.0,142.5,5000.0,2318.75,1171.590909090909,26.567421,28.238253,29.202835,24.800003,3.0,3.3,24.800003,3.0,3.3,22.517542,23.074833499999997,24.181085,21.1499988,5.85,10.9999995,21.1499988,5.85,10.9999995,73.200005,17.199999
2023-08-26,85.0,3166.666666666667,132.54,167.0,0,False,True,False,False,7.52,59.1,26.021584,59.599995,59.599995,22.140462,30.1999985,30.1999985,26,8,5,1,-0.8660254037844385,-0.5000000000000004,85.0,110.0,147.5,4083.3333333333335,2421.875,1138.6363636363637,26.323668,27.00075,29.665335,22.1,18.3,0.70000005,22.1,18.3,0.70000005,22.1717075,22.618582500000002,23.766500999999998,22.0,9.350000999999999,10.6500005,22.0,9.350000999999999,10.6500005,51.3,73.200005
2023-08-27,75.0,2250.0,132.54,167.0,0,False,True,False,False,7.52,7.2,27.159082,23.7,23.7,22.0998345,9.85000115,9.85000115,27,8,6,1,-0.8660254037844385,-0.5000000000000004,85.0,100.0,150.0,3166.666666666667,2525.0,1105.6818181818182,26.021584,26.567421,29.569502,59.599995,24.800003,1.6000001,59.599995,24.800003,1.6000001,22.140462,22.517542,23.432128,30.1999985,21.1499988,14.2500005,30.1999985,21.1499988,14.2500005,59.1,51.3
2023-08-28,75.0,2312.5,132.54,167.0,0,False,True,False,False,7.52,3.5999997,27.584082,4.7999997,4.7999997,22.2258765,5.05,5.05,28,8,0,0,-0.8660254037844385,-0.5000000000000004,75.0,85.0,125.0,2250.0,2762.5,1072.7272727272727,27.159082,26.323668,27.575752,23.7,22.1,15.2,23.7,22.1,15.2,22.0998345,22.1717075,22.6331695,9.85000115,22.0,18.6000015,9.85000115,22.0,18.6000015,7.2,59.1
2023-08-29,75.0,2375.0,132.52,167.0,0,False,True,False,False,7.52,12.400001,27.419502,13.8,13.8,22.451916,2.89999975,2.89999975,29,8,1,0,-0.8660254037844385,-0.5000000000000004,75.0,85.0,120.0,2312.5,3000.0,1039.7727272727273,27.584082,26.021584,28.238253,4.7999997,59.599995,3.0,4.7999997,59.599995,3.0,22.2258765,22.140462,23.074833499999997,5.05,30.1999985,5.85,5.05,30.1999985,5.85,3.5999997,7.2
2023-08-30,75.0,2437.5,132.64,167.0,0,False,True,False,False,7.52,3.1,28.684084,0.4,0.4,23.076917,2.55,2.55,30,8,2,0,-0.8660254037844385,-0.5000000000000004,75.0,75.0,110.0,2375.0,2525.0,1006.8181818181819,27.419502,27.159082,27.00075,13.8,23.7,18.3,13.8,23.7,18.3,22.451916,22.0998345,22.618582500000002,2.89999975,9.85000115,9.350000999999999,2.89999975,9.85000115,9.350000999999999,12.400001,3.5999997
2023-08-31,85.0,2500.0,132.68,167.0,0,False,True,False,False,7.52,0.90000004,29.344503,0.5,0.5,23.215459000000003,4.1499996,4.1499996,31,8,3,0,-0.8660254037844385,-0.5000000000000004,75.0,75.0,100.0,2437.5,5000.0,973.8636363636364,28.684084,27.584082,26.567421,0.4,4.7999997,24.800003,0.4,4.7999997,24.800003,23.076917,22.2258765,22.517542,2.55,5.05,21.1499988,2.55,5.05,21.1499988,3.1,12.400001
2023-09-01,95.0,7600.0,132.76,170.0,0,False,True,False,False,8.19,4.1,29.286163,5.7999997,5.7999997,23.4237945,5.6999999,5.6999999,1,9,4,0,-1.0,-1.8369701987210297e-16,85.0,75.0,85.0,2500.0,4083.3333333333335,940.909090909091,29.344503,27.419502,26.323668,0.5,13.8,22.1,0.5,13.8,22.1,23.215459000000003,22.451916,22.1717075,4.1499996,2.89999975,22.0,4.1499996,2.89999975,22.0,0.90000004,3.1
2023-09-02,95.0,24350.0,132.65,170.0,0,False,True,False,False,8.19,3.2,28.213251,9.000001,9.000001,23.513377,7.6,7.6,2,9,5,1,-1.0,-1.8369701987210297e-16,95.0,75.0,85.0,7600.0,3166.666666666667,907.9545454545455,29.286163,28.684084,26.021584,5.7999997,0.4,59.599995,5.7999997,0.4,59.599995,23.4237945,23.076917,22.140462,5.6999999,2.55,30.1999985,5.6999999,2.55,30.1999985,4.1,0.90000004
2023-09-03,75.0,7300.0,132.65,170.0,0,False,True,False,False,8.19,2.7000003,29.471586,0.0,0.0,23.887335,1.3,1.3,3,9,6,1,-1.0,-1.8369701987210297e-16,95.0,85.0,75.0,24350.0,2250.0,875.0,28.213251,29.344503,27.159082,9.000001,0.5,23.7,9.000001,0.5,23.7,23.513377,23.215459000000003,22.0998345,7.6,4.1499996,9.85000115,7.6,4.1499996,9.85000115,3.2,4.1
2023-09-04,65.0,19000.0,132.65,170.0,0,False,True,False,False,8.19,0.70000005,28.834085,7.6,7.6,23.991503,1.15000005,1.15000005,4,9,0,0,-1.0,-1.8369701987210297e-16,75.0,95.0,75.0,7300.0,2312.5,978.125,29.471586,29.286163,27.584082,0.0,5.7999997,4.7999997,0.0,5.7999997,4.7999997,23.887335,23.4237945,22.2258765,1.3,5.6999999,5.05,1.3,5.6999999,5.05,2.7000003,3.2
2023-09-05,60.0,7500.0,132.7,170.0,0,False,True,False,False,8.19,0.1,28.898666,0.0,0.0,23.5998345,1.60000012,1.60000012,5,9,1,0,-1.0,-1.8369701987210297e-16,65.0,95.0,75.0,19000.0,2375.0,1081.25,28.834085,28.213251,27.419502,7.6,9.000001,13.8,7.6,9.000001,13.8,23.991503,23.513377,22.451916,1.15000005,7.6,2.89999975,1.15000005,7.6,2.89999975,0.70000005,2.7000003
2023-09-06,55.0,4750.0,133.17,170.0,0,False,True,False,False,8.19,0.70000005,29.944502,0.0,0.0,24.528999,0.5,0.5,6,9,2,0,-1.0,-1.8369701987210297e-16,60.0,75.0,75.0,7500.0,2437.5,1184.375,28.898666,29.471586,28.684084,0.0,0.0,0.4,0.0,0.0,0.4,23.5998345,23.887335,23.076917,1.60000012,1.3,2.55,1.60000012,1.3,2.55,0.1,0.70000005
2023-09-07,50.0,7375.0,133.32,170.0,0,False,True,False,False,8.19,5.3,29.184084,5.1,5.1,23.894629000000002,4.5999999,4.5999999,7,9,3,0,-1.0,-1.8369701987210297e-16,55.0,65.0,85.0,4750.0,2500.0,1287.5,29.944502,28.834085,29.344503,0.0,7.6,0.5,0.0,7.6,0.5,24.528999,23.991503,23.215459000000003,0.5,1.15000005,4.1499996,0.5,1.15000005,4.1499996,0.70000005,0.1
2023-09-08,45.0,10000.0,133.44,170.0,0,False,True,False,False,8.19,9.4,27.92367,10.700001,10.700001,22.643585,9.700000000000001,9.700000000000001,8,9,4,0,-1.0,-1.8369701987210297e-16,50.0,60.0,95.0,7375.0,7600.0,1390.625,29.184084,28.898666,29.286163,5.1,0.0,5.7999997,5.1,0.0,5.7999997,23.894629000000002,23.5998345,23.4237945,4.5999999,1.60000012,5.6999999,4.5999999,1.60000012,5.6999999,5.3,0.70000005
2023-09-09,45.0,5000.0,133.02,170.0,0,False,True,False,False,8.19,22.199999,27.163254,12.4,12.4,22.2352515,6.7,6.7,9,9,5,1,-1.0,-1.8369701987210297e-16,45.0,55.0,95.0,10000.0,24350.0,1493.75,27.92367,29.944502,28.213251,10.700001,0.0,9.000001,10.700001,0.0,9.000001,22.643585,24.528999,23.513377,9.700000000000001,0.5,7.6,9.700000000000001,0.5,7.6,9.4,5.3
2023-09-10,45.0,3500.0,133.02,170.0,0,False,True,False,False,8.19,9.8,29.159082,0.3,0.3,22.736292,3.8000001,3.8000001,10,9,6,1,-1.0,-1.8369701987210297e-16,45.0,50.0,75.0,5000.0,7300.0,1596.875,27.163254,29.184084,29.471586,12.4,5.1,0.0,12.4,5.1,0.0,22.2352515,23.894629000000002,23.887335,6.7,4.5999999,1.3,6.7,4.5999999,1.3,22.199999,9.4
2023-09-11,51.67,2000.0,133.02,170.0,0,False,True,False,False,8.19,0.5,29.086166,0.2,0.2,23.2654605,2.45000015,2.45000015,11,9,0,0,-1.0,-1.8369701987210297e-16,45.0,45.0,65.0,3500.0,19000.0,1700.0,29.159082,27.92367,28.834085,0.3,10.700001,7.6,0.3,10.700001,7.6,22.736292,22.643585,23.991503,3.8000001,9.700000000000001,1.15000005,3.8000001,9.700000000000001,1.15000005,9.8,22.199999
2023-09-12,58.33,4000.0,133.16,170.0,0,False,True,False,False,8.19,5.5000005,28.586166,14.0,14.0,23.222752,8.550001,8.550001,12,9,1,0,-1.0,-1.8369701987210297e-16,51.67,45.0,60.0,2000.0,7500.0,1803.125,29.086166,27.163254,28.898666,0.2,12.4,0.0,0.2,12.4,0.0,23.2654605,22.2352515,23.5998345,2.45000015,6.7,1.60000012,2.45000015,6.7,1.60000012,0.5,9.8
2023-09-13,65.0,6000.0,132.98,170.0,0,False,True,False,False,8.19,6.7,29.736168,0.70000005,0.70000005,23.4769195,6.0,6.0,13,9,2,0,-1.0,-1.8369701987210297e-16,58.33,45.0,55.0,4000.0,4750.0,1906.25,28.586166,29.159082,29.944502,14.0,0.3,0.0,14.0,0.3,0.0,23.222752,22.736292,24.528999,8.550001,3.8000001,0.5,8.550001,3.8000001,0.5,5.5000005,0.5
2023-09-14,65.0,5515.625,133.08,170.0,0,False,True,False,False,8.19,1.1000001,29.767416,0.6,0.6,23.838375,4.75,4.75,14,9,3,0,-1.0,-1.8369701987210297e-16,65.0,51.67,50.0,6000.0,7375.0,2009.375,29.736168,29.086166,29.184084,0.70000005,0.2,5.1,0.70000005,0.2,5.1,23.4769195,23.2654605,23.894629000000002,6.0,2.45000015,4.5999999,6.0,2.45000015,4.5999999,6.7,5.5000005
2023-09-15,65.0,5031.25,133.16,170.0,0,False,True,False,False,8.19,1.8000001,29.479918,0.4,0.4,23.490459,4.04999995,4.04999995,15,9,4,0,-1.0,-1.8369701987210297e-16,65.0,58.33,45.0,5515.625,10000.0,2112.5,29.767416,28.586166,27.92367,0.6,14.0,10.700001,0.6,14.0,10.700001,23.838375,23.222752,22.643585,4.75,8.550001,9.700000000000001,4.75,8.550001,9.700000000000001,1.1000001,6.7
2023-09-16,65.0,10062.5,133.4,170.0,0,False,True,False,False,8.19,1.9000001,29.648666,0.7,0.7,23.102959,1.0,1.0,16,9,5,1,-1.0,-1.8369701987210297e-16,65.0,65.0,45.0,5031.25,5000.0,2215.625,29.479918,29.736168,27.163254,0.4,0.70000005,12.4,0.4,0.70000005,12.4,23.490459,23.4769195,22.2352515,4.04999995,6.0,6.7,4.04999995,6.0,6.7,1.8000001,1.1000001
2023-09-17,65.0,15093.75,133.4,170.0,0,False,True,False,False,8.19,4.7999997,29.279917,1.3,1.3,22.98421,2.6,2.6,17,9,6,1,-1.0,-1.8369701987210297e-16,65.0,65.0,45.0,10062.5,3500.0,2318.75,29.648666,29.767416,29.159082,0.7,0.6,0.3,0.7,0.6,0.3,23.102959,23.838375,22.736292,1.0,4.75,3.8000001,1.0,4.75,3.8000001,1.9000001,1.8000001
2023-09-18,65.0,20125.0,133.4,170.0,0,False,True,False,False,8.19,5.8,28.917414,11.499999,11.499999,23.3675455,4.59999985,4.59999985,18,9,0,0,-1.0,-1.8369701987210297e-16,65.0,65.0,51.67,15093.75,2000.0,2421.875,29.279917,29.479918,29.086166,1.3,0.4,0.2,1.3,0.4,0.2,22.98421,23.490459,23.2654605,2.6,4.04999995,2.45000015,2.6,4.04999995,2.45000015,4.7999997,1.9000001
2023-09-19,75.0,13950.0,133.54,170.0,0,False,True,False,False,8.19,2.2999997,28.248665,2.0,2.0,23.0227515,1.75,1.75,19,9,1,0,-1.0,-1.8369701987210297e-16,65.0,65.0,58.33,20125.0,4000.0,2525.0,28.917414,29.648666,28.586166,11.499999,0.7,14.0,11.499999,0.7,14.0,23.3675455,23.102959,23.222752,4.59999985,1.0,8.550001,4.59999985,1.0,8.550001,5.8,4.7999997
2023-09-20,50.0,12250.0,133.54,170.0,0,False,True,False,False,8.19,4.6,28.317413,3.5,3.5,22.3060835,12.15000015,12.15000015,20,9,2,0,-1.0,-1.8369701987210297e-16,75.0,65.0,65.0,13950.0,6000.0,2762.5,28.248665,29.279917,29.736168,2.0,1.3,0.70000005,2.0,1.3,0.70000005,23.0227515,22.98421,23.4769195,1.75,2.6,6.0,1.75,2.6,6.0,2.2999997,5.8
2023-09-21,50.0,43375.0,133.22,170.0,0,False,True,False,False,8.19,21.1,27.657003,0.8000001,0.8000001,22.0769175,5.749999799999999,5.749999799999999,21,9,3,0,-1.0,-1.8369701987210297e-16,50.0,65.0,65.0,12250.0,5515.625,3000.0,28.317413,28.917414,29.767416,3.5,11.499999,0.6,3.5,11.499999,0.6,22.3060835,23.3675455,23.838375,12.15000015,4.59999985,4.75,12.15000015,4.59999985,4.75,4.6,2.2999997
2023-09-22,49.81,43187.5,133.25,170.0,0,False,True,False,False,8.19,15.100002,27.538254,0.4,0.4,21.5862905,13.65,13.65,22,9,4,0,-1.0,-1.8369701987210297e-16,50.0,75.0,65.0,43375.0,5031.25,2525.0,27.657003,28.248665,29.479918,0.8000001,2.0,0.4,0.8000001,2.0,0.4,22.0769175,23.0227515,23.490459,5.749999799999999,1.75,4.04999995,5.749999799999999,1.75,4.04999995,21.1,4.6
2023-09-23,49.62,43000.0,133.0,170.0,0,False,True,False,False,8.19,1.3000001,26.06742,6.7,6.7,21.342544500000002,0.8,0.8,23,9,5,1,-1.0,-1.8369701987210297e-16,49.81,50.0,65.0,43187.5,10062.5,5000.0,27.538254,28.317413,29.648666,0.4,3.5,0.7,0.4,3.5,0.7,21.5862905,22.3060835,23.102959,13.65,12.15000015,1.0,13.65,12.15000015,1.0,15.100002,21.1
2023-09-24,49.42,42812.5,133.0,170.0,0,False,True,False,False,8.19,1.0,26.125753,0.8,0.8,21.681085000000003,2.15000005,2.15000005,24,9,6,1,-1.0,-1.8369701987210297e-16,49.62,50.0,65.0,43000.0,15093.75,4083.3333333333335,26.06742,27.657003,29.279917,6.7,0.8000001,1.3,6.7,0.8000001,1.3,21.342544500000002,22.0769175,22.98421,0.8,5.749999799999999,2.6,0.8,5.749999799999999,2.6,1.3000001,15.100002
2023-09-25,49.23,42625.0,133.0,170.0,1,False,True,False,False,8.19,11.0,26.552835,0.3,0.3,21.3456665,2.45000005,2.45000005,25,9,0,0,-1.0,-1.8369701987210297e-16,49.42,49.81,65.0,42812.5,20125.0,3166.666666666667,26.125753,27.538254,28.917414,0.8,0.4,11.499999,0.8,0.4,11.499999,21.681085000000003,21.5862905,23.3675455,2.15000005,13.65,4.59999985,2.15000005,13.65,4.59999985,1.0,1.3000001
2023-09-26,49.04,42437.5,133.34,170.0,1,False,True,False,False,8.19,6.1,27.069506,7.6,7.6,21.755042,3.0000001000000003,3.0000001000000003,26,9,1,0,-1.0,-1.8369701987210297e-16,49.23,49.62,75.0,42625.0,13950.0,2250.0,26.552835,26.06742,28.248665,0.3,6.7,2.0,0.3,6.7,2.0,21.3456665,21.342544500000002,23.0227515,2.45000005,0.8,1.75,2.45000005,0.8,1.75,11.0,1.0
2023-09-27,48.85,42250.0,133.48,170.0,1,False,True,False,False,8.19,0.90000004,27.682,2.1,2.1,22.276919499999998,1.05000015,1.05000015,27,9,2,0,-1.0,-1.8369701987210297e-16,49.04,49.42,50.0,42437.5,12250.0,2312.5,27.069506,26.125753,28.317413,7.6,0.8,3.5,7.6,0.8,3.5,21.755042,21.681085000000003,22.3060835,3.0000001000000003,2.15000005,12.15000015,3.0000001000000003,2.15000005,12.15000015,6.1,11.0
2023-09-28,48.65,42062.5,133.46,170.0,1,False,True,False,False,8.19,1.1,28.446585,0.0,0.0,22.93942,1.45,1.45,28,9,3,0,-1.0,-1.8369701987210297e-16,48.85,49.23,50.0,42250.0,43375.0,2375.0,27.682,26.552835,27.657003,2.1,0.3,0.8000001,2.1,0.3,0.8000001,22.276919499999998,21.3456665,22.0769175,1.05000015,2.45000005,5.749999799999999,1.05000015,2.45000005,5.749999799999999,0.90000004,6.1
2023-09-29,48.46,41875.0,133.4,170.0,1,False,True,False,False,8.19,4.2000003,29.350754,0.0,0.0,23.1498335,2.3999999499999998,2.3999999499999998,29,9,4,0,-1.0,-1.8369701987210297e-16,48.65,49.04,49.81,42062.5,43187.5,2437.5,28.446585,27.069506,27.538254,0.0,7.6,0.4,0.0,7.6,0.4,22.93942,21.755042,21.5862905,1.45,3.0000001000000003,13.65,1.45,3.0000001000000003,13.65,1.1,0.90000004
2023-09-30,48.27,41687.5,133.17,170.0,1,False,True,False,False,8.19,3.6,28.190338,0.0,0.0,23.348794,1.7,1.7,30,9,5,1,-1.0,-1.8369701987210297e-16,48.46,48.85,49.62,41875.0,43000.0,2500.0,29.350754,27.682,26.06742,0.0,2.1,6.7,0.0,2.1,6.7,23.1498335,22.276919499999998,21.342544500000002,2.3999999499999998,1.05000015,0.8,2.3999999499999998,1.05000015,0.8,4.2000003,1.1
2023-10-01,48.08,41500.0,133.17,170.0,1,True,False,False,False,7.5,0.1,28.077833,0.4,0.4,22.8946285,0.350000025,0.350000025,1,10,6,1,-0.8660254037844386,0.5000000000000001,48.27,48.65,49.42,41687.5,42812.5,7600.0,28.190338,28.446585,26.125753,0.0,0.0,0.8,0.0,0.0,0.8,23.348794,22.93942,21.681085000000003,1.7,1.45,2.15000005,1.7,1.45,2.15000005,3.6,4.2000003
2023-10-02,47.88,41312.5,133.17,170.0,1,True,False,False,False,7.5,11.5,27.7695,3.6999998,3.6999998,21.977960000000003,2.6499999,2.6499999,2,10,0,0,-0.8660254037844386,0.5000000000000001,48.08,48.46,49.23,41500.0,42625.0,24350.0,28.077833,29.350754,26.552835,0.4,0.0,0.3,0.4,0.0,0.3,22.8946285,23.1498335,21.3456665,0.350000025,2.3999999499999998,2.45000005,0.350000025,2.3999999499999998,2.45000005,0.1,3.6
2023-10-03,47.69,41125.0,133.17,170.0,1,True,False,False,False,7.5,3.1999998,26.952835,4.9999995,4.9999995,22.157128,1.3000001,1.3000001,3,10,1,0,-0.8660254037844386,0.5000000000000001,47.88,48.27,49.04,41312.5,42437.5,7300.0,27.7695,28.190338,27.069506,3.6999998,0.0,7.6,3.6999998,0.0,7.6,21.977960000000003,23.348794,21.755042,2.6499999,1.7,3.0000001000000003,2.6499999,1.7,3.0000001000000003,11.5,0.1
2023-10-04,47.5,40937.5,133.44,170.0,1,True,False,False,False,7.5,10.3,26.559082,2.3,2.3,20.6779595,9.1,9.1,4,10,2,0,-0.8660254037844386,0.5000000000000001,47.69,48.08,48.85,41125.0,42250.0,19000.0,26.952835,28.077833,27.682,4.9999995,0.4,2.1,4.9999995,0.4,2.1,22.157128,22.8946285,22.276919499999998,1.3000001,0.350000025,1.05000015,1.3000001,0.350000025,1.05000015,3.1999998,11.5
2023-10-05,47.31,40750.0,133.49,170.0,1,True,False,False,False,7.5,0.4,26.902832,0.6,0.6,21.5529595,2.1000001999999998,2.1000001999999998,5,10,3,0,-0.8660254037844386,0.5000000000000001,47.5,47.88,48.65,40937.5,42062.5,7500.0,26.559082,27.7695,28.446585,2.3,3.6999998,0.0,2.3,3.6999998,0.0,20.6779595,21.977960000000003,22.93942,9.1,2.6499999,1.45,9.1,2.6499999,1.45,10.3,3.1999998
2023-10-06,47.12,40562.5,133.51,170.0,1,True,False,False,False,7.5,2.1999998,27.13825,1.7,1.7,21.379002,4.0000001,4.0000001,6,10,4,0,-0.8660254037844386,0.5000000000000001,47.31,47.69,48.46,40750.0,41875.0,4750.0,26.902832,26.952835,29.350754,0.6,4.9999995,0.0,0.6,4.9999995,0.0,21.5529595,22.157128,23.1498335,2.1000001999999998,1.3000001,2.3999999499999998,2.1000001999999998,1.3000001,2.3999999499999998,0.4,10.3
2023-10-07,46.92,40375.0,133.5,170.0,1,True,False,False,False,7.5,1.0,26.496582,1.3000001,1.3000001,21.4654575,1.7000001,1.7000001,7,10,5,1,-0.8660254037844386,0.5000000000000001,47.12,47.5,48.27,40562.5,41687.5,7375.0,27.13825,26.559082,28.190338,1.7,2.3,0.0,1.7,2.3,0.0,21.379002,20.6779595,23.348794,4.0000001,9.1,1.7,4.0000001,9.1,1.7,2.1999998,0.4
2023-10-08,46.73,40187.5,133.5,170.0,1,True,False,False,False,7.5,2.8000002,26.977835,1.0,1.0,21.033169,7.14999975,7.14999975,8,10,6,1,-0.8660254037844386,0.5000000000000001,46.92,47.31,48.08,40375.0,41500.0,10000.0,26.496582,26.902832,28.077833,1.3000001,0.6,0.4,1.3000001,0.6,0.4,21.4654575,21.5529595,22.8946285,1.7000001,2.1000001999999998,0.350000025,1.7000001,2.1000001999999998,0.350000025,1.0,2.1999998
2023-10-09,46.54,40000.0,133.5,170.0,1,True,False,False,False,7.5,1.2000002,26.923666,2.4,2.4,20.607124499999998,2.15000002,2.15000002,9,10,0,0,-0.8660254037844386,0.5000000000000001,46.73,47.12,47.88,40187.5,41312.5,5000.0,26.977835,27.13825,27.7695,1.0,1.7,3.6999998,1.0,1.7,3.6999998,21.033169,21.379002,21.977960000000003,7.14999975,4.0000001,2.6499999,7.14999975,4.0000001,2.6499999,2.8000002,1.0
2023-10-10,46.35,39812.5,133.53,170.0,1,True,False,False,False,7.5,2.2000003,26.47783,3.1,3.1,21.024832,2.25,2.25,10,10,1,0,-0.8660254037844386,0.5000000000000001,46.54,46.92,47.69,40000.0,41125.0,3500.0,26.923666,26.496582,26.952835,2.4,1.3000001,4.9999995,2.4,1.3000001,4.9999995,20.607124499999998,21.4654575,22.157128,2.15000002,1.7000001,1.3000001,2.15000002,1.7000001,1.3000001,1.2000002,2.8000002
2023-10-11,46.15,39625.0,133.5,170.0,1,True,False,False,False,7.5,1.6,25.884085,1.4000002,1.4000002,19.7258755,3.1999999999999997,3.1999999999999997,11,10,2,0,-0.8660254037844386,0.5000000000000001,46.35,46.73,47.5,39812.5,40937.5,2000.0,26.47783,26.977835,26.559082,3.1,1.0,2.3,3.1,1.0,2.3,21.024832,21.033169,20.6779595,2.25,7.14999975,9.1,2.25,7.14999975,9.1,2.2000003,1.2000002
2023-10-12,45.96,39437.5,133.41,170.0,1,True,False,False,False,7.5,1.8000001,26.275751,0.5,0.5,19.7665,2.40000005,2.40000005,12,10,3,0,-0.8660254037844386,0.5000000000000001,46.15,46.54,47.31,39625.0,40750.0,4000.0,25.884085,26.923666,26.902832,1.4000002,2.4,0.6,1.4000002,2.4,0.6,19.7258755,20.607124499999998,21.5529595,3.1999999999999997,2.15000002,2.1000001999999998,3.1999999999999997,2.15000002,2.1000001999999998,1.6,2.2000003
2023-10-13,45.77,39250.0,133.5,170.0,1,True,False,False,False,7.5,0.6,25.332003,0.0,0.0,19.764418,2.6,2.6,13,10,4,0,-0.8660254037844386,0.5000000000000001,45.96,46.35,47.12,39437.5,40562.5,6000.0,26.275751,26.47783,27.13825,0.5,3.1,1.7,0.5,3.1,1.7,19.7665,21.024832,21.379002,2.40000005,2.25,4.0000001,2.40000005,2.25,4.0000001,1.8000001,1.6
2023-10-14,45.58,39062.5,133.53,170.0,1,True,False,False,False,7.5,1.4000001,24.521585,0.0,0.0,18.950877,3.7999997500000005,3.7999997500000005,14,10,5,1,-0.8660254037844386,0.5000000000000001,45.77,46.15,46.92,39250.0,40375.0,5515.625,25.332003,25.884085,26.496582,0.0,1.4000002,1.3000001,0.0,1.4000002,1.3000001,19.764418,19.7258755,21.4654575,2.6,3.1999999999999997,1.7000001,2.6,3.1999999999999997,1.7000001,0.6,1.8000001
2023-10-15,45.38,38875.0,133.53,170.0,1,True,False,False,False,7.5,0.4,24.725748,0.5,0.5,18.4102505,1.2500000500000001,1.2500000500000001,15,10,6,1,-0.8660254037844386,0.5000000000000001,45.58,45.96,46.73,39062.5,40187.5,5031.25,24.521585,26.275751,26.977835,0.0,0.5,1.0,0.0,0.5,1.0,18.950877,19.7665,21.033169,3.7999997500000005,2.40000005,7.14999975,3.7999997500000005,2.40000005,7.14999975,1.4000001,0.6
2023-10-16,45.19,38687.5,133.53,170.0,1,True,False,False,False,7.5,8.5,24.709085,9.1,9.1,18.301917000000003,3.5500000000000003,3.5500000000000003,16,10,0,0,-0.8660254037844386,0.5000000000000001,45.38,45.77,46.54,38875.0,40000.0,10062.5,24.725748,25.332003,26.923666,0.5,0.0,2.4,0.5,0.0,2.4,18.4102505,19.764418,20.607124499999998,1.2500000500000001,2.6,2.15000002,1.2500000500000001,2.6,2.15000002,0.4,1.4000001
2023-10-17,45.0,38500.0,133.55,170.0,1,True,False,False,False,7.5,2.1999998,23.94658,1.3,1.3,18.436293499999998,0.85,0.85,17,10,1,0,-0.8660254037844386,0.5000000000000001,45.19,45.58,46.35,38687.5,39812.5,15093.75,24.709085,24.521585,26.47783,9.1,0.0,3.1,9.1,0.0,3.1,18.301917000000003,18.950877,21.024832,3.5500000000000003,3.7999997500000005,2.25,3.5500000000000003,3.7999997500000005,2.25,8.5,0.4
2023-10-18,45.0,500.0,133.52,170.0,1,True,False,False,False,7.5,2.4,23.671585,0.0,0.0,18.210251,0.65,0.65,18,10,2,0,-0.8660254037844386,0.5000000000000001,45.0,45.38,46.15,38500.0,39625.0,20125.0,23.94658,24.725748,25.884085,1.3,0.5,1.4000002,1.3,0.5,1.4000002,18.436293499999998,18.4102505,19.7258755,0.85,1.2500000500000001,3.1999999999999997,0.85,1.2500000500000001,3.1999999999999997,2.1999998,8.5
2023-10-19,45.0,15000.0,133.52,170.0,1,True,False,False,False,7.5,1.6000001,23.54033,0.3,0.3,17.673794,0.30000000000000004,0.30000000000000004,19,10,3,0,-0.8660254037844386,0.5000000000000001,45.0,45.19,45.96,500.0,39437.5,13950.0,23.671585,24.709085,26.275751,0.0,9.1,0.5,0.0,9.1,0.5,18.210251,18.301917000000003,19.7665,0.65,3.5500000000000003,2.40000005,0.65,3.5500000000000003,2.40000005,2.4,2.1999998
2023-10-20,45.0,11012.5,133.5,170.0,1,True,False,False,False,7.5,0.4,23.290335,0.0,0.0,17.380043,0.2,0.2,20,10,4,0,-0.8660254037844386,0.5000000000000001,45.0,45.0,45.77,15000.0,39250.0,12250.0,23.54033,23.94658,25.332003,0.3,1.3,0.0,0.3,1.3,0.0,17.673794,18.436293499999998,19.764418,0.30000000000000004,0.85,2.6,0.30000000000000004,0.85,2.6,1.6000001,2.4
2023-10-21,60.0,7025.0,133.3,170.0,1,True,False,False,False,7.5,1.8000002,22.646585,0.0,0.0,17.699832999999998,0.05,0.05,21,10,5,1,-0.8660254037844386,0.5000000000000001,45.0,45.0,45.58,11012.5,39062.5,43375.0,23.290335,23.671585,24.521585,0.0,0.0,0.0,0.0,0.0,0.0,17.380043,18.210251,18.950877,0.2,0.65,3.7999997500000005,0.2,0.65,3.7999997500000005,0.4,1.6000001
2023-10-22,75.0,14050.0,133.3,170.0,1,True,False,False,False,7.5,0.0,23.01742,0.0,0.0,18.0560845,0.0,0.0,22,10,6,1,-0.8660254037844386,0.5000000000000001,60.0,45.0,45.38,7025.0,38875.0,43187.5,22.646585,23.54033,24.725748,0.0,0.3,0.5,0.0,0.3,0.5,17.699832999999998,17.673794,18.4102505,0.05,0.30000000000000004,1.2500000500000001,0.05,0.30000000000000004,1.2500000500000001,1.8000002,0.4
2023-10-23,75.0,5500.0,133.3,170.0,1,True,False,False,False,7.5,0.1,23.100752,0.0,0.0,18.2769165,0.0,0.0,23,10,0,0,-0.8660254037844386,0.5000000000000001,75.0,45.0,45.19,14050.0,38687.5,43000.0,23.01742,23.290335,24.709085,0.0,0.0,9.1,0.0,0.0,9.1,18.0560845,17.380043,18.301917000000003,0.0,0.2,3.5500000000000003,0.0,0.2,3.5500000000000003,0.0,1.8000002
2023-10-24,75.0,2525.0,133.42,170.0,1,True,False,False,False,7.5,0.4,23.561167,0.0,0.0,18.609209,0.4,0.4,24,10,1,0,-0.8660254037844386,0.5000000000000001,75.0,60.0,45.0,5500.0,38500.0,42812.5,23.100752,22.646585,23.94658,0.0,0.0,1.3,0.0,0.0,1.3,18.2769165,17.699832999999998,18.436293499999998,0.0,0.05,0.85,0.0,0.05,0.85,0.1,0.0
2023-10-25,73.75,3400.0,133.42,169.25,1,True,False,False,False,7.5,0.2,23.607,0.0,0.0,18.490457499999998,0.35,0.35,25,10,2,0,-0.8660254037844386,0.5000000000000001,75.0,75.0,45.0,2525.0,500.0,42625.0,23.561167,23.01742,23.671585,0.0,0.0,0.0,0.0,0.0,0.0,18.609209,18.0560845,18.210251,0.4,0.0,0.65,0.4,0.0,0.65,0.4,0.1
2023-10-26,72.5,4275.0,133.4,168.5,1,True,False,False,False,7.5,0.3,23.38617,0.1,0.1,17.830044,0.5,0.5,26,10,3,0,-0.8660254037844386,0.5000000000000001,73.75,75.0,45.0,3400.0,15000.0,42437.5,23.607,23.100752,23.54033,0.0,0.0,0.3,0.0,0.0,0.3,18.490457499999998,18.2769165,17.673794,0.35,0.0,0.30000000000000004,0.35,0.0,0.30000000000000004,0.2,0.4
2023-10-27,71.25,5150.0,133.48,167.75,1,True,False,False,False,7.5,4.5,23.832,0.8,0.8,17.2665005,0.05,0.05,27,10,4,0,-0.8660254037844386,0.5000000000000001,72.5,75.0,45.0,4275.0,11012.5,42250.0,23.38617,23.561167,23.290335,0.1,0.0,0.0,0.1,0.0,0.0,17.830044,18.609209,17.380043,0.5,0.4,0.2,0.5,0.4,0.2,0.3,0.2
2023-10-28,70.0,6025.0,133.5,167.0,1,True,False,False,False,7.5,0.5,23.494501,0.0,0.0,17.0217095,0.0,0.0,28,10,5,1,-0.8660254037844386,0.5000000000000001,71.25,73.75,60.0,5150.0,7025.0,42062.5,23.832,23.607,22.646585,0.8,0.0,0.0,0.8,0.0,0.0,17.2665005,18.490457499999998,17.699832999999998,0.05,0.35,0.05,0.05,0.35,0.05,4.5,0.3
2023-10-29,68.75,6900.0,133.5,166.25,1,True,False,False,False,7.5,0.70000005,22.796585,0.0,0.0,18.085248999999997,0.0,0.0,29,10,6,1,-0.8660254037844386,0.5000000000000001,70.0,72.5,75.0,6025.0,14050.0,41875.0,23.494501,23.38617,23.01742,0.0,0.1,0.0,0.0,0.1,0.0,17.0217095,17.830044,18.0560845,0.0,0.5,0.0,0.0,0.5,0.0,0.5,4.5
2023-10-30,67.5,7775.0,133.5,165.5,1,True,False,False,False,7.5,0.0,22.629915,0.0,0.0,18.4852515,0.05,0.05,30,10,0,0,-0.8660254037844386,0.5000000000000001,68.75,71.25,75.0,6900.0,5500.0,41687.5,22.796585,23.832,23.100752,0.0,0.8,0.0,0.0,0.8,0.0,18.085248999999997,17.2665005,18.2769165,0.0,0.05,0.0,0.0,0.05,0.0,0.70000005,0.5
2023-10-31,66.25,8650.0,133.51,164.75,1,True,False,False,False,7.5,0.1,24.134085,0.0,0.0,18.730043000000002,0.0,0.0,31,10,1,0,-0.8660254037844386,0.5000000000000001,67.5,70.0,75.0,7775.0,2525.0,41500.0,22.629915,23.494501,23.561167,0.0,0.0,0.0,0.0,0.0,0.0,18.4852515,17.0217095,18.609209,0.05,0.0,0.4,0.05,0.0,0.4,0.0,0.70000005
2023-11-01,65.0,9525.0,133.51,164.0,1,True,False,False,False,5.38,0.0,23.848665,0.0,0.0,18.2946255,0.0,0.0,1,11,2,0,-0.5000000000000004,0.8660254037844384,66.25,68.75,73.75,8650.0,3400.0,41312.5,24.134085,22.796585,23.607,0.0,0.0,0.0,0.0,0.0,0.0,18.730043000000002,18.085248999999997,18.490457499999998,0.0,0.0,0.35,0.0,0.0,0.35,0.1,0.0
2023-11-02,65.0,4250.0,133.57,164.0,1,True,False,False,False,5.38,0.2,23.659082,0.0,0.0,18.1248345,0.0,0.0,2,11,3,0,-0.5000000000000004,0.8660254037844384,65.0,67.5,72.5,9525.0,4275.0,41125.0,23.848665,22.629915,23.38617,0.0,0.0,0.1,0.0,0.0,0.1,18.2946255,18.4852515,17.830044,0.0,0.05,0.5,0.0,0.05,0.5,0.0,0.1
2023-11-03,65.0,12125.0,133.5,164.0,1,True,False,False,False,5.38,0.4,23.0445,0.0,0.0,17.250877,0.8,0.8,3,11,4,0,-0.5000000000000004,0.8660254037844384,65.0,66.25,71.25,4250.0,5150.0,40937.5,23.659082,24.134085,23.832,0.0,0.0,0.8,0.0,0.0,0.8,18.1248345,18.730043000000002,17.2665005,0.0,0.0,0.05,0.0,0.0,0.05,0.2,0.0
2023-11-04,65.0,20000.0,133.56,164.0,1,True,False,False,False,5.38,0.4,22.88617,0.0,0.0,16.1685845,0.25,0.25,4,11,5,1,-0.5000000000000004,0.8660254037844384,65.0,65.0,70.0,12125.0,6025.0,40750.0,23.0445,23.848665,23.494501,0.0,0.0,0.0,0.0,0.0,0.0,17.250877,18.2946255,17.0217095,0.8,0.0,0.0,0.8,0.0,0.0,0.4,0.2
2023-11-05,65.0,12000.0,133.56,164.0,1,True,False,False,False,5.38,0.3,21.979918,0.0,0.0,16.1873345,0.05,0.05,5,11,6,1,-0.5000000000000004,0.8660254037844384,65.0,65.0,68.75,20000.0,6900.0,40562.5,22.88617,23.659082,22.796585,0.0,0.0,0.0,0.0,0.0,0.0,16.1685845,18.1248345,18.085248999999997,0.25,0.0,0.0,0.25,0.0,0.0,0.4,0.4
2023-11-06,65.0,11750.0,133.56,164.0,1,True,False,False,False,5.38,1.2,21.5195,0.0,0.0,16.506083,0.550000025,0.550000025,6,11,0,0,-0.5000000000000004,0.8660254037844384,65.0,65.0,67.5,12000.0,7775.0,40375.0,21.979918,23.0445,22.629915,0.0,0.0,0.0,0.0,0.0,0.0,16.1873345,17.250877,18.4852515,0.05,0.8,0.05,0.05,0.8,0.05,0.3,0.4
2023-11-07,65.0,11500.0,133.45,164.0,1,True,False,False,False,5.38,0.1,21.617418,0.0,0.0,16.626918500000002,0.15,0.15,7,11,1,0,-0.5000000000000004,0.8660254037844384,65.0,65.0,66.25,11750.0,8650.0,40187.5,21.5195,22.88617,24.134085,0.0,0.0,0.0,0.0,0.0,0.0,16.506083,16.1685845,18.730043000000002,0.550000025,0.25,0.0,0.550000025,0.25,0.0,1.2,0.3
2023-11-08,65.0,11250.0,133.52,164.0,1,True,False,False,False,5.38,0.0,21.136168,0.0,0.0,16.489417500000002,0.0,0.0,8,11,2,0,-0.5000000000000004,0.8660254037844384,65.0,65.0,65.0,11500.0,9525.0,40000.0,21.617418,21.979918,23.848665,0.0,0.0,0.0,0.0,0.0,0.0,16.626918500000002,16.1873345,18.2946255,0.15,0.05,0.0,0.15,0.05,0.0,0.1,1.2
2023-11-09,65.0,11000.0,133.54,164.0,1,True,False,False,False,5.38,0.0,20.911165,0.0,0.0,15.861294000000001,0.0,0.0,9,11,3,0,-0.5000000000000004,0.8660254037844384,65.0,65.0,65.0,11250.0,4250.0,39812.5,21.136168,21.5195,23.659082,0.0,0.0,0.0,0.0,0.0,0.0,16.489417500000002,16.506083,18.1248345,0.0,0.550000025,0.0,0.0,0.550000025,0.0,0.0,0.1
2023-11-10,65.0,10666.666666666666,133.56,164.0,1,True,False,False,False,5.38,0.1,21.496584,0.0,0.0,16.111292,0.0,0.0,10,11,4,0,-0.5000000000000004,0.8660254037844384,65.0,65.0,65.0,11000.0,12125.0,39625.0,20.911165,21.617418,23.0445,0.0,0.0,0.0,0.0,0.0,0.0,15.861294000000001,16.626918500000002,17.250877,0.0,0.15,0.8,0.0,0.15,0.8,0.0,0.0
2023-11-11,45.0,10333.333333333334,133.65,164.0,1,True,False,False,False,5.38,0.1,21.509087,0.0,0.0,16.2717095,0.6,0.6,11,11,5,1,-0.5000000000000004,0.8660254037844384,65.0,65.0,65.0,10666.666666666666,20000.0,39437.5,21.496584,21.136168,22.88617,0.0,0.0,0.0,0.0,0.0,0.0,16.111292,16.489417500000002,16.1685845,0.0,0.0,0.25,0.0,0.0,0.25,0.1,0.0
2023-11-12,55.0,10000.0,133.65,164.0,1,True,False,False,False,5.38,0.0,20.917418,0.0,0.0,16.1404575,0.0,0.0,12,11,6,1,-0.5000000000000004,0.8660254037844384,45.0,65.0,65.0,10333.333333333334,12000.0,39250.0,21.509087,20.911165,21.979918,0.0,0.0,0.0,0.0,0.0,0.0,16.2717095,15.861294000000001,16.1873345,0.6,0.0,0.05,0.6,0.0,0.05,0.1,0.1
2023-11-13,55.0,7626.25,133.65,164.0,1,True,False,False,False,5.38,0.2,20.85075,0.0,0.0,16.719625,0.0,0.0,13,11,0,0,-0.5000000000000004,0.8660254037844384,55.0,65.0,65.0,10000.0,11750.0,39062.5,20.917418,21.496584,21.5195,0.0,0.0,0.0,0.0,0.0,0.0,16.1404575,16.111292,16.506083,0.0,0.0,0.550000025,0.0,0.0,0.550000025,0.0,0.1
2023-11-14,65.0,5252.5,133.64,164.0,1,True,False,False,False,5.38,0.0,20.721584,0.0,0.0,16.9394175,0.0,0.0,14,11,1,0,-0.5000000000000004,0.8660254037844384,55.0,45.0,65.0,7626.25,11500.0,38875.0,20.85075,21.509087,21.617418,0.0,0.0,0.0,0.0,0.0,0.0,16.719625,16.2717095,16.626918500000002,0.0,0.6,0.15,0.0,0.6,0.15,0.2,0.0
2023-11-15,65.0,2878.75,133.64,164.0,1,True,False,False,False,5.38,0.0,21.40075,0.0,0.0,16.88525,0.0,0.0,15,11,2,0,-0.5000000000000004,0.8660254037844384,65.0,55.0,65.0,5252.5,11250.0,38687.5,20.721584,20.917418,21.136168,0.0,0.0,0.0,0.0,0.0,0.0,16.9394175,16.1404575,16.489417500000002,0.0,0.0,0.0,0.0,0.0,0.0,0.0,0.2
2023-11-16,65.0,505.0,133.34,164.0,0,True,False,False,False,5.38,0.1,22.361168,0.0,0.0,16.7227505,0.0,0.0,16,11,3,0,-0.5000000000000004,0.8660254037844384,65.0,55.0,65.0,2878.75,11000.0,38500.0,21.40075,20.85075,20.911165,0.0,0.0,0.0,0.0,0.0,0.0,16.88525,16.719625,15.861294000000001,0.0,0.0,0.0,0.0,0.0,0.0,0.0,0.0
2023-11-17,65.0,1010.0,133.48,164.0,0,True,False,False,False,5.38,0.0,22.782,0.0,0.0,17.1831685,0.0,0.0,17,11,4,0,-0.5000000000000004,0.8660254037844384,65.0,65.0,65.0,505.0,10666.666666666666,500.0,22.361168,20.721584,21.496584,0.0,0.0,0.0,0.0,0.0,0.0,16.7227505,16.9394175,16.111292,0.0,0.0,0.0,0.0,0.0,0.0,0.1,0.0
2023-11-18,65.0,1515.0,133.54,164.0,0,True,False,False,False,5.38,0.0,22.052835,0.0,0.0,16.285251000000002,0.1,0.1,18,11,5,1,-0.5000000000000004,0.8660254037844384,65.0,65.0,45.0,1010.0,10333.333333333334,15000.0,22.782,21.40075,21.509087,0.0,0.0,0.0,0.0,0.0,0.0,17.1831685,16.88525,16.2717095,0.0,0.0,0.6,0.0,0.0,0.6,0.0,0.1
2023-11-19,65.0,2020.0,133.54,164.0,0,True,False,False,False,5.38,0.0,21.807001,0.0,0.0,16.268583,0.0,0.0,19,11,6,1,-0.5000000000000004,0.8660254037844384,65.0,65.0,55.0,1515.0,10000.0,11012.5,22.052835,22.361168,20.917418,0.0,0.0,0.0,0.0,0.0,0.0,16.285251000000002,16.7227505,16.1404575,0.1,0.0,0.0,0.1,0.0,0.0,0.0,0.0
2023-11-20,65.0,2525.0,133.54,164.0,0,True,False,False,False,5.38,0.0,20.732,0.0,0.0,16.286292,0.0,0.0,20,11,0,0,-0.5000000000000004,0.8660254037844384,65.0,65.0,55.0,2020.0,7626.25,7025.0,21.807001,22.782,20.85075,0.0,0.0,0.0,0.0,0.0,0.0,16.268583,17.1831685,16.719625,0.0,0.0,0.0,0.0,0.0,0.0,0.0,0.0
2023-11-21,71.67,1683.33,133.65,164.0,0,True,False,False,False,5.38,0.0,20.196585,0.0,0.0,15.513375,0.0,0.0,21,11,1,0,-0.5000000000000004,0.8660254037844384,65.0,65.0,65.0,2525.0,5252.5,14050.0,20.732,22.052835,20.721584,0.0,0.0,0.0,0.0,0.0,0.0,16.286292,16.285251000000002,16.9394175,0.0,0.1,0.0,0.0,0.1,0.0,0.0,0.0
2023-11-22,78.33,841.67,133.68,164.0,0,True,False,False,False,5.38,0.0,20.096584,0.0,0.0,14.615459,0.3,0.3,22,11,2,0,-0.5000000000000004,0.8660254037844384,71.67,65.0,65.0,1683.33,2878.75,5500.0,20.196585,21.807001,21.40075,0.0,0.0,0.0,0.0,0.0,0.0,15.513375,16.268583,16.88525,0.0,0.0,0.0,0.0,0.0,0.0,0.0,0.0
2023-11-23,85.0,1989.2885714285712,133.62,164.0,0,True,False,False,False,5.38,0.3,20.113249,0.0,0.0,14.736292500000001,0.15,0.15,23,11,3,0,-0.5000000000000004,0.8660254037844384,78.33,65.0,65.0,841.67,505.0,2525.0,20.096584,20.732,22.361168,0.0,0.0,0.0,0.0,0.0,0.0,14.615459,16.286292,16.7227505,0.3,0.0,0.0,0.3,0.0,0.0,0.0,0.0
2023-11-24,85.0,3136.907142857143,133.66,164.0,0,True,False,False,False,5.38,2.1,19.986168,0.0,0.0,15.531084,1.000000075,1.000000075,24,11,4,0,-0.5000000000000004,0.8660254037844384,85.0,71.67,65.0,1989.2885714285712,1010.0,3400.0,20.113249,20.196585,22.782,0.0,0.0,0.0,0.0,0.0,0.0,14.736292500000001,15.513375,17.1831685,0.15,0.0,0.0,0.15,0.0,0.0,0.3,0.0
2023-11-25,85.0,4284.5257142857145,133.7,164.0,0,True,False,False,False,5.38,1.4000001,20.434084,0.0,0.0,15.517541999999999,0.05,0.05,25,11,5,1,-0.5000000000000004,0.8660254037844384,85.0,78.33,65.0,3136.907142857143,1515.0,4275.0,19.986168,20.096584,22.052835,0.0,0.0,0.0,0.0,0.0,0.0,15.531084,14.615459,16.285251000000002,1.000000075,0.3,0.1,1.000000075,0.3,0.1,2.1,0.3
2023-11-26,85.0,5432.144285714286,133.7,164.0,0,True,False,False,False,5.38,0.0,20.675749,0.0,0.0,16.3425415,0.0,0.0,26,11,6,1,-0.5000000000000004,0.8660254037844384,85.0,85.0,65.0,4284.5257142857145,2020.0,5150.0,20.434084,20.113249,21.807001,0.0,0.0,0.0,0.0,0.0,0.0,15.517541999999999,14.736292500000001,16.268583,0.05,0.15,0.0,0.05,0.15,0.0,1.4000001,2.1
2023-11-27,85.0,6579.762857142858,133.7,164.0,0,True,False,False,False,5.38,0.1,20.615334,0.0,0.0,16.585251,0.0,0.0,27,11,0,0,-0.5000000000000004,0.8660254037844384,85.0,85.0,65.0,5432.144285714286,2525.0,6025.0,20.675749,19.986168,20.732,0.0,0.0,0.0,0.0,0.0,0.0,16.3425415,15.531084,16.286292,0.0,1.000000075,0.0,0.0,1.000000075,0.0,0.0,1.4000001
2023-11-28,85.0,7727.381428571429,133.7,164.0,0,True,False,False,False,5.38,0.2,21.359083,0.0,0.0,16.395667,0.05,0.05,28,11,1,0,-0.5000000000000004,0.8660254037844384,85.0,85.0,71.67,6579.762857142858,1683.33,6900.0,20.615334,20.434084,20.196585,0.0,0.0,0.0,0.0,0.0,0.0,16.585251,15.517541999999999,15.513375,0.0,0.05,0.0,0.0,0.05,0.0,0.1,0.0
2023-11-29,85.0,8875.0,133.64,164.0,0,True,False,False,False,5.38,0.1,20.590334,0.0,0.0,15.97796,0.1,0.1,29,11,2,0,-0.5000000000000004,0.8660254037844384,85.0,85.0,78.33,7727.381428571429,841.67,7775.0,21.359083,20.675749,20.096584,0.0,0.0,0.0,0.0,0.0,0.0,16.395667,16.3425415,14.615459,0.05,0.0,0.3,0.05,0.0,0.3,0.2,0.1
2023-11-30,85.0,7645.833333333333,133.63,160.0,0,True,False,False,False,5.38,0.0,19.692415,0.0,0.0,14.8956665,0.0,0.0,30,11,3,0,-0.5000000000000004,0.8660254037844384,85.0,85.0,85.0,8875.0,1989.2885714285712,8650.0,20.590334,20.615334,20.113249,0.0,0.0,0.0,0.0,0.0,0.0,15.97796,16.585251,14.736292500000001,0.1,0.0,0.15,0.1,0.0,0.15,0.1,0.2
2023-12-01,85.0,6416.666666666666,133.74,160.0,0,False,False,False,True,4.95,0.1,20.582,0.0,0.0,15.734209,0.05,0.05,1,12,4,0,-2.4492935982947064e-16,1.0,85.0,85.0,85.0,7645.833333333333,3136.907142857143,9525.0,19.692415,21.359083,19.986168,0.0,0.0,0.0,0.0,0.0,0.0,14.8956665,16.395667,15.531084,0.0,0.05,1.000000075,0.0,0.05,1.000000075,0.0,0.1
2023-12-02,76.67,5187.5,133.57,160.0,0,False,False,False,True,4.95,0.0,20.459085,0.0,0.0,15.154001000000001,0.0,0.0,2,12,5,1,-2.4492935982947064e-16,1.0,85.0,85.0,85.0,6416.666666666666,4284.5257142857145,4250.0,20.582,20.590334,20.434084,0.0,0.0,0.0,0.0,0.0,0.0,15.734209,15.97796,15.517541999999999,0.05,0.1,0.05,0.05,0.1,0.05,0.1,0.0
2023-12-03,75.0,3958.333333333333,133.57,160.0,0,False,False,False,True,4.95,0.0,19.432001,0.0,0.0,15.445666000000001,0.0,0.0,3,12,6,1,-2.4492935982947064e-16,1.0,76.67,85.0,85.0,5187.5,5432.144285714286,12125.0,20.459085,19.692415,20.675749,0.0,0.0,0.0,0.0,0.0,0.0,15.154001000000001,14.8956665,16.3425415,0.0,0.0,0.0,0.0,0.0,0.0,0.0,0.1
2023-12-04,75.0,2729.166666666667,133.57,160.0,0,False,False,False,True,4.95,0.0,19.644503,0.0,0.0,14.6446255,0.1,0.1,4,12,0,0,-2.4492935982947064e-16,1.0,75.0,85.0,85.0,3958.333333333333,6579.762857142858,20000.0,19.432001,20.582,20.615334,0.0,0.0,0.0,0.0,0.0,0.0,15.445666000000001,15.734209,16.585251,0.0,0.05,0.0,0.0,0.05,0.0,0.0,0.0
2023-12-05,65.0,1500.0,133.69,160.0,0,False,False,False,True,4.95,0.0,18.596582,0.0,0.0,15.2352505,0.0,0.0,5,12,1,0,-2.4492935982947064e-16,1.0,75.0,76.67,85.0,2729.166666666667,7727.381428571429,12000.0,19.644503,20.459085,21.359083,0.0,0.0,0.0,0.0,0.0,0.0,14.6446255,15.154001000000001,16.395667,0.1,0.0,0.05,0.1,0.0,0.05,0.0,0.0
2023-12-06,66.67,3000.0,133.72,160.0,0,False,False,False,True,4.95,0.0,20.402834,0.0,0.0,14.744626,0.0,0.0,6,12,2,0,-2.4492935982947064e-16,1.0,65.0,75.0,85.0,1500.0,8875.0,11750.0,18.596582,19.432001,20.590334,0.0,0.0,0.0,0.0,0.0,0.0,15.2352505,15.445666000000001,15.97796,0.0,0.0,0.1,0.0,0.0,0.1,0.0,0.0
2023-12-07,55.0,2965.909090909091,133.63,160.0,0,False,False,False,True,4.95,0.2,18.813253,1.2,1.2,13.696706500000001,0.2,0.2,7,12,3,0,-2.4492935982947064e-16,1.0,66.67,75.0,85.0,3000.0,7645.833333333333,11500.0,20.402834,19.644503,19.692415,0.0,0.0,0.0,0.0,0.0,0.0,14.744626,14.6446255,14.8956665,0.0,0.1,0.0,0.0,0.1,0.0,0.0,0.0
2023-12-08,65.0,2931.818181818182,133.67,160.0,0,False,False,False,True,4.95,0.0,18.954918,0.0,0.0,13.731083,0.0,0.0,8,12,4,0,-2.4492935982947064e-16,1.0,55.0,65.0,85.0,2965.909090909091,6416.666666666666,11250.0,18.813253,18.596582,20.582,1.2,0.0,0.0,1.2,0.0,0.0,13.696706500000001,15.2352505,15.734209,0.2,0.0,0.05,0.2,0.0,0.05,0.2,0.0
2023-12-09,66.67,2897.7272727272725,133.72,160.0,0,False,False,False,True,4.95,0.0,17.702833,0.0,0.0,13.20295775,0.0,0.0,9,12,5,1,-2.4492935982947064e-16,1.0,65.0,66.67,76.67,2931.818181818182,5187.5,11000.0,18.954918,20.402834,20.459085,0.0,0.0,0.0,0.0,0.0,0.0,13.731083,14.744626,15.154001000000001,0.0,0.0,0.0,0.0,0.0,0.0,0.0,0.2
2023-12-10,65.0,2863.6363636363635,133.72,160.0,0,False,False,False,True,4.95,0.1,16.371584,0.0,0.0,12.255042,0.0,0.0,10,12,6,1,-2.4492935982947064e-16,1.0,66.67,55.0,75.0,2897.7272727272725,3958.333333333333,10666.666666666666,17.702833,18.813253,19.432001,0.0,1.2,0.0,0.0,1.2,0.0,13.20295775,13.696706500000001,15.445666000000001,0.0,0.2,0.0,0.0,0.2,0.0,0.0,0.0
2023-12-11,65.0,2829.5454545454545,133.72,160.0,0,False,False,False,True,4.95,0.4,16.079918,0.0,0.0,12.267543,0.0,0.0,11,12,0,0,-2.4492935982947064e-16,1.0,65.0,65.0,75.0,2863.6363636363635,2729.166666666667,10333.333333333334,16.371584,18.954918,19.644503,0.0,0.0,0.0,0.0,0.0,0.0,12.255042,13.731083,14.6446255,0.0,0.0,0.1,0.0,0.0,0.1,0.1,0.0
2023-12-12,55.0,2795.4545454545455,133.74,160.0,0,False,False,False,True,4.95,1.5,16.519499,0.0,0.0,12.481084,0.0,0.0,12,12,1,0,-2.4492935982947064e-16,1.0,65.0,66.67,65.0,2829.5454545454545,1500.0,10000.0,16.079918,17.702833,18.596582,0.0,0.0,0.0,0.0,0.0,0.0,12.267543,13.20295775,15.2352505,0.0,0.0,0.0,0.0,0.0,0.0,0.4,0.1
2023-12-13,63.33,2761.3636363636365,133.73,160.0,0,False,False,False,True,4.95,1.4000001,15.7924185,0.0,0.0,11.0519175,0.400000025,0.400000025,13,12,2,0,-2.4492935982947064e-16,1.0,55.0,65.0,66.67,2795.4545454545455,3000.0,7626.25,16.519499,16.371584,20.402834,0.0,0.0,0.0,0.0,0.0,0.0,12.481084,12.255042,14.744626,0.0,0.0,0.0,0.0,0.0,0.0,1.5,0.4
2023-12-14,50.0,2727.272727272727,133.75,160.0,0,False,False,False,True,4.95,0.0,15.623668,0.0,0.0,11.090458250000001,0.0,0.0,14,12,3,0,-2.4492935982947064e-16,1.0,63.33,65.0,55.0,2761.3636363636365,2965.909090909091,5252.5,15.7924185,16.079918,18.813253,0.0,0.0,1.2,0.0,0.0,1.2,11.0519175,12.267543,13.696706500000001,0.400000025,0.0,0.2,0.400000025,0.0,0.2,1.4000001,1.5
2023-12-15,53.33,2693.181818181818,133.64,157.0,0,False,False,False,True,4.95,0.0,14.852833,0.0,0.0,11.477957499999999,0.0,0.0,15,12,4,0,-2.4492935982947064e-16,1.0,50.0,55.0,65.0,2727.272727272727,2931.818181818182,2878.75,15.623668,16.519499,18.954918,0.0,0.0,0.0,0.0,0.0,0.0,11.090458250000001,12.481084,13.731083,0.0,0.0,0.0,0.0,0.0,0.0,0.0,1.4000001
2023-12-16,55.0,2659.090909090909,133.11,157.0,0,False,False,False,True,4.95,0.0,15.121583,0.0,0.0,11.9831665,0.0,0.0,16,12,5,1,-2.4492935982947064e-16,1.0,53.33,63.33,66.67,2693.181818181818,2897.7272727272725,505.0,14.852833,15.7924185,17.702833,0.0,0.0,0.0,0.0,0.0,0.0,11.477957499999999,11.0519175,13.20295775,0.0,0.400000025,0.0,0.0,0.400000025,0.0,0.0,0.0
2023-12-17,55.0,2625.0,133.11,157.0,0,False,False,False,True,4.95,0.0,15.221583,0.0,0.0,12.8977505,0.0,0.0,17,12,6,1,-2.4492935982947064e-16,1.0,55.0,50.0,65.0,2659.090909090909,2863.6363636363635,1010.0,15.121583,15.623668,16.371584,0.0,0.0,0.0,0.0,0.0,0.0,11.9831665,11.090458250000001,12.255042,0.0,0.0,0.0,0.0,0.0,0.0,0.0,0.0
2023-12-18,65.0,3167.857142857143,133.11,157.0,0,False,False,False,True,4.95,0.0,15.215333,0.0,0.0,11.820666,0.0,0.0,18,12,0,0,-2.4492935982947064e-16,1.0,55.0,53.33,65.0,2625.0,2829.5454545454545,1515.0,15.221583,14.852833,16.079918,0.0,0.0,0.0,0.0,0.0,0.0,12.8977505,11.477957499999999,12.267543,0.0,0.0,0.0,0.0,0.0,0.0,0.0,0.0
2023-12-19,65.0,3710.714285714286,133.2,157.0,0,False,False,False,True,4.95,0.0,15.319501,0.0,0.0,11.575874500000001,0.0,0.0,19,12,1,0,-2.4492935982947064e-16,1.0,65.0,55.0,55.0,3167.857142857143,2795.4545454545455,2020.0,15.215333,15.121583,16.519499,0.0,0.0,0.0,0.0,0.0,0.0,11.820666,11.9831665,12.481084,0.0,0.0,0.0,0.0,0.0,0.0,0.0,0.0
2023-12-20,65.0,4253.571428571428,133.4,157.0,0,False,False,False,True,4.95,0.0,15.832001,0.0,0.0,12.724833,0.0,0.0,20,12,2,0,-2.4492935982947064e-16,1.0,65.0,55.0,63.33,3710.714285714286,2761.3636363636365,2525.0,15.319501,15.221583,15.7924185,0.0,0.0,0.0,0.0,0.0,0.0,11.575874500000001,12.8977505,11.0519175,0.0,0.0,0.400000025,0.0,0.0,0.400000025,0.0,0.0
2023-12-21,65.0,4796.428571428572,133.38,157.0,0,False,False,False,True,4.95,0.0,15.41325,0.0,0.0,13.92170875,0.0,0.0,21,12,3,0,-2.4492935982947064e-16,1.0,65.0,65.0,50.0,4253.571428571428,2727.272727272727,1683.33,15.832001,15.215333,15.623668,0.0,0.0,0.0,0.0,0.0,0.0,12.724833,11.820666,11.090458250000001,0.0,0.0,0.0,0.0,0.0,0.0,0.0,0.0
2023-12-22,55.0,5339.285714285714,133.55,157.0,0,False,False,False,True,4.95,0.0,16.127834,0.0,0.0,13.480042999999998,0.0,0.0,22,12,4,0,-2.4492935982947064e-16,1.0,65.0,65.0,53.33,4796.428571428572,2693.181818181818,841.67,15.41325,15.319501,14.852833,0.0,0.0,0.0,0.0,0.0,0.0,13.92170875,11.575874500000001,11.477957499999999,0.0,0.0,0.0,0.0,0.0,0.0,0.0,0.0
2023-12-23,55.0,5882.142857142857,133.33,157.0,0,False,False,False,True,4.95,0.0,17.607,0.0,0.0,13.62379275,0.0,0.0,23,12,5,1,-2.4492935982947064e-16,1.0,55.0,65.0,55.0,5339.285714285714,2659.090909090909,1989.2885714285712,16.127834,15.832001,15.121583,0.0,0.0,0.0,0.0,0.0,0.0,13.480042999999998,12.724833,11.9831665,0.0,0.0,0.0,0.0,0.0,0.0,0.0,0.0
2023-12-24,55.0,6425.0,133.33,157.0,0,False,False,False,True,4.95,0.0,17.592419,0.0,0.0,12.997751000000001,0.0,0.0,24,12,6,1,-2.4492935982947064e-16,1.0,55.0,65.0,55.0,5882.142857142857,2625.0,3136.907142857143,17.607,15.41325,15.221583,0.0,0.0,0.0,0.0,0.0,0.0,13.62379275,13.92170875,12.8977505,0.0,0.0,0.0,0.0,0.0,0.0,0.0,0.0
2023-12-25,55.0,5950.0,133.33,157.0,0,False,False,False,True,4.95,0.0,17.81325,0.0,0.0,12.543583,0.0,0.0,25,12,0,0,-2.4492935982947064e-16,1.0,55.0,55.0,65.0,6425.0,3167.857142857143,4284.5257142857145,17.592419,16.127834,15.215333,0.0,0.0,0.0,0.0,0.0,0.0,12.997751000000001,13.480042999999998,11.820666,0.0,0.0,0.0,0.0,0.0,0.0,0.0,0.0
2023-12-26,65.0,5475.0,133.33,157.0,0,False,False,False,True,4.95,0.0,17.109085,0.0,0.0,12.869624,0.0,0.0,26,12,1,0,-2.4492935982947064e-16,1.0,55.0,55.0,65.0,5950.0,3710.714285714286,5432.144285714286,17.81325,17.607,15.319501,0.0,0.0,0.0,0.0,0.0,0.0,12.543583,13.62379275,11.575874500000001,0.0,0.0,0.0,0.0,0.0,0.0,0.0,0.0
2023-12-27,55.0,5000.0,133.42,157.0,0,False,False,False,True,4.95,0.0,16.952837,0.0,0.0,13.010251,0.0,0.0,27,12,2,0,-2.4492935982947064e-16,1.0,65.0,55.0,65.0,5475.0,4253.571428571428,6579.762857142858,17.109085,17.592419,15.832001,0.0,0.0,0.0,0.0,0.0,0.0,12.869624,12.997751000000001,12.724833,0.0,0.0,0.0,0.0,0.0,0.0,0.0,0.0
2023-12-28,55.0,4000.0,133.66,157.0,0,False,False,False,True,4.95,0.70000005,17.263252,0.0,0.0,12.988375000000001,0.15,0.15,28,12,3,0,-2.4492935982947064e-16,1.0,55.0,55.0,65.0,5000.0,4796.428571428572,7727.381428571429,16.952837,17.81325,15.41325,0.0,0.0,0.0,0.0,0.0,0.0,13.010251,12.543583,13.92170875,0.0,0.0,0.0,0.0,0.0,0.0,0.0,0.0
2023-12-29,55.0,3000.0,133.37,157.0,0,False,False,False,True,4.95,0.0,17.002834,0.0,0.0,12.724834000000001,0.0,0.0,29,12,4,0,-2.4492935982947064e-16,1.0,55.0,65.0,55.0,4000.0,5339.285714285714,8875.0,17.263252,17.109085,16.127834,0.0,0.0,0.0,0.0,0.0,0.0,12.988375000000001,12.869624,13.480042999999998,0.15,0.0,0.0,0.15,0.0,0.0,0.70000005,0.0
2023-12-30,55.0,5000.0,133.44,157.0,0,False,False,False,True,4.95,0.2,15.7403345,0.0,0.0,13.0477505,0.0,0.0,30,12,5,1,-2.4492935982947064e-16,1.0,55.0,55.0,55.0,3000.0,5882.142857142857,7645.833333333333,17.002834,16.952837,17.607,0.0,0.0,0.0,0.0,0.0,0.0,12.724834000000001,13.010251,13.62379275,0.0,0.0,0.0,0.0,0.0,0.0,0.0,0.70000005
2023-12-31,55.0,9000.0,133.44,157.0,0,False,False,False,True,4.95,0.0,14.636167,0.0,0.0,12.482125,0.0,0.0,31,12,6,1,-2.4492935982947064e-16,1.0,55.0,55.0,55.0,5000.0,6425.0,6416.666666666666,15.7403345,17.263252,17.592419,0.0,0.0,0.0,0.0,0.0,0.0,13.0477505,12.988375000000001,12.997751000000001,0.0,0.15,0.0,0.0,0.15,0.0,0.2,0.0
2024-01-01,55.0,7000.0,133.44,157.0,0,False,False,False,True,5.26,0.0,13.731999,0.0,0.0,11.7060835,0.0,0.0,1,1,0,0,0.49999999999999994,0.8660254037844387,55.0,55.0,55.0,9000.0,5950.0,5187.5,14.636167,17.002834,17.81325,0.0,0.0,0.0,0.0,0.0,0.0,12.482125,12.724834000000001,12.543583,0.0,0.0,0.0,0.0,0.0,0.0,0.0,0.2
2024-01-02,45.0,5000.0,133.49,157.0,0,False,False,False,True,5.26,0.2,13.679916,0.0,0.0,11.0519175,0.05,0.05,2,1,1,0,0.49999999999999994,0.8660254037844387,55.0,55.0,65.0,7000.0,5475.0,3958.333333333333,13.731999,15.7403345,17.109085,0.0,0.0,0.0,0.0,0.0,0.0,11.7060835,13.0477505,12.869624,0.0,0.0,0.0,0.0,0.0,0.0,0.0,0.0
2024-01-03,65.0,5000.0,133.62,157.0,0,False,False,False,True,5.26,0.0,13.963252,0.0,0.0,10.9342085,0.0,0.0,3,1,2,0,0.49999999999999994,0.8660254037844387,45.0,55.0,55.0,5000.0,5000.0,2729.166666666667,13.679916,14.636167,16.952837,0.0,0.0,0.0,0.0,0.0,0.0,11.0519175,12.482125,13.010251,0.05,0.0,0.0,0.05,0.0,0.0,0.2,0.0
2024-01-04,55.0,5000.0,133.55,157.0,0,False,False,False,True,5.26,0.1,13.911168,0.0,0.0,11.0133735,0.0,0.0,4,1,3,0,0.49999999999999994,0.8660254037844387,65.0,55.0,55.0,5000.0,4000.0,1500.0,13.963252,13.731999,17.263252,0.0,0.0,0.0,0.0,0.0,0.0,10.9342085,11.7060835,12.988375000000001,0.0,0.0,0.15,0.0,0.0,0.15,0.0,0.2
2024-01-05,55.0,5000.0,133.48,157.0,0,False,False,False,True,5.26,0.0,14.36325,0.0,0.0,11.212334,0.0,0.0,5,1,4,0,0.49999999999999994,0.8660254037844387,55.0,45.0,55.0,5000.0,3000.0,3000.0,13.911168,13.679916,17.002834,0.0,0.0,0.0,0.0,0.0,0.0,11.0133735,11.0519175,12.724834000000001,0.0,0.05,0.0,0.0,0.05,0.0,0.1,0.0
2024-01-06,55.0,5000.0,133.35,157.0,0,False,False,False,True,5.26,0.4,15.588249,0.0,0.0,11.41025,0.0,0.0,6,1,5,1,0.49999999999999994,0.8660254037844387,55.0,65.0,55.0,5000.0,5000.0,2965.909090909091,14.36325,13.963252,15.7403345,0.0,0.0,0.0,0.0,0.0,0.0,11.212334,10.9342085,13.0477505,0.0,0.0,0.0,0.0,0.0,0.0,0.0,0.1
2024-01-07,55.0,5000.0,133.35,157.0,0,False,False,False,True,5.26,0.0,15.617417,0.0,0.0,11.382125,0.0,0.0,7,1,6,1,0.49999999999999994,0.8660254037844387,55.0,55.0,55.0,5000.0,9000.0,2931.818181818182,15.588249,13.911168,14.636167,0.0,0.0,0.0,0.0,0.0,0.0,11.41025,11.0133735,12.482125,0.0,0.0,0.0,0.0,0.0,0.0,0.4,0.0
2024-01-08,45.0,5000.0,133.35,157.0,0,False,False,False,True,5.26,0.0,15.0945015,0.0,0.0,11.64879075,0.0,0.0,8,1,0,0,0.49999999999999994,0.8660254037844387,55.0,55.0,55.0,5000.0,7000.0,2897.7272727272725,15.617417,14.36325,13.731999,0.0,0.0,0.0,0.0,0.0,0.0,11.382125,11.212334,11.7060835,0.0,0.0,0.0,0.0,0.0,0.0,0.0,0.4
2024-01-09,45.0,5000.0,133.33,157.0,0,False,False,False,True,5.26,0.0,14.273667,0.0,0.0,12.831084,0.0,0.0,9,1,1,0,0.49999999999999994,0.8660254037844387,45.0,55.0,45.0,5000.0,5000.0,2863.6363636363635,15.0945015,15.588249,13.679916,0.0,0.0,0.0,0.0,0.0,0.0,11.64879075,11.41025,11.0519175,0.0,0.0,0.05,0.0,0.0,0.05,0.0,0.0
2024-01-10,45.0,5000.0,133.29,157.0,0,False,False,False,True,5.26,0.0,13.534085,0.0,0.0,12.1654585,0.0,0.0,10,1,2,0,0.49999999999999994,0.8660254037844387,45.0,55.0,65.0,5000.0,5000.0,2829.5454545454545,14.273667,15.617417,13.963252,0.0,0.0,0.0,0.0,0.0,0.0,12.831084,11.382125,10.9342085,0.0,0.0,0.0,0.0,0.0,0.0,0.0,0.0
2024-01-11,45.0,2987.5,133.16,157.0,0,False,False,False,True,5.26,0.0,13.779918,0.0,0.0,10.3998335,0.0,0.0,11,1,3,0,0.49999999999999994,0.8660254037844387,45.0,45.0,55.0,5000.0,5000.0,2795.4545454545455,13.534085,15.0945015,13.911168,0.0,0.0,0.0,0.0,0.0,0.0,12.1654585,11.64879075,11.0133735,0.0,0.0,0.0,0.0,0.0,0.0,0.0,0.0
2024-01-12,45.0,975.0,133.15,157.0,0,False,False,False,True,5.26,0.0,12.181999,0.0,0.0,11.149834,0.0,0.0,12,1,4,0,0.49999999999999994,0.8660254037844387,45.0,45.0,55.0,2987.5,5000.0,2761.3636363636365,13.779918,14.273667,14.36325,0.0,0.0,0.0,0.0,0.0,0.0,10.3998335,12.831084,11.212334,0.0,0.0,0.0,0.0,0.0,0.0,0.0,0.0
2024-01-13,45.0,1812.5,132.98,157.0,0,False,False,False,True,5.26,0.0,12.107001,0.0,0.0,12.6706685,0.0,0.0,13,1,5,1,0.49999999999999994,0.8660254037844387,45.0,45.0,55.0,975.0,5000.0,2727.272727272727,12.181999,13.534085,15.588249,0.0,0.0,0.0,0.0,0.0,0.0,11.149834,12.1654585,11.41025,0.0,0.0,0.0,0.0,0.0,0.0,0.0,0.0
2024-01-14,45.0,2650.0,132.98,157.0,0,False,False,False,True,5.26,0.0,12.684082,0.0,0.0,12.530042250000001,0.0,0.0,14,1,6,1,0.49999999999999994,0.8660254037844387,45.0,45.0,55.0,1812.5,5000.0,2693.181818181818,12.107001,13.779918,15.617417,0.0,0.0,0.0,0.0,0.0,0.0,12.6706685,10.3998335,11.382125,0.0,0.0,0.0,0.0,0.0,0.0,0.0,0.0
2024-01-15,45.0,3487.5,132.98,156.0,0,False,False,False,True,5.26,0.2,13.171584,0.0,0.0,11.9800415,0.0,0.0,15,1,0,0,0.49999999999999994,0.8660254037844387,45.0,45.0,45.0,2650.0,5000.0,2659.090909090909,12.684082,12.181999,15.0945015,0.0,0.0,0.0,0.0,0.0,0.0,12.530042250000001,11.149834,11.64879075,0.0,0.0,0.0,0.0,0.0,0.0,0.0,0.0
2024-01-16,45.0,4325.0,132.92,156.0,0,False,False,False,True,5.26,2.3000002,13.265335,0.0,0.0,11.261292000000001,0.0,0.0,16,1,1,0,0.49999999999999994,0.8660254037844387,45.0,45.0,45.0,3487.5,5000.0,2625.0,13.171584,12.107001,14.273667,0.0,0.0,0.0,0.0,0.0,0.0,11.9800415,12.6706685,12.831084,0.0,0.0,0.0,0.0,0.0,0.0,0.2,0.0
2024-01-17,45.0,5162.5,133.22,156.0,0,False,False,False,True,5.26,5.8,13.0195,0.0,0.0,9.9133745,0.3,0.3,17,1,2,0,0.49999999999999994,0.8660254037844387,45.0,45.0,45.0,4325.0,5000.0,3167.857142857143,13.265335,12.684082,13.534085,0.0,0.0,0.0,0.0,0.0,0.0,11.261292000000001,12.530042250000001,12.1654585,0.0,0.0,0.0,0.0,0.0,0.0,2.3000002,0.2
2024-01-18,45.0,6000.0,133.33,156.0,0,False,False,False,True,5.26,0.5,13.267418,0.0,0.0,9.3935835,0.15,0.15,18,1,3,0,0.49999999999999994,0.8660254037844387,45.0,45.0,45.0,5162.5,2987.5,3710.714285714286,13.0195,13.171584,13.779918,0.0,0.0,0.0,0.0,0.0,0.0,9.9133745,11.9800415,10.3998335,0.3,0.0,0.0,0.3,0.0,0.0,5.8,2.3000002
2024-01-19,55.0,4250.0,133.3,156.0,0,False,False,False,True,5.26,0.0,13.677834,0.0,0.0,8.57587475,0.0,0.0,19,1,4,0,0.49999999999999994,0.8660254037844387,45.0,45.0,45.0,6000.0,975.0,4253.571428571428,13.267418,13.265335,12.181999,0.0,0.0,0.0,0.0,0.0,0.0,9.3935835,11.261292000000001,11.149834,0.15,0.0,0.0,0.15,0.0,0.0,0.5,5.8
2024-01-20,55.0,2500.0,133.21,156.0,0,False,False,False,True,5.26,0.0,12.629917,0.0,0.0,10.0071245,0.0,0.0,20,1,5,1,0.49999999999999994,0.8660254037844387,55.0,45.0,45.0,4250.0,1812.5,4796.428571428572,13.677834,13.0195,12.107001,0.0,0.0,0.0,0.0,0.0,0.0,8.57587475,9.9133745,12.6706685,0.0,0.3,0.0,0.0,0.3,0.0,0.0,0.5
2024-01-21,55.0,10000.0,133.21,156.0,0,False,False,False,True,5.26,0.0,10.813251,0.0,0.0,8.7529575,0.0,0.0,21,1,6,1,0.49999999999999994,0.8660254037844387,55.0,45.0,45.0,2500.0,2650.0,5339.285714285714,12.629917,13.267418,12.684082,0.0,0.0,0.0,0.0,0.0,0.0,10.0071245,9.3935835,12.530042250000001,0.0,0.15,0.0,0.0,0.15,0.0,0.0,0.0
2024-01-22,55.0,12000.0,133.21,156.0,0,False,False,False,True,5.26,0.0,10.959084,0.0,0.0,8.640457999999999,0.0,0.0,22,1,0,0,0.49999999999999994,0.8660254037844387,55.0,55.0,45.0,10000.0,3487.5,5882.142857142857,10.813251,13.677834,13.171584,0.0,0.0,0.0,0.0,0.0,0.0,8.7529575,8.57587475,11.9800415,0.0,0.0,0.0,0.0,0.0,0.0,0.0,0.0
2024-01-23,55.0,11468.75,133.21,156.0,0,False,False,False,True,5.26,0.70000005,11.55075,0.0,0.0,10.218583500000001,0.0,0.0,23,1,1,0,0.49999999999999994,0.8660254037844387,55.0,55.0,45.0,12000.0,4325.0,6425.0,10.959084,12.629917,13.265335,0.0,0.0,0.0,0.0,0.0,0.0,8.640457999999999,10.0071245,11.261292000000001,0.0,0.0,0.0,0.0,0.0,0.0,0.0,0.0
2024-01-24,55.0,10937.5,133.35,156.0,0,False,False,False,True,5.26,2.0,11.604917,0.0,0.0,9.816499499999999,0.0,0.0,24,1,2,0,0.49999999999999994,0.8660254037844387,55.0,55.0,45.0,11468.75,5162.5,5950.0,11.55075,10.813251,13.0195,0.0,0.0,0.0,0.0,0.0,0.0,10.218583500000001,8.7529575,9.9133745,0.0,0.0,0.3,0.0,0.0,0.3,0.70000005,0.0
2024-01-25,55.0,10406.25,133.3,156.0,0,False,False,False,True,5.26,0.1,11.673667,0.0,0.0,9.61754125,0.0,0.0,25,1,3,0,0.49999999999999994,0.8660254037844387,55.0,55.0,45.0,10937.5,6000.0,5475.0,11.604917,10.959084,13.267418,0.0,0.0,0.0,0.0,0.0,0.0,9.816499499999999,8.640457999999999,9.3935835,0.0,0.0,0.15,0.0,0.0,0.15,2.0,0.70000005
2024-01-26,55.0,9875.0,133.29,156.0,0,False,False,False,True,5.26,0.0,12.227833,0.0,0.0,9.54670925,0.0,0.0,26,1,4,0,0.49999999999999994,0.8660254037844387,55.0,55.0,55.0,10406.25,4250.0,5000.0,11.673667,11.55075,13.677834,0.0,0.0,0.0,0.0,0.0,0.0,9.61754125,10.218583500000001,8.57587475,0.0,0.0,0.0,0.0,0.0,0.0,0.1,2.0
2024-01-27,55.0,9583.333333333334,133.29,156.0,0,False,False,False,True,5.26,0.0,11.477834,0.0,0.0,9.04775,0.0,0.0,27,1,5,1,0.49999999999999994,0.8660254037844387,55.0,55.0,55.0,9875.0,2500.0,4000.0,12.227833,11.604917,12.629917,0.0,0.0,0.0,0.0,0.0,0.0,9.54670925,9.816499499999999,10.0071245,0.0,0.0,0.0,0.0,0.0,0.0,0.0,0.1
2024-01-28,65.0,9291.666666666666,133.29,156.0,0,False,False,False,True,5.26,0.0,12.719501,0.0,0.0,9.9956655,0.0,0.0,28,1,6,1,0.49999999999999994,0.8660254037844387,55.0,55.0,55.0,9583.333333333334,10000.0,3000.0,11.477834,11.673667,10.813251,0.0,0.0,0.0,0.0,0.0,0.0,9.04775,9.61754125,8.7529575,0.0,0.0,0.0,0.0,0.0,0.0,0.0,0.0
2024-01-29,65.0,9000.0,133.29,156.0,0,False,False,False,True,5.26,0.1,13.421584,0.0,0.0,10.8133745,0.0,0.0,29,1,0,0,0.49999999999999994,0.8660254037844387,65.0,55.0,55.0,9291.666666666666,12000.0,5000.0,12.719501,12.227833,10.959084,0.0,0.0,0.0,0.0,0.0,0.0,9.9956655,9.54670925,8.640457999999999,0.0,0.0,0.0,0.0,0.0,0.0,0.0,0.0
2024-01-30,65.0,13800.0,133.32,156.0,0,False,False,False,True,5.26,1.0,14.098667,0.0,0.0,10.615458,0.0,0.0,30,1,1,0,0.49999999999999994,0.8660254037844387,65.0,55.0,55.0,9000.0,11468.75,9000.0,13.421584,11.477834,11.55075,0.0,0.0,0.0,0.0,0.0,0.0,10.8133745,9.04775,10.218583500000001,0.0,0.0,0.0,0.0,0.0,0.0,0.1,0.0
2024-01-31,65.0,12533.333333333334,133.28,158.0,0,False,False,False,True,5.26,0.0,14.848667,0.0,0.0,10.474833,0.0,0.0,31,1,2,0,0.49999999999999994,0.8660254037844387,65.0,65.0,55.0,13800.0,10937.5,7000.0,14.098667,12.719501,11.604917,0.0,0.0,0.0,0.0,0.0,0.0,10.615458,9.9956655,9.816499499999999,0.0,0.0,0.0,0.0,0.0,0.0,1.0,0.1
2024-02-01,55.0,11266.666666666668,133.18,158.0,0,False,False,False,True,5.01,0.2,15.963249,0.0,0.0,10.27274925,0.45000005,0.45000005,1,2,3,0,0.8660254037844386,0.5000000000000001,65.0,65.0,55.0,12533.333333333334,10406.25,5000.0,14.848667,13.421584,11.673667,0.0,0.0,0.0,0.0,0.0,0.0,10.474833,10.8133745,9.61754125,0.0,0.0,0.0,0.0,0.0,0.0,0.0,1.0
2024-02-02,65.0,10000.0,133.05,158.0,0,False,False,False,True,5.01,0.0,15.35075,0.0,0.0,10.829,0.0,0.0,2,2,4,0,0.8660254037844386,0.5000000000000001,55.0,65.0,55.0,11266.666666666668,9875.0,5000.0,15.963249,14.098667,12.227833,0.0,0.0,0.0,0.0,0.0,0.0,10.27274925,10.615458,9.54670925,0.45000005,0.0,0.0,0.45000005,0.0,0.0,0.2,0.0
2024-02-03,65.0,2856.0,132.98,158.0,0,False,False,False,True,5.01,0.0,13.898666,0.0,0.0,10.4175425,0.0,0.0,3,2,5,1,0.8660254037844386,0.5000000000000001,65.0,65.0,55.0,10000.0,9583.333333333334,5000.0,15.35075,14.848667,11.477834,0.0,0.0,0.0,0.0,0.0,0.0,10.829,10.474833,9.04775,0.0,0.0,0.0,0.0,0.0,0.0,0.0,0.2
2024-02-04,65.0,16450.0,132.98,158.0,0,False,False,False,True,5.01,3.2,15.338252,0.0,0.0,9.6633755,1.850000025,1.850000025,4,2,6,1,0.8660254037844386,0.5000000000000001,65.0,55.0,65.0,2856.0,9291.666666666666,5000.0,13.898666,15.963249,12.719501,0.0,0.0,0.0,0.0,0.0,0.0,10.4175425,10.27274925,9.9956655,0.0,0.45000005,0.0,0.0,0.45000005,0.0,0.0,0.0
2024-02-05,65.0,24950.0,132.98,158.0,0,False,False,False,True,5.01,0.0,15.663251,0.0,0.0,11.6831675,0.0,0.0,5,2,0,0,0.8660254037844386,0.5000000000000001,65.0,65.0,65.0,16450.0,9000.0,5000.0,15.338252,15.35075,13.421584,0.0,0.0,0.0,0.0,0.0,0.0,9.6633755,10.829,10.8133745,1.850000025,0.0,0.0,1.850000025,0.0,0.0,3.2,0.0
2024-02-06,65.0,15475.0,133.2,158.0,0,False,False,False,True,5.01,0.0,14.925751,0.0,0.0,11.416498,0.0,0.0,6,2,1,0,0.8660254037844386,0.5000000000000001,65.0,65.0,65.0,24950.0,13800.0,5000.0,15.663251,13.898666,14.098667,0.0,0.0,0.0,0.0,0.0,0.0,11.6831675,10.4175425,10.615458,0.0,0.0,0.0,0.0,0.0,0.0,0.0,3.2
2024-02-07,70.0,6000.0,133.2,158.0,0,False,False,False,True,5.01,0.0,14.146584,0.0,0.0,10.736292,0.0,0.0,7,2,2,0,0.8660254037844386,0.5000000000000001,65.0,65.0,65.0,15475.0,12533.333333333334,5000.0,14.925751,15.338252,14.848667,0.0,0.0,0.0,0.0,0.0,0.0,11.416498,9.6633755,10.474833,0.0,1.850000025,0.0,0.0,1.850000025,0.0,0.0,0.0
2024-02-08,75.0,12000.0,133.06,158.0,0,False,False,False,True,5.01,0.0,13.077834,0.0,0.0,10.77066675,0.0,0.0,8,2,3,0,0.8660254037844386,0.5000000000000001,70.0,65.0,55.0,6000.0,11266.666666666668,5000.0,14.146584,15.663251,15.963249,0.0,0.0,0.0,0.0,0.0,0.0,10.736292,11.6831675,10.27274925,0.0,0.0,0.45000005,0.0,0.0,0.45000005,0.0,0.0
2024-02-09,65.0,17250.0,133.04,158.0,0,False,False,False,True,5.01,0.0,13.979919,0.0,0.0,10.4227505,0.0,0.0,9,2,4,0,0.8660254037844386,0.5000000000000001,75.0,65.0,65.0,12000.0,10000.0,5000.0,13.077834,14.925751,15.35075,0.0,0.0,0.0,0.0,0.0,0.0,10.77066675,11.416498,10.829,0.0,0.0,0.0,0.0,0.0,0.0,0.0,0.0
2024-02-10,65.0,24725.0,133.16,158.0,0,False,False,False,True,5.01,0.2,14.81742,0.0,0.0,12.990458499999999,0.0,0.0,10,2,5,1,0.8660254037844386,0.5000000000000001,65.0,70.0,65.0,17250.0,2856.0,2987.5,13.979919,14.146584,13.898666,0.0,0.0,0.0,0.0,0.0,0.0,10.4227505,10.736292,10.4175425,0.0,0.0,0.0,0.0,0.0,0.0,0.0,0.0
2024-02-11,65.0,12600.0,133.16,158.0,0,False,False,False,True,5.01,0.1,15.686165,0.0,0.0,13.259209,0.0,0.0,11,2,6,1,0.8660254037844386,0.5000000000000001,65.0,75.0,65.0,24725.0,16450.0,975.0,14.81742,13.077834,15.338252,0.0,0.0,0.0,0.0,0.0,0.0,12.990458499999999,10.77066675,9.6633755,0.0,0.0,1.850000025,0.0,0.0,1.850000025,0.2,0.0
2024-02-12,65.0,22000.0,133.16,158.0,0,False,False,False,True,5.01,0.0,15.923664,0.0,0.0,13.3862915,0.0,0.0,12,2,0,0,0.8660254037844386,0.5000000000000001,65.0,65.0,65.0,12600.0,24950.0,1812.5,15.686165,13.979919,15.663251,0.0,0.0,0.0,0.0,0.0,0.0,13.259209,10.4227505,11.6831675,0.0,0.0,0.0,0.0,0.0,0.0,0.1,0.2
2024-02-13,65.0,2250.0,133.11,158.0,0,False,False,False,True,5.01,0.0,16.37575,0.0,0.0,13.967541749999999,0.0,0.0,13,2,1,0,0.8660254037844386,0.5000000000000001,65.0,65.0,65.0,22000.0,15475.0,2650.0,15.923664,14.81742,14.925751,0.0,0.0,0.0,0.0,0.0,0.0,13.3862915,12.990458499999999,11.416498,0.0,0.0,0.0,0.0,0.0,0.0,0.0,0.1
2024-02-14,55.0,3670.0,133.11,158.0,0,False,False,False,True,5.01,1.0,16.6195,0.2,0.2,13.334208,0.15,0.15,14,2,2,0,0.8660254037844386,0.5000000000000001,65.0,65.0,70.0,2250.0,6000.0,3487.5,16.37575,15.686165,14.146584,0.0,0.0,0.0,0.0,0.0,0.0,13.967541749999999,13.259209,10.736292,0.0,0.0,0.0,0.0,0.0,0.0,0.0,0.0
2024-02-15,65.0,5090.0,133.16,160.0,0,False,False,False,True,5.01,0.0,17.456999,0.0,0.0,13.59879175,0.0,0.0,15,2,3,0,0.8660254037844386,0.5000000000000001,55.0,65.0,75.0,3670.0,12000.0,4325.0,16.6195,15.923664,13.077834,0.2,0.0,0.0,0.2,0.0,0.0,13.334208,13.3862915,10.77066675,0.15,0.0,0.0,0.15,0.0,0.0,1.0,0.0
2024-02-16,65.0,6645.0,133.18,160.0,0,False,False,False,True,5.01,0.0,17.734083,0.0,0.0,13.9008745,0.0,0.0,16,2,4,0,0.8660254037844386,0.5000000000000001,65.0,65.0,65.0,5090.0,17250.0,5162.5,17.456999,16.37575,13.979919,0.0,0.0,0.0,0.0,0.0,0.0,13.59879175,13.967541749999999,10.4227505,0.0,0.0,0.0,0.0,0.0,0.0,0.0,1.0
2024-02-17,55.0,8200.0,133.13,160.0,0,False,False,False,True,5.01,0.0,17.5945,0.0,0.0,13.584208,0.0,0.0,17,2,5,1,0.8660254037844386,0.5000000000000001,65.0,55.0,65.0,6645.0,24725.0,6000.0,17.734083,16.6195,14.81742,0.0,0.2,0.0,0.0,0.2,0.0,13.9008745,13.334208,12.990458499999999,0.0,0.15,0.0,0.0,0.15,0.0,0.0,0.0
2024-02-18,55.0,7683.333333333333,133.13,160.0,0,False,False,False,True,5.01,0.0,17.47992,0.0,0.0,13.6779595,0.0,0.0,18,2,6,1,0.8660254037844386,0.5000000000000001,55.0,65.0,65.0,8200.0,12600.0,4250.0,17.5945,17.456999,15.686165,0.0,0.0,0.0,0.0,0.0,0.0,13.584208,13.59879175,13.259209,0.0,0.0,0.0,0.0,0.0,0.0,0.0,0.0
2024-02-19,55.0,7166.666666666667,133.13,160.0,0,False,False,False,True,5.01,0.1,17.73617,0.0,0.0,14.389417,0.0,0.0,19,2,0,0,0.8660254037844386,0.5000000000000001,55.0,65.0,65.0,7683.333333333333,22000.0,2500.0,17.47992,17.734083,15.923664,0.0,0.0,0.0,0.0,0.0,0.0,13.6779595,13.9008745,13.3862915,0.0,0.0,0.0,0.0,0.0,0.0,0.0,0.0
2024-02-20,55.0,6650.0,133.13,160.0,0,False,False,False,True,5.01,0.0,19.325752,0.0,0.0,15.763376000000001,0.5,0.5,20,2,1,0,0.8660254037844386,0.5000000000000001,55.0,55.0,65.0,7166.666666666667,2250.0,10000.0,17.73617,17.5945,16.37575,0.0,0.0,0.0,0.0,0.0,0.0,14.389417,13.584208,13.967541749999999,0.0,0.0,0.0,0.0,0.0,0.0,0.1,0.0
2024-02-21,55.0,4944.333333333333,133.05,160.0,0,False,False,False,True,5.01,0.0,19.496584,0.2,0.2,13.864417,0.25,0.25,21,2,2,0,0.8660254037844386,0.5000000000000001,55.0,55.0,55.0,6650.0,3670.0,12000.0,19.325752,17.47992,16.6195,0.0,0.0,0.2,0.0,0.0,0.2,15.763376000000001,13.6779595,13.334208,0.5,0.0,0.15,0.5,0.0,0.15,0.0,0.1
2024-02-22,55.0,3238.6666666666665,133.06,160.0,0,False,False,False,True,5.01,0.7,18.621584,0.0,0.0,12.9081665,1.95,1.95,22,2,3,0,0.8660254037844386,0.5000000000000001,55.0,55.0,65.0,4944.333333333333,5090.0,11468.75,19.496584,17.73617,17.456999,0.2,0.0,0.0,0.2,0.0,0.0,13.864417,14.389417,13.59879175,0.25,0.0,0.0,0.25,0.0,0.0,0.0,0.0
2024-02-23,55.0,1533.0,132.85,160.0,0,False,False,False,True,5.01,0.0,17.875751,0.0,0.0,11.76962475,0.05,0.05,23,2,4,0,0.8660254037844386,0.5000000000000001,55.0,55.0,65.0,3238.6666666666665,6645.0,10937.5,18.621584,19.325752,17.734083,0.0,0.0,0.0,0.0,0.0,0.0,12.9081665,15.763376000000001,13.9008745,1.95,0.5,0.0,1.95,0.5,0.0,0.7,0.0
2024-02-24,55.0,1491.0,133.01,160.0,0,False,False,False,True,5.01,1.1,16.929918,0.0,0.0,11.808166,0.0,0.0,24,2,5,1,0.8660254037844386,0.5000000000000001,55.0,55.0,55.0,1533.0,8200.0,10406.25,17.875751,19.496584,17.5945,0.0,0.2,0.0,0.0,0.2,0.0,11.76962475,13.864417,13.584208,0.05,0.25,0.0,0.05,0.25,0.0,0.0,0.7
2024-02-25,55.0,1449.0,133.01,160.0,0,False,False,False,True,5.01,0.0,16.4695,0.0,0.0,12.545666,0.0,0.0,25,2,6,1,0.8660254037844386,0.5000000000000001,55.0,55.0,55.0,1491.0,7683.333333333333,9875.0,16.929918,18.621584,17.47992,0.0,0.0,0.0,0.0,0.0,0.0,11.808166,12.9081665,13.6779595,0.0,1.95,0.0,0.0,1.95,0.0,1.1,0.0
2024-02-26,55.0,1407.0,133.01,160.0,0,False,False,False,True,5.01,0.0,16.240335,0.0,0.0,13.32483375,0.0,0.0,26,2,0,0,0.8660254037844386,0.5000000000000001,55.0,55.0,55.0,1449.0,7166.666666666667,9583.333333333334,16.4695,17.875751,17.73617,0.0,0.0,0.0,0.0,0.0,0.0,12.545666,11.76962475,14.389417,0.0,0.05,0.0,0.0,0.05,0.0,0.0,1.1
2024-02-27,55.0,1365.0,132.93,160.0,0,False,False,False,True,5.01,0.0,16.650751,0.0,0.0,14.24045825,0.0,0.0,27,2,1,0,0.8660254037844386,0.5000000000000001,55.0,55.0,55.0,1407.0,6650.0,9291.666666666666,16.240335,16.929918,19.325752,0.0,0.0,0.0,0.0,0.0,0.0,13.32483375,11.808166,15.763376000000001,0.0,0.0,0.5,0.0,0.0,0.5,0.0,0.0
2024-02-28,55.0,7000.0,132.94,160.0,0,False,False,False,True,5.01,0.0,18.12992,0.0,0.0,14.5539985,0.0,0.0,28,2,2,0,0.8660254037844386,0.5000000000000001,55.0,55.0,55.0,1365.0,4944.333333333333,9000.0,16.650751,16.4695,19.496584,0.0,0.0,0.2,0.0,0.0,0.2,14.24045825,12.545666,13.864417,0.0,0.0,0.25,0.0,0.0,0.25,0.0,0.0
2024-02-29,55.0,4387.5,132.98,160.0,0,False,False,False,True,5.01,0.0,18.715332,0.0,0.0,14.660250000000001,0.0,0.0,29,2,3,0,0.8660254037844386,0.5000000000000001,55.0,55.0,55.0,7000.0,3238.6666666666665,13800.0,18.12992,16.240335,18.621584,0.0,0.0,0.0,0.0,0.0,0.0,14.5539985,13.32483375,12.9081665,0.0,0.0,1.95,0.0,0.0,1.95,0.0,0.0
2024-03-01,55.0,1775.0,132.97,160.0,0,False,False,True,False,4.82,0.0,19.088251,0.0,0.0,14.895668,0.0,0.0,1,3,4,0,1.0,6.123233995736766e-17,55.0,55.0,55.0,4387.5,1533.0,12533.333333333334,18.715332,16.650751,17.875751,0.0,0.0,0.0,0.0,0.0,0.0,14.660250000000001,14.24045825,11.76962475,0.0,0.0,0.05,0.0,0.0,0.05,0.0,0.0
2024-03-02,55.0,1139.5,132.95,160.0,0,False,False,True,False,4.82,0.8,20.80075,0.0,0.0,15.590458,0.8,0.8,2,3,5,1,1.0,6.123233995736766e-17,55.0,55.0,55.0,1775.0,1491.0,11266.666666666668,19.088251,18.12992,16.929918,0.0,0.0,0.0,0.0,0.0,0.0,14.895668,14.5539985,11.808166,0.0,0.0,0.0,0.0,0.0,0.0,0.0,0.0
2024-03-03,55.0,504.0,132.95,160.0,0,False,False,True,False,4.82,6.1000004,19.798666,0.8000001,0.8000001,14.8977505,2.8999999499999998,2.8999999499999998,3,3,6,1,1.0,6.123233995736766e-17,55.0,55.0,55.0,1139.5,1449.0,10000.0,20.80075,18.715332,16.4695,0.0,0.0,0.0,0.0,0.0,0.0,15.590458,14.660250000000001,12.545666,0.8,0.0,0.0,0.8,0.0,0.0,0.8,0.0
2024-03-04,55.0,1008.0,132.95,160.0,0,False,False,True,False,4.82,1.4,21.165335,2.4,2.4,15.698792000000001,0.05,0.05,4,3,0,0,1.0,6.123233995736766e-17,55.0,55.0,55.0,504.0,1407.0,2856.0,19.798666,19.088251,16.240335,0.8000001,0.0,0.0,0.8000001,0.0,0.0,14.8977505,14.895668,13.32483375,2.8999999499999998,0.0,0.0,2.8999999499999998,0.0,0.0,6.1000004,0.8
2024-03-05,55.0,5000.0,132.93,160.0,1,False,False,True,False,4.82,0.0,20.62992,0.0,0.0,15.24671,0.0,0.0,5,3,1,0,1.0,6.123233995736766e-17,55.0,55.0,55.0,1008.0,1365.0,16450.0,21.165335,20.80075,16.650751,2.4,0.0,0.0,2.4,0.0,0.0,15.698792000000001,15.590458,14.24045825,0.05,0.8,0.0,0.05,0.8,0.0,1.4,6.1000004
2024-03-06,55.0,2600.0,132.94,160.0,1,False,False,True,False,4.82,0.0,18.846584,0.0,0.0,15.818586,0.0,0.0,6,3,2,0,1.0,6.123233995736766e-17,55.0,55.0,55.0,5000.0,7000.0,24950.0,20.62992,19.798666,18.12992,0.0,0.8000001,0.0,0.0,0.8000001,0.0,15.24671,14.8977505,14.5539985,0.0,2.8999999499999998,0.0,0.0,2.8999999499999998,0.0,0.0,1.4
2024-03-07,65.0,200.0,132.82,160.0,1,False,False,True,False,4.82,0.1,18.371584,0.0,0.0,16.013377,0.0,0.0,7,3,3,0,1.0,6.123233995736766e-17,55.0,55.0,55.0,2600.0,4387.5,15475.0,18.846584,21.165335,18.715332,0.0,2.4,0.0,0.0,2.4,0.0,15.818586,15.698792000000001,14.660250000000001,0.0,0.05,0.0,0.0,0.05,0.0,0.0,0.0
2024-03-08,65.0,980.0,132.76,160.0,1,False,False,True,False,4.82,0.0,19.490335,0.0,0.0,15.3279595,0.0,0.0,8,3,4,0,1.0,6.123233995736766e-17,65.0,55.0,55.0,200.0,1775.0,6000.0,18.371584,20.62992,19.088251,0.0,0.0,0.0,0.0,0.0,0.0,16.013377,15.24671,14.895668,0.0,0.0,0.0,0.0,0.0,0.0,0.1,0.0
2024-03-09,55.0,1760.0,132.76,160.0,1,False,False,True,False,4.82,0.0,19.071583,0.0,0.0,15.39879225,0.0,0.0,9,3,5,1,1.0,6.123233995736766e-17,65.0,55.0,55.0,980.0,1139.5,12000.0,19.490335,18.846584,20.80075,0.0,0.0,0.0,0.0,0.0,0.0,15.3279595,15.818586,15.590458,0.0,0.0,0.8,0.0,0.0,0.8,0.0,0.1
2024-03-10,55.0,2540.0,132.76,160.0,1,False,False,True,False,4.82,0.0,19.782001,0.0,0.0,16.159208500000002,0.0,0.0,10,3,6,1,1.0,6.123233995736766e-17,55.0,65.0,55.0,1760.0,504.0,17250.0,19.071583,18.371584,19.798666,0.0,0.0,0.8000001,0.0,0.0,0.8000001,15.39879225,16.013377,14.8977505,0.0,0.0,2.8999999499999998,0.0,0.0,2.8999999499999998,0.0,0.0
2024-03-11,55.0,3320.0,132.76,160.0,1,False,False,True,False,4.82,0.0,21.66117,0.0,0.0,17.435250000000003,0.0,0.0,11,3,0,0,1.0,6.123233995736766e-17,55.0,65.0,55.0,2540.0,1008.0,24725.0,19.782001,19.490335,21.165335,0.0,0.0,2.4,0.0,0.0,2.4,16.159208500000002,15.3279595,15.698792000000001,0.0,0.0,0.05,0.0,0.0,0.05,0.0,0.0
2024-03-12,55.0,4100.0,132.72,160.0,1,False,False,True,False,4.82,0.0,21.790335,0.0,0.0,17.817545000000003,0.0,0.0,12,3,1,0,1.0,6.123233995736766e-17,55.0,55.0,55.0,3320.0,5000.0,12600.0,21.66117,19.071583,20.62992,0.0,0.0,0.0,0.0,0.0,0.0,17.435250000000003,15.39879225,15.24671,0.0,0.0,0.0,0.0,0.0,0.0,0.0,0.0
2024-03-13,55.0,7750.0,132.74,160.0,1,False,False,True,False,4.82,0.6,22.542414,0.0,0.0,17.868585500000002,0.0,0.0,13,3,2,0,1.0,6.123233995736766e-17,55.0,55.0,55.0,4100.0,2600.0,22000.0,21.790335,19.782001,18.846584,0.0,0.0,0.0,0.0,0.0,0.0,17.817545000000003,16.159208500000002,15.818586,0.0,0.0,0.0,0.0,0.0,0.0,0.0,0.0
2024-03-14,65.0,3465.0,132.89,160.0,1,False,False,True,False,4.82,0.0,22.194502,0.0,0.0,17.8967095,0.0,0.0,14,3,3,0,1.0,6.123233995736766e-17,55.0,55.0,65.0,7750.0,200.0,2250.0,22.542414,21.66117,18.371584,0.0,0.0,0.0,0.0,0.0,0.0,17.868585500000002,17.435250000000003,16.013377,0.0,0.0,0.0,0.0,0.0,0.0,0.6,0.0
2024-03-15,55.0,3622.5,132.82,158.0,1,False,False,True,False,4.82,0.0,23.171585,0.0,0.0,18.1342085,0.0,0.0,15,3,4,0,1.0,6.123233995736766e-17,65.0,55.0,65.0,3465.0,980.0,3670.0,22.194502,21.790335,19.490335,0.0,0.0,0.0,0.0,0.0,0.0,17.8967095,17.817545000000003,15.3279595,0.0,0.0,0.0,0.0,0.0,0.0,0.0,0.6
2024-03-16,55.0,3780.0,132.91,158.0,1,False,False,True,False,4.82,0.0,22.865334,0.0,0.0,18.074832999999998,0.0,0.0,16,3,5,1,1.0,6.123233995736766e-17,55.0,55.0,55.0,3622.5,1760.0,5090.0,23.171585,22.542414,19.071583,0.0,0.0,0.0,0.0,0.0,0.0,18.1342085,17.868585500000002,15.39879225,0.0,0.0,0.0,0.0,0.0,0.0,0.0,0.0
2024-03-17,55.0,3937.5,132.91,158.0,1,False,False,True,False,4.82,0.0,22.782003,0.0,0.0,18.0810855,0.0,0.0,17,3,6,1,1.0,6.123233995736766e-17,55.0,65.0,55.0,3780.0,2540.0,6645.0,22.865334,22.194502,19.782001,0.0,0.0,0.0,0.0,0.0,0.0,18.074832999999998,17.8967095,16.159208500000002,0.0,0.0,0.0,0.0,0.0,0.0,0.0,0.0
2024-03-18,55.0,4095.0,132.91,158.0,1,False,False,True,False,4.82,0.0,22.75492,0.0,0.0,18.059207999999998,0.0,0.0,18,3,0,0,1.0,6.123233995736766e-17,55.0,55.0,55.0,3937.5,3320.0,8200.0,22.782003,23.171585,21.66117,0.0,0.0,0.0,0.0,0.0,0.0,18.0810855,18.1342085,17.435250000000003,0.0,0.0,0.0,0.0,0.0,0.0,0.0,0.0
2024-03-19,55.0,5000.0,132.96,158.0,1,False,False,True,False,4.82,0.0,24.850754,0.0,0.0,18.1935855,0.0,0.0,19,3,1,0,1.0,6.123233995736766e-17,55.0,55.0,55.0,4095.0,4100.0,7683.333333333333,22.75492,22.865334,21.790335,0.0,0.0,0.0,0.0,0.0,0.0,18.059207999999998,18.074832999999998,17.817545000000003,0.0,0.0,0.0,0.0,0.0,0.0,0.0,0.0
2024-03-20,55.0,10.0,133.16,158.0,1,False,False,True,False,4.82,6.0,19.963251,12.3,12.3,14.6529585,8.09999975,8.09999975,20,3,2,0,1.0,6.123233995736766e-17,55.0,55.0,55.0,5000.0,7750.0,7166.666666666667,24.850754,22.782003,22.542414,0.0,0.0,0.0,0.0,0.0,0.0,18.1935855,18.0810855,17.868585500000002,0.0,0.0,0.0,0.0,0.0,0.0,0.0,0.0
2024-03-21,56.67,1841.67,133.36,158.0,1,False,False,True,False,4.82,6.1,20.240334,14.6,14.6,14.616502,4.699999999999999,4.699999999999999,21,3,3,0,1.0,6.123233995736766e-17,55.0,55.0,65.0,10.0,3465.0,6650.0,19.963251,22.75492,22.194502,12.3,0.0,0.0,12.3,0.0,0.0,14.6529585,18.059207999999998,17.8967095,8.09999975,0.0,0.0,8.09999975,0.0,0.0,6.0,0.0
2024-03-22,58.33,3673.33,133.34,158.0,1,False,False,True,False,4.82,0.2,20.913252,0.0,0.0,15.045668,5.25,5.25,22,3,4,0,1.0,6.123233995736766e-17,56.67,55.0,55.0,1841.67,3622.5,4944.333333333333,20.240334,24.850754,23.171585,14.6,0.0,0.0,14.6,0.0,0.0,14.616502,18.1935855,18.1342085,4.699999999999999,0.0,0.0,4.699999999999999,0.0,0.0,6.1,6.0
2024-03-23,60.0,5505.0,133.79,158.0,1,False,False,True,False,4.82,12.1,20.946587,3.7,3.7,15.9290015,6.7499991999999995,6.7499991999999995,23,3,5,1,1.0,6.123233995736766e-17,58.33,55.0,55.0,3673.33,3780.0,3238.6666666666665,20.913252,19.963251,22.865334,0.0,12.3,0.0,0.0,12.3,0.0,15.045668,14.6529585,18.074832999999998,5.25,8.09999975,0.0,5.25,8.09999975,0.0,0.2,6.1
2024-03-24,61.67,7336.67,133.79,158.0,1,False,False,True,False,4.82,1.7,22.932,0.0,0.0,16.838375,2.0000000499999997,2.0000000499999997,24,3,6,1,1.0,6.123233995736766e-17,60.0,56.67,55.0,5505.0,3937.5,1533.0,20.946587,20.240334,22.782003,3.7,14.6,0.0,3.7,14.6,0.0,15.9290015,14.616502,18.0810855,6.7499991999999995,4.699999999999999,0.0,6.7499991999999995,4.699999999999999,0.0,12.1,0.2
2024-03-25,63.33,9168.33,133.79,158.0,1,False,False,True,False,4.82,0.9,23.386168,0.0,0.0,16.697750499999998,1.7000000000000002,1.7000000000000002,25,3,0,0,1.0,6.123233995736766e-17,61.67,58.33,55.0,7336.67,4095.0,1491.0,22.932,20.913252,22.75492,0.0,0.0,0.0,0.0,0.0,0.0,16.838375,15.045668,18.059207999999998,2.0000000499999997,5.25,0.0,2.0000000499999997,5.25,0.0,1.7,12.1
2024-03-26,65.0,11000.0,133.79,158.0,0,False,False,True,False,4.82,1.0000001,23.802835,4.2000003,4.2000003,17.6623335,1.4,1.4,26,3,1,0,1.0,6.123233995736766e-17,63.33,60.0,55.0,9168.33,5000.0,1449.0,23.386168,20.946587,24.850754,0.0,3.7,0.0,0.0,3.7,0.0,16.697750499999998,15.9290015,18.1935855,1.7000000000000002,6.7499991999999995,0.0,1.7000000000000002,6.7499991999999995,0.0,0.9,1.7
2024-03-27,55.0,16000.0,133.56,158.0,0,False,False,True,False,4.82,9.6,23.996584,0.0,0.0,17.313375,3.6999998,3.6999998,27,3,2,0,1.0,6.123233995736766e-17,65.0,61.67,55.0,11000.0,10.0,1407.0,23.802835,22.932,19.963251,4.2000003,0.0,12.3,4.2000003,0.0,12.3,17.6623335,16.838375,14.6529585,1.4,2.0000000499999997,8.09999975,1.4,2.0000000499999997,8.09999975,1.0000001,0.9
2024-03-28,65.0,24437.5,133.7,158.0,0,False,False,True,False,4.82,4.1,24.194502,0.1,0.1,17.9915,1.6500001,1.6500001,28,3,3,0,1.0,6.123233995736766e-17,55.0,63.33,56.67,16000.0,1841.67,1365.0,23.996584,23.386168,20.240334,0.0,0.0,14.6,0.0,0.0,14.6,17.313375,16.697750499999998,14.616502,3.6999998,1.7000000000000002,4.699999999999999,3.6999998,1.7000000000000002,4.699999999999999,9.6,1.0000001
2024-03-29,75.0,32875.0,133.75,158.0,0,False,False,True,False,4.82,2.1000001,25.167418,0.0,0.0,18.880042500000002,1.55,1.55,29,3,4,0,1.0,6.123233995736766e-17,65.0,65.0,58.33,24437.5,3673.33,7000.0,24.194502,23.802835,20.913252,0.1,4.2000003,0.0,0.1,4.2000003,0.0,17.9915,17.6623335,15.045668,1.6500001,1.4,5.25,1.6500001,1.4,5.25,4.1,9.6
2024-03-30,76.67,5735.0,133.75,158.0,0,False,False,True,False,4.82,1.2,25.94867,0.0,0.0,19.723792,5.5,5.5,30,3,5,1,1.0,6.123233995736766e-17,75.0,55.0,60.0,32875.0,5505.0,4387.5,25.167418,23.996584,20.946587,0.0,0.0,3.7,0.0,0.0,3.7,18.880042500000002,17.313375,15.9290015,1.55,3.6999998,6.7499991999999995,1.55,3.6999998,6.7499991999999995,2.1000001,4.1
2024-03-31,75.0,55000.0,133.75,158.0,0,False,False,True,False,4.82,0.1,25.867416,0.0,0.0,20.130042000000003,1.45,1.45,31,3,6,1,1.0,6.123233995736766e-17,76.67,65.0,61.67,5735.0,7336.67,1775.0,25.94867,24.194502,22.932,0.0,0.1,0.0,0.0,0.1,0.0,19.723792,17.9915,16.838375,5.5,1.6500001,2.0000000499999997,5.5,1.6500001,2.0000000499999997,1.2,2.1000001
2024-04-01,73.0,46071.0,133.75,158.0,0,False,False,True,False,4.61,0.0,25.738253,0.0,0.0,20.545668,0.0,0.0,1,4,0,0,0.8660254037844387,-0.4999999999999998,75.0,75.0,63.33,55000.0,9168.33,1139.5,25.867416,25.167418,23.386168,0.0,0.0,0.0,0.0,0.0,0.0,20.130042000000003,18.880042500000002,16.697750499999998,1.45,1.55,1.7000000000000002,1.45,1.55,1.7000000000000002,0.1,1.2
2024-04-02,71.0,37142.0,133.75,158.0,0,False,False,True,False,4.61,0.0,24.513254,0.0,0.0,20.8394175,0.0,0.0,2,4,1,0,0.8660254037844387,-0.4999999999999998,73.0,76.67,65.0,46071.0,11000.0,504.0,25.738253,25.94867,23.802835,0.0,0.0,4.2000003,0.0,0.0,4.2000003,20.545668,19.723792,17.6623335,0.0,5.5,1.4,0.0,5.5,1.4,0.0,0.1
2024-04-03,69.0,28213.0,133.72,158.0,0,False,False,True,False,4.61,0.0,24.704916,0.0,0.0,21.245669,0.0,0.0,3,4,2,0,0.8660254037844387,-0.4999999999999998,71.0,75.0,55.0,37142.0,16000.0,1008.0,24.513254,25.867416,23.996584,0.0,0.0,0.0,0.0,0.0,0.0,20.8394175,20.130042000000003,17.313375,0.0,1.45,3.6999998,0.0,1.45,3.6999998,0.0,0.0
2024-04-04,67.0,19284.0,133.8,158.0,0,False,False,True,False,4.61,0.0,26.138247,0.0,0.0,22.194626,0.0,0.0,4,4,3,0,0.8660254037844387,-0.4999999999999998,69.0,73.0,65.0,28213.0,24437.5,5000.0,24.704916,25.738253,24.194502,0.0,0.0,0.1,0.0,0.0,0.1,21.245669,20.545668,17.9915,0.0,0.0,1.6500001,0.0,0.0,1.6500001,0.0,0.0
2024-04-05,65.0,10355.0,133.81,158.0,0,False,False,True,False,4.61,0.0,27.111168,0.0,0.0,22.023792,0.0,0.0,5,4,4,0,0.8660254037844387,-0.4999999999999998,67.0,71.0,75.0,19284.0,32875.0,2600.0,26.138247,24.513254,25.167418,0.0,0.0,0.0,0.0,0.0,0.0,22.194626,20.8394175,18.880042500000002,0.0,0.0,1.55,0.0,0.0,1.55,0.0,0.0
2024-04-06,69.38,40952.5,133.58,158.0,0,False,False,True,False,4.61,0.1,26.365335,0.0,0.0,21.692542500000002,0.0,0.0,6,4,5,1,0.8660254037844387,-0.4999999999999998,65.0,69.0,76.67,10355.0,5735.0,200.0,27.111168,24.704916,25.94867,0.0,0.0,0.0,0.0,0.0,0.0,22.023792,21.245669,19.723792,0.0,0.0,5.5,0.0,0.0,5.5,0.0,0.0
2024-04-07,73.75,71550.0,133.58,158.0,0,False,False,True,False,4.61,0.1,26.038252,0.0,0.0,21.111293,0.0,0.0,7,4,6,1,0.8660254037844387,-0.4999999999999998,69.38,67.0,75.0,40952.5,55000.0,980.0,26.365335,26.138247,25.867416,0.0,0.0,0.0,0.0,0.0,0.0,21.692542500000002,22.194626,20.130042000000003,0.0,0.0,1.45,0.0,0.0,1.45,0.1,0.0
2024-04-08,75.0,35300.0,133.58,158.0,0,False,False,True,False,4.61,0.0,24.82575,0.0,0.0,20.9279595,0.0,0.0,8,4,0,0,0.8660254037844387,-0.4999999999999998,73.75,65.0,73.0,71550.0,46071.0,1760.0,26.038252,27.111168,25.738253,0.0,0.0,0.0,0.0,0.0,0.0,21.111293,22.023792,20.545668,0.0,0.0,0.0,0.0,0.0,0.0,0.1,0.1
2024-04-09,75.0,28828.0,133.61,158.0,0,False,False,True,False,4.61,2.0,25.411165,0.0,0.0,20.431086,0.05,0.05,9,4,1,0,0.8660254037844387,-0.4999999999999998,75.0,69.38,71.0,35300.0,37142.0,2540.0,24.82575,26.365335,24.513254,0.0,0.0,0.0,0.0,0.0,0.0,20.9279595,21.692542500000002,20.8394175,0.0,0.0,0.0,0.0,0.0,0.0,0.0,0.1
2024-04-10,66.67,22356.0,133.61,158.0,0,False,False,True,False,4.61,0.0,25.492416,0.0,0.0,20.80296,0.0,0.0,10,4,2,0,0.8660254037844387,-0.4999999999999998,75.0,73.75,69.0,28828.0,28213.0,3320.0,25.411165,26.038252,24.704916,0.0,0.0,0.0,0.0,0.0,0.0,20.431086,21.111293,21.245669,0.05,0.0,0.0,0.05,0.0,0.0,2.0,0.0
2024-04-11,65.0,29000.0,133.4,158.0,0,False,False,True,False,4.61,1.7,26.690338,0.1,0.1,20.7467085,0.35,0.35,11,4,3,0,0.8660254037844387,-0.4999999999999998,66.67,75.0,67.0,22356.0,19284.0,4100.0,25.492416,24.82575,26.138247,0.0,0.0,0.0,0.0,0.0,0.0,20.80296,20.9279595,22.194626,0.0,0.0,0.0,0.0,0.0,0.0,0.0,2.0
2024-04-12,65.0,16500.0,133.4,158.0,0,False,False,True,False,4.61,0.0,26.554916,0.0,0.0,20.3883785,0.1,0.1,12,4,4,0,0.8660254037844387,-0.4999999999999998,65.0,75.0,65.0,29000.0,10355.0,7750.0,26.690338,25.411165,27.111168,0.1,0.0,0.0,0.1,0.0,0.0,20.7467085,20.431086,22.023792,0.35,0.05,0.0,0.35,0.05,0.0,1.7,0.0
2024-04-13,70.0,9500.0,133.77,158.0,1,False,False,True,False,4.61,0.4,27.842417,0.0,0.0,21.3987925,0.0,0.0,13,4,5,1,0.8660254037844387,-0.4999999999999998,65.0,66.67,69.38,16500.0,40952.5,3465.0,26.554916,25.492416,26.365335,0.0,0.0,0.0,0.0,0.0,0.0,20.3883785,20.80296,21.692542500000002,0.1,0.0,0.0,0.1,0.0,0.0,0.0,1.7
2024-04-14,75.0,2500.0,133.77,158.0,1,False,False,True,False,4.61,0.0,28.104912,0.0,0.0,21.896708500000003,0.0,0.0,14,4,6,1,0.8660254037844387,-0.4999999999999998,70.0,65.0,73.75,9500.0,71550.0,3622.5,27.842417,26.690338,26.038252,0.0,0.1,0.0,0.0,0.1,0.0,21.3987925,20.7467085,21.111293,0.0,0.35,0.0,0.0,0.35,0.0,0.4,0.0
2024-04-15,65.0,36750.0,133.77,158.0,0,False,False,True,False,4.61,0.0,28.794504,0.0,0.0,23.085250000000002,0.05,0.05,15,4,0,0,0.8660254037844387,-0.4999999999999998,75.0,65.0,75.0,2500.0,35300.0,3780.0,28.104912,26.554916,24.82575,0.0,0.0,0.0,0.0,0.0,0.0,21.896708500000003,20.3883785,20.9279595,0.0,0.1,0.0,0.0,0.1,0.0,0.0,0.4
2024-04-16,65.0,16260.0,133.83,161.0,0,False,False,True,False,4.61,4.0,28.365334,0.0,0.0,23.346711999999997,0.35,0.35,16,4,1,0,0.8660254037844387,-0.4999999999999998,65.0,70.0,75.0,36750.0,28828.0,3937.5,28.794504,27.842417,25.411165,0.0,0.0,0.0,0.0,0.0,0.0,23.085250000000002,21.3987925,20.431086,0.05,0.0,0.05,0.05,0.0,0.05,0.0,0.0
2024-04-17,65.0,23250.0,133.96,161.0,0,False,False,True,False,4.61,0.2,28.017416,0.0,0.0,22.733167,0.6,0.6,17,4,2,0,0.8660254037844387,-0.4999999999999998,65.0,75.0,66.67,16260.0,22356.0,4095.0,28.365334,28.104912,25.492416,0.0,0.0,0.0,0.0,0.0,0.0,23.346711999999997,21.896708500000003,20.80296,0.35,0.0,0.0,0.35,0.0,0.0,4.0,0.0
2024-04-18,65.0,16000.0,133.96,161.0,0,False,False,True,False,4.61,1.1,27.532,0.0,0.0,22.676917500000002,0.50000002,0.50000002,18,4,3,0,0.8660254037844387,-0.4999999999999998,65.0,65.0,65.0,23250.0,29000.0,5000.0,28.017416,28.794504,26.690338,0.0,0.0,0.1,0.0,0.0,0.1,22.733167,23.085250000000002,20.7467085,0.6,0.05,0.35,0.6,0.05,0.35,0.2,4.0
2024-04-19,65.0,14666.67,133.97,161.0,0,False,False,True,False,4.61,0.0,28.532,0.0,0.0,23.223792500000002,0.0,0.0,19,4,4,0,0.8660254037844387,-0.4999999999999998,65.0,65.0,65.0,16000.0,16500.0,10.0,27.532,28.365334,26.554916,0.0,0.0,0.0,0.0,0.0,0.0,22.676917500000002,23.346711999999997,20.3883785,0.50000002,0.35,0.1,0.50000002,0.35,0.1,1.1,0.2
2024-04-20,65.0,13333.33,133.86,161.0,0,False,False,True,False,4.61,0.0,30.196585,0.0,0.0,24.516503,0.0,0.0,20,4,5,1,0.8660254037844387,-0.4999999999999998,65.0,65.0,70.0,14666.67,9500.0,1841.67,28.532,28.017416,27.842417,0.0,0.0,0.0,0.0,0.0,0.0,23.223792500000002,22.733167,21.3987925,0.0,0.6,0.0,0.0,0.6,0.0,0.0,1.1
2024-04-21,65.0,12000.0,133.86,161.0,0,False,False,True,False,4.61,0.0,30.57575,0.0,0.0,24.4435845,0.0,0.0,21,4,6,1,0.8660254037844387,-0.4999999999999998,65.0,65.0,75.0,13333.33,2500.0,3673.33,30.196585,27.532,28.104912,0.0,0.0,0.0,0.0,0.0,0.0,24.516503,22.676917500000002,21.896708500000003,0.0,0.50000002,0.0,0.0,0.50000002,0.0,0.0,0.0
2024-04-22,55.0,12000.0,133.86,161.0,0,False,False,True,False,4.61,0.0,30.590334,0.0,0.0,24.537334,0.0,0.0,22,4,0,0,0.8660254037844387,-0.4999999999999998,65.0,65.0,65.0,12000.0,36750.0,5505.0,30.57575,28.532,28.794504,0.0,0.0,0.0,0.0,0.0,0.0,24.4435845,23.223792500000002,23.085250000000002,0.0,0.0,0.05,0.0,0.0,0.05,0.0,0.0
2024-04-23,55.0,10175.0,133.69,161.0,0,False,False,True,False,4.61,0.0,30.796583,0.0,0.0,23.494625499999998,0.0,0.0,23,4,1,0,0.8660254037844387,-0.4999999999999998,55.0,65.0,65.0,12000.0,16260.0,7336.67,30.590334,30.196585,28.365334,0.0,0.0,0.0,0.0,0.0,0.0,24.537334,24.516503,23.346711999999997,0.0,0.0,0.35,0.0,0.0,0.35,0.0,0.0
2024-04-24,55.0,8350.0,133.66,161.0,0,False,False,True,False,4.61,0.0,30.779915,0.0,0.0,23.439417,0.0,0.0,24,4,2,0,0.8660254037844387,-0.4999999999999998,55.0,65.0,65.0,10175.0,23250.0,9168.33,30.796583,30.57575,28.017416,0.0,0.0,0.0,0.0,0.0,0.0,23.494625499999998,24.4435845,22.733167,0.0,0.0,0.6,0.0,0.0,0.6,0.0,0.0
2024-04-25,55.0,6525.0,133.62,161.0,0,False,False,True,False,4.61,0.0,29.836168,0.0,0.0,24.13525,0.0,0.0,25,4,3,0,0.8660254037844387,-0.4999999999999998,55.0,55.0,65.0,8350.0,16000.0,11000.0,30.779915,30.590334,27.532,0.0,0.0,0.0,0.0,0.0,0.0,23.439417,24.537334,22.676917500000002,0.0,0.0,0.50000002,0.0,0.0,0.50000002,0.0,0.0
2024-04-26,55.0,4700.0,133.61,161.0,0,False,False,True,False,4.61,0.0,28.76533,0.0,0.0,24.655043499999998,0.0,0.0,26,4,4,0,0.8660254037844387,-0.4999999999999998,55.0,55.0,65.0,6525.0,14666.67,16000.0,29.836168,30.796583,28.532,0.0,0.0,0.0,0.0,0.0,0.0,24.13525,23.494625499999998,23.223792500000002,0.0,0.0,0.0,0.0,0.0,0.0,0.0,0.0
2024-04-27,55.0,2875.0,133.65,161.0,0,False,False,True,False,4.61,0.0,29.917418,0.0,0.0,24.8915005,0.0,0.0,27,4,5,1,0.8660254037844387,-0.4999999999999998,55.0,55.0,65.0,4700.0,13333.33,24437.5,28.76533,30.779915,30.196585,0.0,0.0,0.0,0.0,0.0,0.0,24.655043499999998,23.439417,24.516503,0.0,0.0,0.0,0.0,0.0,0.0,0.0,0.0
2024-04-28,45.0,10275.0,133.65,161.0,0,False,False,True,False,4.61,0.0,31.036165,0.0,0.0,24.619628,0.0,0.0,28,4,6,1,0.8660254037844387,-0.4999999999999998,55.0,55.0,65.0,2875.0,12000.0,32875.0,29.917418,29.836168,30.57575,0.0,0.0,0.0,0.0,0.0,0.0,24.8915005,24.13525,24.4435845,0.0,0.0,0.0,0.0,0.0,0.0,0.0,0.0
2024-04-29,45.0,17675.0,133.65,161.0,0,False,False,True,False,4.61,0.0,30.473665,0.0,0.0,25.302960499999998,0.0,0.0,29,4,0,0,0.8660254037844387,-0.4999999999999998,45.0,55.0,55.0,10275.0,12000.0,5735.0,31.036165,28.76533,30.590334,0.0,0.0,0.0,0.0,0.0,0.0,24.619628,24.655043499999998,24.537334,0.0,0.0,0.0,0.0,0.0,0.0,0.0,0.0
2024-04-30,45.0,11337.5,133.86,159.0,0,False,False,True,False,4.61,0.0,31.515335,0.0,0.0,25.831083,0.0,0.0,30,4,1,0,0.8660254037844387,-0.4999999999999998,45.0,55.0,55.0,17675.0,10175.0,55000.0,30.473665,29.917418,30.796583,0.0,0.0,0.0,0.0,0.0,0.0,25.302960499999998,24.8915005,23.494625499999998,0.0,0.0,0.0,0.0,0.0,0.0,0.0,0.0
2024-05-01,45.0,5000.0,133.79,159.0,0,False,False,True,False,4.4,0.0,31.169497,0.0,0.0,24.6904635,0.0,0.0,1,5,2,0,0.49999999999999994,-0.8660254037844387,45.0,45.0,55.0,11337.5,8350.0,46071.0,31.515335,31.036165,30.779915,0.0,0.0,0.0,0.0,0.0,0.0,25.831083,24.619628,23.439417,0.0,0.0,0.0,0.0,0.0,0.0,0.0,0.0
2024-05-02,40.0,14075.0,133.79,159.0,0,False,False,True,False,4.4,0.0,29.719498,0.0,0.0,23.232127,0.0,0.0,2,5,3,0,0.49999999999999994,-0.8660254037844387,45.0,45.0,55.0,5000.0,6525.0,37142.0,31.169497,30.473665,29.836168,0.0,0.0,0.0,0.0,0.0,0.0,24.6904635,25.302960499999998,24.13525,0.0,0.0,0.0,0.0,0.0,0.0,0.0,0.0
2024-05-03,35.0,23150.0,133.86,159.0,0,False,False,True,False,4.4,0.0,29.073668,0.0,0.0,24.1185865,0.0,0.0,3,5,4,0,0.49999999999999994,-0.8660254037844387,40.0,45.0,55.0,14075.0,4700.0,28213.0,29.719498,31.515335,28.76533,0.0,0.0,0.0,0.0,0.0,0.0,23.232127,25.831083,24.655043499999998,0.0,0.0,0.0,0.0,0.0,0.0,0.0,0.0
2024-05-04,37.5,12500.0,133.78,159.0,0,False,False,True,False,4.4,0.0,30.00908,0.0,0.0,24.250874,0.0,0.0,4,5,5,1,0.49999999999999994,-0.8660254037844387,35.0,45.0,55.0,23150.0,2875.0,19284.0,29.073668,31.169497,29.917418,0.0,0.0,0.0,0.0,0.0,0.0,24.1185865,24.6904635,24.8915005,0.0,0.0,0.0,0.0,0.0,0.0,0.0,0.0
2024-05-05,45.0,4500.0,133.78,159.0,0,False,False,True,False,4.4,0.0,30.179914,0.0,0.0,23.631085499999998,0.0,0.0,5,5,6,1,0.49999999999999994,-0.8660254037844387,37.5,40.0,45.0,12500.0,10275.0,10355.0,30.00908,29.719498,31.036165,0.0,0.0,0.0,0.0,0.0,0.0,24.250874,23.232127,24.619628,0.0,0.0,0.0,0.0,0.0,0.0,0.0,0.0
2024-05-06,35.0,2320.0,133.78,159.0,0,False,False,True,False,4.4,0.4,29.542418,0.9,0.9,23.266499500000002,1.9,1.9,6,5,0,0,0.49999999999999994,-0.8660254037844387,45.0,35.0,45.0,4500.0,17675.0,40952.5,30.179914,29.073668,30.473665,0.0,0.0,0.0,0.0,0.0,0.0,23.631085499999998,24.1185865,25.302960499999998,0.0,0.0,0.0,0.0,0.0,0.0,0.0,0.0
2024-05-07,37.5,140.0,133.89,159.0,0,False,False,True,False,4.4,10.1,27.148668,15.4,15.4,18.990458500000003,21.3500015,21.3500015,7,5,1,0,0.49999999999999994,-0.8660254037844387,35.0,37.5,45.0,2320.0,11337.5,71550.0,29.542418,30.00908,31.515335,0.9,0.0,0.0,0.9,0.0,0.0,23.266499500000002,24.250874,25.831083,1.9,0.0,0.0,1.9,0.0,0.0,0.4,0.0
2024-05-08,40.0,280.0,133.92,159.0,0,False,False,True,False,4.4,17.700003,25.00075,23.2,23.2,18.805042999999998,6.55000065,6.55000065,8,5,2,0,0.49999999999999994,-0.8660254037844387,37.5,45.0,45.0,140.0,5000.0,35300.0,27.148668,30.179914,31.169497,15.4,0.0,0.0,15.4,0.0,0.0,18.990458500000003,23.631085499999998,24.6904635,21.3500015,0.0,0.0,21.3500015,0.0,0.0,10.1,0.4
2024-05-09,45.0,11315.000000000002,133.94,159.0,0,False,False,True,False,4.4,5.6,26.502836,0.2,0.2,20.1133745,1.85000015,1.85000015,9,5,3,0,0.49999999999999994,-0.8660254037844387,40.0,35.0,40.0,280.0,14075.0,28828.0,25.00075,29.542418,29.719498,23.2,0.9,0.0,23.2,0.9,0.0,18.805042999999998,23.266499500000002,23.232127,6.55000065,1.9,0.0,6.55000065,1.9,0.0,17.700003,10.1
2024-05-10,45.0,22350.0,133.91,159.0,0,False,False,True,False,4.4,1.3000001,26.627836,1.7,1.7,20.101917,9.95,9.95,10,5,4,0,0.49999999999999994,-0.8660254037844387,45.0,37.5,35.0,11315.000000000002,23150.0,22356.0,26.502836,27.148668,29.073668,0.2,15.4,0.0,0.2,15.4,0.0,20.1133745,18.990458500000003,24.1185865,1.85000015,21.3500015,0.0,1.85000015,21.3500015,0.0,5.6,17.700003
2024-05-11,43.75,18112.5,133.91,159.0,0,False,False,True,False,4.4,10.200001,28.019499,4.2999997,4.2999997,20.74671,8.850000999999999,8.850000999999999,11,5,5,1,0.49999999999999994,-0.8660254037844387,45.0,40.0,37.5,22350.0,12500.0,29000.0,26.627836,25.00075,30.00908,1.7,23.2,0.0,1.7,23.2,0.0,20.101917,18.805042999999998,24.250874,9.95,6.55000065,0.0,9.95,6.55000065,0.0,1.3000001,5.6
2024-05-12,42.5,13875.0,133.91,159.0,0,False,False,True,False,4.4,22.100002,25.952835,8.300001,8.300001,20.229,4.6,4.6,12,5,6,1,0.49999999999999994,-0.8660254037844387,43.75,45.0,45.0,18112.5,4500.0,16500.0,28.019499,26.502836,30.179914,4.2999997,0.2,0.0,4.2999997,0.2,0.0,20.74671,20.1133745,23.631085499999998,8.850000999999999,1.85000015,0.0,8.850000999999999,1.85000015,0.0,10.200001,1.3000001
2024-05-13,41.25,9637.5,133.91,159.0,0,False,False,True,False,4.4,6.0,27.74867,0.0,0.0,21.0706665,1.9,1.9,13,5,0,0,0.49999999999999994,-0.8660254037844387,42.5,45.0,35.0,13875.0,2320.0,9500.0,25.952835,26.627836,29.542418,8.300001,1.7,0.9,8.300001,1.7,0.9,20.229,20.101917,23.266499500000002,4.6,9.95,1.9,4.6,9.95,1.9,22.100002,10.200001
2024-05-14,40.0,5400.0,133.96,159.0,0,False,False,True,False,4.4,1.0000001,29.165335,0.0,0.0,22.467543,0.2,0.2,14,5,1,0,0.49999999999999994,-0.8660254037844387,41.25,43.75,37.5,9637.5,140.0,2500.0,27.74867,28.019499,27.148668,0.0,4.2999997,15.4,0.0,4.2999997,15.4,21.0706665,20.74671,18.990458500000003,1.9,8.850000999999999,21.3500015,1.9,8.850000999999999,21.3500015,6.0,22.100002
2024-05-15,38.33,16262.500000000002,133.92,159.0,0,False,False,True,False,4.4,0.9,30.373665,0.2,0.2,23.472753500000003,0.8500000000000001,0.8500000000000001,15,5,2,0,0.49999999999999994,-0.8660254037844387,40.0,42.5,40.0,5400.0,280.0,36750.0,29.165335,25.952835,25.00075,0.0,8.300001,23.2,0.0,8.300001,23.2,22.467543,20.229,18.805042999999998,0.2,4.6,6.55000065,0.2,4.6,6.55000065,1.0000001,6.0
2024-05-16,35.0,27125.0,133.91,154.0,0,False,False,True,False,4.4,0.3,30.58825,0.0,0.0,24.636294,0.25,0.25,16,5,3,0,0.49999999999999994,-0.8660254037844387,38.33,41.25,45.0,16262.500000000002,11315.000000000002,16260.0,30.373665,27.74867,26.502836,0.2,0.0,0.2,0.2,0.0,0.2,23.472753500000003,21.0706665,20.1133745,0.8500000000000001,1.9,1.85000015,0.8500000000000001,1.9,1.85000015,0.9,1.0000001
2024-05-17,37.0,22700.0,133.91,154.0,0,False,False,True,False,4.4,0.0,30.679916,0.0,0.0,24.885250499999998,0.0,0.0,17,5,4,0,0.49999999999999994,-0.8660254037844387,35.0,40.0,45.0,27125.0,22350.0,23250.0,30.58825,29.165335,26.627836,0.0,0.0,1.7,0.0,0.0,1.7,24.636294,22.467543,20.101917,0.25,0.2,9.95,0.25,0.2,9.95,0.3,0.9
2024-05-18,39.0,18275.0,133.64,154.0,0,False,False,True,False,4.4,2.6000001,31.192415,1.3000001,1.3000001,24.9644175,7.9,7.9,18,5,5,1,0.49999999999999994,-0.8660254037844387,37.0,38.33,43.75,22700.0,18112.5,16000.0,30.679916,30.373665,28.019499,0.0,0.2,4.2999997,0.0,0.2,4.2999997,24.885250499999998,23.472753500000003,20.74671,0.0,0.8500000000000001,8.850000999999999,0.0,0.8500000000000001,8.850000999999999,0.0,0.3
2024-05-19,41.0,13850.0,133.64,154.0,0,False,False,True,False,4.4,5.7999997,29.72158,12.900001,12.900001,23.411293999999998,3.65,3.65,19,5,6,1,0.49999999999999994,-0.8660254037844387,39.0,35.0,42.5,18275.0,13875.0,14666.67,31.192415,30.58825,25.952835,1.3000001,0.0,8.300001,1.3000001,0.0,8.300001,24.9644175,24.636294,20.229,7.9,0.25,4.6,7.9,0.25,4.6,2.6000001,0.0
2024-05-20,43.0,9425.0,133.64,154.0,0,False,False,True,False,4.4,3.0,29.121584,0.2,0.2,22.973793,3.9000001500000003,3.9000001500000003,20,5,0,0,0.49999999999999994,-0.8660254037844387,41.0,37.0,41.25,13850.0,9637.5,13333.33,29.72158,30.679916,27.74867,12.900001,0.0,0.0,12.900001,0.0,0.0,23.411293999999998,24.885250499999998,21.0706665,3.65,0.0,1.9,3.65,0.0,1.9,5.7999997,2.6000001
2024-05-21,45.0,5000.0,133.64,154.0,0,False,False,True,False,4.4,3.1000004,29.211166,0.0,0.0,22.7769165,2.1,2.1,21,5,1,0,0.49999999999999994,-0.8660254037844387,43.0,39.0,40.0,9425.0,5400.0,12000.0,29.121584,31.192415,29.165335,0.2,1.3000001,0.0,0.2,1.3000001,0.0,22.973793,24.9644175,22.467543,3.9000001500000003,7.9,0.2,3.9000001500000003,7.9,0.2,3.0,5.7999997
2024-05-22,45.0,7458.33,133.6,154.0,0,False,False,True,False,4.4,1.6,29.402832,0.0,0.0,22.7717095,2.6999998499999998,2.6999998499999998,22,5,2,0,0.49999999999999994,-0.8660254037844387,45.0,41.0,38.33,5000.0,16262.500000000002,12000.0,29.211166,29.72158,30.373665,0.0,12.900001,0.2,0.0,12.900001,0.2,22.7769165,23.411293999999998,23.472753500000003,2.1,3.65,0.8500000000000001,2.1,3.65,0.8500000000000001,3.1000004,3.0
2024-05-23,45.0,9916.67,133.56,154.0,0,False,False,True,False,4.4,1.4000001,29.617416,0.0,0.0,22.821707500000002,0.55,0.55,23,5,3,0,0.49999999999999994,-0.8660254037844387,45.0,43.0,35.0,7458.33,27125.0,10175.0,29.402832,29.121584,30.58825,0.0,0.2,0.0,0.0,0.2,0.0,22.7717095,22.973793,24.636294,2.6999998499999998,3.9000001500000003,0.25,2.6999998499999998,3.9000001500000003,0.25,1.6,3.1000004
2024-05-24,45.0,12375.0,133.56,154.0,0,False,False,True,False,4.4,3.7,31.448668,0.2,0.2,24.4144155,0.75,0.75,24,5,4,0,0.49999999999999994,-0.8660254037844387,45.0,45.0,37.0,9916.67,22700.0,8350.0,29.617416,29.211166,30.679916,0.0,0.0,0.0,0.0,0.0,0.0,22.821707500000002,22.7769165,24.885250499999998,0.55,2.1,0.0,0.55,2.1,0.0,1.4000001,1.6
2024-05-25,48.33,8250.0,133.26,154.0,0,False,False,True,False,4.4,7.4,32.894497,0.0,0.0,24.695670999999997,2.4,2.4,25,5,5,1,0.49999999999999994,-0.8660254037844387,45.0,45.0,39.0,12375.0,18275.0,6525.0,31.448668,29.402832,31.192415,0.2,0.0,1.3000001,0.2,0.0,1.3000001,24.4144155,22.7717095,24.9644175,0.75,2.6999998499999998,7.9,0.75,2.6999998499999998,7.9,3.7,1.4000001
2024-05-26,51.67,4125.0,133.26,154.0,0,False,False,True,False,4.4,1.6000001,32.67158,0.8,0.8,24.864418,2.3499999000000003,2.3499999000000003,26,5,6,1,0.49999999999999994,-0.8660254037844387,48.33,45.0,41.0,8250.0,13850.0,4700.0,32.894497,29.617416,29.72158,0.0,0.0,12.900001,0.0,0.0,12.900001,24.695670999999997,22.821707500000002,23.411293999999998,2.4,0.55,3.65,2.4,0.55,3.65,7.4,3.7
2024-05-27,55.0,5306.25,133.26,154.0,0,False,False,True,False,4.4,13.200001,31.73408,0.0,0.0,24.1685845,11.34999925,11.34999925,27,5,0,0,0.49999999999999994,-0.8660254037844387,51.67,45.0,43.0,4125.0,9425.0,2875.0,32.67158,31.448668,29.121584,0.8,0.2,0.2,0.8,0.2,0.2,24.864418,24.4144155,22.973793,2.3499999000000003,0.75,3.9000001500000003,2.3499999000000003,0.75,3.9000001500000003,1.6000001,7.4
2024-05-28,45.0,6487.5,133.32,154.0,0,False,False,True,False,4.4,5.9,31.736168,0.0,0.0,22.7508755,8.0499995,8.0499995,28,5,1,0,0.49999999999999994,-0.8660254037844387,55.0,48.33,45.0,5306.25,5000.0,10275.0,31.73408,32.894497,29.211166,0.0,0.0,0.0,0.0,0.0,0.0,24.1685845,24.695670999999997,22.7769165,11.34999925,2.4,2.1,11.34999925,2.4,2.1,13.200001,1.6000001
2024-05-29,55.0,7668.75,133.39,154.0,0,False,False,True,False,4.4,0.70000005,33.629917,0.0,0.0,24.7998345,3.04999985,3.04999985,29,5,2,0,0.49999999999999994,-0.8660254037844387,45.0,51.67,45.0,6487.5,7458.33,17675.0,31.736168,32.67158,29.402832,0.0,0.8,0.0,0.0,0.8,0.0,22.7508755,24.864418,22.7717095,8.0499995,2.3499999000000003,2.6999998499999998,8.0499995,2.3499999000000003,2.6999998499999998,5.9,13.200001
2024-05-30,55.0,8850.0,133.66,154.0,0,False,False,True,False,4.4,0.0,32.80908,11.3,11.3,25.984209,0.800000025,0.800000025,30,5,3,0,0.49999999999999994,-0.8660254037844387,55.0,55.0,45.0,7668.75,9916.67,11337.5,33.629917,31.73408,29.617416,0.0,0.0,0.0,0.0,0.0,0.0,24.7998345,24.1685845,22.821707500000002,3.04999985,11.34999925,0.55,3.04999985,11.34999925,0.55,0.70000005,5.9
2024-05-31,65.0,9900.0,133.62,153.0,0,False,False,True,False,4.4,0.5,31.225748,0.0,0.0,24.9342105,0.8,0.8,31,5,4,0,0.49999999999999994,-0.8660254037844387,55.0,45.0,45.0,8850.0,12375.0,5000.0,32.80908,31.736168,31.448668,11.3,0.0,0.2,11.3,0.0,0.2,25.984209,22.7508755,24.4144155,0.800000025,8.0499995,0.75,0.800000025,8.0499995,0.75,0.0,0.70000005
2024-06-01,65.0,10950.0,133.85,153.0,0,False,True,False,False,4.17,1.8000001,31.534082,0.0,0.0,23.550876000000002,2.10000005,2.10000005,1,6,5,1,1.2246467991473532e-16,-1.0,65.0,55.0,48.33,9900.0,8250.0,14075.0,31.225748,33.629917,32.894497,0.0,0.0,0.0,0.0,0.0,0.0,24.9342105,24.7998345,24.695670999999997,0.8,3.04999985,2.4,0.8,3.04999985,2.4,0.5,0.0
2024-06-02,75.0,12000.0,133.85,153.0,0,False,True,False,False,4.17,0.1,29.81325,4.8,4.8,24.0092095,1.6000001,1.6000001,2,6,6,1,1.2246467991473532e-16,-1.0,65.0,55.0,51.67,10950.0,4125.0,23150.0,31.534082,32.80908,32.67158,0.0,11.3,0.8,0.0,11.3,0.8,23.550876000000002,25.984209,24.864418,2.10000005,0.800000025,2.3499999000000003,2.10000005,0.800000025,2.3499999000000003,1.8000001,0.5
2024-06-03,55.0,8750.0,133.85,153.0,0,False,True,False,False,4.17,1.6,30.084082,2.9,2.9,23.198792500000003,2.44999995,2.44999995,3,6,0,0,1.2246467991473532e-16,-1.0,75.0,65.0,55.0,12000.0,5306.25,12500.0,29.81325,31.225748,31.73408,4.8,0.0,0.0,4.8,0.0,0.0,24.0092095,24.9342105,24.1685845,1.6000001,0.8,11.34999925,1.6000001,0.8,11.34999925,0.1,1.8000001
2024-06-04,55.0,8958.333333333334,133.34,153.0,0,False,True,False,False,4.17,3.8999999,29.92366,1.7,1.7,23.405045,5.44999975,5.44999975,4,6,1,0,1.2246467991473532e-16,-1.0,55.0,65.0,45.0,8750.0,6487.5,4500.0,30.084082,31.534082,31.736168,2.9,0.0,0.0,2.9,0.0,0.0,23.198792500000003,23.550876000000002,22.7508755,2.44999995,2.10000005,8.0499995,2.44999995,2.10000005,8.0499995,1.6,0.1
2024-06-05,50.0,9166.666666666666,133.96,153.0,0,False,True,False,False,4.17,2.8000002,29.490334,22.7,22.7,22.455044,6.00000015,6.00000015,5,6,2,0,1.2246467991473532e-16,-1.0,55.0,75.0,55.0,8958.333333333334,7668.75,2320.0,29.92366,29.81325,33.629917,1.7,4.8,0.0,1.7,4.8,0.0,23.405045,24.0092095,24.7998345,5.44999975,1.6000001,3.04999985,5.44999975,1.6000001,3.04999985,3.8999999,1.6
2024-06-06,65.0,9375.0,133.7,153.0,0,False,True,False,False,4.17,1.4000001,28.804916,31.8,31.8,23.317543,3.75,3.75,6,6,3,0,1.2246467991473532e-16,-1.0,50.0,55.0,55.0,9166.666666666666,8850.0,140.0,29.490334,30.084082,32.80908,22.7,2.9,11.3,22.7,2.9,11.3,22.455044,23.198792500000003,25.984209,6.00000015,2.44999995,0.800000025,6.00000015,2.44999995,0.800000025,2.8000002,3.8999999
2024-06-07,45.0,9583.333333333334,133.86,153.0,0,False,True,False,False,4.17,9.599999,29.13408,0.1,0.1,22.668587,5.10000025,5.10000025,7,6,4,0,1.2246467991473532e-16,-1.0,65.0,55.0,65.0,9375.0,9900.0,280.0,28.804916,29.92366,31.225748,31.8,1.7,0.0,31.8,1.7,0.0,23.317543,23.405045,24.9342105,3.75,5.44999975,0.8,3.75,5.44999975,0.8,1.4000001,2.8000002
2024-06-08,55.0,9791.666666666666,133.7,153.0,0,False,True,False,False,4.17,2.3,30.379915,0.1,0.1,23.6248365,2.69999985,2.69999985,8,6,5,1,1.2246467991473532e-16,-1.0,45.0,50.0,65.0,9583.333333333334,10950.0,11315.000000000002,29.13408,29.490334,31.534082,0.1,22.7,0.0,0.1,22.7,0.0,22.668587,22.455044,23.550876000000002,5.10000025,6.00000015,2.10000005,5.10000025,6.00000015,2.10000005,9.599999,1.4000001
2024-06-09,55.0,10000.0,133.7,153.0,0,False,True,False,False,4.17,0.2,30.904917,0.0,0.0,24.950875,0.1,0.1,9,6,6,1,1.2246467991473532e-16,-1.0,55.0,65.0,75.0,9791.666666666666,12000.0,22350.0,30.379915,28.804916,29.81325,0.1,31.8,4.8,0.1,31.8,4.8,23.6248365,23.317543,24.0092095,2.69999985,3.75,1.6000001,2.69999985,3.75,1.6000001,2.3,9.599999
2024-06-10,55.0,5000.0,133.7,153.0,0,False,True,False,False,4.17,0.0,31.346582,0.0,0.0,25.426918,0.0,0.0,10,6,0,0,1.2246467991473532e-16,-1.0,55.0,45.0,55.0,10000.0,8750.0,18112.5,30.904917,29.13408,30.084082,0.0,0.1,2.9,0.0,0.1,2.9,24.950875,22.668587,23.198792500000003,0.1,5.10000025,2.44999995,0.1,5.10000025,2.44999995,0.2,2.3
2024-06-11,55.0,4921.875,133.92,153.0,0,False,True,False,False,4.17,1.0,31.0195,0.4,0.4,24.935249499999998,4.1000002,4.1000002,11,6,1,0,1.2246467991473532e-16,-1.0,55.0,55.0,55.0,5000.0,8958.333333333334,13875.0,31.346582,30.379915,29.92366,0.0,0.1,1.7,0.0,0.1,1.7,25.426918,23.6248365,23.405045,0.0,2.69999985,5.44999975,0.0,2.69999985,5.44999975,0.0,0.2
2024-06-12,43.33,4843.75,134.01,153.0,0,False,True,False,False,4.17,1.6000001,31.732,0.0,0.0,25.046712,2.24999985,2.24999985,12,6,2,0,1.2246467991473532e-16,-1.0,55.0,55.0,50.0,4921.875,9166.666666666666,9637.5,31.0195,30.904917,29.490334,0.4,0.0,22.7,0.4,0.0,22.7,24.935249499999998,24.950875,22.455044,4.1000002,0.1,6.00000015,4.1000002,0.1,6.00000015,1.0,0.0
2024-06-13,55.0,4765.625,133.98,153.0,0,False,True,False,False,4.17,3.7,30.738245,3.6,3.6,24.6279605,8.5,8.5,13,6,3,0,1.2246467991473532e-16,-1.0,43.33,55.0,65.0,4843.75,9375.0,5400.0,31.732,31.346582,28.804916,0.0,0.0,31.8,0.0,0.0,31.8,25.046712,25.426918,23.317543,2.24999985,0.0,3.75,2.24999985,0.0,3.75,1.6000001,1.0
2024-06-14,43.33,4687.5,133.98,153.0,0,False,True,False,False,4.17,3.6,29.109083,9.2,9.2,24.07275,11.7499999,11.7499999,14,6,4,0,1.2246467991473532e-16,-1.0,55.0,55.0,45.0,4765.625,9583.333333333334,16262.500000000002,30.738245,31.0195,29.13408,3.6,0.4,0.1,3.6,0.4,0.1,24.6279605,24.935249499999998,22.668587,8.5,4.1000002,5.10000025,8.5,4.1000002,5.10000025,3.7,1.6000001
2024-06-15,45.0,4609.375,134.0,153.0,0,False,True,False,False,4.17,1.7,29.225746,14.3,14.3,24.578999500000002,9.15,9.15,15,6,5,1,1.2246467991473532e-16,-1.0,43.33,43.33,55.0,4687.5,9791.666666666666,27125.0,29.109083,31.732,30.379915,9.2,0.0,0.1,9.2,0.0,0.1,24.07275,25.046712,23.6248365,11.7499999,2.24999985,2.69999985,11.7499999,2.24999985,2.69999985,3.6,3.7
2024-06-16,65.0,4531.25,134.0,153.0,0,False,True,False,False,4.17,4.8999996,28.990332,1.4000001,1.4000001,23.9665015,13.3000009,13.3000009,16,6,6,1,1.2246467991473532e-16,-1.0,45.0,55.0,55.0,4609.375,10000.0,22700.0,29.225746,30.738245,30.904917,14.3,3.6,0.0,14.3,3.6,0.0,24.578999500000002,24.6279605,24.950875,9.15,8.5,0.1,9.15,8.5,0.1,1.7,3.6
2024-06-17,35.0,4453.125,134.0,153.0,0,False,True,False,False,4.17,8.2,30.454916,0.1,0.1,23.7321275,18.2000025,18.2000025,17,6,0,0,1.2246467991473532e-16,-1.0,65.0,43.33,55.0,4531.25,5000.0,18275.0,28.990332,29.109083,31.346582,1.4000001,9.2,0.0,1.4000001,9.2,0.0,23.9665015,24.07275,25.426918,13.3000009,11.7499999,0.0,13.3000009,11.7499999,0.0,4.8999996,1.7
2024-06-18,55.0,4375.0,134.0,153.0,0,False,True,False,False,4.17,9.400001,29.427834,2.8999999,2.8999999,23.2539995,25.9000005,25.9000005,18,6,1,0,1.2246467991473532e-16,-1.0,35.0,45.0,55.0,4453.125,4921.875,13850.0,30.454916,29.225746,31.0195,0.1,14.3,0.4,0.1,14.3,0.4,23.7321275,24.578999500000002,24.935249499999998,18.2000025,9.15,4.1000002,18.2000025,9.15,4.1000002,8.2,4.8999996
2024-06-19,55.0,4296.875,133.76,153.0,0,False,True,False,False,4.17,19.5,27.509085,30.399998,30.399998,22.5644185,30.7500035,30.7500035,19,6,2,0,1.2246467991473532e-16,-1.0,55.0,65.0,43.33,4375.0,4843.75,9425.0,29.427834,28.990332,31.732,2.8999999,1.4000001,0.0,2.8999999,1.4000001,0.0,23.2539995,23.9665015,25.046712,25.9000005,13.3000009,2.24999985,25.9000005,13.3000009,2.24999985,9.400001,8.2
2024-06-20,55.0,4218.75,133.84,153.0,0,False,True,False,False,4.17,21.2,27.5445,1.4000001,1.4000001,23.143583,11.549999799999998,11.549999799999998,20,6,3,0,1.2246467991473532e-16,-1.0,55.0,35.0,55.0,4296.875,4765.625,5000.0,27.509085,30.454916,30.738245,30.399998,0.1,3.6,30.399998,0.1,3.6,22.5644185,23.7321275,24.6279605,30.7500035,18.2000025,8.5,30.7500035,18.2000025,8.5,19.5,9.400001
2024-06-21,56.67,4140.625,134.15,153.0,0,False,True,False,False,4.17,2.6,28.4695,0.6,0.6,23.067541,9.1500009,9.1500009,21,6,4,0,1.2246467991473532e-16,-1.0,55.0,55.0,43.33,4218.75,4687.5,7458.33,27.5445,29.427834,29.109083,1.4000001,2.8999999,9.2,1.4000001,2.8999999,9.2,23.143583,23.2539995,24.07275,11.549999799999998,25.9000005,11.7499999,11.549999799999998,25.9000005,11.7499999,21.2,19.5
2024-06-22,65.0,4062.5,133.96,153.0,0,False,True,False,False,4.17,2.1999998,28.834085,2.8,2.8,23.335251,4.25,4.25,22,6,5,1,1.2246467991473532e-16,-1.0,56.67,55.0,45.0,4140.625,4609.375,9916.67,28.4695,27.509085,29.225746,0.6,30.399998,14.3,0.6,30.399998,14.3,23.067541,22.5644185,24.578999500000002,9.1500009,30.7500035,9.15,9.1500009,30.7500035,9.15,2.6,21.2
2024-06-23,65.0,3984.375,133.96,153.0,0,False,True,False,False,4.17,12.800001,30.16117,1.3000001,1.3000001,24.007126,3.0000000499999997,3.0000000499999997,23,6,6,1,1.2246467991473532e-16,-1.0,65.0,55.0,65.0,4062.5,4531.25,12375.0,28.834085,27.5445,28.990332,2.8,1.4000001,1.4000001,2.8,1.4000001,1.4000001,23.335251,23.143583,23.9665015,4.25,11.549999799999998,13.3000009,4.25,11.549999799999998,13.3000009,2.1999998,2.6
2024-06-24,65.0,3906.25,133.96,153.0,0,False,True,False,False,4.17,1.2,30.26325,3.6,3.6,24.3623335,2.70000005,2.70000005,24,6,0,0,1.2246467991473532e-16,-1.0,65.0,56.67,35.0,3984.375,4453.125,8250.0,30.16117,28.4695,30.454916,1.3000001,0.6,0.1,1.3000001,0.6,0.1,24.007126,23.067541,23.7321275,3.0000000499999997,9.1500009,18.2000025,3.0000000499999997,9.1500009,18.2000025,12.800001,2.1999998
2024-06-25,65.0,3828.125,133.84,153.0,0,False,True,False,False,4.17,6.7000003,28.952835,16.600002,16.600002,24.21025,6.24999875,6.24999875,25,6,1,0,1.2246467991473532e-16,-1.0,65.0,65.0,55.0,3906.25,4375.0,4125.0,30.26325,28.834085,29.427834,3.6,2.8,2.8999999,3.6,2.8,2.8999999,24.3623335,23.335251,23.2539995,2.70000005,4.25,25.9000005,2.70000005,4.25,25.9000005,1.2,12.800001
2024-06-26,66.67,3750.0,133.8,153.0,0,False,True,False,False,4.17,79.89999,27.202833,47.5,47.5,23.367545,13.29999985,13.29999985,26,6,2,0,1.2246467991473532e-16,-1.0,65.0,65.0,55.0,3828.125,4296.875,5306.25,28.952835,30.16117,27.509085,16.600002,1.3000001,30.399998,16.600002,1.3000001,30.399998,24.21025,24.007126,22.5644185,6.24999875,3.0000000499999997,30.7500035,6.24999875,3.0000000499999997,30.7500035,6.7000003,1.2
2024-06-27,75.0,3671.875,134.02,153.0,0,False,True,False,False,4.17,3.6000001,29.76533,1.7,1.7,23.749833000000002,6.349999950000001,6.349999950000001,27,6,3,0,1.2246467991473532e-16,-1.0,66.67,65.0,55.0,3750.0,4218.75,6487.5,27.202833,30.26325,27.5445,47.5,3.6,1.4000001,47.5,3.6,1.4000001,23.367545,24.3623335,23.143583,13.29999985,2.70000005,11.549999799999998,13.29999985,2.70000005,11.549999799999998,79.89999,6.7000003
2024-06-28,66.67,3593.75,133.84,153.0,0,False,True,False,False,4.17,13.5,29.154915,3.3,3.3,23.4456675,11.1999995,11.1999995,28,6,4,0,1.2246467991473532e-16,-1.0,75.0,65.0,56.67,3671.875,4140.625,7668.75,29.76533,28.952835,28.4695,1.7,16.600002,0.6,1.7,16.600002,0.6,23.749833000000002,24.21025,23.067541,6.349999950000001,6.24999875,9.1500009,6.349999950000001,6.24999875,9.1500009,3.6000001,79.89999
2024-06-29,65.0,3515.625,133.72,153.0,0,False,True,False,False,4.17,13.4,28.752836,9.7,9.7,23.338375499999998,20.350001,20.350001,29,6,5,1,1.2246467991473532e-16,-1.0,66.67,66.67,65.0,3593.75,4062.5,8850.0,29.154915,27.202833,28.834085,3.3,47.5,2.8,3.3,47.5,2.8,23.4456675,23.367545,23.335251,11.1999995,13.29999985,4.25,11.1999995,13.29999985,4.25,13.5,3.6000001
2024-06-30,75.0,3437.5,133.72,157.0,0,False,True,False,False,4.17,10.300002,28.336166,13.0,13.0,23.07692,23.200001,23.200001,30,6,6,1,1.2246467991473532e-16,-1.0,65.0,75.0,65.0,3515.625,3984.375,9900.0,28.752836,29.76533,30.16117,9.7,1.7,1.3000001,9.7,1.7,1.3000001,23.338375499999998,23.749833000000002,24.007126,20.350001,6.349999950000001,3.0000000499999997,20.350001,6.349999950000001,3.0000000499999997,13.4,13.5
2024-07-01,66.67,3359.375,133.72,157.0,0,False,True,False,False,3.57,12.899999,27.607004,23.7,23.7,23.489418,9.00000015,9.00000015,1,7,0,0,-0.4999999999999997,-0.8660254037844388,75.0,66.67,65.0,3437.5,3906.25,10950.0,28.336166,29.154915,30.26325,13.0,3.3,3.6,13.0,3.3,3.6,23.07692,23.4456675,24.3623335,23.200001,11.1999995,2.70000005,23.200001,11.1999995,2.70000005,10.300002,13.4
2024-07-02,65.0,3281.25,133.81,157.0,0,False,True,False,False,3.57,72.00001,27.959085,44.399994,44.399994,23.209209,20.3500015,20.3500015,2,7,1,0,-0.4999999999999997,-0.8660254037844388,66.67,65.0,65.0,3359.375,3828.125,12000.0,27.607004,28.752836,28.952835,23.7,9.7,16.600002,23.7,9.7,16.600002,23.489418,23.338375499999998,24.21025,9.00000015,20.350001,6.24999875,9.00000015,20.350001,6.24999875,12.899999,10.300002
2024-07-03,66.67,3203.125,133.92,157.0,0,False,True,False,False,3.57,22.199999,28.373667,0.0,0.0,23.1914995,12.9000005,12.9000005,3,7,2,0,-0.4999999999999997,-0.8660254037844388,65.0,75.0,66.67,3281.25,3750.0,8750.0,27.959085,28.336166,27.202833,44.399994,13.0,47.5,44.399994,13.0,47.5,23.209209,23.07692,23.367545,20.3500015,23.200001,13.29999985,20.3500015,23.200001,13.29999985,72.00001,12.899999
2024-07-04,75.0,3125.0,133.96,157.0,0,False,True,False,False,3.57,34.999996,28.115335,8.099999,8.099999,23.186294,17.7999985,17.7999985,4,7,3,0,-0.4999999999999997,-0.8660254037844388,66.67,66.67,75.0,3203.125,3671.875,8958.333333333334,28.373667,27.607004,29.76533,0.0,23.7,1.7,0.0,23.7,1.7,23.1914995,23.489418,23.749833000000002,12.9000005,9.00000015,6.349999950000001,12.9000005,9.00000015,6.349999950000001,22.199999,72.00001
2024-07-05,76.67,3046.875,133.9,157.0,0,False,True,False,False,3.57,40.5,26.436163,46.6,46.6,22.6446265,17.7499995,17.7499995,5,7,4,0,-0.4999999999999997,-0.8660254037844388,75.0,65.0,66.67,3125.0,3593.75,9166.666666666666,28.115335,27.959085,29.154915,8.099999,44.399994,3.3,8.099999,44.399994,3.3,23.186294,23.209209,23.4456675,17.7999985,20.3500015,11.1999995,17.7999985,20.3500015,11.1999995,34.999996,22.199999
2024-07-06,76.67,2968.75,133.88,157.0,0,False,True,False,False,3.57,97.3,25.688253,27.800001,27.800001,21.739417000000003,99.19999999999999,99.19999999999999,6,7,5,1,-0.4999999999999997,-0.8660254037844388,76.67,66.67,65.0,3046.875,3515.625,9375.0,26.436163,28.373667,28.752836,46.6,0.0,9.7,46.6,0.0,9.7,22.6446265,23.1914995,23.338375499999998,17.7499995,12.9000005,20.350001,17.7499995,12.9000005,20.350001,40.5,34.999996
2024-07-07,95.0,2890.625,133.88,157.0,0,False,True,False,False,3.57,13.599999,27.146585,5.1,5.1,22.695669,1.7000001,1.7000001,7,7,6,1,-0.4999999999999997,-0.8660254037844388,76.67,75.0,75.0,2968.75,3437.5,9583.333333333334,25.688253,28.115335,28.336166,27.800001,8.099999,13.0,27.800001,8.099999,13.0,21.739417000000003,23.186294,23.07692,99.19999999999999,17.7999985,23.200001,99.19999999999999,17.7999985,23.200001,97.3,40.5
2024-07-08,110.0,2812.5,133.88,157.0,0,False,True,False,False,3.57,2.1,28.34658,1.0,1.0,23.20192,2.20000025,2.20000025,8,7,0,0,-0.4999999999999997,-0.8660254037844388,95.0,76.67,66.67,2890.625,3359.375,9791.666666666666,27.146585,26.436163,27.607004,5.1,46.6,23.7,5.1,46.6,23.7,22.695669,22.6446265,23.489418,1.7000001,17.7499995,9.00000015,1.7000001,17.7499995,9.00000015,13.599999,97.3
2024-07-09,110.0,2734.375,133.9,157.0,0,False,True,False,False,3.57,5.9999995,27.95075,31.7,31.7,23.6050425,10.7500005,10.7500005,9,7,1,0,-0.4999999999999997,-0.8660254037844388,110.0,76.67,65.0,2812.5,3281.25,10000.0,28.34658,25.688253,27.959085,1.0,27.800001,44.399994,1.0,27.800001,44.399994,23.20192,21.739417000000003,23.209209,2.20000025,99.19999999999999,20.3500015,2.20000025,99.19999999999999,20.3500015,2.1,13.599999
2024-07-10,110.0,2656.25,133.88,157.0,0,False,True,False,False,3.57,7.4999995,26.936167,34.200005,34.200005,23.1987925,14.400001,14.400001,10,7,2,0,-0.4999999999999997,-0.8660254037844388,110.0,95.0,66.67,2734.375,3203.125,5000.0,27.95075,27.146585,28.373667,31.7,5.1,0.0,31.7,5.1,0.0,23.6050425,22.695669,23.1914995,10.7500005,1.7000001,12.9000005,10.7500005,1.7000001,12.9000005,5.9999995,2.1
2024-07-11,115.0,2578.125,133.94,157.0,0,False,True,False,False,3.57,32.199997,27.546585,19.599998,19.599998,23.1748325,41.25,41.25,11,7,3,0,-0.4999999999999997,-0.8660254037844388,110.0,110.0,75.0,2656.25,3125.0,4921.875,26.936167,28.34658,28.115335,34.200005,1.0,8.099999,34.200005,1.0,8.099999,23.1987925,23.20192,23.186294,14.400001,2.20000025,17.7999985,14.400001,2.20000025,17.7999985,7.4999995,5.9999995
2024-07-12,110.0,2500.0,134.0,157.0,0,False,True,False,False,3.57,120.59998,26.51325,41.6,41.6,22.3050425,47.949999,47.949999,12,7,4,0,-0.4999999999999997,-0.8660254037844388,115.0,110.0,76.67,2578.125,3046.875,4843.75,27.546585,27.95075,26.436163,19.599998,31.7,46.6,19.599998,31.7,46.6,23.1748325,23.6050425,22.6446265,41.25,10.7500005,17.7499995,41.25,10.7500005,17.7499995,32.199997,7.4999995
2024-07-13,120.0,2516.0714285714284,133.96,157.0,0,False,True,False,False,3.57,6.5,27.975752,11.3,11.3,23.4748345,3.0000001000000003,3.0000001000000003,13,7,5,1,-0.4999999999999997,-0.8660254037844388,110.0,110.0,76.67,2500.0,2968.75,4765.625,26.51325,26.936167,25.688253,41.6,34.200005,27.800001,41.6,34.200005,27.800001,22.3050425,23.1987925,21.739417000000003,47.949999,14.400001,99.19999999999999,47.949999,14.400001,99.19999999999999,120.59998,32.199997
2024-07-14,115.0,2532.1428571428573,133.96,157.0,0,False,True,False,False,3.57,44.399994,28.921585,30.1,30.1,24.265457,8.85,8.85,14,7,6,1,-0.4999999999999997,-0.8660254037844388,120.0,115.0,95.0,2516.0714285714284,2890.625,4687.5,27.975752,27.546585,27.146585,11.3,19.599998,5.1,11.3,19.599998,5.1,23.4748345,23.1748325,22.695669,3.0000001000000003,41.25,1.7000001,3.0000001000000003,41.25,1.7000001,6.5,120.59998
2024-07-15,120.0,2548.214285714286,133.96,160.0,0,False,True,False,False,3.57,12.200001,30.077835,2.6999996,2.6999996,24.4977515,14.649999,14.649999,15,7,0,0,-0.4999999999999997,-0.8660254037844388,115.0,110.0,110.0,2532.1428571428573,2812.5,4609.375,28.921585,26.51325,28.34658,30.1,41.6,1.0,30.1,41.6,1.0,24.265457,22.3050425,23.20192,8.85,47.949999,2.20000025,8.85,47.949999,2.20000025,44.399994,6.5
2024-07-16,115.0,2564.285714285714,134.06,160.0,0,False,True,False,False,3.57,9.4,29.429914,6.2000003,6.2000003,23.770668,14.750001,14.750001,16,7,1,0,-0.4999999999999997,-0.8660254037844388,120.0,120.0,110.0,2548.214285714286,2734.375,4531.25,30.077835,27.975752,27.95075,2.6999996,11.3,31.7,2.6999996,11.3,31.7,24.4977515,23.4748345,23.6050425,14.649999,3.0000001000000003,10.7500005,14.649999,3.0000001000000003,10.7500005,12.200001,44.399994
2024-07-17,125.0,2580.3571428571427,134.04,160.0,0,False,True,False,False,3.57,34.7,28.99659,3.3,3.3,23.745669,21.3000015,21.3000015,17,7,2,0,-0.4999999999999997,-0.8660254037844388,115.0,115.0,110.0,2564.285714285714,2656.25,4453.125,29.429914,28.921585,26.936167,6.2000003,30.1,34.200005,6.2000003,30.1,34.200005,23.770668,24.265457,23.1987925,14.750001,8.85,14.400001,14.750001,8.85,14.400001,9.4,12.200001
2024-07-18,110.0,2596.4285714285716,134.04,160.0,0,False,True,False,False,3.57,28.3,29.877832,6.7,6.7,23.9540025,4.5000001,4.5000001,18,7,3,0,-0.4999999999999997,-0.8660254037844388,125.0,120.0,115.0,2580.3571428571427,2578.125,4375.0,28.99659,30.077835,27.546585,3.3,2.6999996,19.599998,3.3,2.6999996,19.599998,23.745669,24.4977515,23.1748325,21.3000015,14.649999,41.25,21.3000015,14.649999,41.25,34.7,9.4
2024-07-19,116.67,2612.5,134.15,160.0,0,False,True,False,False,3.57,19.2,29.55075,17.1,17.1,23.887332999999998,10.450001,10.450001,19,7,4,0,-0.4999999999999997,-0.8660254037844388,110.0,115.0,110.0,2596.4285714285716,2500.0,4296.875,29.877832,29.429914,26.51325,6.7,6.2000003,41.6,6.7,6.2000003,41.6,23.9540025,23.770668,22.3050425,4.5000001,14.750001,47.949999,4.5000001,14.750001,47.949999,28.3,34.7
2024-07-20,90.0,2628.5714285714284,134.17,160.0,0,False,True,False,False,3.57,13.299999,30.088251,6.8999996,6.8999996,24.352959,6.5999998,6.5999998,20,7,5,1,-0.4999999999999997,-0.8660254037844388,116.67,125.0,120.0,2612.5,2516.0714285714284,4218.75,29.55075,28.99659,27.975752,17.1,3.3,11.3,17.1,3.3,11.3,23.887332999999998,23.745669,23.4748345,10.450001,21.3000015,3.0000001000000003,10.450001,21.3000015,3.0000001000000003,19.2,28.3
2024-07-21,95.0,2644.6428571428573,134.17,160.0,0,False,True,False,False,3.57,7.5,29.89033,0.2,0.2,23.621712000000002,23.799999800000002,23.799999800000002,21,7,6,1,-0.4999999999999997,-0.8660254037844388,90.0,110.0,115.0,2628.5714285714284,2532.1428571428573,4140.625,30.088251,29.877832,28.921585,6.8999996,6.7,30.1,6.8999996,6.7,30.1,24.352959,23.9540025,24.265457,6.5999998,4.5000001,8.85,6.5999998,4.5000001,8.85,13.299999,19.2
2024-07-22,66.0,2660.714285714286,134.17,160.0,0,False,True,False,False,3.57,9.1,29.669502,3.8999996,3.8999996,23.6675425,9.0500005,9.0500005,22,7,0,0,-0.4999999999999997,-0.8660254037844388,95.0,116.67,120.0,2644.6428571428573,2548.214285714286,4062.5,29.89033,29.55075,30.077835,0.2,17.1,2.6999996,0.2,17.1,2.6999996,23.621712000000002,23.887332999999998,24.4977515,23.799999800000002,10.450001,14.649999,23.799999800000002,10.450001,14.649999,7.5,13.299999
2024-07-23,70.0,2676.785714285714,134.16,160.0,0,False,True,False,False,3.57,8.099999,28.906998,1.9000001,1.9000001,23.52796,10.050001,10.050001,23,7,1,0,-0.4999999999999997,-0.8660254037844388,66.0,90.0,115.0,2660.714285714286,2564.285714285714,3984.375,29.669502,30.088251,29.429914,3.8999996,6.8999996,6.2000003,3.8999996,6.8999996,6.2000003,23.6675425,24.352959,23.770668,9.0500005,6.5999998,14.750001,9.0500005,6.5999998,14.750001,9.1,7.5
2024-07-24,70.0,2692.8571428571427,134.21,160.0,0,False,True,False,False,3.57,35.100002,29.877832,0.4,0.4,23.6696245,15.699999649999999,15.699999649999999,24,7,2,0,-0.4999999999999997,-0.8660254037844388,70.0,95.0,125.0,2676.785714285714,2580.3571428571427,3906.25,28.906998,29.89033,28.99659,1.9000001,0.2,3.3,1.9000001,0.2,3.3,23.52796,23.621712000000002,23.745669,10.050001,23.799999800000002,21.3000015,10.050001,23.799999800000002,21.3000015,8.099999,9.1
2024-07-25,75.0,2708.9285714285716,134.26,160.0,0,False,True,False,False,3.57,33.2,29.52575,3.7999997,3.7999997,23.9467085,16.5,16.5,25,7,3,0,-0.4999999999999997,-0.8660254037844388,70.0,66.0,110.0,2692.8571428571427,2596.4285714285716,3828.125,29.877832,29.669502,29.877832,0.4,3.8999996,6.7,0.4,3.8999996,6.7,23.6696245,23.6675425,23.9540025,15.699999649999999,9.0500005,4.5000001,15.699999649999999,9.0500005,4.5000001,35.100002,8.099999
2024-07-26,70.0,2725.0,134.22,160.0,0,False,True,False,False,3.57,16.5,30.692413,1.9,1.9,24.720666,6.6500005,6.6500005,26,7,4,0,-0.4999999999999997,-0.8660254037844388,75.0,70.0,116.67,2708.9285714285716,2612.5,3750.0,29.52575,28.906998,29.55075,3.7999997,1.9000001,17.1,3.7999997,1.9000001,17.1,23.9467085,23.52796,23.887332999999998,16.5,10.050001,10.450001,16.5,10.050001,10.450001,33.2,35.100002
2024-07-27,65.0,2533.3333333333335,134.27,160.0,0,False,True,False,False,3.57,2.1000001,31.502832,3.4,3.4,25.439417499999998,7.8999999999999995,7.8999999999999995,27,7,5,1,-0.4999999999999997,-0.8660254037844388,70.0,70.0,90.0,2725.0,2628.5714285714284,3671.875,30.692413,29.877832,30.088251,1.9,0.4,6.8999996,1.9,0.4,6.8999996,24.720666,23.6696245,24.352959,6.6500005,15.699999649999999,6.5999998,6.6500005,15.699999649999999,6.5999998,16.5,33.2
2024-07-28,75.0,2341.6666666666665,134.27,160.0,0,False,True,False,False,3.57,6.7000003,30.315332,0.9000001,0.9000001,24.8321245,31.15,31.15,28,7,6,1,-0.4999999999999997,-0.8660254037844388,65.0,75.0,95.0,2533.3333333333335,2644.6428571428573,3593.75,31.502832,29.52575,29.89033,3.4,3.7999997,0.2,3.4,3.7999997,0.2,25.439417499999998,23.9467085,23.621712000000002,7.8999999999999995,16.5,23.799999800000002,7.8999999999999995,16.5,23.799999800000002,2.1000001,16.5
2024-07-29,75.0,2150.0,134.27,160.0,0,False,True,False,False,3.57,16.400002,30.48408,7.8,7.8,24.712332,41.199996,41.199996,29,7,0,0,-0.4999999999999997,-0.8660254037844388,75.0,70.0,66.0,2341.6666666666665,2660.714285714286,3515.625,30.315332,30.692413,29.669502,0.9000001,1.9,3.8999996,0.9000001,1.9,3.8999996,24.8321245,24.720666,23.6675425,31.15,6.6500005,9.0500005,31.15,6.6500005,9.0500005,6.7000003,2.1000001
2024-07-30,75.0,1958.3333333333335,134.27,160.0,0,False,True,False,False,3.57,15.5,30.19867,15.7,15.7,24.556084,25.0500015,25.0500015,30,7,1,0,-0.4999999999999997,-0.8660254037844388,75.0,65.0,70.0,2150.0,2676.785714285714,3437.5,30.48408,31.502832,28.906998,7.8,3.4,1.9000001,7.8,3.4,1.9000001,24.712332,25.439417499999998,23.52796,41.199996,7.8999999999999995,10.050001,41.199996,7.8999999999999995,10.050001,16.400002,6.7000003
2024-07-31,76.67,1766.6666666666667,134.27,158.0,0,False,True,False,False,3.57,6.2,29.404917,14.8,14.8,24.383169000000002,27.35,27.35,31,7,2,0,-0.4999999999999997,-0.8660254037844388,75.0,75.0,70.0,1958.3333333333335,2692.8571428571427,3359.375,30.19867,30.315332,29.877832,15.7,0.9000001,0.4,15.7,0.9000001,0.4,24.556084,24.8321245,23.6696245,25.0500015,31.15,15.699999649999999,25.0500015,31.15,15.699999649999999,15.5,16.400002
2024-08-01,75.0,1575.0,134.26,158.0,0,False,True,False,False,4.09,18.800001,28.523668,19.2,19.2,23.9654585,9.8499995,9.8499995,1,8,3,0,-0.8660254037844385,-0.5000000000000004,76.67,75.0,75.0,1766.6666666666667,2708.9285714285716,3281.25,29.404917,30.48408,29.52575,14.8,7.8,3.7999997,14.8,7.8,3.7999997,24.383169000000002,24.712332,23.9467085,27.35,41.199996,16.5,27.35,41.199996,16.5,6.2,15.5
2024-08-02,76.67,2319.2307692307695,134.26,158.0,0,False,True,False,False,4.09,15.099999,28.209084,0.3,0.3,23.0394165,16.349999500000003,16.349999500000003,2,8,4,0,-0.8660254037844385,-0.5000000000000004,75.0,75.0,70.0,1575.0,2725.0,3203.125,28.523668,30.19867,30.692413,19.2,15.7,1.9,19.2,15.7,1.9,23.9654585,24.556084,24.720666,9.8499995,25.0500015,6.6500005,9.8499995,25.0500015,6.6500005,18.800001,6.2
2024-08-03,73.33,3063.4615384615386,134.31,158.0,0,False,True,False,False,4.09,4.5999994,27.87575,1.0,1.0,22.986294,7.4999995,7.4999995,3,8,5,1,-0.8660254037844385,-0.5000000000000004,76.67,76.67,65.0,2319.2307692307695,2533.3333333333335,3125.0,28.209084,29.404917,31.502832,0.3,14.8,3.4,0.3,14.8,3.4,23.0394165,24.383169000000002,25.439417499999998,16.349999500000003,27.35,7.8999999999999995,16.349999500000003,27.35,7.8999999999999995,15.099999,18.800001
2024-08-04,75.0,3807.6923076923076,134.31,158.0,0,False,True,False,False,4.09,4.5,28.559084,1.1000001,1.1000001,23.126918,5.54999985,5.54999985,4,8,6,1,-0.8660254037844385,-0.5000000000000004,73.33,75.0,75.0,3063.4615384615386,2341.6666666666665,3046.875,27.87575,28.523668,30.315332,1.0,19.2,0.9000001,1.0,19.2,0.9000001,22.986294,23.9654585,24.8321245,7.4999995,9.8499995,31.15,7.4999995,9.8499995,31.15,4.5999994,15.099999
2024-08-05,66.67,4551.923076923077,134.31,158.0,0,False,True,False,False,4.09,18.7,28.00492,26.599998,26.599998,23.226917999999998,8.1999995,8.1999995,5,8,0,0,-0.8660254037844385,-0.5000000000000004,75.0,76.67,75.0,3807.6923076923076,2150.0,2968.75,28.559084,28.209084,30.48408,1.1000001,0.3,7.8,1.1000001,0.3,7.8,23.126918,23.0394165,24.712332,5.54999985,16.349999500000003,41.199996,5.54999985,16.349999500000003,41.199996,4.5,4.5999994
2024-08-06,65.0,5296.153846153846,134.46,158.0,0,False,True,False,False,4.09,85.10001,26.77992,31.8,31.8,22.319627,34.300003000000004,34.300003000000004,6,8,1,0,-0.8660254037844385,-0.5000000000000004,66.67,73.33,75.0,4551.923076923077,1958.3333333333335,2890.625,28.00492,27.87575,30.19867,26.599998,1.0,15.7,26.599998,1.0,15.7,23.226917999999998,22.986294,24.556084,8.1999995,7.4999995,25.0500015,8.1999995,7.4999995,25.0500015,18.7,4.5
2024-08-07,66.67,6040.384615384615,134.63,158.0,0,False,True,False,False,4.09,34.000004,27.26742,23.3,23.3,22.535249,17.200001,17.200001,7,8,2,0,-0.8660254037844385,-0.5000000000000004,65.0,75.0,76.67,5296.153846153846,1766.6666666666667,2812.5,26.77992,28.559084,29.404917,31.8,1.1000001,14.8,31.8,1.1000001,14.8,22.319627,23.126918,24.383169000000002,34.300003000000004,5.54999985,27.35,34.300003000000004,5.54999985,27.35,85.10001,18.7
2024-08-08,65.0,6784.615384615385,134.64,158.0,0,False,True,False,False,4.09,32.5,27.767418,8.9,8.9,22.959211500000002,10.149999999999999,10.149999999999999,8,8,3,0,-0.8660254037844385,-0.5000000000000004,66.67,66.67,75.0,6040.384615384615,1575.0,2734.375,27.26742,28.00492,28.523668,23.3,26.599998,19.2,23.3,26.599998,19.2,22.535249,23.226917999999998,23.9654585,17.200001,8.1999995,9.8499995,17.200001,8.1999995,9.8499995,34.000004,85.10001
2024-08-09,76.67,7528.846153846154,134.65,158.0,0,False,True,False,False,4.09,25.300001,27.64242,14.200001,14.200001,22.5623325,19.549999999999997,19.549999999999997,9,8,4,0,-0.8660254037844385,-0.5000000000000004,65.0,65.0,76.67,6784.615384615385,2319.2307692307695,2656.25,27.767418,26.77992,28.209084,8.9,31.8,0.3,8.9,31.8,0.3,22.959211500000002,22.319627,23.0394165,10.149999999999999,34.300003000000004,16.349999500000003,10.149999999999999,34.300003000000004,16.349999500000003,32.5,34.000004
2024-08-10,76.67,8273.076923076922,134.64,158.0,0,False,True,False,False,4.09,50.2,27.504921,10.5,10.5,22.702958000000002,11.45,11.45,10,8,5,1,-0.8660254037844385,-0.5000000000000004,76.67,66.67,73.33,7528.846153846154,3063.4615384615386,2578.125,27.64242,27.26742,27.87575,14.200001,23.3,1.0,14.200001,23.3,1.0,22.5623325,22.535249,22.986294,19.549999999999997,17.200001,7.4999995,19.549999999999997,17.200001,7.4999995,25.300001,32.5
2024-08-11,75.0,9017.307692307691,134.64,158.0,0,False,True,False,False,4.09,10.099999,27.115334,7.7999997,7.7999997,22.499834999999997,7.699999999999999,7.699999999999999,11,8,6,1,-0.8660254037844385,-0.5000000000000004,76.67,65.0,75.0,8273.076923076922,3807.6923076923076,2500.0,27.504921,27.767418,28.559084,10.5,8.9,1.1000001,10.5,8.9,1.1000001,22.702958000000002,22.959211500000002,23.126918,11.45,10.149999999999999,5.54999985,11.45,10.149999999999999,5.54999985,50.2,25.300001
2024-08-12,96.67,9761.538461538461,134.64,158.0,0,False,True,False,False,4.09,40.2,27.429918,12.700001,12.700001,23.097749999999998,10.19999975,10.19999975,12,8,0,0,-0.8660254037844385,-0.5000000000000004,75.0,76.67,66.67,9017.307692307691,4551.923076923077,2516.0714285714284,27.115334,27.64242,28.00492,7.7999997,14.200001,26.599998,7.7999997,14.200001,26.599998,22.499834999999997,22.5623325,23.226917999999998,7.699999999999999,19.549999999999997,8.1999995,7.699999999999999,19.549999999999997,8.1999995,10.099999,50.2
2024-08-13,95.0,10505.76923076923,134.66,158.0,0,False,True,False,False,4.09,21.6,27.86117,17.3,17.3,23.144627,29.150000000000002,29.150000000000002,13,8,1,0,-0.8660254037844385,-0.5000000000000004,96.67,76.67,65.0,9761.538461538461,5296.153846153846,2532.1428571428573,27.429918,27.504921,26.77992,12.700001,10.5,31.8,12.700001,10.5,31.8,23.097749999999998,22.702958000000002,22.319627,10.19999975,11.45,34.300003000000004,10.19999975,11.45,34.300003000000004,40.2,10.099999
2024-08-14,86.67,11250.0,134.66,158.0,0,False,True,False,False,4.09,12.600001,28.263247,14.200001,14.200001,23.1050435,22.900002,22.900002,14,8,2,0,-0.8660254037844385,-0.5000000000000004,95.0,75.0,66.67,10505.76923076923,6040.384615384615,2548.214285714286,27.86117,27.115334,27.26742,17.3,7.7999997,23.3,17.3,7.7999997,23.3,23.144627,22.499834999999997,22.535249,29.150000000000002,7.699999999999999,17.200001,29.150000000000002,7.699999999999999,17.200001,21.6,40.2
2024-08-15,95.0,14166.666666666666,134.62,158.0,0,False,True,False,False,4.09,6.1,28.867416,2.5000002,2.5000002,24.0008765,10.05,10.05,15,8,3,0,-0.8660254037844385,-0.5000000000000004,86.67,96.67,65.0,11250.0,6784.615384615385,2564.285714285714,28.263247,27.429918,27.767418,14.200001,12.700001,8.9,14.200001,12.700001,8.9,23.1050435,23.097749999999998,22.959211500000002,22.900002,10.19999975,10.149999999999999,22.900002,10.19999975,10.149999999999999,12.600001,21.6
2024-08-16,86.67,17083.333333333332,134.62,155.0,0,False,True,False,False,4.09,3.8999996,28.854918,9.099999,9.099999,23.455043,5.699999699999999,5.699999699999999,16,8,4,0,-0.8660254037844385,-0.5000000000000004,95.0,95.0,76.67,14166.666666666666,7528.846153846154,2580.3571428571427,28.867416,27.86117,27.64242,2.5000002,17.3,14.200001,2.5000002,17.3,14.200001,24.0008765,23.144627,22.5623325,10.05,29.150000000000002,19.549999999999997,10.05,29.150000000000002,19.549999999999997,6.1,12.600001
2024-08-17,86.67,20000.0,134.61,155.0,0,False,True,False,False,4.09,11.3,29.48408,27.8,27.8,23.590457999999998,14.7499995,14.7499995,17,8,5,1,-0.8660254037844385,-0.5000000000000004,86.67,86.67,76.67,17083.333333333332,8273.076923076922,2596.4285714285716,28.854918,28.263247,27.504921,9.099999,14.200001,10.5,9.099999,14.200001,10.5,23.455043,23.1050435,22.702958000000002,5.699999699999999,22.900002,11.45,5.699999699999999,22.900002,11.45,3.8999996,6.1
2024-08-18,85.0,18333.333333333332,134.61,155.0,0,False,True,False,False,4.09,17.400002,28.586164,12.1,12.1,23.471709,8.7,8.7,18,8,6,1,-0.8660254037844385,-0.5000000000000004,86.67,95.0,75.0,20000.0,9017.307692307691,2612.5,29.48408,28.867416,27.115334,27.8,2.5000002,7.7999997,27.8,2.5000002,7.7999997,23.590457999999998,24.0008765,22.499834999999997,14.7499995,10.05,7.699999999999999,14.7499995,10.05,7.699999999999999,11.3,3.8999996
2024-08-19,96.67,16666.666666666668,134.61,155.0,0,False,True,False,False,4.09,3.0,27.992416,19.800001,19.800001,22.921709,13.350000999999999,13.350000999999999,19,8,0,0,-0.8660254037844385,-0.5000000000000004,85.0,86.67,96.67,18333.333333333332,9761.538461538461,2628.5714285714284,28.586164,28.854918,27.429918,12.1,9.099999,12.700001,12.1,9.099999,12.700001,23.471709,23.455043,23.097749999999998,8.7,5.699999699999999,10.19999975,8.7,5.699999699999999,10.19999975,17.400002,11.3
2024-08-20,95.0,15000.0,134.5,155.0,0,False,True,False,False,4.09,7.4999995,27.619501,2.1000001,2.1000001,22.347749,10.50000095,10.50000095,20,8,1,0,-0.8660254037844385,-0.5000000000000004,96.67,86.67,95.0,16666.666666666668,10505.76923076923,2644.6428571428573,27.992416,29.48408,27.86117,19.800001,27.8,17.3,19.800001,27.8,17.3,22.921709,23.590457999999998,23.144627,13.350000999999999,14.7499995,29.150000000000002,13.350000999999999,14.7499995,29.150000000000002,3.0,17.400002
2024-08-21,76.67,13333.333333333334,134.38,155.0,0,False,True,False,False,4.09,2.4,27.713251,1.7,1.7,22.699832999999998,11.300000350000001,11.300000350000001,21,8,2,0,-0.8660254037844385,-0.5000000000000004,95.0,85.0,86.67,15000.0,11250.0,2660.714285714286,27.619501,28.586164,28.263247,2.1000001,12.1,14.200001,2.1000001,12.1,14.200001,22.347749,23.471709,23.1050435,10.50000095,8.7,22.900002,10.50000095,8.7,22.900002,7.4999995,3.0
2024-08-22,75.0,11666.666666666668,134.58,155.0,0,False,True,False,False,4.09,7.7000003,28.53408,4.9,4.9,22.95192,6.4999999,6.4999999,22,8,3,0,-0.8660254037844385,-0.5000000000000004,76.67,96.67,95.0,13333.333333333334,14166.666666666666,2676.785714285714,27.713251,27.992416,28.867416,1.7,19.800001,2.5000002,1.7,19.800001,2.5000002,22.699832999999998,22.921709,24.0008765,11.300000350000001,13.350000999999999,10.05,11.300000350000001,13.350000999999999,10.05,2.4,7.4999995
2024-08-23,96.67,10000.0,134.63,155.0,0,False,True,False,False,4.09,5.9,28.032,6.3,6.3,23.219623499999997,9.7,9.7,23,8,4,0,-0.8660254037844385,-0.5000000000000004,75.0,95.0,86.67,11666.666666666668,17083.333333333332,2692.8571428571427,28.53408,27.619501,28.854918,4.9,2.1000001,9.099999,4.9,2.1000001,9.099999,22.95192,22.347749,23.455043,6.4999999,10.50000095,5.699999699999999,6.4999999,10.50000095,5.699999699999999,7.7000003,2.4
2024-08-24,70.0,10666.666666666666,134.53,155.0,0,False,True,False,False,4.09,4.6000004,28.848665,6.899999,6.899999,23.3331705,6.4499998000000005,6.4499998000000005,24,8,5,1,-0.8660254037844385,-0.5000000000000004,96.67,76.67,86.67,10000.0,20000.0,2708.9285714285716,28.032,27.713251,29.48408,6.3,1.7,27.8,6.3,1.7,27.8,23.219623499999997,22.699832999999998,23.590457999999998,9.7,11.300000350000001,14.7499995,9.7,11.300000350000001,14.7499995,5.9,7.7000003
2024-08-25,75.0,11333.333333333334,134.53,155.0,0,False,True,False,False,4.09,0.8,28.515335,3.6999998,3.6999998,23.2310845,2.20000002,2.20000002,25,8,6,1,-0.8660254037844385,-0.5000000000000004,70.0,75.0,85.0,10666.666666666666,18333.333333333332,2725.0,28.848665,28.53408,28.586164,6.899999,4.9,12.1,6.899999,4.9,12.1,23.3331705,22.95192,23.471709,6.4499998000000005,6.4999999,8.7,6.4499998000000005,6.4999999,8.7,4.6000004,5.9
2024-08-26,66.67,12000.0,134.53,155.0,0,False,True,False,False,4.09,1.7,28.39242,2.5999997,2.5999997,22.737337500000002,9.75,9.75,26,8,0,0,-0.8660254037844385,-0.5000000000000004,75.0,96.67,96.67,11333.333333333334,16666.666666666668,2533.3333333333335,28.515335,28.032,27.992416,3.6999998,6.3,19.800001,3.6999998,6.3,19.800001,23.2310845,23.219623499999997,22.921709,2.20000002,9.7,13.350000999999999,2.20000002,9.7,13.350000999999999,0.8,4.6000004
2024-08-27,65.0,10916.666666666666,134.55,155.0,0,False,True,False,False,4.09,1.2,28.202835,4.1,4.1,22.531084,4.8,4.8,27,8,1,0,-0.8660254037844385,-0.5000000000000004,66.67,70.0,95.0,12000.0,15000.0,2341.6666666666665,28.39242,28.848665,27.619501,2.5999997,6.899999,2.1000001,2.5999997,6.899999,2.1000001,22.737337500000002,23.3331705,22.347749,9.75,6.4499998000000005,10.50000095,9.75,6.4499998000000005,10.50000095,1.7,0.8
2024-08-28,60.0,9833.333333333334,134.59,155.0,0,False,True,False,False,4.09,1.9000001,28.834085,2.1000001,2.1000001,22.960251,3.25,3.25,28,8,2,0,-0.8660254037844385,-0.5000000000000004,65.0,75.0,76.67,10916.666666666666,13333.333333333334,2150.0,28.202835,28.515335,27.713251,4.1,3.6999998,1.7,4.1,3.6999998,1.7,22.531084,23.2310845,22.699832999999998,4.8,2.20000002,11.300000350000001,4.8,2.20000002,11.300000350000001,1.2,1.7
2024-08-29,65.0,8750.0,134.63,155.0,0,False,True,False,False,4.09,2.3999999,28.054918,7.7000003,7.7000003,22.9540015,8.04999935,8.04999935,29,8,3,0,-0.8660254037844385,-0.5000000000000004,60.0,66.67,75.0,9833.333333333334,11666.666666666668,1958.3333333333335,28.834085,28.39242,28.53408,2.1000001,2.5999997,4.9,2.1000001,2.5999997,4.9,22.960251,22.737337500000002,22.95192,3.25,9.75,6.4999999,3.25,9.75,6.4999999,1.9000001,1.2
2024-08-30,55.0,10000.0,134.5,155.0,0,False,True,False,False,4.09,4.7999997,29.47158,0.2,0.2,24.1467095,2.75,2.75,30,8,4,0,-0.8660254037844385,-0.5000000000000004,65.0,65.0,96.67,8750.0,10000.0,1766.6666666666667,28.054918,28.202835,28.032,7.7000003,4.1,6.3,7.7000003,4.1,6.3,22.9540015,22.531084,23.219623499999997,8.04999935,4.8,9.7,8.04999935,4.8,9.7,2.3999999,1.9000001
2024-08-31,53.75,10666.666666666666,134.49,155.0,0,False,True,False,False,4.09,2.0,29.36117,3.2,3.2,24.1310845,5.2499995,5.2499995,31,8,5,1,-0.8660254037844385,-0.5000000000000004,55.0,60.0,70.0,10000.0,10666.666666666666,1575.0,29.47158,28.834085,28.848665,0.2,2.1000001,6.899999,0.2,2.1000001,6.899999,24.1467095,22.960251,23.3331705,2.75,3.25,6.4499998000000005,2.75,3.25,6.4499998000000005,4.7999997,2.3999999
2024-09-01,55.0,11333.333333333334,134.49,154.0,0,False,True,False,False,3.86,25.0,27.352839,20.400002,20.400002,22.048792,21.7999945,21.7999945,1,9,6,1,-1.0,-1.8369701987210297e-16,53.75,65.0,75.0,10666.666666666666,11333.333333333334,2319.2307692307695,29.36117,28.054918,28.515335,3.2,7.7000003,3.6999998,3.2,7.7000003,3.6999998,24.1310845,22.9540015,23.2310845,5.2499995,8.04999935,2.20000002,5.2499995,8.04999935,2.20000002,2.0,4.7999997
2024-09-02,55.0,12000.0,134.49,154.0,0,False,True,False,False,3.86,1.7,28.83825,0.0,0.0,22.8560865,1.1,1.1,2,9,0,0,-1.0,-1.8369701987210297e-16,55.0,55.0,66.67,11333.333333333334,12000.0,3063.4615384615386,27.352839,29.47158,28.39242,20.400002,0.2,2.5999997,20.400002,0.2,2.5999997,22.048792,24.1467095,22.737337500000002,21.7999945,2.75,9.75,21.7999945,2.75,9.75,25.0,2.0
2024-09-03,55.0,4500.0,134.58,154.0,0,False,True,False,False,3.86,17.400002,28.5945,11.100001,11.100001,22.878999,3.149999725,3.149999725,3,9,1,0,-1.0,-1.8369701987210297e-16,55.0,53.75,65.0,12000.0,10916.666666666666,3807.6923076923076,28.83825,29.36117,28.202835,0.0,3.2,4.1,0.0,3.2,4.1,22.8560865,24.1310845,22.531084,1.1,5.2499995,4.8,1.1,5.2499995,4.8,1.7,25.0
2024-09-04,55.0,4200.0,134.66,154.0,0,False,True,False,False,3.86,3.9999995,27.067415,22.7,22.7,22.116501,3.1999999,3.1999999,4,9,2,0,-1.0,-1.8369701987210297e-16,55.0,55.0,60.0,4500.0,9833.333333333334,4551.923076923077,28.5945,27.352839,28.834085,11.100001,20.400002,2.1000001,11.100001,20.400002,2.1000001,22.878999,22.048792,22.960251,3.149999725,21.7999945,3.25,3.149999725,21.7999945,3.25,17.400002,1.7
2024-09-05,55.0,3900.0,134.65,154.0,0,False,True,False,False,3.86,29.800001,26.865335,14.899999,14.899999,21.992542999999998,5.29999985,5.29999985,5,9,3,0,-1.0,-1.8369701987210297e-16,55.0,55.0,65.0,4200.0,8750.0,5296.153846153846,27.067415,28.83825,28.054918,22.7,0.0,7.7000003,22.7,0.0,7.7000003,22.116501,22.8560865,22.9540015,3.1999999,1.1,8.04999935,3.1999999,1.1,8.04999935,3.9999995,17.400002
2024-09-06,55.0,3600.0,134.68,154.0,0,False,True,False,False,3.86,21.3,27.821585,14.700001,14.700001,22.2123345,14.950001,14.950001,6,9,4,0,-1.0,-1.8369701987210297e-16,55.0,55.0,55.0,3900.0,10000.0,6040.384615384615,26.865335,28.5945,29.47158,14.899999,11.100001,0.2,14.899999,11.100001,0.2,21.992542999999998,22.878999,24.1467095,5.29999985,3.149999725,2.75,5.29999985,3.149999725,2.75,29.800001,3.9999995
2024-09-07,55.0,3300.0,134.62,154.0,0,False,True,False,False,3.86,1.1,29.179916,0.0,0.0,23.63421,1.7,1.7,7,9,5,1,-1.0,-1.8369701987210297e-16,55.0,55.0,53.75,3600.0,10666.666666666666,6784.615384615385,27.821585,27.067415,29.36117,14.700001,22.7,3.2,14.700001,22.7,3.2,22.2123345,22.116501,24.1310845,14.950001,3.1999999,5.2499995,14.950001,3.1999999,5.2499995,21.3,29.800001
2024-09-08,55.0,3000.0,134.62,154.0,0,False,True,False,False,3.86,0.6,28.854918,3.6000001,3.6000001,24.072752,0.39999999999999997,0.39999999999999997,8,9,6,1,-1.0,-1.8369701987210297e-16,55.0,55.0,55.0,3300.0,11333.333333333334,7528.846153846154,29.179916,26.865335,27.352839,0.0,14.899999,20.400002,0.0,14.899999,20.400002,23.63421,21.992542999999998,22.048792,1.7,5.29999985,21.7999945,1.7,5.29999985,21.7999945,1.1,21.3
2024-09-09,55.0,3012.422360248447,134.62,154.0,0,False,True,False,False,3.86,3.2,29.29242,0.8,0.8,23.409211,5.49999985,5.49999985,9,9,0,0,-1.0,-1.8369701987210297e-16,55.0,55.0,55.0,3000.0,12000.0,8273.076923076922,28.854918,27.821585,28.83825,3.6000001,14.700001,0.0,3.6000001,14.700001,0.0,24.072752,22.2123345,22.8560865,0.39999999999999997,14.950001,1.1,0.39999999999999997,14.950001,1.1,0.6,1.1
2024-09-10,55.0,3024.8447204968943,134.64,154.0,0,False,True,False,False,3.86,5.4,29.667418,0.1,0.1,23.6102535,2.1000000500000002,2.1000000500000002,10,9,1,0,-1.0,-1.8369701987210297e-16,55.0,55.0,55.0,3012.422360248447,4500.0,9017.307692307691,29.29242,29.179916,28.5945,0.8,0.0,11.100001,0.8,0.0,11.100001,23.409211,23.63421,22.878999,5.49999985,1.7,3.149999725,5.49999985,1.7,3.149999725,3.2,0.6
2024-09-11,55.0,3037.2670807453414,134.67,154.0,0,False,True,False,False,3.86,6.3999996,28.99867,4.8,4.8,23.3550395,9.750001000000001,9.750001000000001,11,9,2,0,-1.0,-1.8369701987210297e-16,55.0,55.0,55.0,3024.8447204968943,4200.0,9761.538461538461,29.667418,28.854918,27.067415,0.1,3.6000001,22.7,0.1,3.6000001,22.7,23.6102535,24.072752,22.116501,2.1000000500000002,0.39999999999999997,3.1999999,2.1000000500000002,0.39999999999999997,3.1999999,5.4,3.2
2024-09-12,55.0,3049.6894409937886,134.67,154.0,0,False,True,False,False,3.86,5.4999995,29.284082,3.7,3.7,23.275873,3.1000002,3.1000002,12,9,3,0,-1.0,-1.8369701987210297e-16,55.0,55.0,55.0,3037.2670807453414,3900.0,10505.76923076923,28.99867,29.29242,26.865335,4.8,0.8,14.899999,4.8,0.8,14.899999,23.3550395,23.409211,21.992542999999998,9.750001000000001,5.49999985,5.29999985,9.750001000000001,5.49999985,5.29999985,6.3999996,5.4
2024-09-13,55.59,3062.111801242236,134.65,154.0,0,False,True,False,False,3.86,3.9999995,28.932001,3.4,3.4,23.455044,4.10000015,4.10000015,13,9,4,0,-1.0,-1.8369701987210297e-16,55.0,55.0,55.0,3049.6894409937886,3600.0,11250.0,29.284082,29.667418,27.821585,3.7,0.1,14.700001,3.7,0.1,14.700001,23.275873,23.6102535,22.2123345,3.1000002,2.1000000500000002,14.950001,3.1000002,2.1000000500000002,14.950001,5.4999995,6.3999996
2024-09-14,56.18,3074.5341614906833,134.53,154.0,0,False,True,False,False,3.86,11.1,27.054922,16.2,16.2,22.267544,9.04999935,9.04999935,14,9,5,1,-1.0,-1.8369701987210297e-16,55.59,55.0,55.0,3062.111801242236,3300.0,14166.666666666666,28.932001,28.99867,29.179916,3.4,4.8,0.0,3.4,4.8,0.0,23.455044,23.3550395,23.63421,4.10000015,9.750001000000001,1.7,4.10000015,9.750001000000001,1.7,3.9999995,5.4999995
2024-09-15,56.76,3086.9565217391305,134.53,154.0,0,False,True,False,False,3.86,7.9999995,27.688253,1.9000001,1.9000001,21.938375,11.4999997,11.4999997,15,9,6,1,-1.0,-1.8369701987210297e-16,56.18,55.0,55.0,3074.5341614906833,3000.0,17083.333333333332,27.054922,29.284082,28.854918,16.2,3.7,3.6000001,16.2,3.7,3.6000001,22.267544,23.275873,24.072752,9.04999935,3.1000002,0.39999999999999997,9.04999935,3.1000002,0.39999999999999997,11.1,3.9999995
2024-09-16,57.35,3099.3788819875776,134.53,154.0,0,False,True,False,False,3.86,1.2,27.361168,2.7,2.7,22.330042499999998,0.950000025,0.950000025,16,9,0,0,-1.0,-1.8369701987210297e-16,56.76,55.59,55.0,3086.9565217391305,3012.422360248447,20000.0,27.688253,28.932001,29.29242,1.9000001,3.4,0.8,1.9000001,3.4,0.8,21.938375,23.455044,23.409211,11.4999997,4.10000015,5.49999985,11.4999997,4.10000015,5.49999985,7.9999995,11.1
2024-09-17,57.94,3111.801242236025,134.53,154.0,0,False,True,False,False,3.86,2.5,28.159086,0.0,0.0,22.660251000000002,6.2000005,6.2000005,17,9,1,0,-1.0,-1.8369701987210297e-16,57.35,56.18,55.0,3099.3788819875776,3024.8447204968943,18333.333333333332,27.361168,27.054922,29.667418,2.7,16.2,0.1,2.7,16.2,0.1,22.330042499999998,22.267544,23.6102535,0.950000025,9.04999935,2.1000000500000002,0.950000025,9.04999935,2.1000000500000002,1.2,7.9999995
2024-09-18,58.53,3124.223602484472,134.31,154.0,0,False,True,False,False,3.86,1.3,29.088251,0.0,0.0,23.572752,0.7,0.7,18,9,2,0,-1.0,-1.8369701987210297e-16,57.94,56.76,55.0,3111.801242236025,3037.2670807453414,16666.666666666668,28.159086,27.688253,28.99867,0.0,1.9000001,4.8,0.0,1.9000001,4.8,22.660251000000002,21.938375,23.3550395,6.2000005,11.4999997,9.750001000000001,6.2000005,11.4999997,9.750001000000001,2.5,1.2
2024-09-19,59.12,3136.645962732919,134.31,154.0,0,False,True,False,False,3.86,0.70000005,29.361162,0.0,0.0,23.9644165,1.2,1.2,19,9,3,0,-1.0,-1.8369701987210297e-16,58.53,57.35,55.0,3124.223602484472,3049.6894409937886,15000.0,29.088251,27.361168,29.284082,0.0,2.7,3.7,0.0,2.7,3.7,23.572752,22.330042499999998,23.275873,0.7,0.950000025,3.1000002,0.7,0.950000025,3.1000002,1.3,2.5
2024-09-20,59.71,3149.0683229813667,134.2,154.0,0,False,True,False,False,3.86,0.70000005,29.013252,0.0,0.0,24.1571275,4.7499998,4.7499998,20,9,4,0,-1.0,-1.8369701987210297e-16,59.12,57.94,55.59,3136.645962732919,3062.111801242236,13333.333333333334,29.361162,28.159086,28.932001,0.0,0.0,3.4,0.0,0.0,3.4,23.9644165,22.660251000000002,23.455044,1.2,6.2000005,4.10000015,1.2,6.2000005,4.10000015,0.70000005,1.3
2024-09-21,60.29,3161.490683229814,134.01,154.0,0,False,True,False,False,3.86,2.5999997,29.556997,0.0,0.0,23.0664995,9.35000035,9.35000035,21,9,5,1,-1.0,-1.8369701987210297e-16,59.71,58.53,56.18,3149.0683229813667,3074.5341614906833,11666.666666666668,29.013252,29.088251,27.054922,0.0,0.0,16.2,0.0,0.0,16.2,24.1571275,23.572752,22.267544,4.7499998,0.7,9.04999935,4.7499998,0.7,9.04999935,0.70000005,0.70000005
2024-09-22,60.88,3173.913043478261,134.01,154.0,0,False,True,False,False,3.86,0.0,29.859085,0.0,0.0,25.224835,0.0,0.0,22,9,6,1,-1.0,-1.8369701987210297e-16,60.29,59.12,56.76,3161.490683229814,3086.9565217391305,10000.0,29.556997,29.361162,27.688253,0.0,0.0,1.9000001,0.0,0.0,1.9000001,23.0664995,23.9644165,21.938375,9.35000035,1.2,11.4999997,9.35000035,1.2,11.4999997,2.5999997,0.70000005
2024-09-23,61.47,3186.335403726708,134.01,154.0,0,False,True,False,False,3.86,1.5,30.82575,0.0,0.0,25.299835,0.7,0.7,23,9,0,0,-1.0,-1.8369701987210297e-16,60.88,59.71,57.35,3173.913043478261,3099.3788819875776,10666.666666666666,29.859085,29.013252,27.361168,0.0,0.0,2.7,0.0,0.0,2.7,25.224835,24.1571275,22.330042499999998,0.0,4.7499998,0.950000025,0.0,4.7499998,0.950000025,0.0,2.5999997
2024-09-24,62.06,3198.7577639751553,133.99,154.0,0,False,True,False,False,3.86,0.6,29.065336,8.4,8.4,23.749834999999997,1.250000025,1.250000025,24,9,1,0,-1.0,-1.8369701987210297e-16,61.47,60.29,57.94,3186.335403726708,3111.801242236025,11333.333333333334,30.82575,29.556997,28.159086,0.0,0.0,0.0,0.0,0.0,0.0,25.299835,23.0664995,22.660251000000002,0.7,9.35000035,6.2000005,0.7,9.35000035,6.2000005,1.5,0.0
2024-09-25,62.65,3211.1801242236024,134.18,154.0,1,False,True,False,False,3.86,7.8,26.748663,9.300001,9.300001,21.815458,12.7,12.7,25,9,2,0,-1.0,-1.8369701987210297e-16,62.06,60.88,58.53,3198.7577639751553,3124.223602484472,12000.0,29.065336,29.859085,29.088251,8.4,0.0,0.0,8.4,0.0,0.0,23.749834999999997,25.224835,23.572752,1.250000025,0.0,0.7,1.250000025,0.0,0.7,0.6,1.5
2024-09-26,63.24,3223.6024844720496,134.06,154.0,1,False,True,False,False,3.86,34.5,25.117416,43.399998,43.399998,21.241503,27.799999,27.799999,26,9,3,0,-1.0,-1.8369701987210297e-16,62.65,61.47,59.12,3211.1801242236024,3136.645962732919,10916.666666666666,26.748663,30.82575,29.361162,9.300001,0.0,0.0,9.300001,0.0,0.0,21.815458,25.299835,23.9644165,12.7,0.7,1.2,12.7,0.7,1.2,7.8,0.6
2024-09-27,63.82,3236.0248447204967,134.14,154.0,1,False,True,False,False,3.86,181.7,24.240334,49.600002,49.600002,19.861292,127.9,127.9,27,9,4,0,-1.0,-1.8369701987210297e-16,63.24,62.06,59.71,3223.6024844720496,3149.0683229813667,9833.333333333334,25.117416,29.065336,29.013252,43.399998,8.4,0.0,43.399998,8.4,0.0,21.241503,23.749834999999997,24.1571275,27.799999,1.250000025,4.7499998,27.799999,1.250000025,4.7499998,34.5,7.8
2024-09-28,64.41,3248.447204968944,134.23,154.0,1,False,True,False,False,3.86,125.7,24.0945,68.79999,68.79999,19.1435835,87.849995,87.849995,28,9,5,1,-1.0,-1.8369701987210297e-16,63.82,62.65,60.29,3236.0248447204967,3161.490683229814,8750.0,24.240334,26.748663,29.556997,49.600002,9.300001,0.0,49.600002,9.300001,0.0,19.861292,21.815458,23.0664995,127.9,12.7,9.35000035,127.9,12.7,9.35000035,181.7,34.5
2024-09-29,65.0,3260.8695652173915,134.23,154.0,1,False,True,False,False,3.86,1.7,26.596588,6.899999,6.899999,21.462334,1.5499998000000001,1.5499998000000001,29,9,6,1,-1.0,-1.8369701987210297e-16,64.41,63.24,60.88,3248.447204968944,3173.913043478261,10000.0,24.0945,25.117416,29.859085,68.79999,43.399998,0.0,68.79999,43.399998,0.0,19.1435835,21.241503,25.224835,87.849995,27.799999,0.0,87.849995,27.799999,0.0,125.7,181.7
2024-09-30,65.59,3273.2919254658386,134.23,154.0,1,False,True,False,False,3.86,0.6,27.234085,0.0,0.0,22.2029605,0.4,0.4,30,9,0,0,-1.0,-1.8369701987210297e-16,65.0,63.82,61.47,3260.8695652173915,3186.335403726708,10666.666666666666,26.596588,24.240334,30.82575,6.899999,49.600002,0.0,6.899999,49.600002,0.0,21.462334,19.861292,25.299835,1.5499998000000001,127.9,0.7,1.5499998000000001,127.9,0.7,1.7,125.7
2024-10-01,66.18,3285.714285714286,134.38,154.0,1,True,False,False,False,4.82,0.90000004,27.484085,0.0,0.0,22.5092085,0.7000000000000001,0.7000000000000001,1,10,1,0,-0.8660254037844386,0.5000000000000001,65.59,64.41,62.06,3273.2919254658386,3198.7577639751553,11333.333333333334,27.234085,24.0945,29.065336,0.0,68.79999,8.4,0.0,68.79999,8.4,22.2029605,19.1435835,23.749834999999997,0.4,87.849995,1.250000025,0.4,87.849995,1.250000025,0.6,1.7
2024-10-02,66.76,3298.136645962733,134.42,154.0,1,True,False,False,False,4.82,17.7,27.571585,0.6,0.6,22.231084,4.449999549999999,4.449999549999999,2,10,2,0,-0.8660254037844386,0.5000000000000001,66.18,65.0,62.65,3285.714285714286,3211.1801242236024,12000.0,27.484085,26.596588,26.748663,0.0,6.899999,9.300001,0.0,6.899999,9.300001,22.5092085,21.462334,21.815458,0.7000000000000001,1.5499998000000001,12.7,0.7000000000000001,1.5499998000000001,12.7,0.90000004,0.6
2024-10-03,67.35,3310.55900621118,134.42,154.0,1,True,False,False,False,4.82,25.800003,26.756998,9.400001,9.400001,21.6456685,7.499999750000001,7.499999750000001,3,10,3,0,-0.8660254037844386,0.5000000000000001,66.76,65.59,63.24,3298.136645962733,3223.6024844720496,4500.0,27.571585,27.234085,25.117416,0.6,0.0,43.399998,0.6,0.0,43.399998,22.231084,22.2029605,21.241503,4.449999549999999,0.4,27.799999,4.449999549999999,0.4,27.799999,17.7,0.90000004
2024-10-04,67.94,3322.981366459627,134.66,154.0,1,True,False,False,False,4.82,1.6,26.6445,2.2,2.2,21.227959,1.60000005,1.60000005,4,10,4,0,-0.8660254037844386,0.5000000000000001,67.35,66.18,63.82,3310.55900621118,3236.0248447204967,4200.0,26.756998,27.484085,24.240334,9.400001,0.0,49.600002,9.400001,0.0,49.600002,21.6456685,22.5092085,19.861292,7.499999750000001,0.7000000000000001,127.9,7.499999750000001,0.7000000000000001,127.9,25.800003,17.7
2024-10-05,68.53,3335.4037267080744,134.66,154.0,1,True,False,False,False,4.82,4.2,26.638254,0.0,0.0,20.979000499999998,2.10000005,2.10000005,5,10,5,1,-0.8660254037844386,0.5000000000000001,67.94,66.76,64.41,3322.981366459627,3248.447204968944,3900.0,26.6445,27.571585,24.0945,2.2,0.6,68.79999,2.2,0.6,68.79999,21.227959,22.231084,19.1435835,1.60000005,4.449999549999999,87.849995,1.60000005,4.449999549999999,87.849995,1.6,25.800003
2024-10-06,69.12,3347.826086956522,134.66,154.0,1,True,False,False,False,4.82,1.0,26.325752,0.2,0.2,21.0612915,1.0000000500000001,1.0000000500000001,6,10,6,1,-0.8660254037844386,0.5000000000000001,68.53,67.35,65.0,3335.4037267080744,3260.8695652173915,3600.0,26.638254,26.756998,26.596588,0.0,9.400001,6.899999,0.0,9.400001,6.899999,20.979000499999998,21.6456685,21.462334,2.10000005,7.499999750000001,1.5499998000000001,2.10000005,7.499999750000001,1.5499998000000001,4.2,1.6
2024-10-07,69.71,3360.248447204969,134.66,154.0,1,True,False,False,False,4.82,0.2,26.779917,0.4,0.4,20.9706675,0.2,0.2,7,10,0,0,-0.8660254037844386,0.5000000000000001,69.12,67.94,65.59,3347.826086956522,3273.2919254658386,3300.0,26.325752,26.6445,27.234085,0.2,2.2,0.0,0.2,2.2,0.0,21.0612915,21.227959,22.2029605,1.0000000500000001,1.60000005,0.4,1.0000000500000001,1.60000005,0.4,1.0,4.2
2024-10-08,70.29,3372.6708074534163,134.67,154.0,1,True,False,False,False,4.82,0.90000004,26.686167,0.90000004,0.90000004,21.05817,0.1,0.1,8,10,1,0,-0.8660254037844386,0.5000000000000001,69.71,68.53,66.18,3360.248447204969,3285.714285714286,3000.0,26.779917,26.638254,27.484085,0.4,0.0,0.0,0.4,0.0,0.0,20.9706675,20.979000499999998,22.5092085,0.2,2.10000005,0.7000000000000001,0.2,2.10000005,0.7000000000000001,0.2,1.0
2024-10-09,70.88,3385.0931677018634,134.65,154.0,1,True,False,False,False,4.82,1.0,26.534082,1.9000001,1.9000001,20.708168,0.25,0.25,9,10,2,0,-0.8660254037844386,0.5000000000000001,70.29,69.12,66.76,3372.6708074534163,3298.136645962733,3012.422360248447,26.686167,26.325752,27.571585,0.90000004,0.2,0.6,0.90000004,0.2,0.6,21.05817,21.0612915,22.231084,0.1,1.0000000500000001,4.449999549999999,0.1,1.0000000500000001,4.449999549999999,0.90000004,0.2
2024-10-10,71.47,3397.5155279503106,134.65,154.0,1,True,False,False,False,4.82,1.3000001,26.61325,0.2,0.2,20.731085,0.05,0.05,10,10,3,0,-0.8660254037844386,0.5000000000000001,70.88,69.71,67.35,3385.0931677018634,3310.55900621118,3024.8447204968943,26.534082,26.779917,26.756998,1.9000001,0.4,9.400001,1.9000001,0.4,9.400001,20.708168,20.9706675,21.6456685,0.25,0.2,7.499999750000001,0.25,0.2,7.499999750000001,1.0,0.90000004
2024-10-11,72.06,3409.9378881987577,134.66,154.0,1,True,False,False,False,4.82,0.3,26.31325,0.0,0.0,21.006084,0.0,0.0,11,10,4,0,-0.8660254037844386,0.5000000000000001,71.47,70.29,67.94,3397.5155279503106,3322.981366459627,3037.2670807453414,26.61325,26.686167,26.6445,0.2,0.90000004,2.2,0.2,0.90000004,2.2,20.731085,21.05817,21.227959,0.05,0.1,1.60000005,0.05,0.1,1.60000005,1.3000001,1.0
2024-10-12,72.65,3422.360248447205,134.8,154.0,1,True,False,False,False,4.82,0.0,25.52575,0.0,0.0,20.0946235,0.0,0.0,12,10,5,1,-0.8660254037844386,0.5000000000000001,72.06,70.88,68.53,3409.9378881987577,3335.4037267080744,3049.6894409937886,26.31325,26.534082,26.638254,0.0,1.9000001,0.0,0.0,1.9000001,0.0,21.006084,20.708168,20.979000499999998,0.0,0.25,2.10000005,0.0,0.25,2.10000005,0.3,1.3000001
2024-10-13,73.24,3434.782608695652,134.8,154.0,1,True,False,False,False,4.82,0.1,25.065338,0.3,0.3,19.736292,0.15,0.15,13,10,6,1,-0.8660254037844386,0.5000000000000001,72.65,71.47,69.12,3422.360248447205,3347.826086956522,3062.111801242236,25.52575,26.61325,26.325752,0.0,0.2,0.2,0.0,0.2,0.2,20.0946235,20.731085,21.0612915,0.0,0.05,1.0000000500000001,0.0,0.05,1.0000000500000001,0.0,0.3
2024-10-14,73.82,3447.204968944099,134.8,154.0,1,True,False,False,False,4.82,2.0,25.190332,0.1,0.1,19.458167,0.90000005,0.90000005,14,10,0,0,-0.8660254037844386,0.5000000000000001,73.24,72.06,69.71,3434.782608695652,3360.248447204969,3074.5341614906833,25.065338,26.31325,26.779917,0.3,0.0,0.4,0.3,0.0,0.4,19.736292,21.006084,20.9706675,0.15,0.0,0.2,0.15,0.0,0.2,0.1,0.0
2024-10-15,74.41,3459.6273291925468,134.8,154.0,1,True,False,False,False,4.82,1.8000001,24.954918,0.0,0.0,19.029001,1.8999999,1.8999999,15,10,1,0,-0.8660254037844386,0.5000000000000001,73.82,72.65,70.29,3447.204968944099,3372.6708074534163,3086.9565217391305,25.190332,25.52575,26.686167,0.1,0.0,0.90000004,0.1,0.0,0.90000004,19.458167,20.0946235,21.05817,0.90000005,0.0,0.1,0.90000005,0.0,0.1,2.0,0.1
2024-10-16,75.0,3472.049689440994,134.77,154.0,1,True,False,False,False,4.82,1.9000001,24.640333,0.0,0.0,18.4373335,0.65000002,0.65000002,16,10,2,0,-0.8660254037844386,0.5000000000000001,74.41,73.24,70.88,3459.6273291925468,3385.0931677018634,3099.3788819875776,24.954918,25.065338,26.534082,0.0,0.3,1.9000001,0.0,0.3,1.9000001,19.029001,19.736292,20.708168,1.8999999,0.15,0.25,1.8999999,0.15,0.25,1.8000001,2.0
2024-10-17,75.59,3484.472049689441,134.7,154.0,1,True,False,False,False,4.82,2.1999998,24.19867,0.0,0.0,18.654000500000002,0.8500000000000001,0.8500000000000001,17,10,3,0,-0.8660254037844386,0.5000000000000001,75.0,73.82,71.47,3472.049689440994,3397.5155279503106,3111.801242236025,24.640333,25.190332,26.61325,0.0,0.1,0.2,0.0,0.1,0.2,18.4373335,19.458167,20.731085,0.65000002,0.90000005,0.05,0.65000002,0.90000005,0.05,1.9000001,1.8000001
2024-10-18,76.18,3496.894409937888,134.82,154.0,1,True,False,False,False,4.82,0.6,24.479918,0.0,0.0,18.8008765,0.85000005,0.85000005,18,10,4,0,-0.8660254037844386,0.5000000000000001,75.59,74.41,72.06,3484.472049689441,3409.9378881987577,3124.223602484472,24.19867,24.954918,26.31325,0.0,0.0,0.0,0.0,0.0,0.0,18.654000500000002,19.029001,21.006084,0.8500000000000001,1.8999999,0.0,0.8500000000000001,1.8999999,0.0,2.1999998,1.9000001
2024-10-19,76.76,3509.3167701863354,134.81,154.0,1,True,False,False,False,4.82,0.4,24.486168,2.7,2.7,18.2144165,4.15,4.15,19,10,5,1,-0.8660254037844386,0.5000000000000001,76.18,75.0,72.65,3496.894409937888,3422.360248447205,3136.645962732919,24.479918,24.640333,25.52575,0.0,0.0,0.0,0.0,0.0,0.0,18.8008765,18.4373335,20.0946235,0.85000005,0.65000002,0.0,0.85000005,0.65000002,0.0,0.6,2.1999998
2024-10-20,77.35,3521.7391304347825,134.81,154.0,1,True,False,False,False,4.82,0.70000005,23.665335,2.6,2.6,18.171709,2.0500001,2.0500001,20,10,6,1,-0.8660254037844386,0.5000000000000001,76.76,75.59,73.24,3509.3167701863354,3434.782608695652,3149.0683229813667,24.486168,24.19867,25.065338,2.7,0.0,0.3,2.7,0.0,0.3,18.2144165,18.654000500000002,19.736292,4.15,0.8500000000000001,0.15,4.15,0.8500000000000001,0.15,0.4,0.6
2024-10-21,77.94,3534.16149068323,134.81,154.0,1,True,False,False,False,4.82,5.7,24.444502,0.0,0.0,18.7456665,0.35,0.35,21,10,0,0,-0.8660254037844386,0.5000000000000001,77.35,76.18,73.82,3521.7391304347825,3447.204968944099,3161.490683229814,23.665335,24.479918,25.190332,2.6,0.0,0.1,2.6,0.0,0.1,18.171709,18.8008765,19.458167,2.0500001,0.85000005,0.90000005,2.0500001,0.85000005,0.90000005,0.70000005,0.4
2024-10-22,78.53,3546.5838509316773,134.82,154.0,1,True,False,False,False,4.82,1.7,24.561167,0.0,0.0,19.6748355,0.1,0.1,22,10,1,0,-0.8660254037844386,0.5000000000000001,77.94,76.76,74.41,3534.16149068323,3459.6273291925468,3173.913043478261,24.444502,24.486168,24.954918,0.0,2.7,0.0,0.0,2.7,0.0,18.7456665,18.2144165,19.029001,0.35,4.15,1.8999999,0.35,4.15,1.8999999,5.7,0.70000005
2024-10-23,79.12,3559.0062111801244,134.83,154.0,1,True,False,False,False,4.82,3.1,25.50908,0.0,0.0,19.968584,0.0,0.0,23,10,2,0,-0.8660254037844386,0.5000000000000001,78.53,77.35,75.0,3546.5838509316773,3472.049689440994,3186.335403726708,24.561167,23.665335,24.640333,0.0,2.6,0.0,0.0,2.6,0.0,19.6748355,18.171709,18.4373335,0.1,2.0500001,0.65000002,0.1,2.0500001,0.65000002,1.7,5.7
2024-10-24,79.71,3571.4285714285716,134.84,154.0,1,True,False,False,False,4.82,0.1,25.402832,0.0,0.0,19.8112925,0.40000005,0.40000005,24,10,3,0,-0.8660254037844386,0.5000000000000001,79.12,77.94,75.59,3559.0062111801244,3484.472049689441,3198.7577639751553,25.50908,24.444502,24.19867,0.0,0.0,0.0,0.0,0.0,0.0,19.968584,18.7456665,18.654000500000002,0.0,0.35,0.8500000000000001,0.0,0.35,0.8500000000000001,3.1,1.7
2024-10-25,80.29,3583.8509316770187,134.83,154.0,1,True,False,False,False,4.82,1.7,23.229918,0.0,0.0,18.5977495,0.5,0.5,25,10,4,0,-0.8660254037844386,0.5000000000000001,79.71,78.53,76.18,3571.4285714285716,3496.894409937888,3211.1801242236024,25.402832,24.561167,24.479918,0.0,0.0,0.0,0.0,0.0,0.0,19.8112925,19.6748355,18.8008765,0.40000005,0.1,0.85000005,0.40000005,0.1,0.85000005,0.1,3.1
2024-10-26,80.88,3596.273291925466,134.84,154.0,1,True,False,False,False,4.82,0.5,24.261168,0.0,0.0,18.967541,0.0,0.0,26,10,5,1,-0.8660254037844386,0.5000000000000001,80.29,79.12,76.76,3583.8509316770187,3509.3167701863354,3223.6024844720496,23.229918,25.50908,24.486168,0.0,0.0,2.7,0.0,0.0,2.7,18.5977495,19.968584,18.2144165,0.5,0.0,4.15,0.5,0.0,4.15,1.7,0.1
2024-10-27,81.47,3608.695652173913,134.84,154.0,1,True,False,False,False,4.82,1.6,25.048668,0.0,0.0,19.4894155,0.2,0.2,27,10,6,1,-0.8660254037844386,0.5000000000000001,80.88,79.71,77.35,3596.273291925466,3521.7391304347825,3236.0248447204967,24.261168,25.402832,23.665335,0.0,0.0,2.6,0.0,0.0,2.6,18.967541,19.8112925,18.171709,0.0,0.40000005,2.0500001,0.0,0.40000005,2.0500001,0.5,1.7
2024-10-28,82.06,3621.11801242236,134.84,154.0,1,True,False,False,False,4.82,0.0,25.490328,0.0,0.0,19.449835999999998,0.0,0.0,28,10,0,0,-0.8660254037844386,0.5000000000000001,81.47,80.29,77.94,3608.695652173913,3534.16149068323,3248.447204968944,25.048668,23.229918,24.444502,0.0,0.0,0.0,0.0,0.0,0.0,19.4894155,18.5977495,18.7456665,0.2,0.5,0.35,0.2,0.5,0.35,1.6,0.5
2024-10-29,82.65,3633.5403726708073,134.83,154.0,1,True,False,False,False,4.82,0.0,25.586168,0.0,0.0,19.5862935,0.0,0.0,29,10,1,0,-0.8660254037844386,0.5000000000000001,82.06,80.88,78.53,3621.11801242236,3546.5838509316773,3260.8695652173915,25.490328,24.261168,24.561167,0.0,0.0,0.0,0.0,0.0,0.0,19.449835999999998,18.967541,19.6748355,0.0,0.0,0.1,0.0,0.0,0.1,0.0,1.6
2024-10-30,83.24,3645.9627329192544,134.83,154.0,1,True,False,False,False,4.82,1.3000001,25.740334,0.0,0.0,19.705041,1.4000001,1.4000001,30,10,2,0,-0.8660254037844386,0.5000000000000001,82.65,81.47,79.12,3633.5403726708073,3559.0062111801244,3273.2919254658386,25.586168,25.048668,25.50908,0.0,0.0,0.0,0.0,0.0,0.0,19.5862935,19.4894155,19.968584,0.0,0.2,0.0,0.0,0.2,0.0,0.0,0.0
2024-10-31,83.82,3658.385093167702,134.83,154.0,1,True,False,False,False,4.82,0.2,24.94867,0.0,0.0,19.411292,1.5,1.5,31,10,3,0,-0.8660254037844386,0.5000000000000001,83.24,82.06,79.71,3645.9627329192544,3571.4285714285716,3285.714285714286,25.740334,25.490328,25.402832,0.0,0.0,0.0,0.0,0.0,0.0,19.705041,19.449835999999998,19.8112925,1.4000001,0.0,0.40000005,1.4000001,0.0,0.40000005,1.3000001,0.0
2024-11-01,84.41,3670.807453416149,134.83,154.0,1,True,False,False,False,5.6,0.90000004,25.465338,0.0,0.0,19.293586,2.0999999999999996,2.0999999999999996,1,11,4,0,-0.5000000000000004,0.8660254037844384,83.82,82.65,80.29,3658.385093167702,3583.8509316770187,3298.136645962733,24.94867,25.586168,23.229918,0.0,0.0,0.0,0.0,0.0,0.0,19.411292,19.5862935,18.5977495,1.5,0.0,0.5,1.5,0.0,0.5,0.2,1.3000001
2024-11-02,85.0,3683.2298136645963,134.83,154.0,1,True,False,False,False,5.6,1.5000001,25.002832,0.5,0.5,19.1623345,1.1500000000000001,1.1500000000000001,2,11,5,1,-0.5000000000000004,0.8660254037844384,84.41,83.24,80.88,3670.807453416149,3596.273291925466,3310.55900621118,25.465338,25.740334,24.261168,0.0,0.0,0.0,0.0,0.0,0.0,19.293586,19.705041,18.967541,2.0999999999999996,1.4000001,0.0,2.0999999999999996,1.4000001,0.0,0.90000004,0.2
2024-11-03,85.59,3695.6521739130435,134.83,154.0,1,True,False,False,False,5.6,3.4,24.836166,0.0,0.0,18.8862925,1.20000005,1.20000005,3,11,6,1,-0.5000000000000004,0.8660254037844384,85.0,83.82,81.47,3683.2298136645963,3608.695652173913,3322.981366459627,25.002832,24.94867,25.048668,0.5,0.0,0.0,0.5,0.0,0.0,19.1623345,19.411292,19.4894155,1.1500000000000001,1.5,0.2,1.1500000000000001,1.5,0.2,1.5000001,0.90000004
2024-11-04,86.18,3708.0745341614906,134.83,154.0,1,True,False,False,False,5.6,10.400001,24.273666,0.0,0.0,17.3748335,15.050000999999998,15.050000999999998,4,11,0,0,-0.5000000000000004,0.8660254037844384,85.59,84.41,82.06,3695.6521739130435,3621.11801242236,3335.4037267080744,24.836166,25.465338,25.490328,0.0,0.0,0.0,0.0,0.0,0.0,18.8862925,19.293586,19.449835999999998,1.20000005,2.0999999999999996,0.0,1.20000005,2.0999999999999996,0.0,3.4,1.5000001
2024-11-05,86.76,3720.496894409938,134.89,154.0,1,True,False,False,False,5.6,0.6,23.78617,0.0,0.0,17.94567,4.75,4.75,5,11,1,0,-0.5000000000000004,0.8660254037844384,86.18,85.0,82.65,3708.0745341614906,3633.5403726708073,3347.826086956522,24.273666,25.002832,25.586168,0.0,0.5,0.0,0.0,0.5,0.0,17.3748335,19.1623345,19.5862935,15.050000999999998,1.1500000000000001,0.0,15.050000999999998,1.1500000000000001,0.0,10.400001,3.4
2024-11-06,87.35,3732.9192546583854,134.88,154.0,1,True,False,False,False,5.6,0.0,23.511171,0.0,0.0,17.725876,0.0,0.0,6,11,2,0,-0.5000000000000004,0.8660254037844384,86.76,85.59,83.24,3720.496894409938,3645.9627329192544,3360.248447204969,23.78617,24.836166,25.740334,0.0,0.0,0.0,0.0,0.0,0.0,17.94567,18.8862925,19.705041,4.75,1.20000005,1.4000001,4.75,1.20000005,1.4000001,0.6,10.400001
2024-11-07,87.94,3745.3416149068325,135.16,154.0,1,True,False,False,False,5.6,0.0,23.492418,0.0,0.0,17.573794,0.0,0.0,7,11,3,0,-0.5000000000000004,0.8660254037844384,87.35,86.18,83.82,3732.9192546583854,3658.385093167702,3372.6708074534163,23.511171,24.273666,24.94867,0.0,0.0,0.0,0.0,0.0,0.0,17.725876,17.3748335,19.411292,0.0,15.050000999999998,1.5,0.0,15.050000999999998,1.5,0.0,0.6
2024-11-08,88.53,3757.7639751552797,135.3,154.0,1,True,False,False,False,5.6,0.3,23.58825,0.0,0.0,17.4227515,0.0,0.0,8,11,4,0,-0.5000000000000004,0.8660254037844384,87.94,86.76,84.41,3745.3416149068325,3670.807453416149,3385.0931677018634,23.492418,23.78617,25.465338,0.0,0.0,0.0,0.0,0.0,0.0,17.573794,17.94567,19.293586,0.0,4.75,2.0999999999999996,0.0,4.75,2.0999999999999996,0.0,0.0
2024-11-09,89.12,3770.186335403727,135.31,154.0,1,True,False,False,False,5.6,0.4,23.256998,0.0,0.0,17.424835,0.0,0.0,9,11,5,1,-0.5000000000000004,0.8660254037844384,88.53,87.35,85.0,3757.7639751552797,3683.2298136645963,3397.5155279503106,23.58825,23.511171,25.002832,0.0,0.0,0.5,0.0,0.0,0.5,17.4227515,17.725876,19.1623345,0.0,0.0,1.1500000000000001,0.0,0.0,1.1500000000000001,0.3,0.0
2024-11-10,89.71,3782.608695652174,135.31,154.0,1,True,False,False,False,5.6,0.70000005,23.650751,0.0,0.0,17.845668,1.15,1.15,10,11,6,1,-0.5000000000000004,0.8660254037844384,89.12,87.94,85.59,3770.186335403727,3695.6521739130435,3409.9378881987577,23.256998,23.492418,24.836166,0.0,0.0,0.0,0.0,0.0,0.0,17.424835,17.573794,18.8862925,0.0,0.0,1.20000005,0.0,0.0,1.20000005,0.4,0.3
2024-11-11,90.29,3795.031055900621,135.31,154.0,1,True,False,False,False,5.6,0.8,23.277834,0.0,0.0,17.83421,0.05,0.05,11,11,0,0,-0.5000000000000004,0.8660254037844384,89.71,88.53,86.18,3782.608695652174,3708.0745341614906,3422.360248447205,23.650751,23.58825,24.273666,0.0,0.0,0.0,0.0,0.0,0.0,17.845668,17.4227515,17.3748335,1.15,0.0,15.050000999999998,1.15,0.0,15.050000999999998,0.70000005,0.4
2024-11-12,90.88,3807.4534161490683,135.34,154.0,1,True,False,False,False,5.6,0.0,22.634085,0.0,0.0,16.9362905,0.0,0.0,12,11,1,0,-0.5000000000000004,0.8660254037844384,90.29,89.12,86.76,3795.031055900621,3720.496894409938,3434.782608695652,23.277834,23.256998,23.78617,0.0,0.0,0.0,0.0,0.0,0.0,17.83421,17.424835,17.94567,0.05,0.0,4.75,0.05,0.0,4.75,0.8,0.70000005
2024-11-13,91.47,3819.8757763975154,135.34,154.0,1,True,False,False,False,5.6,0.2,21.965332,0.0,0.0,16.362335,0.0,0.0,13,11,2,0,-0.5000000000000004,0.8660254037844384,90.88,89.71,87.35,3807.4534161490683,3732.9192546583854,3447.204968944099,22.634085,23.650751,23.511171,0.0,0.0,0.0,0.0,0.0,0.0,16.9362905,17.845668,17.725876,0.0,1.15,0.0,0.0,1.15,0.0,0.0,0.8
2024-11-14,92.06,3832.2981366459626,135.31,154.0,1,True,False,False,False,5.6,0.1,21.961168,0.0,0.0,16.637334,0.0,0.0,14,11,3,0,-0.5000000000000004,0.8660254037844384,91.47,90.29,87.94,3819.8757763975154,3745.3416149068325,3459.6273291925468,21.965332,23.277834,23.492418,0.0,0.0,0.0,0.0,0.0,0.0,16.362335,17.83421,17.573794,0.0,0.05,0.0,0.0,0.05,0.0,0.2,0.0
2024-11-15,92.65,3844.7204968944097,135.34,154.0,1,True,False,False,False,5.6,0.0,20.952833,0.0,0.0,16.531085,0.0,0.0,15,11,4,0,-0.5000000000000004,0.8660254037844384,92.06,90.88,88.53,3832.2981366459626,3757.7639751552797,3472.049689440994,21.961168,22.634085,23.58825,0.0,0.0,0.0,0.0,0.0,0.0,16.637334,16.9362905,17.4227515,0.0,0.0,0.0,0.0,0.0,0.0,0.1,0.2
2024-11-16,93.24,3857.1428571428573,135.34,154.0,0,True,False,False,False,5.6,0.0,19.831999,0.0,0.0,16.245667,0.0,0.0,16,11,5,1,-0.5000000000000004,0.8660254037844384,92.65,91.47,89.12,3844.7204968944097,3770.186335403727,3484.472049689441,20.952833,21.965332,23.256998,0.0,0.0,0.0,0.0,0.0,0.0,16.531085,16.362335,17.424835,0.0,0.0,0.0,0.0,0.0,0.0,0.0,0.1
2024-11-17,93.82,3869.5652173913045,135.34,154.0,0,True,False,False,False,5.6,0.0,19.686167,0.0,0.0,15.6737925,0.0,0.0,17,11,6,1,-0.5000000000000004,0.8660254037844384,93.24,92.06,89.71,3857.1428571428573,3782.608695652174,3496.894409937888,19.831999,21.961168,23.650751,0.0,0.0,0.0,0.0,0.0,0.0,16.245667,16.637334,17.845668,0.0,0.0,1.15,0.0,0.0,1.15,0.0,0.0
2024-11-18,94.41,3881.9875776397516,135.34,154.0,0,True,False,False,False,5.6,0.0,20.38825,0.0,0.0,15.033169000000001,0.0,0.0,18,11,0,0,-0.5000000000000004,0.8660254037844384,93.82,92.65,90.29,3869.5652173913045,3795.031055900621,3509.3167701863354,19.686167,20.952833,23.277834,0.0,0.0,0.0,0.0,0.0,0.0,15.6737925,16.531085,17.83421,0.0,0.0,0.05,0.0,0.0,0.05,0.0,0.0
2024-11-19,95.0,3894.409937888199,135.32,154.0,0,True,False,False,False,5.6,0.2,20.259085,0.0,0.0,14.874832999999999,0.0,0.0,19,11,1,0,-0.5000000000000004,0.8660254037844384,94.41,93.24,90.88,3881.9875776397516,3807.4534161490683,3521.7391304347825,20.38825,19.831999,22.634085,0.0,0.0,0.0,0.0,0.0,0.0,15.033169000000001,16.245667,16.9362905,0.0,0.0,0.0,0.0,0.0,0.0,0.0,0.0
2024-11-20,94.55,3906.832298136646,135.37,154.0,0,True,False,False,False,5.6,1.3000001,19.694502,0.0,0.0,14.754002,0.0,0.0,20,11,2,0,-0.5000000000000004,0.8660254037844384,95.0,93.82,91.47,3894.409937888199,3819.8757763975154,3534.16149068323,20.259085,19.686167,21.965332,0.0,0.0,0.0,0.0,0.0,0.0,14.874832999999999,15.6737925,16.362335,0.0,0.0,0.0,0.0,0.0,0.0,0.2,0.0
2024-11-21,94.09,3919.254658385093,135.37,154.0,0,True,False,False,False,5.6,0.6,19.336166,0.0,0.0,14.371709,0.0,0.0,21,11,3,0,-0.5000000000000004,0.8660254037844384,94.55,94.41,92.06,3906.832298136646,3832.2981366459626,3546.5838509316773,19.694502,20.38825,21.961168,0.0,0.0,0.0,0.0,0.0,0.0,14.754002,15.033169000000001,16.637334,0.0,0.0,0.0,0.0,0.0,0.0,1.3000001,0.2
2024-11-22,93.64,3931.6770186335407,135.5,154.0,0,True,False,False,False,5.6,0.3,19.119501,0.0,0.0,14.64254175,0.0,0.0,22,11,4,0,-0.5000000000000004,0.8660254037844384,94.09,95.0,92.65,3919.254658385093,3844.7204968944097,3559.0062111801244,19.336166,20.259085,20.952833,0.0,0.0,0.0,0.0,0.0,0.0,14.371709,14.874832999999999,16.531085,0.0,0.0,0.0,0.0,0.0,0.0,0.6,1.3000001
2024-11-23,93.18,3944.099378881988,135.42,154.0,0,True,False,False,False,5.6,0.0,18.546585,0.0,0.0,13.997751000000001,0.0,0.0,23,11,5,1,-0.5000000000000004,0.8660254037844384,93.64,94.55,93.24,3931.6770186335407,3857.1428571428573,3571.4285714285716,19.119501,19.694502,19.831999,0.0,0.0,0.0,0.0,0.0,0.0,14.64254175,14.754002,16.245667,0.0,0.0,0.0,0.0,0.0,0.0,0.3,0.6
2024-11-24,92.73,3956.521739130435,135.42,154.0,0,True,False,False,False,5.6,0.0,18.459082,0.0,0.0,13.9946255,0.25,0.25,24,11,6,1,-0.5000000000000004,0.8660254037844384,93.18,94.09,93.82,3944.099378881988,3869.5652173913045,3583.8509316770187,18.546585,19.336166,19.686167,0.0,0.0,0.0,0.0,0.0,0.0,13.997751000000001,14.371709,15.6737925,0.0,0.0,0.0,0.0,0.0,0.0,0.0,0.3
2024-11-25,92.27,3968.944099378882,135.42,154.0,0,True,False,False,False,5.6,0.1,18.486168,0.0,0.0,13.977958749999999,0.3,0.3,25,11,0,0,-0.5000000000000004,0.8660254037844384,92.73,93.64,94.41,3956.521739130435,3881.9875776397516,3596.273291925466,18.459082,19.119501,20.38825,0.0,0.0,0.0,0.0,0.0,0.0,13.9946255,14.64254175,15.033169000000001,0.25,0.0,0.0,0.25,0.0,0.0,0.0,0.0
2024-11-26,91.82,3981.3664596273293,135.17,154.0,0,True,False,False,False,5.6,0.5,19.119501,0.0,0.0,13.4175425,0.05,0.05,26,11,1,0,-0.5000000000000004,0.8660254037844384,92.27,93.18,95.0,3968.944099378882,3894.409937888199,3608.695652173913,18.486168,18.546585,20.259085,0.0,0.0,0.0,0.0,0.0,0.0,13.977958749999999,13.997751000000001,14.874832999999999,0.3,0.0,0.0,0.3,0.0,0.0,0.1,0.0
2024-11-27,91.36,3993.7888198757764,135.23,154.0,0,True,False,False,False,5.6,0.6,18.607,0.0,0.0,13.060251,0.55,0.55,27,11,2,0,-0.5000000000000004,0.8660254037844384,91.82,92.73,94.55,3981.3664596273293,3906.832298136646,3621.11801242236,19.119501,18.459082,19.694502,0.0,0.0,0.0,0.0,0.0,0.0,13.4175425,13.9946255,14.754002,0.05,0.25,0.0,0.05,0.25,0.0,0.5,0.1
2024-11-28,90.91,4006.2111801242236,135.43,154.0,0,True,False,False,False,5.6,0.4,18.532,0.0,0.0,13.213376499999999,0.0,0.0,28,11,3,0,-0.5000000000000004,0.8660254037844384,91.36,92.27,94.09,3993.7888198757764,3919.254658385093,3633.5403726708073,18.607,18.486168,19.336166,0.0,0.0,0.0,0.0,0.0,0.0,13.060251,13.977958749999999,14.371709,0.55,0.3,0.0,0.55,0.3,0.0,0.6,0.5
2024-11-29,90.45,4018.6335403726707,135.48,154.0,0,True,False,False,False,5.6,0.0,18.523666,0.0,0.0,13.580042500000001,0.0,0.0,29,11,4,0,-0.5000000000000004,0.8660254037844384,90.91,91.82,93.64,4006.2111801242236,3931.6770186335407,3645.9627329192544,18.532,19.119501,19.119501,0.0,0.0,0.0,0.0,0.0,0.0,13.213376499999999,13.4175425,14.64254175,0.0,0.05,0.0,0.0,0.05,0.0,0.4,0.6
2024-11-30,90.0,4031.055900621118,135.48,154.0,0,True,False,False,False,5.6,0.0,17.896584,0.0,0.0,13.8373355,0.0,0.0,30,11,5,1,-0.5000000000000004,0.8660254037844384,90.45,91.36,93.18,4018.6335403726707,3944.099378881988,3658.385093167702,18.523666,18.607,18.546585,0.0,0.0,0.0,0.0,0.0,0.0,13.580042500000001,13.060251,13.997751000000001,0.0,0.55,0.0,0.0,0.55,0.0,0.0,0.4
2024-12-01,89.55,4043.478260869565,135.48,154.0,0,False,False,False,True,6.05,0.0,17.277834,0.0,0.0,13.642544000000001,0.0,0.0,1,12,6,1,-2.4492935982947064e-16,1.0,90.0,90.91,92.73,4031.055900621118,3956.521739130435,3670.807453416149,17.896584,18.532,18.459082,0.0,0.0,0.0,0.0,0.0,0.0,13.8373355,13.213376499999999,13.9946255,0.0,0.0,0.25,0.0,0.0,0.25,0.0,0.0
2024-12-02,89.09,4055.900621118012,135.48,154.0,0,False,False,False,True,6.05,0.0,16.88825,0.0,0.0,13.796707999999999,0.0,0.0,2,12,0,0,-2.4492935982947064e-16,1.0,89.55,90.45,92.27,4043.478260869565,3968.944099378882,3683.2298136645963,17.277834,18.523666,18.486168,0.0,0.0,0.0,0.0,0.0,0.0,13.642544000000001,13.580042500000001,13.977958749999999,0.0,0.0,0.3,0.0,0.0,0.3,0.0,0.0
2024-12-03,88.64,4068.3229813664598,135.82,154.0,0,False,False,False,True,6.05,0.0,17.223667,0.0,0.0,13.8060855,0.0,0.0,3,12,1,0,-2.4492935982947064e-16,1.0,89.09,90.0,91.82,4055.900621118012,3981.3664596273293,3695.6521739130435,16.88825,17.896584,19.119501,0.0,0.0,0.0,0.0,0.0,0.0,13.796707999999999,13.8373355,13.4175425,0.0,0.0,0.05,0.0,0.0,0.05,0.0,0.0
2024-12-04,88.18,4080.745341614907,135.8,154.0,0,False,False,False,True,6.05,0.0,17.073668,0.0,0.0,13.502959,0.0,0.0,4,12,2,0,-2.4492935982947064e-16,1.0,88.64,89.55,91.36,4068.3229813664598,3993.7888198757764,3708.0745341614906,17.223667,17.277834,18.607,0.0,0.0,0.0,0.0,0.0,0.0,13.8060855,13.642544000000001,13.060251,0.0,0.0,0.55,0.0,0.0,0.55,0.0,0.0
2024-12-05,87.73,4093.167701863354,135.89,154.0,0,False,False,False,True,6.05,0.0,16.923666,0.0,0.0,13.276918,0.0,0.0,5,12,3,0,-2.4492935982947064e-16,1.0,88.18,89.09,90.91,4080.745341614907,4006.2111801242236,3720.496894409938,17.073668,16.88825,18.532,0.0,0.0,0.0,0.0,0.0,0.0,13.502959,13.796707999999999,13.213376499999999,0.0,0.0,0.0,0.0,0.0,0.0,0.0,0.0
2024-12-06,87.27,4105.590062111802,135.88,154.0,0,False,False,False,True,6.05,0.0,15.869499,0.0,0.0,12.699834,0.0,0.0,6,12,4,0,-2.4492935982947064e-16,1.0,87.73,88.64,90.45,4093.167701863354,4018.6335403726707,3732.9192546583854,16.923666,17.223667,18.523666,0.0,0.0,0.0,0.0,0.0,0.0,13.276918,13.8060855,13.580042500000001,0.0,0.0,0.0,0.0,0.0,0.0,0.0,0.0
2024-12-07,86.82,4118.012422360249,135.81,154.0,0,False,False,False,True,6.05,0.0,15.4695015,0.0,0.0,12.6394175,0.0,0.0,7,12,5,1,-2.4492935982947064e-16,1.0,87.27,88.18,90.0,4105.590062111802,4031.055900621118,3745.3416149068325,15.869499,17.073668,17.896584,0.0,0.0,0.0,0.0,0.0,0.0,12.699834,13.502959,13.8373355,0.0,0.0,0.0,0.0,0.0,0.0,0.0,0.0
2024-12-08,86.36,4130.434782608696,135.81,154.0,0,False,False,False,True,6.05,0.90000004,16.175749,0.0,0.0,12.031085000000001,0.0,0.0,8,12,6,1,-2.4492935982947064e-16,1.0,86.82,87.73,89.55,4118.012422360249,4043.478260869565,3757.7639751552797,15.4695015,16.923666,17.277834,0.0,0.0,0.0,0.0,0.0,0.0,12.6394175,13.276918,13.642544000000001,0.0,0.0,0.0,0.0,0.0,0.0,0.0,0.0
2024-12-09,85.91,4142.857142857143,135.81,154.0,0,False,False,False,True,6.05,2.0,16.525751,0.7,0.7,10.93733275,0.99999995,0.99999995,9,12,0,0,-2.4492935982947064e-16,1.0,86.36,87.27,89.09,4130.434782608696,4055.900621118012,3770.186335403727,16.175749,15.869499,16.88825,0.0,0.0,0.0,0.0,0.0,0.0,12.031085000000001,12.699834,13.796707999999999,0.0,0.0,0.0,0.0,0.0,0.0,0.90000004,0.0
2024-12-10,85.45,4155.27950310559,135.88,154.0,0,False,False,False,True,6.05,0.0,15.331998,0.0,0.0,10.488375,0.0,0.0,10,12,1,0,-2.4492935982947064e-16,1.0,85.91,86.82,88.64,4142.857142857143,4068.3229813664598,3782.608695652174,16.525751,15.4695015,17.223667,0.7,0.0,0.0,0.7,0.0,0.0,10.93733275,12.6394175,13.8060855,0.99999995,0.0,0.0,0.99999995,0.0,0.0,2.0,0.90000004
2024-12-11,85.0,4167.701863354037,136.07,154.0,0,False,False,False,True,6.05,0.0,13.794498,0.0,0.0,11.080041,0.0,0.0,11,12,2,0,-2.4492935982947064e-16,1.0,85.45,86.36,88.18,4155.27950310559,4080.745341614907,3795.031055900621,15.331998,16.175749,17.073668,0.0,0.0,0.0,0.0,0.0,0.0,10.488375,12.031085000000001,13.502959,0.0,0.0,0.0,0.0,0.0,0.0,0.0,2.0
2024-12-12,84.55,4180.124223602485,136.04,154.0,0,False,False,False,True,6.05,0.0,13.28825,0.0,0.0,11.73316675,0.0,0.0,12,12,3,0,-2.4492935982947064e-16,1.0,85.0,85.91,87.73,4167.701863354037,4093.167701863354,3807.4534161490683,13.794498,16.525751,16.923666,0.0,0.7,0.0,0.0,0.7,0.0,11.080041,10.93733275,13.276918,0.0,0.99999995,0.0,0.0,0.99999995,0.0,0.0,0.0
2024-12-13,84.09,4192.546583850932,136.08,154.0,0,False,False,False,True,6.05,0.0,13.740333,0.0,0.0,12.1675415,0.0,0.0,13,12,4,0,-2.4492935982947064e-16,1.0,84.55,85.45,87.27,4180.124223602485,4105.590062111802,3819.8757763975154,13.28825,15.331998,15.869499,0.0,0.0,0.0,0.0,0.0,0.0,11.73316675,10.488375,12.699834,0.0,0.0,0.0,0.0,0.0,0.0,0.0,0.0
2024-12-14,83.64,4204.968944099379,135.97,154.0,0,False,False,False,True,6.05,0.0,14.186166,0.0,0.0,11.04879125,0.0,0.0,14,12,5,1,-2.4492935982947064e-16,1.0,84.09,85.0,86.82,4192.546583850932,4118.012422360249,3832.2981366459626,13.740333,13.794498,15.4695015,0.0,0.0,0.0,0.0,0.0,0.0,12.1675415,11.080041,12.6394175,0.0,0.0,0.0,0.0,0.0,0.0,0.0,0.0
2024-12-15,83.18,4217.391304347826,135.97,154.0,0,False,False,False,True,6.05,0.0,14.971583,0.0,0.0,11.9133755,0.0,0.0,15,12,6,1,-2.4492935982947064e-16,1.0,83.64,84.55,86.36,4204.968944099379,4130.434782608696,3844.7204968944097,14.186166,13.28825,16.175749,0.0,0.0,0.0,0.0,0.0,0.0,11.04879125,11.73316675,12.031085000000001,0.0,0.0,0.0,0.0,0.0,0.0,0.0,0.0
2024-12-16,82.73,4229.813664596273,135.97,154.0,0,False,False,False,True,6.05,0.0,15.484082,0.0,0.0,13.63525,0.0,0.0,16,12,0,0,-2.4492935982947064e-16,1.0,83.18,84.09,85.91,4217.391304347826,4142.857142857143,3857.1428571428573,14.971583,13.740333,16.525751,0.0,0.0,0.7,0.0,0.0,0.7,11.9133755,12.1675415,10.93733275,0.0,0.0,0.99999995,0.0,0.0,0.99999995,0.0,0.0
2024-12-17,82.27,4242.23602484472,136.09,154.0,0,False,False,False,True,6.05,0.0,16.000751,0.0,0.0,13.249834499999999,0.0,0.0,17,12,1,0,-2.4492935982947064e-16,1.0,82.73,83.64,85.45,4229.813664596273,4155.27950310559,3869.5652173913045,15.484082,14.186166,15.331998,0.0,0.0,0.0,0.0,0.0,0.0,13.63525,11.04879125,10.488375,0.0,0.0,0.0,0.0,0.0,0.0,0.0,0.0
2024-12-18,81.82,4254.658385093167,136.14,154.0,0,False,False,False,True,6.05,0.0,16.12575,0.0,0.0,12.720667500000001,0.0,0.0,18,12,2,0,-2.4492935982947064e-16,1.0,82.27,83.18,85.0,4242.23602484472,4167.701863354037,3881.9875776397516,16.000751,14.971583,13.794498,0.0,0.0,0.0,0.0,0.0,0.0,13.249834499999999,11.9133755,11.080041,0.0,0.0,0.0,0.0,0.0,0.0,0.0,0.0
2024-12-19,81.36,4267.080745341615,136.23,154.0,0,False,False,False,True,6.05,0.0,15.8695,0.0,0.0,12.0029595,0.0,0.0,19,12,3,0,-2.4492935982947064e-16,1.0,81.82,82.73,84.55,4254.658385093167,4180.124223602485,3894.409937888199,16.12575,15.484082,13.28825,0.0,0.0,0.0,0.0,0.0,0.0,12.720667500000001,13.63525,11.73316675,0.0,0.0,0.0,0.0,0.0,0.0,0.0,0.0
2024-12-20,80.91,4279.503105590062,136.42,154.0,0,False,False,False,True,6.05,0.0,16.03617,0.0,0.0,12.473793,0.0,0.0,20,12,4,0,-2.4492935982947064e-16,1.0,81.36,82.27,84.09,4267.080745341615,4192.546583850932,3906.832298136646,15.8695,16.000751,13.740333,0.0,0.0,0.0,0.0,0.0,0.0,12.0029595,13.249834499999999,12.1675415,0.0,0.0,0.0,0.0,0.0,0.0,0.0,0.0
2024-12-21,80.45,4291.925465838509,136.33,154.0,0,False,False,False,True,6.05,0.0,16.134085,0.0,0.0,11.182124,0.0,0.0,21,12,5,1,-2.4492935982947064e-16,1.0,80.91,81.82,83.64,4279.503105590062,4204.968944099379,3919.254658385093,16.03617,16.12575,14.186166,0.0,0.0,0.0,0.0,0.0,0.0,12.473793,12.720667500000001,11.04879125,0.0,0.0,0.0,0.0,0.0,0.0,0.0,0.0
2024-12-22,80.0,4304.347826086956,136.33,154.0,0,False,False,False,True,6.05,0.0,15.379917,0.0,0.0,10.6873325,0.0,0.0,22,12,6,1,-2.4492935982947064e-16,1.0,80.45,81.36,83.18,4291.925465838509,4217.391304347826,3931.6770186335407,16.134085,15.8695,14.971583,0.0,0.0,0.0,0.0,0.0,0.0,11.182124,12.0029595,11.9133755,0.0,0.0,0.0,0.0,0.0,0.0,0.0,0.0
2024-12-23,79.55,4316.770186335404,136.33,154.0,0,False,False,False,True,6.05,0.0,15.30075,0.0,0.0,11.3019165,0.0,0.0,23,12,0,0,-2.4492935982947064e-16,1.0,80.0,80.91,82.73,4304.347826086956,4229.813664596273,3944.099378881988,15.379917,16.03617,15.484082,0.0,0.0,0.0,0.0,0.0,0.0,10.6873325,12.473793,13.63525,0.0,0.0,0.0,0.0,0.0,0.0,0.0,0.0
2024-12-24,79.09,4329.192546583851,136.5,154.0,0,False,False,False,True,6.05,1.4,15.534081,0.0,0.0,11.70504075,0.0,0.0,24,12,1,0,-2.4492935982947064e-16,1.0,79.55,80.45,82.27,4316.770186335404,4242.23602484472,3956.521739130435,15.30075,16.134085,16.000751,0.0,0.0,0.0,0.0,0.0,0.0,11.3019165,11.182124,13.249834499999999,0.0,0.0,0.0,0.0,0.0,0.0,0.0,0.0
2024-12-25,78.64,4341.614906832298,136.63,154.0,0,False,False,False,True,6.05,0.2,16.096582,0.0,0.0,12.677958499999999,0.1,0.1,25,12,2,0,-2.4492935982947064e-16,1.0,79.09,80.0,81.82,4329.192546583851,4254.658385093167,3968.944099378882,15.534081,15.379917,16.12575,0.0,0.0,0.0,0.0,0.0,0.0,11.70504075,10.6873325,12.720667500000001,0.0,0.0,0.0,0.0,0.0,0.0,1.4,0.0
2024-12-26,78.18,4354.037267080746,136.63,154.0,0,False,False,False,True,6.05,0.0,15.119502,0.0,0.0,11.85399975,0.0,0.0,26,12,3,0,-2.4492935982947064e-16,1.0,78.64,79.55,81.36,4341.614906832298,4267.080745341615,3981.3664596273293,16.096582,15.30075,15.8695,0.0,0.0,0.0,0.0,0.0,0.0,12.677958499999999,11.3019165,12.0029595,0.1,0.0,0.0,0.1,0.0,0.0,0.2,1.4
2024-12-27,77.73,4366.459627329193,136.73,154.0,0,False,False,False,True,6.05,0.0,15.446586,0.0,0.0,12.560250499999999,0.0,0.0,27,12,4,0,-2.4492935982947064e-16,1.0,78.18,79.09,80.91,4354.037267080746,4279.503105590062,3993.7888198757764,15.119502,15.534081,16.03617,0.0,0.0,0.0,0.0,0.0,0.0,11.85399975,11.70504075,12.473793,0.0,0.0,0.0,0.0,0.0,0.0,0.0,0.2
2024-12-28,77.27,4378.88198757764,137.16,154.0,0,False,False,False,True,6.05,3.6000001,16.294498,0.3,0.3,12.3779585,1.0,1.0,28,12,5,1,-2.4492935982947064e-16,1.0,77.73,78.64,80.45,4366.459627329193,4291.925465838509,4006.2111801242236,15.446586,16.096582,16.134085,0.0,0.0,0.0,0.0,0.0,0.0,12.560250499999999,12.677958499999999,11.182124,0.0,0.1,0.0,0.0,0.1,0.0,0.0,0.0
2024-12-29,76.82,4391.304347826087,137.16,154.0,0,False,False,False,True,6.05,1.2,17.746584,1.9,1.9,12.895668,0.15,0.15,29,12,6,1,-2.4492935982947064e-16,1.0,77.27,78.18,80.0,4378.88198757764,4304.347826086956,4018.6335403726707,16.294498,15.119502,15.379917,0.3,0.0,0.0,0.3,0.0,0.0,12.3779585,11.85399975,10.6873325,1.0,0.0,0.0,1.0,0.0,0.0,3.6000001,0.0
2024-12-30,76.36,4403.726708074534,137.16,154.0,0,False,False,False,True,6.05,0.0,15.990334,0.0,0.0,11.210249000000001,0.0,0.0,30,12,0,0,-2.4492935982947064e-16,1.0,76.82,77.73,79.55,4391.304347826087,4316.770186335404,4031.055900621118,17.746584,15.446586,15.30075,1.9,0.0,0.0,1.9,0.0,0.0,12.895668,12.560250499999999,11.3019165,0.15,0.0,0.0,0.15,0.0,0.0,1.2,3.6000001
2024-12-31,75.91,4416.149068322981,137.16,154.0,0,False,False,False,True,6.05,0.0,15.194501,0.0,0.0,11.1331655,0.0,0.0,31,12,1,0,-2.4492935982947064e-16,1.0,76.36,77.27,79.09,4403.726708074534,4329.192546583851,4043.478260869565,15.990334,16.294498,15.534081,0.0,0.3,0.0,0.0,0.3,0.0,11.210249000000001,12.3779585,11.70504075,0.0,1.0,0.0,0.0,1.0,0.0,0.0,1.2
2025-01-01,75.45,4428.571428571428,137.29,154.0,0,False,False,False,True,5.41,0.0,12.784084,0.0,0.0,11.423791999999999,0.0,0.0,1,1,2,0,0.49999999999999994,0.8660254037844387,75.91,76.82,78.64,4416.149068322981,4341.614906832298,4055.900621118012,15.194501,17.746584,16.096582,0.0,1.9,0.0,0.0,1.9,0.0,11.1331655,12.895668,12.677958499999999,0.0,0.15,0.1,0.0,0.15,0.1,0.0,0.0
2025-01-02,75.0,4440.993788819876,137.34,154.0,0,False,False,False,True,5.41,0.0,12.579918,0.0,0.0,12.0956665,0.0,0.0,2,1,3,0,0.49999999999999994,0.8660254037844387,75.45,76.36,78.18,4428.571428571428,4354.037267080746,4068.3229813664598,12.784084,15.990334,15.119502,0.0,0.0,0.0,0.0,0.0,0.0,11.423791999999999,11.210249000000001,11.85399975,0.0,0.0,0.0,0.0,0.0,0.0,0.0,0.0
2025-01-03,74.55,4453.416149068323,137.51,154.0,0,False,False,False,True,5.41,0.0,13.332001,0.0,0.0,12.861291,0.0,0.0,3,1,4,0,0.49999999999999994,0.8660254037844387,75.0,75.91,77.73,4440.993788819876,4366.459627329193,4080.745341614907,12.579918,15.194501,15.446586,0.0,0.0,0.0,0.0,0.0,0.0,12.0956665,11.1331655,12.560250499999999,0.0,0.0,0.0,0.0,0.0,0.0,0.0,0.0
2025-01-04,74.09,4465.838509316771,137.54,154.0,0,False,False,False,True,5.41,0.0,14.431999,0.0,0.0,12.998792250000001,0.0,0.0,4,1,5,1,0.49999999999999994,0.8660254037844387,74.55,75.45,77.27,4453.416149068323,4378.88198757764,4093.167701863354,13.332001,12.784084,16.294498,0.0,0.0,0.3,0.0,0.0,0.3,12.861291,11.423791999999999,12.3779585,0.0,0.0,1.0,0.0,0.0,1.0,0.0,0.0
2025-01-05,73.64,4478.260869565218,137.54,154.0,0,False,False,False,True,5.41,0.0,15.08825,0.0,0.0,13.054001,0.0,0.0,5,1,6,1,0.49999999999999994,0.8660254037844387,74.09,75.0,76.82,4465.838509316771,4391.304347826087,4105.590062111802,14.431999,12.579918,17.746584,0.0,0.0,1.9,0.0,0.0,1.9,12.998792250000001,12.0956665,12.895668,0.0,0.0,0.15,0.0,0.0,0.15,0.0,0.0
2025-01-06,73.18,4490.683229813665,137.54,154.0,0,False,False,False,True,5.41,0.0,17.679916,0.0,0.0,13.2456675,0.0,0.0,6,1,0,0,0.49999999999999994,0.8660254037844387,73.64,74.55,76.36,4478.260869565218,4403.726708074534,4118.012422360249,15.08825,13.332001,15.990334,0.0,0.0,0.0,0.0,0.0,0.0,13.054001,12.861291,11.210249000000001,0.0,0.0,0.0,0.0,0.0,0.0,0.0,0.0
2025-01-07,72.73,4503.105590062112,137.63,154.0,0,False,False,False,True,5.41,3.3000002,16.054916,1.3,1.3,10.486291999999999,3.5,3.5,7,1,1,0,0.49999999999999994,0.8660254037844387,73.18,74.09,75.91,4490.683229813665,4416.149068322981,4130.434782608696,17.679916,14.431999,15.194501,0.0,0.0,0.0,0.0,0.0,0.0,13.2456675,12.998792250000001,11.1331655,0.0,0.0,0.0,0.0,0.0,0.0,0.0,0.0
2025-01-08,72.27,4515.527950310559,137.45,154.0,0,False,False,False,True,5.41,0.0,14.684085,0.1,0.1,8.95295775,0.0,0.0,8,1,2,0,0.49999999999999994,0.8660254037844387,72.73,73.64,75.45,4503.105590062112,4428.571428571428,4142.857142857143,16.054916,15.08825,12.784084,1.3,0.0,0.0,1.3,0.0,0.0,10.486291999999999,13.054001,11.423791999999999,3.5,0.0,0.0,3.5,0.0,0.0,3.3000002,0.0
2025-01-09,71.82,4527.9503105590065,137.66,154.0,0,False,False,False,True,5.41,0.0,14.329918,0.0,0.0,9.26962525,0.0,0.0,9,1,3,0,0.49999999999999994,0.8660254037844387,72.27,73.18,75.0,4515.527950310559,4440.993788819876,4155.27950310559,14.684085,17.679916,12.579918,0.1,0.0,0.0,0.1,0.0,0.0,8.95295775,13.2456675,12.0956665,0.0,0.0,0.0,0.0,0.0,0.0,0.0,3.3000002
2025-01-10,71.36,4540.372670807454,137.66,154.0,0,False,False,False,True,5.41,0.0,14.090335,0.0,0.0,10.043584,0.0,0.0,10,1,4,0,0.49999999999999994,0.8660254037844387,71.82,72.73,74.55,4527.9503105590065,4453.416149068323,4167.701863354037,14.329918,16.054916,13.332001,0.0,1.3,0.0,0.0,1.3,0.0,9.26962525,10.486291999999999,12.861291,0.0,3.5,0.0,0.0,3.5,0.0,0.0,0.0
2025-01-11,70.91,4552.795031055901,137.85,154.0,0,False,False,False,True,5.41,0.0,15.394501,0.0,0.0,11.59358375,0.0,0.0,11,1,5,1,0.49999999999999994,0.8660254037844387,71.36,72.27,74.09,4540.372670807454,4465.838509316771,4180.124223602485,14.090335,14.684085,14.431999,0.0,0.1,0.0,0.0,0.1,0.0,10.043584,8.95295775,12.998792250000001,0.0,0.0,0.0,0.0,0.0,0.0,0.0,0.0
2025-01-12,70.45,4565.217391304348,137.85,154.0,0,False,False,False,True,5.41,0.9,17.311167,0.0,0.0,12.208165999999999,0.0,0.0,12,1,6,1,0.49999999999999994,0.8660254037844387,70.91,71.82,73.64,4552.795031055901,4478.260869565218,4192.546583850932,15.394501,14.329918,15.08825,0.0,0.0,0.0,0.0,0.0,0.0,11.59358375,9.26962525,13.054001,0.0,0.0,0.0,0.0,0.0,0.0,0.0,0.0
2025-01-13,70.0,4577.639751552795,137.85,154.0,0,False,False,False,True,5.41,0.3,16.396585,0.0,0.0,11.1810835,0.0,0.0,13,1,0,0,0.49999999999999994,0.8660254037844387,70.45,71.36,73.18,4565.217391304348,4490.683229813665,4204.968944099379,17.311167,14.090335,17.679916,0.0,0.0,0.0,0.0,0.0,0.0,12.208165999999999,10.043584,13.2456675,0.0,0.0,0.0,0.0,0.0,0.0,0.9,0.0
2025-01-14,69.55,4590.062111801242,138.83,154.0,0,False,False,False,True,5.41,0.0,14.684086,0.0,0.0,10.488374499999999,0.0,0.0,14,1,1,0,0.49999999999999994,0.8660254037844387,70.0,70.91,72.73,4577.639751552795,4503.105590062112,4217.391304347826,16.396585,15.394501,16.054916,0.0,0.0,1.3,0.0,0.0,1.3,11.1810835,11.59358375,10.486291999999999,0.0,0.0,3.5,0.0,0.0,3.5,0.3,0.9
2025-01-15,69.09,4602.484472049689,138.92,154.0,0,False,False,False,True,5.41,0.0,14.400749,0.0,0.0,11.627959,0.0,0.0,15,1,2,0,0.49999999999999994,0.8660254037844387,69.55,70.45,72.27,4590.062111801242,4515.527950310559,4229.813664596273,14.684086,17.311167,14.684085,0.0,0.0,0.1,0.0,0.0,0.1,10.488374499999999,12.208165999999999,8.95295775,0.0,0.0,0.0,0.0,0.0,0.0,0.0,0.3
2025-01-16,68.64,4614.906832298137,138.49,154.0,0,False,False,False,True,5.41,0.0,14.284084,0.0,0.0,12.5144175,0.0,0.0,16,1,3,0,0.49999999999999994,0.8660254037844387,69.09,70.0,71.82,4602.484472049689,4527.9503105590065,4242.23602484472,14.400749,16.396585,14.329918,0.0,0.0,0.0,0.0,0.0,0.0,11.627959,11.1810835,9.26962525,0.0,0.0,0.0,0.0,0.0,0.0,0.0,0.0
2025-01-17,68.18,4627.329192546584,138.79,154.0,0,False,False,False,True,5.41,0.0,14.7445,0.0,0.0,12.7956675,0.0,0.0,17,1,4,0,0.49999999999999994,0.8660254037844387,68.64,69.55,71.36,4614.906832298137,4540.372670807454,4254.658385093167,14.284084,14.684086,14.090335,0.0,0.0,0.0,0.0,0.0,0.0,12.5144175,10.488374499999999,10.043584,0.0,0.0,0.0,0.0,0.0,0.0,0.0,0.0
2025-01-18,67.73,4639.751552795031,138.88,154.0,0,False,False,False,True,5.41,0.0,14.450751,0.0,0.0,12.399833999999998,0.0,0.0,18,1,5,1,0.49999999999999994,0.8660254037844387,68.18,69.09,70.91,4627.329192546584,4552.795031055901,4267.080745341615,14.7445,14.400749,15.394501,0.0,0.0,0.0,0.0,0.0,0.0,12.7956675,11.627959,11.59358375,0.0,0.0,0.0,0.0,0.0,0.0,0.0,0.0
2025-01-19,67.27,4652.173913043478,138.88,154.0,0,False,False,False,True,5.41,0.0,14.046582,0.0,0.0,13.4717085,0.0,0.0,19,1,6,1,0.49999999999999994,0.8660254037844387,67.73,68.64,70.45,4639.751552795031,4565.217391304348,4279.503105590062,14.450751,14.284084,17.311167,0.0,0.0,0.0,0.0,0.0,0.0,12.399833999999998,12.5144175,12.208165999999999,0.0,0.0,0.0,0.0,0.0,0.0,0.0,0.0
2025-01-20,66.82,4664.596273291925,138.88,154.0,0,False,False,False,True,5.41,0.0,14.034084,0.0,0.0,14.263375499999999,0.0,0.0,20,1,0,0,0.49999999999999994,0.8660254037844387,67.27,68.18,70.0,4652.173913043478,4577.639751552795,4291.925465838509,14.046582,14.7445,16.396585,0.0,0.0,0.0,0.0,0.0,0.0,13.4717085,12.7956675,11.1810835,0.0,0.0,0.0,0.0,0.0,0.0,0.0,0.0
2025-01-21,66.36,4677.018633540372,138.82,154.0,0,False,False,False,True,5.41,0.0,14.013249,0.0,0.0,14.8727505,0.0,0.0,21,1,1,0,0.49999999999999994,0.8660254037844387,66.82,67.73,69.55,4664.596273291925,4590.062111801242,4304.347826086956,14.034084,14.450751,14.684086,0.0,0.0,0.0,0.0,0.0,0.0,14.263375499999999,12.399833999999998,10.488374499999999,0.0,0.0,0.0,0.0,0.0,0.0,0.0,0.0
2025-01-22,65.91,4689.4409937888195,138.83,154.0,0,False,False,False,True,5.41,0.0,14.4590845,0.0,0.0,15.218584,0.0,0.0,22,1,2,0,0.49999999999999994,0.8660254037844387,66.36,67.27,69.09,4677.018633540372,4602.484472049689,4316.770186335404,14.013249,14.046582,14.400749,0.0,0.0,0.0,0.0,0.0,0.0,14.8727505,13.4717085,11.627959,0.0,0.0,0.0,0.0,0.0,0.0,0.0,0.0
2025-01-23,65.45,4701.863354037267,138.42,154.0,0,False,False,False,True,5.41,0.0,14.219501,0.0,0.0,14.2144175,0.0,0.0,23,1,3,0,0.49999999999999994,0.8660254037844387,65.91,66.82,68.64,4689.4409937888195,4614.906832298137,4329.192546583851,14.4590845,14.034084,14.284084,0.0,0.0,0.0,0.0,0.0,0.0,15.218584,14.263375499999999,12.5144175,0.0,0.0,0.0,0.0,0.0,0.0,0.0,0.0
2025-01-24,65.0,4714.285714285715,138.64,154.0,0,False,False,False,True,5.41,0.0,14.217418,0.0,0.0,12.7592095,0.0,0.0,24,1,4,0,0.49999999999999994,0.8660254037844387,65.45,66.36,68.18,4701.863354037267,4627.329192546584,4341.614906832298,14.219501,14.013249,14.7445,0.0,0.0,0.0,0.0,0.0,0.0,14.2144175,14.8727505,12.7956675,0.0,0.0,0.0,0.0,0.0,0.0,0.0,0.0
2025-01-25,64.55,4726.708074534162,138.24,154.0,0,False,False,False,True,5.41,0.0,14.265332,0.0,0.0,11.335251,0.05,0.05,25,1,5,1,0.49999999999999994,0.8660254037844387,65.0,65.91,67.73,4714.285714285715,4639.751552795031,4354.037267080746,14.217418,14.4590845,14.450751,0.0,0.0,0.0,0.0,0.0,0.0,12.7592095,15.218584,12.399833999999998,0.0,0.0,0.0,0.0,0.0,0.0,0.0,0.0
2025-01-26,64.09,4739.130434782609,138.24,154.0,0,False,False,False,True,5.41,0.0,15.686169,0.0,0.0,11.67691675,0.2,0.2,26,1,6,1,0.49999999999999994,0.8660254037844387,64.55,65.45,67.27,4726.708074534162,4652.173913043478,4366.459627329193,14.265332,14.219501,14.046582,0.0,0.0,0.0,0.0,0.0,0.0,11.335251,14.2144175,13.4717085,0.05,0.0,0.0,0.05,0.0,0.0,0.0,0.0
2025-01-27,63.64,4751.552795031056,138.24,154.0,0,False,False,False,True,5.41,0.0,15.252835,0.0,0.0,12.199834,0.0,0.0,27,1,0,0,0.49999999999999994,0.8660254037844387,64.09,65.0,66.82,4739.130434782609,4664.596273291925,4378.88198757764,15.686169,14.217418,14.034084,0.0,0.0,0.0,0.0,0.0,0.0,11.67691675,12.7592095,14.263375499999999,0.2,0.0,0.0,0.2,0.0,0.0,0.0,0.0
2025-01-28,63.18,4763.975155279503,138.46,154.0,0,False,False,False,True,5.41,0.2,15.744499,0.0,0.0,12.032127,0.0,0.0,28,1,1,0,0.49999999999999994,0.8660254037844387,63.64,64.55,66.36,4751.552795031056,4677.018633540372,4391.304347826087,15.252835,14.265332,14.013249,0.0,0.0,0.0,0.0,0.0,0.0,12.199834,11.335251,14.8727505,0.0,0.05,0.0,0.0,0.05,0.0,0.0,0.0
2025-01-29,62.73,4776.39751552795,138.74,154.0,0,False,False,False,True,5.41,0.1,16.207003,0.0,0.0,12.9467085,0.0,0.0,29,1,2,0,0.49999999999999994,0.8660254037844387,63.18,64.09,65.91,4763.975155279503,4689.4409937888195,4403.726708074534,15.744499,15.686169,14.4590845,0.0,0.0,0.0,0.0,0.0,0.0,12.032127,11.67691675,15.218584,0.0,0.2,0.0,0.0,0.2,0.0,0.2,0.0
2025-01-30,62.27,4788.819875776398,138.77,154.0,0,False,False,False,True,5.41,0.0,15.844501,0.0,0.0,13.031082999999999,0.0,0.0,30,1,3,0,0.49999999999999994,0.8660254037844387,62.73,63.64,65.45,4776.39751552795,4701.863354037267,4416.149068322981,16.207003,15.252835,14.219501,0.0,0.0,0.0,0.0,0.0,0.0,12.9467085,12.199834,14.2144175,0.0,0.0,0.0,0.0,0.0,0.0,0.1,0.2
2025-01-31,61.82,4801.242236024845,138.91,154.0,0,False,False,False,True,5.41,0.0,15.277835,0.0,0.0,12.921707999999999,0.0,0.0,31,1,4,0,0.49999999999999994,0.8660254037844387,62.27,63.18,65.0,4788.819875776398,4714.285714285715,4428.571428571428,15.844501,15.744499,14.217418,0.0,0.0,0.0,0.0,0.0,0.0,13.031082999999999,12.032127,12.7592095,0.0,0.0,0.0,0.0,0.0,0.0,0.0,0.1
2025-02-01,61.36,4813.664596273292,138.88,154.0,0,False,False,False,True,4.16,0.0,15.409081,0.0,0.0,13.714417,0.0,0.0,1,2,5,1,0.8660254037844386,0.5000000000000001,61.82,62.73,64.55,4801.242236024845,4726.708074534162,4440.993788819876,15.277835,16.207003,14.265332,0.0,0.0,0.0,0.0,0.0,0.0,12.921707999999999,12.9467085,11.335251,0.0,0.0,0.05,0.0,0.0,0.05,0.0,0.0
2025-02-02,60.91,4826.086956521739,138.88,154.0,0,False,False,False,True,4.16,0.0,15.300751,0.0,0.0,13.638376000000001,0.0,0.0,2,2,6,1,0.8660254037844386,0.5000000000000001,61.36,62.27,64.09,4813.664596273292,4739.130434782609,4453.416149068323,15.409081,15.844501,15.686169,0.0,0.0,0.0,0.0,0.0,0.0,13.714417,13.031082999999999,11.67691675,0.0,0.0,0.2,0.0,0.0,0.2,0.0,0.0
2025-02-03,60.45,4838.509316770186,138.88,154.0,0,False,False,False,True,4.16,0.0,15.361167,0.0,0.0,13.1477505,0.0,0.0,3,2,0,0,0.8660254037844386,0.5000000000000001,60.91,61.82,63.64,4826.086956521739,4751.552795031056,4465.838509316771,15.300751,15.277835,15.252835,0.0,0.0,0.0,0.0,0.0,0.0,13.638376000000001,12.921707999999999,12.199834,0.0,0.0,0.0,0.0,0.0,0.0,0.0,0.0
2025-02-04,60.0,4850.931677018633,139.8,154.0,0,False,False,False,True,4.16,0.0,16.679916,0.0,0.0,13.852959250000001,0.0,0.0,4,2,1,0,0.8660254037844386,0.5000000000000001,60.45,61.36,63.18,4838.509316770186,4763.975155279503,4478.260869565218,15.361167,15.409081,15.744499,0.0,0.0,0.0,0.0,0.0,0.0,13.1477505,13.714417,12.032127,0.0,0.0,0.0,0.0,0.0,0.0,0.0,0.0
2025-02-05,59.55,4863.354037267081,139.62,154.0,0,False,False,False,True,4.16,0.3,17.992418,0.0,0.0,16.050876,0.0,0.0,5,2,2,0,0.8660254037844386,0.5000000000000001,60.0,60.91,62.73,4850.931677018633,4776.39751552795,4490.683229813665,16.679916,15.300751,16.207003,0.0,0.0,0.0,0.0,0.0,0.0,13.852959250000001,13.638376000000001,12.9467085,0.0,0.0,0.0,0.0,0.0,0.0,0.0,0.0
2025-02-06,59.09,4875.7763975155285,140.25,154.0,0,False,False,False,True,4.16,0.0,16.78617,0.0,0.0,14.276918,0.0,0.0,6,2,3,0,0.8660254037844386,0.5000000000000001,59.55,60.45,62.27,4863.354037267081,4788.819875776398,4503.105590062112,17.992418,15.361167,15.844501,0.0,0.0,0.0,0.0,0.0,0.0,16.050876,13.1477505,13.031082999999999,0.0,0.0,0.0,0.0,0.0,0.0,0.3,0.0
2025-02-07,58.64,4888.198757763976,140.43,154.0,0,False,False,False,True,4.16,0.0,14.404918,0.0,0.0,13.184209,0.0,0.0,7,2,4,0,0.8660254037844386,0.5000000000000001,59.09,60.0,61.82,4875.7763975155285,4801.242236024845,4515.527950310559,16.78617,16.679916,15.277835,0.0,0.0,0.0,0.0,0.0,0.0,14.276918,13.852959250000001,12.921707999999999,0.0,0.0,0.0,0.0,0.0,0.0,0.0,0.3
2025-02-08,58.18,4900.621118012423,140.19,154.0,0,False,False,False,True,4.16,0.0,14.757001,0.0,0.0,12.152958250000001,0.0,0.0,8,2,5,1,0.8660254037844386,0.5000000000000001,58.64,59.55,61.36,4888.198757763976,4813.664596273292,4527.9503105590065,14.404918,17.992418,15.409081,0.0,0.0,0.0,0.0,0.0,0.0,13.184209,16.050876,13.714417,0.0,0.0,0.0,0.0,0.0,0.0,0.0,0.0
2025-02-09,57.73,4913.04347826087,140.19,154.0,0,False,False,False,True,4.16,0.0,15.779918,0.0,0.0,12.370666499999999,0.0,0.0,9,2,6,1,0.8660254037844386,0.5000000000000001,58.18,59.09,60.91,4900.621118012423,4826.086956521739,4540.372670807454,14.757001,16.78617,15.300751,0.0,0.0,0.0,0.0,0.0,0.0,12.152958250000001,14.276918,13.638376000000001,0.0,0.0,0.0,0.0,0.0,0.0,0.0,0.0
2025-02-10,57.27,4925.465838509317,140.19,154.0,0,False,False,False,True,4.16,0.0,16.838251,0.0,0.0,13.063376,0.05,0.05,10,2,0,0,0.8660254037844386,0.5000000000000001,57.73,58.64,60.45,4913.04347826087,4838.509316770186,4552.795031055901,15.779918,14.404918,15.361167,0.0,0.0,0.0,0.0,0.0,0.0,12.370666499999999,13.184209,13.1477505,0.0,0.0,0.0,0.0,0.0,0.0,0.0,0.0
2025-02-11,56.82,4937.888198757764,140.27,154.0,0,False,False,False,True,4.16,0.0,16.904917,0.0,0.0,13.70920875,0.05,0.05,11,2,1,0,0.8660254037844386,0.5000000000000001,57.27,58.18,60.0,4925.465838509317,4850.931677018633,4565.217391304348,16.838251,14.757001,16.679916,0.0,0.0,0.0,0.0,0.0,0.0,13.063376,12.152958250000001,13.852959250000001,0.05,0.0,0.0,0.05,0.0,0.0,0.0,0.0
2025-02-12,56.36,4950.310559006211,139.23,154.0,0,False,False,False,True,4.16,0.0,17.002832,0.0,0.0,13.216499500000001,0.0,0.0,12,2,2,0,0.8660254037844386,0.5000000000000001,56.82,57.73,59.55,4937.888198757764,4863.354037267081,4577.639751552795,16.904917,15.779918,17.992418,0.0,0.0,0.0,0.0,0.0,0.0,13.70920875,12.370666499999999,16.050876,0.05,0.0,0.0,0.05,0.0,0.0,0.0,0.0
2025-02-13,55.91,4962.732919254659,139.34,154.0,0,False,False,False,True,4.16,0.0,16.402834,0.0,0.0,12.60400025,0.0,0.0,13,2,3,0,0.8660254037844386,0.5000000000000001,56.36,57.27,59.09,4950.310559006211,4875.7763975155285,4590.062111801242,17.002832,16.838251,16.78617,0.0,0.0,0.0,0.0,0.0,0.0,13.216499500000001,13.063376,14.276918,0.0,0.05,0.0,0.0,0.05,0.0,0.0,0.0
2025-02-14,55.45,4975.155279503106,139.34,154.0,0,False,False,False,True,4.16,0.0,14.934083,0.0,0.0,11.655042,0.0,0.0,14,2,4,0,0.8660254037844386,0.5000000000000001,55.91,56.82,58.64,4962.732919254659,4888.198757763976,4602.484472049689,16.402834,16.904917,14.404918,0.0,0.0,0.0,0.0,0.0,0.0,12.60400025,13.70920875,13.184209,0.0,0.05,0.0,0.0,0.05,0.0,0.0,0.0
2025-02-15,55.0,4987.577639751553,139.22,154.0,0,False,False,False,True,4.16,0.1,15.677834,0.0,0.0,11.6206665,0.55,0.55,15,2,5,1,0.8660254037844386,0.5000000000000001,55.45,56.36,58.18,4975.155279503106,4900.621118012423,4614.906832298137,14.934083,17.002832,14.757001,0.0,0.0,0.0,0.0,0.0,0.0,11.655042,13.216499500000001,12.152958250000001,0.0,0.0,0.0,0.0,0.0,0.0,0.0,0.0
2025-02-16,55.0,5000.0,139.22,156.0,0,False,False,False,True,4.16,0.0,16.732,0.0,0.0,12.83524925,0.0,0.0,16,2,6,1,0.8660254037844386,0.5000000000000001,55.0,55.91,57.73,4987.577639751553,4913.04347826087,4627.329192546584,15.677834,16.402834,15.779918,0.0,0.0,0.0,0.0,0.0,0.0,11.6206665,12.60400025,12.370666499999999,0.55,0.0,0.0,0.55,0.0,0.0,0.1,0.0
2025-02-17,55.0,4687.5,139.22,156.0,0,False,False,False,True,4.16,0.70000005,18.423666,0.0,0.0,12.7592095,0.45,0.45,17,2,0,0,0.8660254037844386,0.5000000000000001,55.0,55.45,57.27,5000.0,4925.465838509317,4639.751552795031,16.732,14.934083,16.838251,0.0,0.0,0.0,0.0,0.0,0.0,12.83524925,11.655042,13.063376,0.0,0.0,0.05,0.0,0.0,0.05,0.0,0.1
2025-02-18,55.0,4375.0,139.31,156.0,0,False,False,False,True,4.16,1.3000001,17.715334,0.0,0.0,12.763375,4.6,4.6,18,2,1,0,0.8660254037844386,0.5000000000000001,55.0,55.0,56.82,4687.5,4937.888198757764,4652.173913043478,18.423666,15.677834,16.904917,0.0,0.0,0.0,0.0,0.0,0.0,12.7592095,11.6206665,13.70920875,0.45,0.55,0.05,0.45,0.55,0.05,0.70000005,0.0
2025-02-19,55.0,4062.5,139.43,156.0,0,False,False,False,True,4.16,0.4,18.271585,0.0,0.0,13.074834500000001,0.25,0.25,19,2,2,0,0.8660254037844386,0.5000000000000001,55.0,55.0,56.36,4375.0,4950.310559006211,4664.596273291925,17.715334,16.732,17.002832,0.0,0.0,0.0,0.0,0.0,0.0,12.763375,12.83524925,13.216499500000001,4.6,0.0,0.0,4.6,0.0,0.0,1.3000001,0.70000005
2025-02-20,55.0,3750.0,139.43,156.0,0,False,False,False,True,4.16,0.0,19.246582,0.0,0.0,14.155044,0.0,0.0,20,2,3,0,0.8660254037844386,0.5000000000000001,55.0,55.0,55.91,4062.5,4962.732919254659,4677.018633540372,18.271585,18.423666,16.402834,0.0,0.0,0.0,0.0,0.0,0.0,13.074834500000001,12.7592095,12.60400025,0.25,0.45,0.0,0.25,0.45,0.0,0.4,1.3000001
2025-02-21,55.0,3166.666666666667,138.96,156.0,0,False,False,False,True,4.16,0.4,19.457003,0.0,0.0,13.4487935,0.4,0.4,21,2,4,0,0.8660254037844386,0.5000000000000001,55.0,55.0,55.45,3750.0,4975.155279503106,4689.4409937888195,19.246582,17.715334,14.934083,0.0,0.0,0.0,0.0,0.0,0.0,14.155044,12.763375,11.655042,0.0,4.6,0.0,0.0,4.6,0.0,0.0,0.4
2025-02-22,45.0,2583.3333333333335,139.05,156.0,0,False,False,False,True,4.16,0.0,18.829916,0.0,0.0,14.213375500000001,0.0,0.0,22,2,5,1,0.8660254037844386,0.5000000000000001,55.0,55.0,55.0,3166.666666666667,4987.577639751553,4701.863354037267,19.457003,18.271585,15.677834,0.0,0.0,0.0,0.0,0.0,0.0,13.4487935,13.074834500000001,11.6206665,0.4,0.25,0.55,0.4,0.25,0.55,0.4,0.0
2025-02-23,45.0,2000.0,139.05,156.0,0,False,False,False,True,4.16,3.7,18.846582,0.0,0.0,13.046707999999999,0.75000005,0.75000005,23,2,6,1,0.8660254037844386,0.5000000000000001,45.0,55.0,55.0,2583.3333333333335,5000.0,4714.285714285715,18.829916,19.246582,16.732,0.0,0.0,0.0,0.0,0.0,0.0,14.213375500000001,14.155044,12.83524925,0.0,0.0,0.0,0.0,0.0,0.0,0.0,0.4
2025-02-24,45.0,3665.5,139.05,156.0,0,False,False,False,True,4.16,0.9000001,18.867418,0.0,0.0,12.435250499999999,2.50000002,2.50000002,24,2,0,0,0.8660254037844386,0.5000000000000001,45.0,55.0,55.0,2000.0,4687.5,4726.708074534162,18.846582,19.457003,18.423666,0.0,0.0,0.0,0.0,0.0,0.0,13.046707999999999,13.4487935,12.7592095,0.75000005,0.4,0.45,0.75000005,0.4,0.45,3.7,0.0
2025-02-25,45.0,5331.0,139.02,156.0,0,False,False,False,True,4.16,0.2,18.946585,0.0,0.0,13.931085,0.0,0.0,25,2,1,0,0.8660254037844386,0.5000000000000001,45.0,45.0,55.0,3665.5,4375.0,4739.130434782609,18.867418,18.829916,17.715334,0.0,0.0,0.0,0.0,0.0,0.0,12.435250499999999,14.213375500000001,12.763375,2.50000002,0.0,4.6,2.50000002,0.0,4.6,0.9000001,3.7
2025-02-26,45.0,5280.214285714285,139.84,156.0,0,False,False,False,True,4.16,0.0,19.704918,0.0,0.0,14.486291000000001,0.0,0.0,26,2,2,0,0.8660254037844386,0.5000000000000001,45.0,45.0,55.0,5331.0,4062.5,4751.552795031056,18.946585,18.846582,18.271585,0.0,0.0,0.0,0.0,0.0,0.0,13.931085,13.046707999999999,13.074834500000001,0.0,0.75000005,0.25,0.0,0.75000005,0.25,0.2,0.9000001
2025-02-27,45.0,5229.428571428572,139.84,156.0,0,False,False,False,True,4.16,0.1,20.246584,0.0,0.0,14.619626499999999,0.0,0.0,27,2,3,0,0.8660254037844386,0.5000000000000001,45.0,45.0,55.0,5280.214285714285,3750.0,4763.975155279503,19.704918,18.867418,19.246582,0.0,0.0,0.0,0.0,0.0,0.0,14.486291000000001,12.435250499999999,14.155044,0.0,2.50000002,0.0,0.0,2.50000002,0.0,0.0,0.2
2025-02-28,45.0,5178.642857142857,139.83,156.0,0,False,False,False,True,4.16,0.5,20.440334,0.0,0.0,14.354001499999999,4.2000000250000005,4.2000000250000005,28,2,4,0,0.8660254037844386,0.5000000000000001,45.0,45.0,55.0,5229.428571428572,3166.666666666667,4776.39751552795,20.246584,18.946585,19.457003,0.0,0.0,0.0,0.0,0.0,0.0,14.619626499999999,13.931085,13.4487935,0.0,0.0,0.4,0.0,0.0,0.4,0.1,0.0
2025-03-01,45.0,5127.857142857143,140.3,155.0,0,False,False,True,False,3.75,0.6,21.452833,0.0,0.0,15.093584,1.5,1.5,1,3,5,1,1.0,6.123233995736766e-17,45.0,45.0,45.0,5178.642857142857,2583.3333333333335,4788.819875776398,20.440334,19.704918,18.829916,0.0,0.0,0.0,0.0,0.0,0.0,14.354001499999999,14.486291000000001,14.213375500000001,4.2000000250000005,0.0,0.0,4.2000000250000005,0.0,0.0,0.5,0.1
2025-03-02,45.0,5077.071428571428,140.3,155.0,0,False,False,True,False,3.75,0.0,21.3695,0.0,0.0,15.2331675,0.0,0.0,2,3,6,1,1.0,6.123233995736766e-17,45.0,45.0,45.0,5127.857142857143,2000.0,4801.242236024845,21.452833,20.246584,18.846582,0.0,0.0,0.0,0.0,0.0,0.0,15.093584,14.619626499999999,13.046707999999999,1.5,0.0,0.75000005,1.5,0.0,0.75000005,0.6,0.5
2025-03-03,45.0,5026.285714285715,140.3,155.0,0,False,False,True,False,3.75,0.0,19.494501,0.0,0.0,15.4154595,0.0,0.0,3,3,0,0,1.0,6.123233995736766e-17,45.0,45.0,45.0,5077.071428571428,3665.5,4813.664596273292,21.3695,20.440334,18.867418,0.0,0.0,0.0,0.0,0.0,0.0,15.2331675,14.354001499999999,12.435250499999999,0.0,4.2000000250000005,2.50000002,0.0,4.2000000250000005,2.50000002,0.0,0.6
2025-03-04,37.44,4975.5,140.1,155.0,0,False,False,True,False,3.75,0.0,20.548666,0.0,0.0,16.035249999999998,0.0,0.0,4,3,1,0,1.0,6.123233995736766e-17,45.0,45.0,45.0,5026.285714285715,5331.0,4826.086956521739,19.494501,21.452833,18.946585,0.0,0.0,0.0,0.0,0.0,0.0,15.4154595,15.093584,13.931085,0.0,1.5,0.0,0.0,1.5,0.0,0.0,0.0
2025-03-05,29.89,4924.714285714285,139.93,155.0,1,False,False,True,False,3.75,0.0,19.500753,0.0,0.0,14.537334,0.05,0.05,5,3,2,0,1.0,6.123233995736766e-17,37.44,45.0,45.0,4975.5,5280.214285714285,4838.509316770186,20.548666,21.3695,19.704918,0.0,0.0,0.0,0.0,0.0,0.0,16.035249999999998,15.2331675,14.486291000000001,0.0,0.0,0.0,0.0,0.0,0.0,0.0,0.0
2025-03-06,22.33,4873.928571428572,139.44,155.0,1,False,False,True,False,3.75,1.1,18.227833,0.0,0.0,14.393583,0.0,0.0,6,3,3,0,1.0,6.123233995736766e-17,29.89,45.0,45.0,4924.714285714285,5229.428571428572,4850.931677018633,19.500753,19.494501,20.246584,0.0,0.0,0.0,0.0,0.0,0.0,14.537334,15.4154595,14.619626499999999,0.05,0.0,0.0,0.05,0.0,0.0,0.0,0.0
2025-03-07,22.33,4823.142857142857,139.69,155.0,1,False,False,True,False,3.75,5.600001,19.327833,0.0,0.0,14.497751000000001,0.44999999999999996,0.44999999999999996,7,3,4,0,1.0,6.123233995736766e-17,22.33,37.44,45.0,4873.928571428572,5178.642857142857,4863.354037267081,18.227833,20.548666,20.440334,0.0,0.0,0.0,0.0,0.0,0.0,14.393583,16.035249999999998,14.354001499999999,0.0,0.0,4.2000000250000005,0.0,0.0,4.2000000250000005,1.1,0.0
2025-03-08,22.33,4772.357142857143,139.3,155.0,1,False,False,True,False,3.75,2.0,20.152834,0.0,0.0,14.624833500000001,2.8999997,2.8999997,8,3,5,1,1.0,6.123233995736766e-17,22.33,29.89,45.0,4823.142857142857,5127.857142857143,4875.7763975155285,19.327833,19.500753,21.452833,0.0,0.0,0.0,0.0,0.0,0.0,14.497751000000001,14.537334,15.093584,0.44999999999999996,0.05,1.5,0.44999999999999996,0.05,1.5,5.600001,1.1
2025-03-09,22.33,4721.571428571428,139.3,155.0,1,False,False,True,False,3.75,2.2999997,21.275751,0.0,0.0,15.3415005,0.55,0.55,9,3,6,1,1.0,6.123233995736766e-17,22.33,22.33,45.0,4772.357142857143,5077.071428571428,4888.198757763976,20.152834,18.227833,21.3695,0.0,0.0,0.0,0.0,0.0,0.0,14.624833500000001,14.393583,15.2331675,2.8999997,0.0,0.0,2.8999997,0.0,0.0,2.0,5.600001
2025-03-10,22.33,4670.785714285715,139.3,155.0,1,False,False,True,False,3.75,3.1999998,22.13617,0.0,0.0,16.587334,0.55,0.55,10,3,0,0,1.0,6.123233995736766e-17,22.33,22.33,45.0,4721.571428571428,5026.285714285715,4900.621118012423,21.275751,19.327833,19.494501,0.0,0.0,0.0,0.0,0.0,0.0,15.3415005,14.497751000000001,15.4154595,0.55,0.44999999999999996,0.0,0.55,0.44999999999999996,0.0,2.2999997,2.0
2025-03-11,22.33,4620.0,140.04,155.0,1,False,False,True,False,3.75,0.70000005,22.475754,0.0,0.0,16.5529585,0.9000001,0.9000001,11,3,1,0,1.0,6.123233995736766e-17,22.33,22.33,37.44,4670.785714285715,4975.5,4913.04347826087,22.13617,20.152834,20.548666,0.0,0.0,0.0,0.0,0.0,0.0,16.587334,14.624833500000001,16.035249999999998,0.55,2.8999997,0.0,0.55,2.8999997,0.0,3.1999998,2.2999997
2025-03-12,22.33,4230.0,139.85,155.0,1,False,False,True,False,3.75,2.1000001,23.448668,0.0,0.0,16.557125,5.45,5.45,12,3,2,0,1.0,6.123233995736766e-17,22.33,22.33,29.89,4620.0,4924.714285714285,4925.465838509317,22.475754,21.275751,19.500753,0.0,0.0,0.0,0.0,0.0,0.0,16.5529585,15.3415005,14.537334,0.9000001,0.55,0.05,0.9000001,0.55,0.05,0.70000005,3.1999998
2025-03-13,22.33,3840.0,139.84,155.0,1,False,False,True,False,3.75,2.4,23.252832,0.4,0.4,15.744625,7.6000005,7.6000005,13,3,3,0,1.0,6.123233995736766e-17,22.33,22.33,22.33,4230.0,4873.928571428572,4937.888198757764,23.448668,22.13617,18.227833,0.0,0.0,0.0,0.0,0.0,0.0,16.557125,16.587334,14.393583,5.45,0.55,0.0,5.45,0.55,0.0,2.1000001,0.70000005
2025-03-14,22.33,3450.0,139.5,155.0,1,False,False,True,False,3.75,0.0,23.20075,0.0,0.0,17.950875500000002,0.0,0.0,14,3,4,0,1.0,6.123233995736766e-17,22.33,22.33,22.33,3840.0,4823.142857142857,4950.310559006211,23.252832,22.475754,19.327833,0.4,0.0,0.0,0.4,0.0,0.0,15.744625,16.5529585,14.497751000000001,7.6000005,0.9000001,0.44999999999999996,7.6000005,0.9000001,0.44999999999999996,2.4,2.1000001
2025-03-15,22.33,3060.0,139.5,155.0,1,False,False,True,False,3.75,0.1,24.1695,0.0,0.0,19.0029605,0.15,0.15,15,3,5,1,1.0,6.123233995736766e-17,22.33,22.33,22.33,3450.0,4772.357142857143,4962.732919254659,23.20075,23.448668,20.152834,0.0,0.0,0.0,0.0,0.0,0.0,17.950875500000002,16.557125,14.624833500000001,0.0,5.45,2.8999997,0.0,5.45,2.8999997,0.0,2.4
2025-03-16,22.33,2670.0,139.5,151.0,1,False,False,True,False,3.75,1.7,23.982002,0.0,0.0,17.9154595,2.55,2.55,16,3,6,1,1.0,6.123233995736766e-17,22.33,22.33,22.33,3060.0,4721.571428571428,4975.155279503106,24.1695,23.252832,21.275751,0.0,0.4,0.0,0.0,0.4,0.0,19.0029605,15.744625,15.3415005,0.15,7.6000005,0.55,0.15,7.6000005,0.55,0.1,0.0
2025-03-17,22.33,2280.0,139.5,151.0,1,False,False,True,False,3.75,0.1,24.434082,0.0,0.0,17.720667,0.0,0.0,17,3,0,0,1.0,6.123233995736766e-17,22.33,22.33,22.33,2670.0,4670.785714285715,4987.577639751553,23.982002,23.20075,22.13617,0.0,0.0,0.0,0.0,0.0,0.0,17.9154595,17.950875500000002,16.587334,2.55,0.0,0.55,2.55,0.0,0.55,1.7,0.1
2025-03-18,22.33,1890.0,139.19,151.0,1,False,False,True,False,3.75,0.0,22.77575,0.0,0.0,16.880042000000003,0.0,0.0,18,3,1,0,1.0,6.123233995736766e-17,22.33,22.33,22.33,2280.0,4620.0,5000.0,24.434082,24.1695,22.475754,0.0,0.0,0.0,0.0,0.0,0.0,17.720667,19.0029605,16.5529585,0.0,0.15,0.9000001,0.0,0.15,0.9000001,0.1,1.7
2025-03-19,17.67,1500.0,138.82,151.0,1,False,False,True,False,3.75,0.0,22.307001,0.0,0.0,18.1008785,0.0,0.0,19,3,2,0,1.0,6.123233995736766e-17,22.33,22.33,22.33,1890.0,4230.0,4687.5,22.77575,23.982002,23.448668,0.0,0.0,0.0,0.0,0.0,0.0,16.880042000000003,17.9154595,16.557125,0.0,2.55,5.45,0.0,2.55,5.45,0.0,0.1
2025-03-20,18.33,400.0,138.62,151.0,1,False,False,True,False,3.75,0.1,22.565332,0.0,0.0,18.564417,0.0,0.0,20,3,3,0,1.0,6.123233995736766e-17,17.67,22.33,22.33,1500.0,3840.0,4375.0,22.307001,24.434082,23.252832,0.0,0.0,0.4,0.0,0.0,0.4,18.1008785,17.720667,15.744625,0.0,0.0,7.6000005,0.0,0.0,7.6000005,0.0,0.0
2025-03-21,18.33,450.0,138.5,151.0,1,False,False,True,False,3.75,1.0,21.727837,9.6,9.6,16.713375499999998,2.25,2.25,21,3,4,0,1.0,6.123233995736766e-17,18.33,22.33,22.33,400.0,3450.0,4062.5,22.565332,22.77575,23.20075,0.0,0.0,0.0,0.0,0.0,0.0,18.564417,16.880042000000003,17.950875500000002,0.0,0.0,0.0,0.0,0.0,0.0,0.1,0.0
2025-03-22,22.33,500.0,137.86,151.0,1,False,False,True,False,3.75,1.5,21.615335,3.8,3.8,15.574833,2.25,2.25,22,3,5,1,1.0,6.123233995736766e-17,18.33,17.67,22.33,450.0,3060.0,3750.0,21.727837,22.307001,24.1695,9.6,0.0,0.0,9.6,0.0,0.0,16.713375499999998,18.1008785,19.0029605,2.25,0.0,0.15,2.25,0.0,0.15,1.0,0.1
2025-03-23,22.33,10000.0,137.86,151.0,1,False,False,True,False,3.75,4.6,22.3945,0.0,0.0,15.8133765,0.0,0.0,23,3,6,1,1.0,6.123233995736766e-17,22.33,18.33,22.33,500.0,2670.0,3166.666666666667,21.615335,22.565332,23.982002,3.8,0.0,0.0,3.8,0.0,0.0,15.574833,18.564417,17.9154595,2.25,0.0,2.55,2.25,0.0,2.55,1.5,1.0
2025-03-24,35.0,6437.5,137.86,151.0,1,False,False,True,False,3.75,0.0,23.531998,0.0,0.0,17.050874999999998,0.0,0.0,24,3,0,0,1.0,6.123233995736766e-17,22.33,18.33,22.33,10000.0,2280.0,2583.3333333333335,22.3945,21.727837,24.434082,0.0,9.6,0.0,0.0,9.6,0.0,15.8133765,16.713375499999998,17.720667,0.0,2.25,0.0,0.0,2.25,0.0,4.6,1.5
2025-03-25,35.0,2875.0,137.32,151.0,1,False,False,True,False,3.75,0.0,23.81742,0.0,0.0,18.5664995,0.0,0.0,25,3,1,0,1.0,6.123233995736766e-17,35.0,22.33,22.33,6437.5,1890.0,2000.0,23.531998,21.615335,22.77575,0.0,3.8,0.0,0.0,3.8,0.0,17.050874999999998,15.574833,16.880042000000003,0.0,2.25,0.0,0.0,2.25,0.0,0.0,4.6
2025-03-26,35.0,10000.0,137.52,151.0,0,False,False,True,False,3.75,0.0,24.463251,0.0,0.0,19.7071265,0.0,0.0,26,3,2,0,1.0,6.123233995736766e-17,35.0,22.33,17.67,2875.0,1500.0,3665.5,23.81742,22.3945,22.307001,0.0,0.0,0.0,0.0,0.0,0.0,18.5664995,15.8133765,18.1008785,0.0,0.0,0.0,0.0,0.0,0.0,0.0,0.0
2025-03-27,35.0,2625.0,137.44,151.0,0,False,False,True,False,3.75,0.0,25.654917,0.0,0.0,20.83421,0.0,0.0,27,3,3,0,1.0,6.123233995736766e-17,35.0,35.0,18.33,10000.0,400.0,5331.0,24.463251,23.531998,22.565332,0.0,0.0,0.0,0.0,0.0,0.0,19.7071265,17.050874999999998,18.564417,0.0,0.0,0.0,0.0,0.0,0.0,0.0,0.0
2025-03-28,35.0,2546.875,137.56,151.0,0,False,False,True,False,3.75,0.0,26.792418,0.0,0.0,21.517543500000002,0.1,0.1,28,3,4,0,1.0,6.123233995736766e-17,35.0,35.0,18.33,2625.0,450.0,5280.214285714285,25.654917,23.81742,21.727837,0.0,0.0,9.6,0.0,0.0,9.6,20.83421,18.5664995,16.713375499999998,0.0,0.0,2.25,0.0,0.0,2.25,0.0,0.0
2025-03-29,35.0,2468.75,137.06,151.0,0,False,False,True,False,3.75,0.0,23.432001,0.0,0.0,20.988376000000002,0.0,0.0,29,3,5,1,1.0,6.123233995736766e-17,35.0,35.0,22.33,2546.875,500.0,5229.428571428572,26.792418,24.463251,21.615335,0.0,0.0,3.8,0.0,0.0,3.8,21.517543500000002,19.7071265,15.574833,0.1,0.0,2.25,0.1,0.0,2.25,0.0,0.0
2025-03-30,35.0,2390.625,137.06,151.0,0,False,False,True,False,3.75,0.0,22.690332,0.0,0.0,20.4196265,0.0,0.0,30,3,6,1,1.0,6.123233995736766e-17,35.0,35.0,22.33,2468.75,10000.0,5178.642857142857,23.432001,25.654917,22.3945,0.0,0.0,0.0,0.0,0.0,0.0,20.988376000000002,20.83421,15.8133765,0.0,0.0,0.0,0.0,0.0,0.0,0.0,0.0
2025-03-31,35.0,2312.5,137.06,149.0,0,False,False,True,False,3.75,0.0,23.3445,0.0,0.0,20.4487935,0.0,0.0,31,3,0,0,1.0,6.123233995736766e-17,35.0,35.0,35.0,2390.625,6437.5,5127.857142857143,22.690332,26.792418,23.531998,0.0,0.0,0.0,0.0,0.0,0.0,20.4196265,21.517543500000002,17.050874999999998,0.0,0.1,0.0,0.0,0.1,0.0,0.0,0.0
2025-04-01,45.0,2234.375,137.06,149.0,0,False,False,True,False,3.39,0.0,23.496582,0.0,0.0,20.3373335,0.0,0.0,1,4,1,0,0.8660254037844387,-0.4999999999999998,35.0,35.0,35.0,2312.5,2875.0,5077.071428571428,23.3445,23.432001,23.81742,0.0,0.0,0.0,0.0,0.0,0.0,20.4487935,20.988376000000002,18.5664995,0.0,0.0,0.0,0.0,0.0,0.0,0.0,0.0
2025-04-02,35.0,2156.25,137.06,149.0,0,False,False,True,False,3.39,0.0,23.052835,0.0,0.0,20.545666500000003,0.0,0.0,2,4,2,0,0.8660254037844387,-0.4999999999999998,45.0,35.0,35.0,2234.375,10000.0,5026.285714285715,23.496582,22.690332,24.463251,0.0,0.0,0.0,0.0,0.0,0.0,20.3373335,20.4196265,19.7071265,0.0,0.0,0.0,0.0,0.0,0.0,0.0,0.0
2025-04-03,35.0,2078.125,137.1,149.0,0,False,False,True,False,3.39,0.0,23.6445,0.0,0.0,20.244626,0.0,0.0,3,4,3,0,0.8660254037844387,-0.4999999999999998,35.0,35.0,35.0,2156.25,2625.0,4975.5,23.052835,23.3445,25.654917,0.0,0.0,0.0,0.0,0.0,0.0,20.545666500000003,20.4487935,20.83421,0.0,0.0,0.0,0.0,0.0,0.0,0.0,0.0
2025-04-04,35.0,2000.0,137.0,149.0,0,False,False,True,False,3.39,0.0,24.250748,0.0,0.0,20.4310835,0.0,0.0,4,4,4,0,0.8660254037844387,-0.4999999999999998,35.0,45.0,35.0,2078.125,2546.875,4924.714285714285,23.6445,23.496582,26.792418,0.0,0.0,0.0,0.0,0.0,0.0,20.244626,20.3373335,21.517543500000002,0.0,0.0,0.1,0.0,0.0,0.1,0.0,0.0
2025-04-05,35.0,1833.3333333333333,136.68,149.0,0,False,False,True,False,3.39,0.0,24.06325,0.0,0.0,20.487334,0.0,0.0,5,4,5,1,0.8660254037844387,-0.4999999999999998,35.0,35.0,35.0,2000.0,2468.75,4873.928571428572,24.250748,23.052835,23.432001,0.0,0.0,0.0,0.0,0.0,0.0,20.4310835,20.545666500000003,20.988376000000002,0.0,0.0,0.0,0.0,0.0,0.0,0.0,0.0
2025-04-06,35.0,1666.6666666666667,136.68,149.0,0,False,False,True,False,3.39,0.0,26.14242,0.0,0.0,21.235250999999998,0.0,0.0,6,4,6,1,0.8660254037844387,-0.4999999999999998,35.0,35.0,35.0,1833.3333333333333,2390.625,4823.142857142857,24.06325,23.6445,22.690332,0.0,0.0,0.0,0.0,0.0,0.0,20.487334,20.244626,20.4196265,0.0,0.0,0.0,0.0,0.0,0.0,0.0,0.0
2025-04-07,35.0,1500.0,136.68,149.0,0,False,False,True,False,3.39,0.0,27.815336,0.0,0.0,21.088375499999998,0.0,0.0,7,4,0,0,0.8660254037844387,-0.4999999999999998,35.0,35.0,35.0,1666.6666666666667,2312.5,4772.357142857143,26.14242,24.250748,23.3445,0.0,0.0,0.0,0.0,0.0,0.0,21.235250999999998,20.4310835,20.4487935,0.0,0.0,0.0,0.0,0.0,0.0,0.0,0.0
2025-04-08,35.0,3400.0,137.64,149.0,0,False,False,True,False,3.39,7.4999995,28.161165,0.0,0.0,19.9779585,5.85,5.85,8,4,1,0,0.8660254037844387,-0.4999999999999998,35.0,35.0,45.0,1500.0,2234.375,4721.571428571428,27.815336,24.06325,23.496582,0.0,0.0,0.0,0.0,0.0,0.0,21.088375499999998,20.487334,20.3373335,0.0,0.0,0.0,0.0,0.0,0.0,0.0,0.0
2025-04-09,35.0,2675.0,138.33,149.0,0,False,False,True,False,3.39,0.70000005,26.963251,3.1999998,3.1999998,20.466500500000002,0.5,0.5,9,4,2,0,0.8660254037844387,-0.4999999999999998,35.0,35.0,35.0,3400.0,2156.25,4670.785714285715,28.161165,26.14242,23.052835,0.0,0.0,0.0,0.0,0.0,0.0,19.9779585,21.235250999999998,20.545666500000003,5.85,0.0,0.0,5.85,0.0,0.0,7.4999995,0.0
2025-04-10,35.0,2200.0,139.01,149.0,0,False,False,True,False,3.39,19.500002,24.571585,7.6,7.6,17.9800435,7.050000300000001,7.050000300000001,10,4,3,0,0.8660254037844387,-0.4999999999999998,35.0,35.0,35.0,2675.0,2078.125,4620.0,26.963251,27.815336,23.6445,3.1999998,0.0,0.0,3.1999998,0.0,0.0,20.466500500000002,21.088375499999998,20.244626,0.5,0.0,0.0,0.5,0.0,0.0,0.70000005,7.4999995
2025-04-11,35.0,3100.0,139.01,149.0,0,False,False,True,False,3.39,18.3,24.871582,7.2999997,7.2999997,17.338375499999998,15.000000499999999,15.000000499999999,11,4,4,0,0.8660254037844387,-0.4999999999999998,35.0,35.0,35.0,2200.0,2000.0,4230.0,24.571585,28.161165,24.250748,7.6,0.0,0.0,7.6,0.0,0.0,17.9800435,19.9779585,20.4310835,7.050000300000001,5.85,0.0,7.050000300000001,5.85,0.0,19.500002,0.70000005
2025-04-12,35.0,4000.0,137.97,149.0,0,False,False,True,False,3.39,0.6,26.07367,0.5,0.5,18.7196265,0.44999999999999996,0.44999999999999996,12,4,5,1,0.8660254037844387,-0.4999999999999998,35.0,35.0,35.0,3100.0,1833.3333333333333,3840.0,24.871582,26.963251,24.06325,7.2999997,3.1999998,0.0,7.2999997,3.1999998,0.0,17.338375499999998,20.466500500000002,20.487334,15.000000499999999,0.5,0.0,15.000000499999999,0.5,0.0,18.3,19.500002
2025-04-13,35.0,3500.0,137.97,149.0,1,False,False,True,False,3.39,0.3,25.900747,0.0,0.0,19.384209,0.350000025,0.350000025,13,4,6,1,0.8660254037844387,-0.4999999999999998,35.0,35.0,35.0,4000.0,1666.6666666666667,3450.0,26.07367,24.571585,26.14242,0.5,7.6,0.0,0.5,7.6,0.0,18.7196265,17.9800435,21.235250999999998,0.44999999999999996,7.050000300000001,0.0,0.44999999999999996,7.050000300000001,0.0,0.6,18.3
2025-04-14,35.0,3000.0,137.97,149.0,1,False,False,True,False,3.39,0.2,25.507004,0.2,0.2,18.656083,4.0,4.0,14,4,0,0,0.8660254037844387,-0.4999999999999998,35.0,35.0,35.0,3500.0,1500.0,3060.0,25.900747,24.871582,27.815336,0.0,7.2999997,0.0,0.0,7.2999997,0.0,19.384209,17.338375499999998,21.088375499999998,0.350000025,15.000000499999999,0.0,0.350000025,15.000000499999999,0.0,0.3,0.6
2025-04-15,35.0,2250.0,137.97,146.0,0,False,False,True,False,3.39,3.7,25.990332,0.1,0.1,19.515459,0.45000005,0.45000005,15,4,1,0,0.8660254037844387,-0.4999999999999998,35.0,35.0,35.0,3000.0,3400.0,2670.0,25.507004,26.07367,28.161165,0.2,0.5,0.0,0.2,0.5,0.0,18.656083,18.7196265,19.9779585,4.0,0.44999999999999996,5.85,4.0,0.44999999999999996,5.85,0.2,0.3
2025-04-16,35.0,1500.0,137.54,146.0,0,False,False,True,False,3.39,1.3000001,27.275751,0.0,0.0,20.3029595,0.75000005,0.75000005,16,4,2,0,0.8660254037844387,-0.4999999999999998,35.0,35.0,35.0,2250.0,2675.0,2280.0,25.990332,25.900747,26.963251,0.1,0.0,3.1999998,0.1,0.0,3.1999998,19.515459,19.384209,20.466500500000002,0.45000005,0.350000025,0.5,0.45000005,0.350000025,0.5,3.7,0.2
2025-04-17,35.0,9575.0,137.39,146.0,0,False,False,True,False,3.39,11.7,26.463257,1.2,1.2,19.049834,4.8999996,4.8999996,17,4,3,0,0.8660254037844387,-0.4999999999999998,35.0,35.0,35.0,1500.0,2200.0,1890.0,27.275751,25.507004,24.571585,0.0,0.2,7.6,0.0,0.2,7.6,20.3029595,18.656083,17.9800435,0.75000005,4.0,7.050000300000001,0.75000005,4.0,7.050000300000001,1.3000001,3.7
2025-04-18,35.0,12000.0,136.9,146.0,0,False,False,True,False,3.39,0.5,25.165337,24.0,24.0,19.444626,3.4499999,3.4499999,18,4,4,0,0.8660254037844387,-0.4999999999999998,35.0,35.0,35.0,9575.0,3100.0,1500.0,26.463257,25.990332,24.871582,1.2,0.1,7.2999997,1.2,0.1,7.2999997,19.049834,19.515459,17.338375499999998,4.8999996,0.45000005,15.000000499999999,4.8999996,0.45000005,15.000000499999999,11.7,1.3000001
2025-04-19,35.0,7212.0,136.9,146.0,0,False,False,True,False,3.39,9.0,26.752836,0.2,0.2,19.1071275,10.8999998,10.8999998,19,4,5,1,0.8660254037844387,-0.4999999999999998,35.0,35.0,35.0,12000.0,4000.0,400.0,25.165337,27.275751,26.07367,24.0,0.0,0.5,24.0,0.0,0.5,19.444626,20.3029595,18.7196265,3.4499999,0.75000005,0.44999999999999996,3.4499999,0.75000005,0.44999999999999996,0.5,11.7
2025-04-20,35.0,8506.0,136.9,146.0,0,False,False,True,False,3.39,0.3,28.109083,0.0,0.0,21.166500999999997,0.35,0.35,20,4,6,1,0.8660254037844387,-0.4999999999999998,35.0,35.0,35.0,7212.0,3500.0,450.0,26.752836,26.463257,25.900747,0.2,1.2,0.0,0.2,1.2,0.0,19.1071275,19.049834,19.384209,10.8999998,4.8999996,0.350000025,10.8999998,4.8999996,0.350000025,9.0,0.5
2025-04-21,35.0,9800.0,136.9,146.0,0,False,False,True,False,3.39,0.0,29.444496,0.0,0.0,22.656086000000002,0.1,0.1,21,4,0,0,0.8660254037844387,-0.4999999999999998,35.0,35.0,35.0,8506.0,3000.0,500.0,28.109083,25.165337,25.507004,0.0,24.0,0.2,0.0,24.0,0.2,21.166500999999997,19.444626,18.656083,0.35,3.4499999,4.0,0.35,3.4499999,4.0,0.3,9.0
2025-04-22,35.0,6550.0,136.51,146.0,0,False,False,True,False,3.39,0.0,29.788252,0.0,0.0,23.758167,0.0,0.0,22,4,1,0,0.8660254037844387,-0.4999999999999998,35.0,35.0,35.0,9800.0,2250.0,10000.0,29.444496,26.752836,25.990332,0.0,0.2,0.1,0.0,0.2,0.1,22.656086000000002,19.1071275,19.515459,0.1,10.8999998,0.45000005,0.1,10.8999998,0.45000005,0.0,0.3
2025-04-23,35.0,3300.0,136.61,146.0,0,False,False,True,False,3.39,0.0,28.60283,0.0,0.0,23.593586000000002,0.0,0.0,23,4,2,0,0.8660254037844387,-0.4999999999999998,35.0,35.0,35.0,6550.0,1500.0,6437.5,29.788252,28.109083,27.275751,0.0,0.0,0.0,0.0,0.0,0.0,23.758167,21.166500999999997,20.3029595,0.0,0.35,0.75000005,0.0,0.35,0.75000005,0.0,0.0
2025-04-24,35.0,2550.0,136.98,146.0,0,False,False,True,False,3.39,0.0,26.848663,0.0,0.0,23.332129000000002,0.0,0.0,24,4,3,0,0.8660254037844387,-0.4999999999999998,35.0,35.0,35.0,3300.0,9575.0,2875.0,28.60283,29.444496,26.463257,0.0,0.0,1.2,0.0,0.0,1.2,23.593586000000002,22.656086000000002,19.049834,0.0,0.1,4.8999996,0.0,0.1,4.8999996,0.0,0.0
2025-04-25,35.0,1800.0,136.72,146.0,0,False,False,True,False,3.39,0.0,26.975748,0.0,0.0,22.9623345,0.0,0.0,25,4,4,0,0.8660254037844387,-0.4999999999999998,35.0,35.0,35.0,2550.0,12000.0,10000.0,26.848663,29.788252,25.165337,0.0,0.0,24.0,0.0,0.0,24.0,23.332129000000002,23.758167,19.444626,0.0,0.0,3.4499999,0.0,0.0,3.4499999,0.0,0.0
2025-04-26,35.0,5000.0,137.03,146.0,0,False,False,True,False,3.39,0.0,27.738253,0.0,0.0,22.887333499999997,0.0,0.0,26,4,5,1,0.8660254037844387,-0.4999999999999998,35.0,35.0,35.0,1800.0,7212.0,2625.0,26.975748,28.60283,26.752836,0.0,0.0,0.2,0.0,0.0,0.2,22.9623345,23.593586000000002,19.1071275,0.0,0.0,10.8999998,0.0,0.0,10.8999998,0.0,0.0
2025-04-27,35.0,2875.0,137.03,146.0,0,False,False,True,False,3.39,2.6000001,26.336166,1.3000001,1.3000001,21.341502,1.10000005,1.10000005,27,4,6,1,0.8660254037844387,-0.4999999999999998,35.0,35.0,35.0,5000.0,8506.0,2546.875,27.738253,26.848663,28.109083,0.0,0.0,0.0,0.0,0.0,0.0,22.887333499999997,23.332129000000002,21.166500999999997,0.0,0.0,0.35,0.0,0.0,0.35,0.0,0.0
2025-04-28,35.0,8012.5,137.03,146.0,0,False,False,True,False,3.39,3.3999999,23.62575,9.5,9.5,17.7592095,9.200001,9.200001,28,4,0,0,0.8660254037844387,-0.4999999999999998,35.0,35.0,35.0,2875.0,9800.0,2468.75,26.336166,26.975748,29.444496,1.3000001,0.0,0.0,1.3000001,0.0,0.0,21.341502,22.9623345,22.656086000000002,1.10000005,0.0,0.1,1.10000005,0.0,0.1,2.6000001,0.0
2025-04-29,35.0,13150.0,136.36,146.0,0,False,False,True,False,3.39,0.3,24.648666,5.1,5.1,18.4998335,3.14999985,3.14999985,29,4,1,0,0.8660254037844387,-0.4999999999999998,35.0,35.0,35.0,8012.5,6550.0,2390.625,23.62575,27.738253,29.788252,9.5,0.0,0.0,9.5,0.0,0.0,17.7592095,22.887333499999997,23.758167,9.200001,0.0,0.0,9.200001,0.0,0.0,3.3999999,2.6000001
2025-04-30,35.0,7680.0,136.73,145.0,0,False,False,True,False,3.39,1.5000001,25.827835,0.0,0.0,18.487335,4.75,4.75,30,4,2,0,0.8660254037844387,-0.4999999999999998,35.0,35.0,35.0,13150.0,3300.0,2312.5,24.648666,26.336166,28.60283,5.1,1.3000001,0.0,5.1,1.3000001,0.0,18.4998335,21.341502,23.593586000000002,3.14999985,1.10000005,0.0,3.14999985,1.10000005,0.0,0.3,3.3999999
2025-05-01,35.0,2210.0,135.49,145.0,0,False,False,True,False,2.77,21.400002,26.43825,0.5,0.5,18.2581665,16.6,16.6,1,5,3,0,0.49999999999999994,-0.8660254037844387,35.0,35.0,35.0,7680.0,2550.0,2234.375,25.827835,23.62575,26.848663,0.0,9.5,0.0,0.0,9.5,0.0,18.487335,17.7592095,23.332129000000002,4.75,9.200001,0.0,4.75,9.200001,0.0,1.5000001,0.3
2025-05-02,35.0,23500.0,135.49,145.0,0,False,False,True,False,2.77,2.7,26.565336,0.0,0.0,19.124834,1.6,1.6,2,5,4,0,0.49999999999999994,-0.8660254037844387,35.0,35.0,35.0,2210.0,1800.0,2156.25,26.43825,24.648666,26.975748,0.5,5.1,0.0,0.5,5.1,0.0,18.2581665,18.4998335,22.9623345,16.6,3.14999985,0.0,16.6,3.14999985,0.0,21.400002,1.5000001
2025-05-03,35.0,17250.0,135.64,145.0,0,False,False,True,False,2.77,2.8000002,27.2945,0.1,0.1,19.3842085,3.0500001,3.0500001,3,5,5,1,0.49999999999999994,-0.8660254037844387,35.0,35.0,35.0,23500.0,5000.0,2078.125,26.565336,25.827835,27.738253,0.0,0.0,0.0,0.0,0.0,0.0,19.124834,18.487335,22.887333499999997,1.6,4.75,0.0,1.6,4.75,0.0,2.7,21.400002
2025-05-04,35.0,11000.0,135.64,145.0,0,False,False,True,False,2.77,25.6,26.523668,2.3999999,2.3999999,19.0779585,9.1499999,9.1499999,4,5,6,1,0.49999999999999994,-0.8660254037844387,35.0,35.0,35.0,17250.0,2875.0,2000.0,27.2945,26.43825,26.336166,0.1,0.5,1.3000001,0.1,0.5,1.3000001,19.3842085,18.2581665,21.341502,3.0500001,16.6,1.10000005,3.0500001,16.6,1.10000005,2.8000002,2.7
2025-05-05,35.67,10806.67,135.64,145.0,0,False,False,True,False,2.77,2.5,26.102835,0.0,0.0,19.284211,5.25,5.25,5,5,0,0,0.49999999999999994,-0.8660254037844387,35.0,35.0,35.0,11000.0,8012.5,1833.3333333333333,26.523668,26.565336,23.62575,2.3999999,0.0,9.5,2.3999999,0.0,9.5,19.0779585,19.124834,17.7592095,9.1499999,1.6,9.200001,9.1499999,1.6,9.200001,25.6,2.8000002
2025-05-06,36.33,10613.33,135.11,145.0,0,False,False,True,False,2.77,6.9,25.523666,5.3999996,5.3999996,18.741502,6.5499995,6.5499995,6,5,1,0,0.49999999999999994,-0.8660254037844387,35.67,35.0,35.0,10806.67,13150.0,1666.6666666666667,26.102835,27.2945,24.648666,0.0,0.1,5.1,0.0,0.1,5.1,19.284211,19.3842085,18.4998335,5.25,3.0500001,3.14999985,5.25,3.0500001,3.14999985,2.5,25.6
2025-05-07,37.0,10420.0,135.4,145.0,0,False,False,True,False,2.77,4.5,27.090332,0.0,0.0,20.50921,0.1,0.1,7,5,2,0,0.49999999999999994,-0.8660254037844387,36.33,35.0,35.0,10613.33,7680.0,1500.0,25.523666,26.523668,25.827835,5.3999996,2.3999999,0.0,5.3999996,2.3999999,0.0,18.741502,19.0779585,18.487335,6.5499995,9.1499999,4.75,6.5499995,9.1499999,4.75,6.9,2.5
2025-05-08,37.67,10226.67,136.03,145.0,0,False,False,True,False,2.77,0.0,28.550749,0.0,0.0,22.074835999999998,0.7,0.7,8,5,3,0,0.49999999999999994,-0.8660254037844387,37.0,35.67,35.0,10420.0,2210.0,3400.0,27.090332,26.102835,26.43825,0.0,0.0,0.5,0.0,0.0,0.5,20.50921,19.284211,18.2581665,0.1,5.25,16.6,0.1,5.25,16.6,4.5,6.9
2025-05-09,38.33,10033.33,137.44,145.0,0,False,False,True,False,2.77,0.5,28.998667,0.0,0.0,23.0633775,0.3,0.3,9,5,4,0,0.49999999999999994,-0.8660254037844387,37.67,36.33,35.0,10226.67,23500.0,2675.0,28.550749,25.523666,26.565336,0.0,5.3999996,0.0,0.0,5.3999996,0.0,22.074835999999998,18.741502,19.124834,0.7,6.5499995,1.6,0.7,6.5499995,1.6,0.0,4.5
2025-05-10,39.0,9840.0,136.9,145.0,0,False,False,True,False,2.77,0.6,29.331999,0.2,0.2,23.673792499999998,0.6000000000000001,0.6000000000000001,10,5,5,1,0.49999999999999994,-0.8660254037844387,38.33,37.0,35.0,10033.33,17250.0,2200.0,28.998667,27.090332,27.2945,0.0,0.0,0.1,0.0,0.0,0.1,23.0633775,20.50921,19.3842085,0.3,0.1,3.0500001,0.3,0.1,3.0500001,0.5,0.0
2025-05-11,39.67,9646.67,136.9,145.0,0,False,False,True,False,2.77,12.0,29.354912,2.3,2.3,22.20921,5.700000299999999,5.700000299999999,11,5,6,1,0.49999999999999994,-0.8660254037844387,39.0,37.67,35.0,9840.0,11000.0,3100.0,29.331999,28.550749,26.523668,0.2,0.0,2.3999999,0.2,0.0,2.3999999,23.673792499999998,22.074835999999998,19.0779585,0.6000000000000001,0.7,9.1499999,0.6000000000000001,0.7,9.1499999,0.6,0.5
2025-05-12,40.33,9453.33,136.9,145.0,0,False,False,True,False,2.77,3.3999999,30.142416,0.0,0.0,22.2112925,1.75,1.75,12,5,0,0,0.49999999999999994,-0.8660254037844387,39.67,38.33,35.67,9646.67,10806.67,4000.0,29.354912,28.998667,26.102835,2.3,0.0,0.0,2.3,0.0,0.0,22.20921,23.0633775,19.284211,5.700000299999999,0.3,5.25,5.700000299999999,0.3,5.25,12.0,0.6
2025-05-13,41.0,9260.0,136.9,145.0,0,False,False,True,False,2.77,2.3000002,29.946587,0.2,0.2,22.370668,2.1000000500000002,2.1000000500000002,13,5,1,0,0.49999999999999994,-0.8660254037844387,40.33,39.0,36.33,9453.33,10613.33,3500.0,30.142416,29.331999,25.523666,0.0,0.2,5.3999996,0.0,0.2,5.3999996,22.2112925,23.673792499999998,18.741502,1.75,0.6000000000000001,6.5499995,1.75,0.6000000000000001,6.5499995,3.3999999,12.0
2025-05-14,41.67,9066.67,136.84,145.0,0,False,False,True,False,2.77,0.1,30.096586,0.0,0.0,22.8154605,4.6,4.6,14,5,2,0,0.49999999999999994,-0.8660254037844387,41.0,39.67,37.0,9260.0,10420.0,3000.0,29.946587,29.354912,27.090332,0.2,2.3,0.0,0.2,2.3,0.0,22.370668,22.20921,20.50921,2.1000000500000002,5.700000299999999,0.1,2.1000000500000002,5.700000299999999,0.1,2.3000002,3.3999999
2025-05-15,42.33,8873.33,136.74,145.0,0,False,False,True,False,2.77,0.0,30.565336,0.0,0.0,23.166501,2.15,2.15,15,5,3,0,0.49999999999999994,-0.8660254037844387,41.67,40.33,37.67,9066.67,10226.67,2250.0,30.096586,30.142416,28.550749,0.0,0.0,0.0,0.0,0.0,0.0,22.8154605,22.2112925,22.074835999999998,4.6,1.75,0.7,4.6,1.75,0.7,0.1,2.3000002
2025-05-16,43.0,8680.0,137.19,145.0,0,False,False,True,False,2.77,1.2,29.734085,1.2,1.2,22.176918,7.799999850000001,7.799999850000001,16,5,4,0,0.49999999999999994,-0.8660254037844387,42.33,41.0,38.33,8873.33,10033.33,1500.0,30.565336,29.946587,28.998667,0.0,0.2,0.0,0.0,0.2,0.0,23.166501,22.370668,23.0633775,2.15,2.1000000500000002,0.3,2.15,2.1000000500000002,0.3,0.0,0.1
2025-05-17,43.67,8486.67,137.12,145.0,0,False,False,True,False,2.77,6.4,28.809082,0.0,0.0,20.793584,10.00000025,10.00000025,17,5,5,1,0.49999999999999994,-0.8660254037844387,43.0,41.67,39.0,8680.0,9840.0,9575.0,29.734085,30.096586,29.331999,1.2,0.0,0.2,1.2,0.0,0.2,22.176918,22.8154605,23.673792499999998,7.799999850000001,4.6,0.6000000000000001,7.799999850000001,4.6,0.6000000000000001,1.2,0.0
2025-05-18,44.33,8293.33,137.12,145.0,0,False,False,True,False,2.77,13.000001,27.642412,8.099999,8.099999,20.732127,16.400001800000002,16.400001800000002,18,5,6,1,0.49999999999999994,-0.8660254037844387,43.67,42.33,39.67,8486.67,9646.67,12000.0,28.809082,30.565336,29.354912,0.0,0.0,2.3,0.0,0.0,2.3,20.793584,23.166501,22.20921,10.00000025,2.15,5.700000299999999,10.00000025,2.15,5.700000299999999,6.4,1.2
2025-05-19,45.0,8100.0,137.12,145.0,0,False,False,True,False,2.77,6.299999,27.361168,1.1,1.1,20.899835,8.0500005,8.0500005,19,5,0,0,0.49999999999999994,-0.8660254037844387,44.33,43.0,40.33,8293.33,9453.33,7212.0,27.642412,29.734085,30.142416,8.099999,1.2,0.0,8.099999,1.2,0.0,20.732127,22.176918,22.2112925,16.400001800000002,7.799999850000001,1.75,16.400001800000002,7.799999850000001,1.75,13.000001,6.4
2025-05-20,45.0,29625.0,136.95,145.0,0,False,False,True,False,2.77,15.700001,27.277832,5.4,5.4,20.807128499999997,18.1,18.1,20,5,1,0,0.49999999999999994,-0.8660254037844387,45.0,43.67,41.0,8100.0,9260.0,8506.0,27.361168,28.809082,29.946587,1.1,0.0,0.2,1.1,0.0,0.2,20.899835,20.793584,22.370668,8.0500005,10.00000025,2.1000000500000002,8.0500005,10.00000025,2.1000000500000002,6.299999,13.000001
2025-05-21,37.67,2500.0,137.32,145.0,0,False,False,True,False,2.77,7.3,27.444502,0.90000004,0.90000004,21.272751,10.1,10.1,21,5,2,0,0.49999999999999994,-0.8660254037844387,45.0,44.33,41.67,29625.0,9066.67,9800.0,27.277832,27.642412,30.096586,5.4,8.099999,0.0,5.4,8.099999,0.0,20.807128499999997,20.732127,22.8154605,18.1,16.400001800000002,4.6,18.1,16.400001800000002,4.6,15.700001,6.299999
2025-05-22,37.67,2625.0,137.33,145.0,0,False,False,True,False,2.77,9.0,27.97158,1.9000001,1.9000001,21.0612925,7.80000115,7.80000115,22,5,3,0,0.49999999999999994,-0.8660254037844387,37.67,45.0,42.33,2500.0,8873.33,6550.0,27.444502,27.361168,30.565336,0.90000004,1.1,0.0,0.90000004,1.1,0.0,21.272751,20.899835,23.166501,10.1,8.0500005,2.15,10.1,8.0500005,2.15,7.3,15.700001
2025-05-23,37.67,9000.0,137.91,145.0,0,False,False,True,False,2.77,6.3999996,28.067415,8.3,8.3,21.393585,13.7500005,13.7500005,23,5,4,0,0.49999999999999994,-0.8660254037844387,37.67,45.0,43.0,2625.0,8680.0,3300.0,27.97158,27.277832,29.734085,1.9000001,5.4,1.2,1.9000001,5.4,1.2,21.0612925,20.807128499999997,22.176918,7.80000115,18.1,7.799999850000001,7.80000115,18.1,7.799999850000001,9.0,7.3
2025-05-24,37.67,5225.0,136.65,145.0,0,False,False,True,False,2.77,12.200001,28.623672,0.9,0.9,21.2040005,6.4500005,6.4500005,24,5,5,1,0.49999999999999994,-0.8660254037844387,37.67,37.67,43.67,9000.0,8486.67,2550.0,28.067415,27.444502,28.809082,8.3,0.90000004,0.0,8.3,0.90000004,0.0,21.393585,21.272751,20.793584,13.7500005,10.1,10.00000025,13.7500005,10.1,10.00000025,6.3999996,9.0
2025-05-25,37.67,13125.0,136.65,145.0,0,False,False,True,False,2.77,11.900001,29.398666,0.0,0.0,22.364419,2.45,2.45,25,5,6,1,0.49999999999999994,-0.8660254037844387,37.67,37.67,44.33,5225.0,8293.33,1800.0,28.623672,27.97158,27.642412,0.9,1.9000001,8.099999,0.9,1.9000001,8.099999,21.2040005,21.0612925,20.732127,6.4500005,7.80000115,16.400001800000002,6.4500005,7.80000115,16.400001800000002,12.200001,6.3999996
2025-05-26,35.0,18000.0,136.65,145.0,0,False,False,True,False,2.77,13.8,28.884089,1.1,1.1,21.892542,12.250001,12.250001,26,5,0,0,0.49999999999999994,-0.8660254037844387,37.67,37.67,45.0,13125.0,8100.0,5000.0,29.398666,28.067415,27.361168,0.0,8.3,1.1,0.0,8.3,1.1,22.364419,21.393585,20.899835,2.45,13.7500005,8.0500005,2.45,13.7500005,8.0500005,11.900001,12.200001
2025-05-27,35.0,10350.0,136.44,145.0,0,False,False,True,False,2.77,3.9999998,29.613245,0.0,0.0,22.423793,1.9500000499999999,1.9500000499999999,27,5,1,0,0.49999999999999994,-0.8660254037844387,35.0,37.67,45.0,18000.0,29625.0,2875.0,28.884089,28.623672,27.277832,1.1,0.9,5.4,1.1,0.9,5.4,21.892542,21.2040005,20.807128499999997,12.250001,6.4500005,18.1,12.250001,6.4500005,18.1,13.8,11.900001
2025-05-28,35.0,2700.0,136.84,145.0,0,False,False,True,False,2.77,7.3,30.752832,0.0,0.0,22.6498335,5.9,5.9,28,5,2,0,0.49999999999999994,-0.8660254037844387,35.0,37.67,37.67,10350.0,2500.0,8012.5,29.613245,29.398666,27.444502,0.0,0.0,0.90000004,0.0,0.0,0.90000004,22.423793,22.364419,21.272751,1.9500000499999999,2.45,10.1,1.9500000499999999,2.45,10.1,3.9999998,13.8
2025-05-29,45.0,4500.0,136.88,145.0,0,False,False,True,False,2.77,4.2999997,29.936167,1.3000001,1.3000001,23.100877,7.6499999999999995,7.6499999999999995,29,5,3,0,0.49999999999999994,-0.8660254037844387,35.0,35.0,37.67,2700.0,2625.0,13150.0,30.752832,28.884089,27.97158,0.0,1.1,1.9000001,0.0,1.1,1.9000001,22.6498335,21.892542,21.0612925,5.9,12.250001,7.80000115,5.9,12.250001,7.80000115,7.3,3.9999998
2025-05-30,45.0,1500.0,137.12,145.0,0,False,False,True,False,2.77,1.5,30.440336,0.5,0.5,23.332126000000002,1.3000001,1.3000001,30,5,4,0,0.49999999999999994,-0.8660254037844387,45.0,35.0,37.67,4500.0,9000.0,7680.0,29.936167,29.613245,28.067415,1.3000001,0.0,8.3,1.3000001,0.0,8.3,23.100877,22.423793,21.393585,7.6499999999999995,1.9500000499999999,13.7500005,7.6499999999999995,1.9500000499999999,13.7500005,4.2999997,7.3
2025-05-31,45.0,6375.0,137.23,143.0,0,False,False,True,False,2.77,2.3999999,30.825747,12.3,12.3,23.588375,4.0499998999999995,4.0499998999999995,31,5,5,1,0.49999999999999994,-0.8660254037844387,45.0,35.0,37.67,1500.0,5225.0,2210.0,30.440336,30.752832,28.623672,0.5,0.0,0.9,0.5,0.0,0.9,23.332126000000002,22.6498335,21.2040005,1.3000001,5.9,6.4500005,1.3000001,5.9,6.4500005,1.5,4.2999997
2025-06-01,50.0,11250.0,137.23,145.0,0,False,True,False,False,2.72,7.4,30.125746,21.000002,21.000002,22.624835,10.4,10.4,1,6,6,1,1.2246467991473532e-16,-1.0,45.0,45.0,37.67,6375.0,13125.0,23500.0,30.825747,29.936167,29.398666,12.3,1.3000001,0.0,12.3,1.3000001,0.0,23.588375,23.100877,22.364419,4.0499998999999995,7.6499999999999995,2.45,4.0499998999999995,7.6499999999999995,2.45,2.3999999,1.5
2025-06-02,50.0,15000.0,137.23,145.0,0,False,True,False,False,2.72,1.9000001,29.200747,3.1999998,3.1999998,21.526919,6.10000005,6.10000005,2,6,0,0,1.2246467991473532e-16,-1.0,50.0,45.0,35.0,11250.0,18000.0,17250.0,30.125746,30.440336,28.884089,21.000002,0.5,1.1,21.000002,0.5,1.1,22.624835,23.332126000000002,21.892542,10.4,1.3000001,12.250001,10.4,1.3000001,12.250001,7.4,2.3999999
2025-06-03,65.0,7500.0,136.92,145.0,0,False,True,False,False,2.72,0.1,29.607002,1.2,1.2,21.864417500000002,1.55000005,1.55000005,3,6,1,0,1.2246467991473532e-16,-1.0,50.0,45.0,35.0,15000.0,10350.0,11000.0,29.200747,30.825747,29.613245,3.1999998,12.3,0.0,3.1999998,12.3,0.0,21.526919,23.588375,22.423793,6.10000005,4.0499998999999995,1.9500000499999999,6.10000005,4.0499998999999995,1.9500000499999999,1.9000001,7.4
2025-06-04,65.0,7125.0,137.25,145.0,0,False,True,False,False,2.72,19.900002,26.40075,12.1,12.1,20.194628,9.0,9.0,4,6,2,0,1.2246467991473532e-16,-1.0,65.0,50.0,35.0,7500.0,2700.0,10806.67,29.607002,30.125746,30.752832,1.2,21.000002,0.0,1.2,21.000002,0.0,21.864417500000002,22.624835,22.6498335,1.55000005,10.4,5.9,1.55000005,10.4,5.9,0.1,1.9000001
2025-06-05,65.0,6750.0,137.75,145.0,0,False,True,False,False,2.72,2.8,27.531998,0.3,0.3,20.5383755,7.3,7.3,5,6,3,0,1.2246467991473532e-16,-1.0,65.0,50.0,45.0,7125.0,4500.0,10613.33,26.40075,29.200747,29.936167,12.1,3.1999998,1.3000001,12.1,3.1999998,1.3000001,20.194628,21.526919,23.100877,9.0,6.10000005,7.6499999999999995,9.0,6.10000005,7.6499999999999995,19.900002,0.1
2025-06-06,70.75,6375.0,137.57,145.0,0,False,True,False,False,2.72,1.6,27.229918,0.6,0.6,21.241502500000003,3.2999999,3.2999999,6,6,4,0,1.2246467991473532e-16,-1.0,65.0,65.0,45.0,6750.0,1500.0,10420.0,27.531998,29.607002,30.440336,0.3,1.2,0.5,0.3,1.2,0.5,20.5383755,21.864417500000002,23.332126000000002,7.3,1.55000005,1.3000001,7.3,1.55000005,1.3000001,2.8,19.900002
2025-06-07,70.0,6000.0,137.31,145.0,0,False,True,False,False,2.72,1.8000001,29.357,0.0,0.0,22.599832499999998,1.35,1.35,7,6,5,1,1.2246467991473532e-16,-1.0,70.75,65.0,45.0,6375.0,6375.0,10226.67,27.229918,26.40075,30.825747,0.6,12.1,12.3,0.6,12.1,12.3,21.241502500000003,20.194628,23.588375,3.2999999,9.0,4.0499998999999995,3.2999999,9.0,4.0499998999999995,1.6,2.8
2025-06-08,75.0,5625.0,137.31,145.0,0,False,True,False,False,2.72,0.0,30.994501,0.0,0.0,23.343583000000002,0.450000025,0.450000025,8,6,6,1,1.2246467991473532e-16,-1.0,70.0,65.0,50.0,6000.0,11250.0,10033.33,29.357,27.531998,30.125746,0.0,0.3,21.000002,0.0,0.3,21.000002,22.599832499999998,20.5383755,22.624835,1.35,7.3,10.4,1.35,7.3,10.4,1.8000001,1.6
2025-06-09,85.0,5250.0,137.31,145.0,0,False,True,False,False,2.72,0.0,32.148666,0.0,0.0,24.470669,0.15000000000000002,0.15000000000000002,9,6,0,0,1.2246467991473532e-16,-1.0,75.0,70.75,50.0,5625.0,15000.0,9840.0,30.994501,27.229918,29.200747,0.0,0.6,3.1999998,0.0,0.6,3.1999998,23.343583000000002,21.241502500000003,21.526919,0.450000025,3.2999999,6.10000005,0.450000025,3.2999999,6.10000005,0.0,1.8000001
2025-06-10,105.5,4875.0,137.3,145.0,0,False,True,False,False,2.72,1.4,32.790333,0.0,0.0,24.666501,5.10000005,5.10000005,10,6,1,0,1.2246467991473532e-16,-1.0,85.0,70.0,65.0,5250.0,7500.0,9646.67,32.148666,29.357,29.607002,0.0,0.0,1.2,0.0,0.0,1.2,24.470669,22.599832499999998,21.864417500000002,0.15000000000000002,1.35,1.55000005,0.15000000000000002,1.35,1.55000005,0.0,0.0
2025-06-11,104.25,4500.0,137.27,145.0,0,False,True,False,False,2.72,8.700001,32.66325,0.5,0.5,24.050874,5.0,5.0,11,6,2,0,1.2246467991473532e-16,-1.0,105.5,75.0,65.0,4875.0,7125.0,9453.33,32.790333,30.994501,26.40075,0.0,0.0,12.1,0.0,0.0,12.1,24.666501,23.343583000000002,20.194628,5.10000005,0.450000025,9.0,5.10000005,0.450000025,9.0,1.4,0.0
2025-06-12,96.4,4500.0,137.12,145.0,0,False,True,False,False,2.72,3.7,31.032003,6.5999994,6.5999994,23.5310855,8.300000050000001,8.300000050000001,12,6,3,0,1.2246467991473532e-16,-1.0,104.25,85.0,65.0,4500.0,6750.0,9260.0,32.66325,32.148666,27.531998,0.5,0.0,0.3,0.5,0.0,0.3,24.050874,24.470669,20.5383755,5.0,0.15000000000000002,7.3,5.0,0.15000000000000002,7.3,8.700001,1.4
2025-06-13,73.6,4437.6760563380285,137.27,145.0,0,False,True,False,False,2.72,6.9,31.02575,2.3,2.3,23.647753,12.000001,12.000001,13,6,4,0,1.2246467991473532e-16,-1.0,96.4,105.5,70.75,4500.0,6375.0,9066.67,31.032003,32.790333,27.229918,6.5999994,0.0,0.6,6.5999994,0.0,0.6,23.5310855,24.666501,21.241502500000003,8.300000050000001,5.10000005,3.2999999,8.300000050000001,5.10000005,3.2999999,3.7,8.700001
2025-06-14,63.2,4375.352112676056,138.04,145.0,0,False,True,False,False,2.72,9.200001,32.259083,20.800001,20.800001,24.043584,8.2000005,8.2000005,14,6,5,1,1.2246467991473532e-16,-1.0,73.6,104.25,70.0,4437.6760563380285,6000.0,8873.33,31.02575,32.66325,29.357,2.3,0.5,0.0,2.3,0.5,0.0,23.647753,24.050874,22.599832499999998,12.000001,5.0,1.35,12.000001,5.0,1.35,6.9,3.7
2025-06-15,65.0,4313.028169014085,138.04,145.0,0,False,True,False,False,2.72,5.8999996,28.609085,17.900002,17.900002,23.116501,2.70000005,2.70000005,15,6,6,1,1.2246467991473532e-16,-1.0,63.2,96.4,75.0,4375.352112676056,5625.0,8680.0,32.259083,31.032003,30.994501,20.800001,6.5999994,0.0,20.800001,6.5999994,0.0,24.043584,23.5310855,23.343583000000002,8.2000005,8.300000050000001,0.450000025,8.2000005,8.300000050000001,0.450000025,9.200001,6.9
2025-06-16,67.4,4250.704225352113,138.04,145.0,0,False,True,False,False,2.72,32.0,31.213251,0.0,0.0,23.538376,9.15,9.15,16,6,0,0,1.2246467991473532e-16,-1.0,65.0,73.6,85.0,4313.028169014085,5250.0,8486.67,28.609085,31.02575,32.148666,17.900002,2.3,0.0,17.900002,2.3,0.0,23.116501,23.647753,24.470669,2.70000005,12.000001,0.15000000000000002,2.70000005,12.000001,0.15000000000000002,5.8999996,9.200001
2025-06-17,71.0,4188.380281690141,138.01,145.0,0,False,True,False,False,2.72,19.599997,29.94242,14.2,14.2,23.123794,10.84999975,10.84999975,17,6,1,0,1.2246467991473532e-16,-1.0,67.4,63.2,105.5,4250.704225352113,4875.0,8293.33,31.213251,32.259083,32.790333,0.0,20.800001,0.0,0.0,20.800001,0.0,23.538376,24.043584,24.666501,9.15,8.2000005,5.10000005,9.15,8.2000005,5.10000005,32.0,5.8999996
2025-06-18,63.8,4126.056338028169,138.29,145.0,0,False,True,False,False,2.72,22.199999,28.63617,14.8,14.8,22.687335,19.199999,19.199999,18,6,2,0,1.2246467991473532e-16,-1.0,71.0,65.0,104.25,4188.380281690141,4500.0,8100.0,29.94242,28.609085,32.66325,14.2,17.900002,0.5,14.2,17.900002,0.5,23.123794,23.116501,24.050874,10.84999975,2.70000005,5.0,10.84999975,2.70000005,5.0,19.599997,32.0
2025-06-19,65.0,4063.7323943661972,138.67,145.0,0,False,True,False,False,2.72,71.40001,28.19242,3.7999992,3.7999992,22.796709,13.8500005,13.8500005,19,6,3,0,1.2246467991473532e-16,-1.0,63.8,67.4,96.4,4126.056338028169,4500.0,29625.0,28.63617,31.213251,31.032003,14.8,0.0,6.5999994,14.8,0.0,6.5999994,22.687335,23.538376,23.5310855,19.199999,9.15,8.300000050000001,19.199999,9.15,8.300000050000001,22.199999,19.599997
2025-06-20,65.0,4001.4084507042253,139.06,145.0,0,False,True,False,False,2.72,27.000002,29.671583,0.0,0.0,23.0946275,18.1,18.1,20,6,4,0,1.2246467991473532e-16,-1.0,65.0,71.0,73.6,4063.7323943661972,4437.6760563380285,2500.0,28.19242,29.94242,31.02575,3.7999992,14.2,2.3,3.7999992,14.2,2.3,22.796709,23.123794,23.647753,13.8500005,10.84999975,12.000001,13.8500005,10.84999975,12.000001,71.40001,22.199999
2025-06-21,65.0,3939.084507042254,138.84,145.0,0,False,True,False,False,2.72,5.7,30.225748,0.5,0.5,23.80296,9.9500005,9.9500005,21,6,5,1,1.2246467991473532e-16,-1.0,65.0,63.8,63.2,4001.4084507042253,4375.352112676056,2625.0,29.671583,28.63617,32.259083,0.0,14.8,20.800001,0.0,14.8,20.800001,23.0946275,22.687335,24.043584,18.1,19.199999,8.2000005,18.1,19.199999,8.2000005,27.000002,71.40001
2025-06-22,65.8,3876.760563380282,138.84,145.0,0,False,True,False,False,2.72,23.000002,29.236166,9.8,9.8,23.5321275,10.3000005,10.3000005,22,6,6,1,1.2246467991473532e-16,-1.0,65.0,65.0,65.0,3939.084507042254,4313.028169014085,9000.0,30.225748,28.19242,28.609085,0.5,3.7999992,17.900002,0.5,3.7999992,17.900002,23.80296,22.796709,23.116501,9.9500005,13.8500005,2.70000005,9.9500005,13.8500005,2.70000005,5.7,27.000002
2025-06-23,65.0,3814.43661971831,138.84,145.0,0,False,True,False,False,2.72,49.6,27.861168,32.0,32.0,22.7081685,19.3499995,19.3499995,23,6,0,0,1.2246467991473532e-16,-1.0,65.8,65.0,67.4,3876.760563380282,4250.704225352113,5225.0,29.236166,29.671583,31.213251,9.8,0.0,0.0,9.8,0.0,0.0,23.5321275,23.0946275,23.538376,10.3000005,18.1,9.15,10.3000005,18.1,9.15,23.000002,5.7
2025-06-24,65.6,3752.112676056338,139.11,145.0,0,False,True,False,False,2.72,16.199999,28.877836,3.1999998,3.1999998,22.8644185,28.550000999999998,28.550000999999998,24,6,1,0,1.2246467991473532e-16,-1.0,65.0,65.0,71.0,3814.43661971831,4188.380281690141,13125.0,27.861168,30.225748,29.94242,32.0,0.5,14.2,32.0,0.5,14.2,22.7081685,23.80296,23.123794,19.3499995,9.9500005,10.84999975,19.3499995,9.9500005,10.84999975,49.6,23.000002
2025-06-25,63.0,3689.788732394366,137.87,145.0,0,False,True,False,False,2.72,3.5999994,30.184082,0.9000001,0.9000001,23.287333500000003,25.4000035,25.4000035,25,6,2,0,1.2246467991473532e-16,-1.0,65.6,65.8,63.8,3752.112676056338,4126.056338028169,18000.0,28.877836,29.236166,28.63617,3.1999998,9.8,14.8,3.1999998,9.8,14.8,22.8644185,23.5321275,22.687335,28.550000999999998,10.3000005,19.199999,28.550000999999998,10.3000005,19.199999,16.199999,49.6
2025-06-26,64.0,3627.4647887323945,138.03,145.0,0,False,True,False,False,2.72,12.1,30.87992,0.2,0.2,23.610248499999997,19.700000000000003,19.700000000000003,26,6,3,0,1.2246467991473532e-16,-1.0,63.0,65.0,65.0,3689.788732394366,4063.7323943661972,10350.0,30.184082,27.861168,28.19242,0.9000001,32.0,3.7999992,0.9000001,32.0,3.7999992,23.287333500000003,22.7081685,22.796709,25.4000035,19.3499995,13.8500005,25.4000035,19.3499995,13.8500005,3.5999994,16.199999
2025-06-27,69.0,3565.1408450704225,137.44,145.0,0,False,True,False,False,2.72,19.699999,30.715332,0.2,0.2,23.3279615,13.950000500000002,13.950000500000002,27,6,4,0,1.2246467991473532e-16,-1.0,64.0,65.6,65.0,3627.4647887323945,4001.4084507042253,2700.0,30.87992,28.877836,29.671583,0.2,3.1999998,0.0,0.2,3.1999998,0.0,23.610248499999997,22.8644185,23.0946275,19.700000000000003,28.550000999999998,18.1,19.700000000000003,28.550000999999998,18.1,12.1,3.5999994
2025-06-28,65.0,3502.8169014084506,137.07,145.0,0,False,True,False,False,2.72,6.9,29.686167,2.2,2.2,22.892542,7.2000005,7.2000005,28,6,5,1,1.2246467991473532e-16,-1.0,69.0,63.0,65.0,3565.1408450704225,3939.084507042254,4500.0,30.715332,30.184082,30.225748,0.2,0.9000001,0.5,0.2,0.9000001,0.5,23.3279615,23.287333500000003,23.80296,13.950000500000002,25.4000035,9.9500005,13.950000500000002,25.4000035,9.9500005,19.699999,12.1
2025-06-29,66.0,3440.492957746479,137.07,145.0,0,False,True,False,False,2.72,26.3,27.850748,19.1,19.1,22.571708,18.1,18.1,29,6,6,1,1.2246467991473532e-16,-1.0,65.0,64.0,65.8,3502.8169014084506,3876.760563380282,1500.0,29.686167,30.87992,29.236166,2.2,0.2,9.8,2.2,0.2,9.8,22.892542,23.610248499999997,23.5321275,7.2000005,19.700000000000003,10.3000005,7.2000005,19.700000000000003,10.3000005,6.9,19.699999
2025-06-30,65.8,3378.169014084507,137.07,149.0,0,False,True,False,False,2.72,18.3,28.32575,20.100004,20.100004,22.444626,10.5500007,10.5500007,30,6,0,0,1.2246467991473532e-16,-1.0,66.0,69.0,65.0,3440.492957746479,3814.43661971831,6375.0,27.850748,30.715332,27.861168,19.1,0.2,32.0,19.1,0.2,32.0,22.571708,23.3279615,22.7081685,18.1,13.950000500000002,19.3499995,18.1,13.950000500000002,19.3499995,26.3,6.9
2025-07-01,63.2,3315.845070422535,137.52,149.0,0,False,True,False,False,2.2,33.100002,29.50908,3.9999998,3.9999998,23.3206675,21.200000000000003,21.200000000000003,1,7,1,0,-0.4999999999999997,-0.8660254037844388,65.8,65.0,65.6,3378.169014084507,3752.112676056338,11250.0,28.32575,29.686167,28.877836,20.100004,2.2,3.1999998,20.100004,2.2,3.1999998,22.444626,22.892542,22.8644185,10.5500007,7.2000005,28.550000999999998,10.5500007,7.2000005,28.550000999999998,18.3,26.3
2025-07-02,70.0,3253.5211267605637,137.14,149.0,0,False,True,False,False,2.2,28.300001,29.432001,12.200001,12.200001,23.0821275,11.3500005,11.3500005,2,7,2,0,-0.4999999999999997,-0.8660254037844388,63.2,66.0,63.0,3315.845070422535,3689.788732394366,15000.0,29.50908,27.850748,30.184082,3.9999998,19.1,0.9000001,3.9999998,19.1,0.9000001,23.3206675,22.571708,23.287333500000003,21.200000000000003,18.1,25.4000035,21.200000000000003,18.1,25.4000035,33.100002,18.3
2025-07-03,70.0,3191.1971830985913,137.43,149.0,0,False,True,False,False,2.2,31.400002,29.798666,4.4999995,4.4999995,23.113374999999998,14.0499995,14.0499995,3,7,3,0,-0.4999999999999997,-0.8660254037844388,70.0,65.8,64.0,3253.5211267605637,3627.4647887323945,7500.0,29.432001,28.32575,30.87992,12.200001,20.100004,0.2,12.200001,20.100004,0.2,23.0821275,22.444626,23.610248499999997,11.3500005,10.5500007,19.700000000000003,11.3500005,10.5500007,19.700000000000003,28.300001,33.100002
2025-07-04,68.33,3128.8732394366198,136.8,149.0,0,False,True,False,False,2.2,25.3,29.59242,4.4999995,4.4999995,22.5946255,23.7500005,23.7500005,4,7,4,0,-0.4999999999999997,-0.8660254037844388,70.0,63.2,69.0,3191.1971830985913,3565.1408450704225,7125.0,29.798666,29.50908,30.715332,4.4999995,3.9999998,0.2,4.4999995,3.9999998,0.2,23.113374999999998,23.3206675,23.3279615,14.0499995,21.200000000000003,13.950000500000002,14.0499995,21.200000000000003,13.950000500000002,31.400002,28.300001
2025-07-05,65.0,3066.549295774648,136.94,149.0,0,False,True,False,False,2.2,13.0,29.686165,8.3,8.3,22.395668999999998,20.09999965,20.09999965,5,7,5,1,-0.4999999999999997,-0.8660254037844388,68.33,70.0,65.0,3128.8732394366198,3502.8169014084506,6750.0,29.59242,29.432001,29.686167,4.4999995,12.200001,2.2,4.4999995,12.200001,2.2,22.5946255,23.0821275,22.892542,23.7500005,11.3500005,7.2000005,23.7500005,11.3500005,7.2000005,25.3,31.400002
2025-07-06,65.0,3004.225352112676,136.94,149.0,0,False,True,False,False,2.2,4.9,30.298666,2.1999998,2.1999998,22.5967105,20.099999500000003,20.099999500000003,6,7,6,1,-0.4999999999999997,-0.8660254037844388,65.0,70.0,66.0,3066.549295774648,3440.492957746479,6375.0,29.686165,29.798666,27.850748,8.3,4.4999995,19.1,8.3,4.4999995,19.1,22.395668999999998,23.113374999999998,22.571708,20.09999965,14.0499995,18.1,20.09999965,14.0499995,18.1,13.0,25.3
2025-07-07,69.0,2941.9014084507044,136.94,149.0,0,False,True,False,False,2.2,4.3,30.63408,4.6,4.6,23.2165015,6.3999995,6.3999995,7,7,0,0,-0.4999999999999997,-0.8660254037844388,65.0,68.33,65.8,3004.225352112676,3378.169014084507,6000.0,30.298666,29.59242,28.32575,2.1999998,4.4999995,20.100004,2.1999998,4.4999995,20.100004,22.5967105,22.5946255,22.444626,20.099999500000003,23.7500005,10.5500007,20.099999500000003,23.7500005,10.5500007,4.9,13.0
2025-07-08,69.0,2879.5774647887324,137.67,149.0,0,False,True,False,False,2.2,11.800001,30.09658,6.3999996,6.3999996,22.9498335,11.3999995,11.3999995,8,7,1,0,-0.4999999999999997,-0.8660254037844388,69.0,65.0,63.2,2941.9014084507044,3315.845070422535,5625.0,30.63408,29.686165,29.50908,4.6,8.3,3.9999998,4.6,8.3,3.9999998,23.2165015,22.395668999999998,23.3206675,6.3999995,20.09999965,21.200000000000003,6.3999995,20.09999965,21.200000000000003,4.3,4.9
2025-07-09,68.0,2817.2535211267605,137.42,149.0,0,False,True,False,False,2.2,48.899998,29.709085,1.8000001,1.8000001,22.4248355,10.700001,10.700001,9,7,2,0,-0.4999999999999997,-0.8660254037844388,69.0,65.0,70.0,2879.5774647887324,3253.5211267605637,5250.0,30.09658,30.298666,29.432001,6.3999996,2.1999998,12.200001,6.3999996,2.1999998,12.200001,22.9498335,22.5967105,23.0821275,11.3999995,20.099999500000003,11.3500005,11.3999995,20.099999500000003,11.3500005,11.800001,4.3
2025-07-10,65.0,2754.929577464789,137.38,149.0,0,False,True,False,False,2.2,16.300001,30.584078,0.6,0.6,22.6133785,13.550002500000002,13.550002500000002,10,7,3,0,-0.4999999999999997,-0.8660254037844388,68.0,69.0,70.0,2817.2535211267605,3191.1971830985913,4875.0,29.709085,30.63408,29.798666,1.8000001,4.6,4.4999995,1.8000001,4.6,4.4999995,22.4248355,23.2165015,23.113374999999998,10.700001,6.3999995,14.0499995,10.700001,6.3999995,14.0499995,48.899998,11.800001
2025-07-11,70.0,2692.605633802817,137.32,149.0,0,False,True,False,False,2.2,10.2,30.454918,2.5,2.5,22.945667,9.24999965,9.24999965,11,7,4,0,-0.4999999999999997,-0.8660254037844388,65.0,69.0,68.33,2754.929577464789,3128.8732394366198,4500.0,30.584078,30.09658,29.59242,0.6,6.3999996,4.4999995,0.6,6.3999996,4.4999995,22.6133785,22.9498335,22.5946255,13.550002500000002,11.3999995,23.7500005,13.550002500000002,11.3999995,23.7500005,16.300001,48.899998
2025-07-12,65.0,2630.281690140845,137.59,149.0,0,False,True,False,False,2.2,10.6,31.302834,0.5,0.5,23.6935845,9.149999999999999,9.149999999999999,12,7,5,1,-0.4999999999999997,-0.8660254037844388,70.0,68.0,65.0,2692.605633802817,3066.549295774648,4500.0,30.454918,29.709085,29.686165,2.5,1.8000001,8.3,2.5,1.8000001,8.3,22.945667,22.4248355,22.395668999999998,9.24999965,10.700001,20.09999965,9.24999965,10.700001,20.09999965,10.2,16.300001
2025-07-13,65.0,2567.9577464788736,137.59,149.0,0,False,True,False,False,2.2,21.3,31.69033,2.0,2.0,23.708168,7.3500000000000005,7.3500000000000005,13,7,6,1,-0.4999999999999997,-0.8660254037844388,65.0,65.0,65.0,2630.281690140845,3004.225352112676,4437.6760563380285,31.302834,30.584078,30.298666,0.5,0.6,2.1999998,0.5,0.6,2.1999998,23.6935845,22.6133785,22.5967105,9.149999999999999,13.550002500000002,20.099999500000003,9.149999999999999,13.550002500000002,20.099999500000003,10.6,10.2
2025-07-14,65.0,2505.633802816901,137.59,149.0,0,False,True,False,False,2.2,25.400003,30.265327,12.6,12.6,22.9852505,15.550000699999998,15.550000699999998,14,7,0,0,-0.4999999999999997,-0.8660254037844388,65.0,70.0,69.0,2567.9577464788736,2941.9014084507044,4375.352112676056,31.69033,30.454918,30.63408,2.0,2.5,4.6,2.0,2.5,4.6,23.708168,22.945667,23.2165015,7.3500000000000005,9.24999965,6.3999995,7.3500000000000005,9.24999965,6.3999995,21.3,10.6
2025-07-15,65.0,2443.3098591549297,137.88,148.0,0,False,True,False,False,2.2,25.5,29.92575,0.7,0.7,23.086292,7.800000000000001,7.800000000000001,15,7,1,0,-0.4999999999999997,-0.8660254037844388,65.0,65.0,69.0,2505.633802816901,2879.5774647887324,4313.028169014085,30.265327,31.302834,30.09658,12.6,0.5,6.3999996,12.6,0.5,6.3999996,22.9852505,23.6935845,22.9498335,15.550000699999998,9.149999999999999,11.3999995,15.550000699999998,9.149999999999999,11.3999995,25.400003,21.3
2025-07-16,65.0,2380.9859154929577,137.6,148.0,0,False,True,False,False,2.2,1.0,28.021582,9.3,9.3,22.714416,7.35000035,7.35000035,16,7,2,0,-0.4999999999999997,-0.8660254037844388,65.0,65.0,68.0,2443.3098591549297,2817.2535211267605,4250.704225352113,29.92575,31.69033,29.709085,0.7,2.0,1.8000001,0.7,2.0,1.8000001,23.086292,23.708168,22.4248355,7.800000000000001,7.3500000000000005,10.700001,7.800000000000001,7.3500000000000005,10.700001,25.5,25.400003
2025-07-17,65.0,2318.6619718309857,137.81,148.0,0,False,True,False,False,2.2,1.0,29.698664,5.0,5.0,22.866502,4.550000000000001,4.550000000000001,17,7,3,0,-0.4999999999999997,-0.8660254037844388,65.0,65.0,65.0,2380.9859154929577,2754.929577464789,4188.380281690141,28.021582,30.265327,30.584078,9.3,12.6,0.6,9.3,12.6,0.6,22.714416,22.9852505,22.6133785,7.35000035,15.550000699999998,13.550002500000002,7.35000035,15.550000699999998,13.550002500000002,1.0,25.5
2025-07-18,65.0,2256.3380281690143,138.03,148.0,0,False,True,False,False,2.2,1.1,30.723663,0.8,0.8,23.8456665,2.70000005,2.70000005,18,7,4,0,-0.4999999999999997,-0.8660254037844388,65.0,65.0,70.0,2318.6619718309857,2692.605633802817,4126.056338028169,29.698664,29.92575,30.454918,5.0,0.7,2.5,5.0,0.7,2.5,22.866502,23.086292,22.945667,4.550000000000001,7.800000000000001,9.24999965,4.550000000000001,7.800000000000001,9.24999965,1.0,1.0
2025-07-19,65.0,2194.0140845070423,138.14,148.0,0,False,True,False,False,2.2,1.4000002,32.39034,0.2,0.2,24.539413500000002,8.1500001,8.1500001,19,7,5,1,-0.4999999999999997,-0.8660254037844388,65.0,65.0,65.0,2256.3380281690143,2630.281690140845,4063.7323943661972,30.723663,28.021582,31.302834,0.8,9.3,0.5,0.8,9.3,0.5,23.8456665,22.714416,23.6935845,2.70000005,7.35000035,9.149999999999999,2.70000005,7.35000035,9.149999999999999,1.1,1.0
2025-07-20,65.0,2131.6901408450703,138.14,148.0,0,False,True,False,False,2.2,8.400002,29.092415,6.1,6.1,23.4258765,15.4000005,15.4000005,20,7,6,1,-0.4999999999999997,-0.8660254037844388,65.0,65.0,65.0,2194.0140845070423,2567.9577464788736,4001.4084507042253,32.39034,29.698664,31.69033,0.2,5.0,2.0,0.2,5.0,2.0,24.539413500000002,22.866502,23.708168,8.1500001,4.550000000000001,7.3500000000000005,8.1500001,4.550000000000001,7.3500000000000005,1.4000002,1.1
2025-07-21,60.0,2069.366197183099,138.14,148.0,0,False,True,False,False,2.2,3.6000001,30.069498,1.7000002,1.7000002,23.658167499999998,5.2000003,5.2000003,21,7,0,0,-0.4999999999999997,-0.8660254037844388,65.0,65.0,65.0,2131.6901408450703,2505.633802816901,3939.084507042254,29.092415,30.723663,30.265327,6.1,0.8,12.6,6.1,0.8,12.6,23.4258765,23.8456665,22.9852505,15.4000005,2.70000005,15.550000699999998,15.4000005,2.70000005,15.550000699999998,8.400002,1.4000002
2025-07-22,60.0,2007.042253521127,138.38,148.0,0,False,True,False,False,2.2,21.2,30.05075,1.2,1.2,23.5758795,4.7499991999999995,4.7499991999999995,22,7,1,0,-0.4999999999999997,-0.8660254037844388,60.0,65.0,65.0,2069.366197183099,2443.3098591549297,3876.760563380282,30.069498,32.39034,29.92575,1.7000002,0.2,0.7,1.7000002,0.2,0.7,23.658167499999998,24.539413500000002,23.086292,5.2000003,8.1500001,7.800000000000001,5.2000003,8.1500001,7.800000000000001,3.6000001,8.400002
2025-07-23,58.75,1944.718309859155,138.5,148.0,0,False,True,False,False,2.2,19.1,31.752832,0.1,0.1,24.016502,2.50000005,2.50000005,23,7,2,0,-0.4999999999999997,-0.8660254037844388,60.0,65.0,65.0,2007.042253521127,2380.9859154929577,3814.43661971831,30.05075,29.092415,28.021582,1.2,6.1,9.3,1.2,6.1,9.3,23.5758795,23.4258765,22.714416,4.7499991999999995,15.4000005,7.35000035,4.7499991999999995,15.4000005,7.35000035,21.2,3.6000001
2025-07-24,55.0,1882.394366197183,138.56,148.0,0,False,True,False,False,2.2,10.6,32.892414,0.1,0.1,24.808169,1.2500000500000001,1.2500000500000001,24,7,3,0,-0.4999999999999997,-0.8660254037844388,58.75,60.0,65.0,1944.718309859155,2318.6619718309857,3752.112676056338,31.752832,30.069498,29.698664,0.1,1.7000002,5.0,0.1,1.7000002,5.0,24.016502,23.658167499999998,22.866502,2.50000005,5.2000003,4.550000000000001,2.50000005,5.2000003,4.550000000000001,19.1,21.2
2025-07-25,55.0,1820.0704225352115,138.56,148.0,0,False,True,False,False,2.2,0.70000005,30.709084,11.4,11.4,24.3060895,8.59999965,8.59999965,25,7,4,0,-0.4999999999999997,-0.8660254037844388,55.0,60.0,65.0,1882.394366197183,2256.3380281690143,3689.788732394366,32.892414,30.05075,30.723663,0.1,1.2,0.8,0.1,1.2,0.8,24.808169,23.5758795,23.8456665,1.2500000500000001,4.7499991999999995,2.70000005,1.2500000500000001,4.7499991999999995,2.70000005,10.6,19.1
2025-07-26,55.0,1757.7464788732395,138.73,148.0,0,False,True,False,False,2.2,5.4999995,31.0445,1.4000001,1.4000001,23.6362925,18.35,18.35,26,7,5,1,-0.4999999999999997,-0.8660254037844388,55.0,58.75,65.0,1820.0704225352115,2194.0140845070423,3627.4647887323945,30.709084,31.752832,32.39034,11.4,0.1,0.2,11.4,0.1,0.2,24.3060895,24.016502,24.539413500000002,8.59999965,2.50000005,8.1500001,8.59999965,2.50000005,8.1500001,0.70000005,10.6
2025-07-27,55.0,1695.4225352112676,138.73,148.0,0,False,True,False,False,2.2,16.3,30.867414,2.7999997,2.7999997,23.872752,9.4,9.4,27,7,6,1,-0.4999999999999997,-0.8660254037844388,55.0,55.0,65.0,1757.7464788732395,2131.6901408450703,3565.1408450704225,31.0445,32.892414,29.092415,1.4000001,0.1,6.1,1.4000001,0.1,6.1,23.6362925,24.808169,23.4258765,18.35,1.2500000500000001,15.4000005,18.35,1.2500000500000001,15.4000005,5.4999995,0.70000005
2025-07-28,55.0,1633.0985915492956,138.73,148.0,0,False,True,False,False,2.2,40.1,27.725752,33.0,33.0,22.506083500000003,28.3000005,28.3000005,28,7,0,0,-0.4999999999999997,-0.8660254037844388,55.0,55.0,60.0,1695.4225352112676,2069.366197183099,3502.8169014084506,30.867414,30.709084,30.069498,2.7999997,11.4,1.7000002,2.7999997,11.4,1.7000002,23.872752,24.3060895,23.658167499999998,9.4,8.59999965,5.2000003,9.4,8.59999965,5.2000003,16.3,5.4999995
2025-07-29,55.6,1570.7746478873241,138.97,148.0,0,False,True,False,False,2.2,11.599999,29.048668,2.6999998,2.6999998,22.5862935,11.8000005,11.8000005,29,7,1,0,-0.4999999999999997,-0.8660254037844388,55.0,55.0,60.0,1633.0985915492956,2007.042253521127,3440.492957746479,27.725752,31.0445,30.05075,33.0,1.4000001,1.2,33.0,1.4000001,1.2,22.506083500000003,23.6362925,23.5758795,28.3000005,18.35,4.7499991999999995,28.3000005,18.35,4.7499991999999995,40.1,16.3
2025-07-30,55.0,1508.4507042253522,139.21,148.0,0,False,True,False,False,2.2,13.699999,29.4195,3.1999996,3.1999996,23.042544,14.3500005,14.3500005,30,7,2,0,-0.4999999999999997,-0.8660254037844388,55.6,55.0,58.75,1570.7746478873241,1944.718309859155,3378.169014084507,29.048668,30.867414,31.752832,2.6999998,2.7999997,0.1,2.6999998,2.7999997,0.1,22.5862935,23.872752,24.016502,11.8000005,9.4,2.50000005,11.8000005,9.4,2.50000005,11.599999,40.1
2025-07-31,55.4,1446.1267605633802,140.18,150.0,0,False,True,False,False,2.2,35.0,29.62575,6.6,6.6,23.0935855,4.60000015,4.60000015,31,7,3,0,-0.4999999999999997,-0.8660254037844388,55.0,55.0,55.0,1508.4507042253522,1882.394366197183,3315.845070422535,29.4195,27.725752,32.892414,3.1999996,33.0,0.1,3.1999996,33.0,0.1,23.042544,22.506083500000003,24.808169,14.3500005,28.3000005,1.2500000500000001,14.3500005,28.3000005,1.2500000500000001,13.699999,11.599999
2025-08-01,55.75,1383.8028169014083,140.46,150.0,0,False,True,False,False,1.68,2.8,28.61117,10.5,10.5,23.216502,3.85000005,3.85000005,1,8,4,0,-0.8660254037844385,-0.5000000000000004,55.4,55.6,55.0,1446.1267605633802,1820.0704225352115,3253.5211267605637,29.62575,29.048668,30.709084,6.6,2.6999998,11.4,6.6,2.6999998,11.4,23.0935855,22.5862935,24.3060895,4.60000015,11.8000005,8.59999965,4.60000015,11.8000005,8.59999965,35.0,13.699999
2025-08-02,55.0,1321.4788732394368,140.37,150.0,0,False,True,False,False,1.68,20.400003,28.2445,9.099999,9.099999,23.1467095,16.00000165,16.00000165,2,8,5,1,-0.8660254037844385,-0.5000000000000004,55.75,55.0,55.0,1383.8028169014083,1757.7464788732395,3191.1971830985913,28.61117,29.4195,31.0445,10.5,3.1999996,1.4000001,10.5,3.1999996,1.4000001,23.216502,23.042544,23.6362925,3.85000005,14.3500005,18.35,3.85000005,14.3500005,18.35,2.8,35.0
2025-08-03,55.6,1259.1549295774648,140.37,150.0,0,False,True,False,False,1.68,38.399998,26.4195,42.100006,42.100006,22.024835,27.0000025,27.0000025,3,8,6,1,-0.8660254037844385,-0.5000000000000004,55.0,55.4,55.0,1321.4788732394368,1695.4225352112676,3128.8732394366198,28.2445,29.62575,30.867414,9.099999,6.6,2.7999997,9.099999,6.6,2.7999997,23.1467095,23.0935855,23.872752,16.00000165,4.60000015,9.4,16.00000165,4.60000015,9.4,20.400003,2.8
2025-08-04,55.2,1196.8309859154929,140.37,150.0,0,False,True,False,False,1.68,14.800001,26.021584,53.4,53.4,22.194626,14.199998800000001,14.199998800000001,4,8,0,0,-0.8660254037844385,-0.5000000000000004,55.6,55.75,55.0,1259.1549295774648,1633.0985915492956,3066.549295774648,26.4195,28.61117,27.725752,42.100006,10.5,33.0,42.100006,10.5,33.0,22.024835,23.216502,22.506083500000003,27.0000025,3.85000005,28.3000005,27.0000025,3.85000005,28.3000005,38.399998,20.400003
2025-08-05,55.0,1134.5070422535214,140.56,150.0,0,False,True,False,False,1.68,28.4,27.569504,2.0000002,2.0000002,21.681086,6.2000006,6.2000006,5,8,1,0,-0.8660254037844385,-0.5000000000000004,55.2,55.0,55.6,1196.8309859154929,1570.7746478873241,3004.225352112676,26.021584,28.2445,29.048668,53.4,9.099999,2.6999998,53.4,9.099999,2.6999998,22.194626,23.1467095,22.5862935,14.199998800000001,16.00000165,11.8000005,14.199998800000001,16.00000165,11.8000005,14.800001,38.399998
2025-08-06,56.0,1072.1830985915494,140.79,150.0,0,False,True,False,False,1.68,0.5,28.384085,0.6,0.6,22.9040015,1.65000005,1.65000005,6,8,2,0,-0.8660254037844385,-0.5000000000000004,55.0,55.6,55.0,1134.5070422535214,1508.4507042253522,2941.9014084507044,27.569504,26.4195,29.4195,2.0000002,42.100006,3.1999996,2.0000002,42.100006,3.1999996,21.681086,22.024835,23.042544,6.2000006,27.0000025,14.3500005,6.2000006,27.0000025,14.3500005,28.4,14.800001
2025-08-07,55.0,1009.8591549295775,140.68,150.0,0,False,True,False,False,1.68,8.499999,28.452835,15.200001,15.200001,23.517544,6.900000400000001,6.900000400000001,7,8,3,0,-0.8660254037844385,-0.5000000000000004,56.0,55.2,55.4,1072.1830985915494,1446.1267605633802,2879.5774647887324,28.384085,26.021584,29.62575,0.6,53.4,6.6,0.6,53.4,6.6,22.9040015,22.194626,23.0935855,1.65000005,14.199998800000001,4.60000015,1.65000005,14.199998800000001,4.60000015,0.5,28.4
2025-08-08,55.0,947.5352112676055,140.63,150.0,0,False,True,False,False,1.68,13.500002,27.202835,17.800003,17.800003,22.556084499999997,16.6,16.6,8,8,4,0,-0.8660254037844385,-0.5000000000000004,55.0,55.0,55.75,1009.8591549295775,1383.8028169014083,2817.2535211267605,28.452835,27.569504,28.61117,15.200001,2.0000002,10.5,15.200001,2.0000002,10.5,23.517544,21.681086,23.216502,6.900000400000001,6.2000006,3.85000005,6.900000400000001,6.2000006,3.85000005,8.499999,0.5
2025-08-09,54.25,885.211267605634,140.56,150.0,0,False,True,False,False,1.68,15.700002,27.567415,3.7999997,3.7999997,22.236292499999998,11.600000300000001,11.600000300000001,9,8,5,1,-0.8660254037844385,-0.5000000000000004,55.0,56.0,55.0,947.5352112676055,1321.4788732394368,2754.929577464789,27.202835,28.384085,28.2445,17.800003,0.6,9.099999,17.800003,0.6,9.099999,22.556084499999997,22.9040015,23.1467095,16.6,1.65000005,16.00000165,16.6,1.65000005,16.00000165,13.500002,8.499999
2025-08-10,55.0,822.8873239436621,140.56,150.0,0,False,True,False,False,1.68,1.9000002,27.936165,10.400001,10.400001,22.977959,3.8499998,3.8499998,10,8,6,1,-0.8660254037844385,-0.5000000000000004,54.25,55.0,55.6,885.211267605634,1259.1549295774648,2692.605633802817,27.567415,28.452835,26.4195,3.7999997,15.200001,42.100006,3.7999997,15.200001,42.100006,22.236292499999998,23.517544,22.024835,11.600000300000001,6.900000400000001,27.0000025,11.600000300000001,6.900000400000001,27.0000025,15.700002,13.500002
2025-08-11,65.0,760.5633802816901,140.56,150.0,0,False,True,False,False,1.68,2.4999998,27.613249,13.7,13.7,22.8019165,8.2999997,8.2999997,11,8,0,0,-0.8660254037844385,-0.5000000000000004,55.0,55.0,55.2,822.8873239436621,1196.8309859154929,2630.281690140845,27.936165,27.202835,26.021584,10.400001,17.800003,53.4,10.400001,17.800003,53.4,22.977959,22.556084499999997,22.194626,3.8499998,16.6,14.199998800000001,3.8499998,16.6,14.199998800000001,1.9000002,15.700002
2025-08-12,64.0,698.2394366197182,140.56,150.0,0,False,True,False,False,1.68,11.500001,28.740334,12.700004,12.700004,23.8269205,9.8499995,9.8499995,12,8,1,0,-0.8660254037844385,-0.5000000000000004,65.0,54.25,55.0,760.5633802816901,1134.5070422535214,2567.9577464788736,27.613249,27.567415,27.569504,13.7,3.7999997,2.0000002,13.7,3.7999997,2.0000002,22.8019165,22.236292499999998,21.681086,8.2999997,11.600000300000001,6.2000006,8.2999997,11.600000300000001,6.2000006,2.4999998,1.9000002
2025-08-13,63.6,635.9154929577467,140.65,150.0,0,False,True,False,False,1.68,54.000004,26.532,20.4,20.4,22.305044000000002,31.200001,31.200001,13,8,2,0,-0.8660254037844385,-0.5000000000000004,64.0,55.0,56.0,698.2394366197182,1072.1830985915494,2505.633802816901,28.740334,27.936165,28.384085,12.700004,10.400001,0.6,12.700004,10.400001,0.6,23.8269205,22.977959,22.9040015,9.8499995,3.8499998,1.65000005,9.8499995,3.8499998,1.65000005,11.500001,2.4999998
2025-08-14,65.6,573.5915492957747,140.21,150.0,0,False,True,False,False,1.68,19.500002,28.019503,0.70000005,0.70000005,21.886294,19.2999962,19.2999962,14,8,3,0,-0.8660254037844385,-0.5000000000000004,63.6,65.0,55.0,635.9154929577467,1009.8591549295775,2443.3098591549297,26.532,27.613249,28.452835,20.4,13.7,15.200001,20.4,13.7,15.200001,22.305044000000002,22.8019165,23.517544,31.200001,8.2999997,6.900000400000001,31.200001,8.2999997,6.900000400000001,54.000004,11.500001
2025-08-15,65.0,511.26760563380276,140.39,149.0,0,False,True,False,False,1.68,2.4999998,28.617418,1.0,1.0,22.234209999999997,11.85,11.85,15,8,4,0,-0.8660254037844385,-0.5000000000000004,65.6,64.0,55.0,573.5915492957747,947.5352112676055,2380.9859154929577,28.019503,28.740334,27.202835,0.70000005,12.700004,17.800003,0.70000005,12.700004,17.800003,21.886294,23.8269205,22.556084499999997,19.2999962,9.8499995,16.6,19.2999962,9.8499995,16.6,19.500002,54.000004
2025-08-16,65.0,448.94366197183126,140.39,149.0,0,False,True,False,False,1.68,26.3,29.131996,1.7,1.7,22.917541999999997,16.05,16.05,16,8,5,1,-0.8660254037844385,-0.5000000000000004,65.0,63.6,54.25,511.26760563380276,885.211267605634,2318.6619718309857,28.617418,26.532,27.567415,1.0,20.4,3.7999997,1.0,20.4,3.7999997,22.234209999999997,22.305044000000002,22.236292499999998,11.85,31.200001,11.600000300000001,11.85,31.200001,11.600000300000001,2.4999998,19.500002
2025-08-17,65.0,386.6197183098593,140.39,149.0,0,False,True,False,False,1.68,35.599995,28.679916,5.4999995,5.4999995,22.866501,11.0,11.0,17,8,6,1,-0.8660254037844385,-0.5000000000000004,65.0,65.6,55.0,448.94366197183126,822.8873239436621,2256.3380281690143,29.131996,28.019503,27.936165,1.7,0.70000005,10.400001,1.7,0.70000005,10.400001,22.917541999999997,21.886294,22.977959,16.05,19.2999962,3.8499998,16.05,19.2999962,3.8499998,26.3,2.4999998
2025-08-18,74.4,324.2957746478878,140.39,149.0,0,False,True,False,False,1.68,9.900001,28.621582,7.8999996,7.8999996,22.944625000000002,6.55,6.55,18,8,0,0,-0.8660254037844385,-0.5000000000000004,65.0,65.0,65.0,386.6197183098593,760.5633802816901,2194.0140845070423,28.679916,28.617418,27.613249,5.4999995,1.0,13.7,5.4999995,1.0,13.7,22.866501,22.234209999999997,22.8019165,11.0,11.85,8.2999997,11.0,11.85,8.2999997,35.599995,26.3
2025-08-19,75.6,261.9718309859154,140.07,149.0,0,False,True,False,False,1.68,12.1,28.848665,7.0,7.0,22.810250500000002,7.14999985,7.14999985,19,8,1,0,-0.8660254037844385,-0.5000000000000004,74.4,65.0,64.0,324.2957746478878,698.2394366197182,2131.6901408450703,28.621582,29.131996,28.740334,7.8999996,1.7,12.700004,7.8999996,1.7,12.700004,22.944625000000002,22.917541999999997,23.8269205,6.55,16.05,9.8499995,6.55,16.05,9.8499995,9.900001,35.599995
2025-08-20,84.0,199.6478873239439,139.43,149.0,0,False,True,False,False,1.68,7.9999995,28.821585,0.3,0.3,22.392546,7.500000699999999,7.500000699999999,20,8,2,0,-0.8660254037844385,-0.5000000000000004,75.6,65.0,63.6,261.9718309859154,635.9154929577467,2069.366197183099,28.848665,28.679916,26.532,7.0,5.4999995,20.4,7.0,5.4999995,20.4,22.810250500000002,22.866501,22.305044000000002,7.14999985,11.0,31.200001,7.14999985,11.0,31.200001,12.1,9.900001
2025-08-21,85.0,137.3239436619715,139.61,149.0,0,False,True,False,False,1.68,10.600001,28.36534,11.499999,11.499999,22.482127,8.49999995,8.49999995,21,8,3,0,-0.8660254037844385,-0.5000000000000004,84.0,74.4,65.6,199.6478873239439,573.5915492957747,2007.042253521127,28.821585,28.621582,28.019503,0.3,7.8999996,0.70000005,0.3,7.8999996,0.70000005,22.392546,22.944625000000002,21.886294,7.500000699999999,6.55,19.2999962,7.500000699999999,6.55,19.2999962,7.9999995,12.1
2025-08-22,85.0,75.0,139.94,149.0,0,False,True,False,False,1.68,15.200001,27.813248,1.7000002,1.7000002,22.249838,12.6500005,12.6500005,22,8,4,0,-0.8660254037844385,-0.5000000000000004,85.0,75.6,65.0,137.3239436619715,511.26760563380276,1944.718309859155,28.36534,28.848665,28.617418,11.499999,7.0,1.0,11.499999,7.0,1.0,22.482127,22.810250500000002,22.234209999999997,8.49999995,7.14999985,11.85,8.49999995,7.14999985,11.85,10.600001,7.9999995
2025-08-23,86.25,191.66666666666666,140.36,149.0,0,False,True,False,False,1.68,14.800001,28.57575,1.1,1.1,22.504001000000002,12.6,12.6,23,8,5,1,-0.8660254037844385,-0.5000000000000004,85.0,84.0,65.0,75.0,448.94366197183126,1882.394366197183,27.813248,28.821585,29.131996,1.7000002,0.3,1.7,1.7000002,0.3,1.7,22.249838,22.392546,22.917541999999997,12.6500005,7.500000699999999,16.05,12.6500005,7.500000699999999,16.05,15.200001,10.600001
2025-08-24,86.25,308.3333333333333,140.36,149.0,0,False,True,False,False,1.68,5.5999994,28.823668,0.4,0.4,22.366503,16.7999995,16.7999995,24,8,6,1,-0.8660254037844385,-0.5000000000000004,86.25,85.0,65.0,191.66666666666666,386.6197183098593,1820.0704225352115,28.57575,28.36534,28.679916,1.1,11.499999,5.4999995,1.1,11.499999,5.4999995,22.504001000000002,22.482127,22.866501,12.6,8.49999995,11.0,12.6,8.49999995,11.0,14.800001,15.200001
2025-08-25,82.6,425.0,140.36,149.0,0,False,True,False,False,1.68,17.800001,28.769499,0.6,0.6,22.0529605,8.4,8.4,25,8,0,0,-0.8660254037844385,-0.5000000000000004,86.25,85.0,74.4,308.3333333333333,324.2957746478878,1757.7464788732395,28.823668,27.813248,28.621582,0.4,1.7000002,7.8999996,0.4,1.7000002,7.8999996,22.366503,22.249838,22.944625000000002,16.7999995,12.6500005,6.55,16.7999995,12.6500005,6.55,5.5999994,14.800001
2025-08-26,82.0,3062.5,140.44,149.0,0,False,True,False,False,1.68,10.0,28.907003,3.1000001,3.1000001,22.396708500000003,6.2,6.2,26,8,1,0,-0.8660254037844385,-0.5000000000000004,82.6,86.25,75.6,425.0,261.9718309859154,1695.4225352112676,28.769499,28.57575,28.848665,0.6,1.1,7.0,0.6,1.1,7.0,22.0529605,22.504001000000002,22.810250500000002,8.4,12.6,7.14999985,8.4,12.6,7.14999985,17.800001,5.5999994
2025-08-27,76.25,5700.0,140.6,149.0,0,False,True,False,False,1.68,15.299999,27.773668,12.300001,12.300001,22.398792,6.1000004,6.1000004,27,8,2,0,-0.8660254037844385,-0.5000000000000004,82.0,86.25,84.0,3062.5,199.6478873239439,1633.0985915492956,28.907003,28.823668,28.821585,3.1000001,0.4,0.3,3.1000001,0.4,0.3,22.396708500000003,22.366503,22.392546,6.2,16.7999995,7.500000699999999,6.2,16.7999995,7.500000699999999,10.0,17.800001
2025-08-28,75.0,6595.0,140.6,149.0,0,False,True,False,False,1.68,21.299997,28.592417,1.4000002,1.4000002,22.1842085,16.49999975,16.49999975,28,8,3,0,-0.8660254037844385,-0.5000000000000004,76.25,82.6,85.0,5700.0,137.3239436619715,1570.7746478873241,27.773668,28.769499,28.36534,12.300001,0.6,11.499999,12.300001,0.6,11.499999,22.398792,22.0529605,22.482127,6.1000004,8.4,8.49999995,6.1000004,8.4,8.49999995,15.299999,10.0
2025-08-29,72.0,7490.0,140.51,149.0,0,False,True,False,False,1.68,11.1,28.273666,9.900002,9.900002,22.036291499999997,9.550001550000001,9.550001550000001,29,8,4,0,-0.8660254037844385,-0.5000000000000004,75.0,82.0,85.0,6595.0,75.0,1508.4507042253522,28.592417,28.907003,27.813248,1.4000002,3.1000001,1.7000002,1.4000002,3.1000001,1.7000002,22.1842085,22.396708500000003,22.249838,16.49999975,6.2,12.6500005,16.49999975,6.2,12.6500005,21.299997,15.299999
2025-08-30,75.0,8385.0,141.42,149.0,0,False,True,False,False,1.68,15.600001,28.919502,1.0,1.0,22.158168500000002,5.85,5.85,30,8,5,1,-0.8660254037844385,-0.5000000000000004,72.0,76.25,86.25,7490.0,191.66666666666666,1446.1267605633802,28.273666,27.773668,28.57575,9.900002,12.300001,1.1,9.900002,12.300001,1.1,22.036291499999997,22.398792,22.504001000000002,9.550001550000001,6.1000004,12.6,9.550001550000001,6.1000004,12.6,11.1,21.299997
2025-08-31,75.0,9280.0,141.42,145.0,0,False,True,False,False,1.68,28.199999,27.694498,12.600002,12.600002,21.864418,6.0999995,6.0999995,31,8,6,1,-0.8660254037844385,-0.5000000000000004,75.0,75.0,86.25,8385.0,308.3333333333333,1383.8028169014083,28.919502,28.592417,28.823668,1.0,1.4000002,0.4,1.0,1.4000002,0.4,22.158168500000002,22.1842085,22.366503,5.85,16.49999975,16.7999995,5.85,16.49999975,16.7999995,15.600001,11.1
2025-09-01,67.0,10175.0,141.42,145.0,0,False,True,False,False,1.87,48.2,29.334085,0.0,0.0,22.463376500000003,2.35,2.35,1,9,0,0,-1.0,-1.8369701987210297e-16,75.0,72.0,82.6,9280.0,425.0,1321.4788732394368,27.694498,28.273666,28.769499,12.600002,9.900002,0.6,12.600002,9.900002,0.6,21.864418,22.036291499999997,22.0529605,6.0999995,9.550001550000001,8.4,6.0999995,9.550001550000001,8.4,28.199999,15.600001
2025-09-02,68.0,9841.176470588236,141.42,145.0,0,False,True,False,False,1.87,10.5,29.06533,0.0,0.0,22.598793999999998,13.2,13.2,2,9,1,0,-1.0,-1.8369701987210297e-16,67.0,75.0,82.0,10175.0,3062.5,1259.1549295774648,29.334085,28.919502,28.907003,0.0,1.0,3.1000001,0.0,1.0,3.1000001,22.463376500000003,22.158168500000002,22.396708500000003,2.35,5.85,6.2,2.35,5.85,6.2,48.2,28.199999
2025-09-03,67.5,9507.35294117647,141.36,145.0,0,False,True,False,False,1.87,14.700001,29.248667,0.9000001,0.9000001,22.493584,4.75,4.75,3,9,2,0,-1.0,-1.8369701987210297e-16,68.0,75.0,76.25,9841.176470588236,5700.0,1196.8309859154929,29.06533,27.694498,27.773668,0.0,12.600002,12.300001,0.0,12.600002,12.300001,22.598793999999998,21.864418,22.398792,13.2,6.0999995,6.1000004,13.2,6.0999995,6.1000004,10.5,48.2
2025-09-04,67.5,9173.529411764706,141.22,145.0,0,False,True,False,False,1.87,2.7999997,29.256998,0.1,0.1,22.4602505,5.10000015,5.10000015,4,9,3,0,-1.0,-1.8369701987210297e-16,67.5,67.0,75.0,9507.35294117647,6595.0,1134.5070422535214,29.248667,29.334085,28.592417,0.9000001,0.0,1.4000002,0.9000001,0.0,1.4000002,22.493584,22.463376500000003,22.1842085,4.75,2.35,16.49999975,4.75,2.35,16.49999975,14.700001,10.5
2025-09-05,70.0,8839.70588235294,141.34,145.0,0,False,True,False,False,1.87,9.599999,29.025751,5.7999997,5.7999997,22.563377,3.84999995,3.84999995,5,9,4,0,-1.0,-1.8369701987210297e-16,67.5,68.0,72.0,9173.529411764706,7490.0,1072.1830985915494,29.256998,29.06533,28.273666,0.1,0.0,9.900002,0.1,0.0,9.900002,22.4602505,22.598793999999998,22.036291499999997,5.10000015,13.2,9.550001550000001,5.10000015,13.2,9.550001550000001,2.7999997,14.700001
2025-09-06,70.0,8505.882352941177,141.53,145.0,0,False,True,False,False,1.87,16.1,28.386164,4.3,4.3,22.046711,7.35,7.35,6,9,5,1,-1.0,-1.8369701987210297e-16,70.0,67.5,75.0,8839.70588235294,8385.0,1009.8591549295775,29.025751,29.248667,28.919502,5.7999997,0.9000001,1.0,5.7999997,0.9000001,1.0,22.563377,22.493584,22.158168500000002,3.84999995,4.75,5.85,3.84999995,4.75,5.85,9.599999,2.7999997
2025-09-07,65.6,8172.058823529412,141.53,145.0,0,False,True,False,False,1.87,3.0,27.979918,7.099999,7.099999,22.116498999999997,4.1,4.1,7,9,6,1,-1.0,-1.8369701987210297e-16,70.0,67.5,75.0,8505.882352941177,9280.0,947.5352112676055,28.386164,29.256998,27.694498,4.3,0.1,12.600002,4.3,0.1,12.600002,22.046711,22.4602505,21.864418,7.35,5.10000015,6.0999995,7.35,5.10000015,6.0999995,16.1,9.599999
2025-09-08,64.0,7838.235294117647,141.53,145.0,0,False,True,False,False,1.87,2.6999998,27.946585,6.5999994,6.5999994,22.07275,4.7499994999999995,4.7499994999999995,8,9,0,0,-1.0,-1.8369701987210297e-16,65.6,70.0,67.0,8172.058823529412,10175.0,885.211267605634,27.979918,29.025751,29.334085,7.099999,5.7999997,0.0,7.099999,5.7999997,0.0,22.116498999999997,22.563377,22.463376500000003,4.1,3.84999995,2.35,4.1,3.84999995,2.35,3.0,16.1
2025-09-09,65.0,7504.411764705882,141.53,145.0,0,False,True,False,False,1.87,1.5000001,27.794497,8.0,8.0,22.380043,2.69999995,2.69999995,9,9,1,0,-1.0,-1.8369701987210297e-16,64.0,70.0,68.0,7838.235294117647,9841.176470588236,822.8873239436621,27.946585,28.386164,29.06533,6.5999994,4.3,0.0,6.5999994,4.3,0.0,22.07275,22.046711,22.598793999999998,4.7499994999999995,7.35,13.2,4.7499994999999995,7.35,13.2,2.6999998,3.0
2025-09-10,65.0,7170.588235294117,141.27,145.0,0,False,True,False,False,1.87,2.7999997,27.600752,9.299999,9.299999,22.370669,4.1999995,4.1999995,10,9,2,0,-1.0,-1.8369701987210297e-16,65.0,65.6,67.5,7504.411764705882,9507.35294117647,760.5633802816901,27.794497,27.979918,29.248667,8.0,7.099999,0.9000001,8.0,7.099999,0.9000001,22.380043,22.116498999999997,22.493584,2.69999995,4.1,4.75,2.69999995,4.1,4.75,1.5000001,2.6999998
2025-09-11,65.0,6836.764705882353,141.27,145.0,0,False,True,False,False,1.87,9.7,26.804916,22.800001,22.800001,21.9894165,7.44999965,7.44999965,11,9,3,0,-1.0,-1.8369701987210297e-16,65.0,64.0,67.5,7170.588235294117,9173.529411764706,698.2394366197182,27.600752,27.946585,29.256998,9.299999,6.5999994,0.1,9.299999,6.5999994,0.1,22.370669,22.07275,22.4602505,4.1999995,4.7499994999999995,5.10000015,4.1999995,4.7499994999999995,5.10000015,2.7999997,1.5000001
2025-09-12,64.0,6502.941176470587,141.82,145.0,0,False,True,False,False,1.87,13.800002,27.90492,4.3999996,4.3999996,22.310252,2.6000000500000002,2.6000000500000002,12,9,4,0,-1.0,-1.8369701987210297e-16,65.0,65.0,70.0,6836.764705882353,8839.70588235294,635.9154929577467,26.804916,27.794497,29.025751,22.800001,8.0,5.7999997,22.800001,8.0,5.7999997,21.9894165,22.380043,22.563377,7.44999965,2.69999995,3.84999995,7.44999965,2.69999995,3.84999995,9.7,2.7999997
2025-09-13,56.0,6169.117647058823,141.55,145.0,0,False,True,False,False,1.87,4.7999997,27.757002,5.8999996,5.8999996,22.1290015,13.05,13.05,13,9,5,1,-1.0,-1.8369701987210297e-16,64.0,65.0,70.0,6502.941176470587,8505.882352941177,573.5915492957747,27.90492,27.600752,28.386164,4.3999996,9.299999,4.3,4.3999996,9.299999,4.3,22.310252,22.370669,22.046711,2.6000000500000002,4.1999995,7.35,2.6000000500000002,4.1999995,7.35,13.800002,9.7
2025-09-14,56.0,5835.294117647059,141.55,145.0,0,False,True,False,False,1.87,24.0,26.311165,20.4,20.4,21.557126,12.550000350000001,12.550000350000001,14,9,6,1,-1.0,-1.8369701987210297e-16,56.0,65.0,65.6,6169.117647058823,8172.058823529412,511.26760563380276,27.757002,26.804916,27.979918,5.8999996,22.800001,7.099999,5.8999996,22.800001,7.099999,22.1290015,21.9894165,22.116498999999997,13.05,7.44999965,4.1,13.05,7.44999965,4.1,4.7999997,13.800002
2025-09-15,55.0,5501.470588235294,141.55,142.5,0,False,True,False,False,1.87,24.900002,26.694504,14.900001,14.900001,21.497751,21.149998,21.149998,15,9,0,0,-1.0,-1.8369701987210297e-16,56.0,64.0,64.0,5835.294117647059,7838.235294117647,448.94366197183126,26.311165,27.90492,27.946585,20.4,4.3999996,6.5999994,20.4,4.3999996,6.5999994,21.557126,22.310252,22.07275,12.550000350000001,2.6000000500000002,4.7499994999999995,12.550000350000001,2.6000000500000002,4.7499994999999995,24.0,4.7999997
2025-09-16,55.0,5167.647058823529,141.44,142.5,0,False,True,False,False,1.87,19.100002,25.788254,20.400002,20.400002,20.962335,16.35,16.35,16,9,1,0,-1.0,-1.8369701987210297e-16,55.0,56.0,65.0,5501.470588235294,7504.411764705882,386.6197183098593,26.694504,27.757002,27.794497,14.900001,5.8999996,8.0,14.900001,5.8999996,8.0,21.497751,22.1290015,22.380043,21.149998,13.05,2.69999995,21.149998,13.05,2.69999995,24.900002,24.0
2025-09-17,55.0,4833.823529411764,141.19,142.5,0,False,True,False,False,1.87,29.200003,26.438253,4.2,4.2,21.2675425,10.30000025,10.30000025,17,9,2,0,-1.0,-1.8369701987210297e-16,55.0,56.0,65.0,5167.647058823529,7170.588235294117,324.2957746478878,25.788254,26.311165,27.600752,20.400002,20.4,9.299999,20.400002,20.4,9.299999,20.962335,21.557126,22.370669,16.35,12.550000350000001,4.1999995,16.35,12.550000350000001,4.1999995,19.100002,24.900002
2025-09-18,55.0,4500.0,140.81,142.5,0,False,True,False,False,1.87,20.600002,26.844503,6.1999993,6.1999993,21.572751,2.4000000999999997,2.4000000999999997,18,9,3,0,-1.0,-1.8369701987210297e-16,55.0,55.0,65.0,4833.823529411764,6836.764705882353,261.9718309859154,26.438253,26.694504,26.804916,4.2,14.900001,22.800001,4.2,14.900001,22.800001,21.2675425,21.497751,21.9894165,10.30000025,21.149998,7.44999965,10.30000025,21.149998,7.44999965,29.200003,19.100002
2025-09-19,64.4,3493.0566666666664,141.31,142.5,0,False,True,False,False,1.87,4.8999996,26.982002,5.0999994,5.0999994,21.335251,6.25,6.25,19,9,4,0,-1.0,-1.8369701987210297e-16,55.0,55.0,64.0,4500.0,6502.941176470587,199.6478873239439,26.844503,25.788254,27.90492,6.1999993,20.400002,4.3999996,6.1999993,20.400002,4.3999996,21.572751,20.962335,22.310252,2.4000000999999997,16.35,2.6000000500000002,2.4000000999999997,16.35,2.6000000500000002,20.600002,29.200003
2025-09-20,65.0,2486.1133333333332,141.25,142.5,0,False,True,False,False,1.87,22.0,27.290335,1.3000001,1.3000001,21.4290015,2.0999999,2.0999999,20,9,5,1,-1.0,-1.8369701987210297e-16,64.4,55.0,56.0,3493.0566666666664,6169.117647058823,137.3239436619715,26.982002,26.438253,27.757002,5.0999994,4.2,5.8999996,5.0999994,4.2,5.8999996,21.335251,21.2675425,22.1290015,6.25,10.30000025,13.05,6.25,10.30000025,13.05,4.8999996,20.600002
2025-09-21,64.17,1479.17,141.25,142.5,0,False,True,False,False,1.87,5.7,27.865334,0.0,0.0,22.0123355,3.85,3.85,21,9,6,1,-1.0,-1.8369701987210297e-16,65.0,55.0,56.0,2486.1133333333332,5835.294117647059,75.0,27.290335,26.844503,26.311165,1.3000001,6.1999993,20.4,1.3000001,6.1999993,20.4,21.4290015,21.572751,21.557126,2.0999999,2.4000000999999997,12.550000350000001,2.0999999,2.4000000999999997,12.550000350000001,22.0,4.8999996
2025-09-22,63.33,2958.33,141.25,142.5,0,False,True,False,False,1.87,1.4000001,28.623665,0.3,0.3,22.559207999999998,3.0000000499999997,3.0000000499999997,22,9,0,0,-1.0,-1.8369701987210297e-16,64.17,64.4,55.0,1479.17,5501.470588235294,191.66666666666666,27.865334,26.982002,26.694504,0.0,5.0999994,14.900001,0.0,5.0999994,14.900001,22.0123355,21.335251,21.497751,3.85,6.25,21.149998,3.85,6.25,21.149998,5.7,22.0
2025-09-23,62.5,4437.5,141.6,142.5,0,False,True,False,False,1.87,7.8999996,28.842413,0.7,0.7,22.6310845,4.64999995,4.64999995,23,9,1,0,-1.0,-1.8369701987210297e-16,63.33,65.0,55.0,2958.33,5167.647058823529,308.3333333333333,28.623665,27.290335,25.788254,0.3,1.3000001,20.400002,0.3,1.3000001,20.400002,22.559207999999998,21.4290015,20.962335,3.0000000499999997,2.0999999,16.35,3.0000000499999997,2.0999999,16.35,1.4000001,5.7
2025-09-24,61.67,5916.67,142.32,142.5,0,False,True,False,False,1.87,8.1,27.671583,5.6,5.6,22.457127,4.29999967,4.29999967,24,9,2,0,-1.0,-1.8369701987210297e-16,62.5,64.17,55.0,4437.5,4833.823529411764,425.0,28.842413,27.865334,26.438253,0.7,0.0,4.2,0.7,0.0,4.2,22.6310845,22.0123355,21.2675425,4.64999995,3.85,10.30000025,4.64999995,3.85,10.30000025,7.8999996,1.4000001
2025-09-25,60.83,7395.83,142.21,142.5,1,False,True,False,False,1.87,6.2999997,28.944498,0.0,0.0,22.5956665,4.05,4.05,25,9,3,0,-1.0,-1.8369701987210297e-16,61.67,63.33,55.0,5916.67,4500.0,3062.5,27.671583,28.623665,26.844503,5.6,0.3,6.1999993,5.6,0.3,6.1999993,22.457127,22.559207999999998,21.572751,4.29999967,3.0000000499999997,2.4000000999999997,4.29999967,3.0000000499999997,2.4000000999999997,8.1,7.8999996
2025-09-26,60.0,8875.0,142.17,142.5,1,False,True,False,False,1.87,1.9000002,30.079916,0.3,0.3,23.264414000000002,16.799999,16.799999,26,9,4,0,-1.0,-1.8369701987210297e-16,60.83,62.5,64.4,7395.83,3493.0566666666664,5700.0,28.944498,28.842413,26.982002,0.0,0.7,5.0999994,0.0,0.7,5.0999994,22.5956665,22.6310845,21.335251,4.05,4.64999995,6.25,4.05,4.64999995,6.25,6.2999997,8.1
2025-09-27,65.0,9437.5,142.26,142.5,1,False,True,False,False,1.87,2.0,30.061167,0.0,0.0,22.724832499999998,0.8999999999999999,0.8999999999999999,27,9,5,1,-1.0,-1.8369701987210297e-16,60.0,61.67,65.0,8875.0,2486.1133333333332,6595.0,30.079916,27.671583,27.290335,0.3,5.6,1.3000001,0.3,5.6,1.3000001,23.264414000000002,22.457127,21.4290015,16.799999,4.29999967,2.0999999,16.799999,4.29999967,2.0999999,1.9000002,6.2999997
2025-09-28,75.0,10000.0,142.26,142.5,1,False,True,False,False,1.87,3.9,29.084084,4.1,4.1,22.029000500000002,1.8499998999999998,1.8499998999999998,28,9,6,1,-1.0,-1.8369701987210297e-16,65.0,60.83,64.17,9437.5,1479.17,7490.0,30.061167,28.944498,27.865334,0.0,0.0,0.0,0.0,0.0,0.0,22.724832499999998,22.5956665,22.0123355,0.8999999999999999,4.05,3.85,0.8999999999999999,4.05,3.85,2.0,1.9000002
2025-09-29,75.0,8915.0,142.26,142.5,1,False,True,False,False,1.87,15.099999,29.071579,0.7,0.7,21.826919,6.300000450000001,6.300000450000001,29,9,0,0,-1.0,-1.8369701987210297e-16,75.0,60.0,63.33,10000.0,2958.33,8385.0,29.084084,30.079916,28.623665,4.1,0.3,0.3,4.1,0.3,0.3,22.029000500000002,23.264414000000002,22.559207999999998,1.8499998999999998,16.799999,3.0000000499999997,1.8499998999999998,16.799999,3.0000000499999997,3.9,2.0
2025-09-30,75.0,7830.0,142.32,145.0,1,False,True,False,False,1.87,9.599999,28.998667,0.3,0.3,21.670669,5.949999999999999,5.949999999999999,30,9,1,0,-1.0,-1.8369701987210297e-16,75.0,65.0,62.5,8915.0,4437.5,9280.0,29.071579,30.061167,28.842413,0.7,0.0,0.7,0.7,0.0,0.7,21.826919,22.724832499999998,22.6310845,6.300000450000001,0.8999999999999999,4.64999995,6.300000450000001,0.8999999999999999,4.64999995,15.099999,3.9
2025-10-01,75.0,6745.0,142.37,145.0,1,True,False,False,False,1.87,18.1,27.748667,18.5,18.5,21.446708,4.99999985,4.99999985,1,10,2,0,-0.8660254037844386,0.5000000000000001,75.0,75.0,61.67,7830.0,5916.67,10175.0,28.998667,29.084084,27.671583,0.3,4.1,5.6,0.3,4.1,5.6,21.670669,22.029000500000002,22.457127,5.949999999999999,1.8499998999999998,4.29999967,5.949999999999999,1.8499998999999998,4.29999967,9.599999,15.099999
2025-10-02,75.0,5660.0,142.21,145.0,1,True,False,False,False,1.87,20.700003,26.63408,6.4999995,6.4999995,20.2019175,11.950001499999999,11.950001499999999,2,10,3,0,-0.8660254037844386,0.5000000000000001,75.0,75.0,60.83,6745.0,7395.83,9841.176470588236,27.748667,29.071579,28.944498,18.5,0.7,0.0,18.5,0.7,0.0,21.446708,21.826919,22.5956665,4.99999985,6.300000450000001,4.05,4.99999985,6.300000450000001,4.05,18.1,9.599999
2025-10-03,75.0,4575.0,142.21,145.0,1,True,False,False,False,1.87,9.4,27.38617,0.0,0.0,21.410252,1.40000005,1.40000005,3,10,4,0,-0.8660254037844386,0.5000000000000001,75.0,75.0,60.0,5660.0,8875.0,9507.35294117647,26.63408,28.998667,30.079916,6.4999995,0.3,0.3,6.4999995,0.3,0.3,20.2019175,21.670669,23.264414000000002,11.950001499999999,5.949999999999999,16.799999,11.950001499999999,5.949999999999999,16.799999,20.700003,18.1
2025-10-04,75.0,9150.0,142.34,145.0,1,True,False,False,False,1.87,89.1,24.696587,57.599995,57.599995,18.88421,75.850002,75.850002,4,10,5,1,-0.8660254037844386,0.5000000000000001,75.0,75.0,65.0,4575.0,9437.5,9173.529411764706,27.38617,27.748667,30.061167,0.0,18.5,0.0,0.0,18.5,0.0,21.410252,21.446708,22.724832499999998,1.40000005,4.99999985,0.8999999999999999,1.40000005,4.99999985,0.8999999999999999,9.4,20.700003
2025-10-05,73.15,8540.0,142.34,145.0,1,True,False,False,False,1.87,24.100002,24.359083,31.900002,31.900002,19.4300425,13.35000155,13.35000155,5,10,6,1,-0.8660254037844386,0.5000000000000001,75.0,75.0,75.0,9150.0,10000.0,8839.70588235294,24.696587,26.63408,29.084084,57.599995,6.4999995,4.1,57.599995,6.4999995,4.1,18.88421,20.2019175,22.029000500000002,75.850002,11.950001499999999,1.8499998999999998,75.850002,11.950001499999999,1.8499998999999998,89.1,9.4
2025-10-06,71.3,7930.0,142.34,145.0,1,True,False,False,False,1.87,2.4999995,25.71742,0.1,0.1,20.2685835,0.5,0.5,6,10,0,0,-0.8660254037844386,0.5000000000000001,73.15,75.0,75.0,8540.0,8915.0,8505.882352941177,24.359083,27.38617,29.071579,31.900002,0.0,0.7,31.900002,0.0,0.7,19.4300425,21.410252,21.826919,13.35000155,1.40000005,6.300000450000001,13.35000155,1.40000005,6.300000450000001,24.100002,89.1
2025-10-07,69.45,7320.0,142.36,145.0,1,True,False,False,False,1.87,10.7,25.738253,0.8000001,0.8000001,19.718584,1.050000075,1.050000075,7,10,1,0,-0.8660254037844386,0.5000000000000001,71.3,75.0,75.0,7930.0,7830.0,8172.058823529412,25.71742,24.696587,28.998667,0.1,57.599995,0.3,0.1,57.599995,0.3,20.2685835,18.88421,21.670669,0.5,75.850002,5.949999999999999,0.5,75.850002,5.949999999999999,2.4999995,24.100002
2025-10-08,67.6,6710.0,142.34,145.0,1,True,False,False,False,1.87,3.2999997,26.3945,0.0,0.0,19.965459,0.95,0.95,8,10,2,0,-0.8660254037844386,0.5000000000000001,69.45,73.15,75.0,7320.0,6745.0,7838.235294117647,25.738253,24.359083,27.748667,0.8000001,31.900002,18.5,0.8000001,31.900002,18.5,19.718584,19.4300425,21.446708,1.050000075,13.35000155,4.99999985,1.050000075,13.35000155,4.99999985,10.7,2.4999995
2025-10-09,65.75,6100.0,142.38,145.0,1,True,False,False,False,1.87,0.70000005,26.261168,0.0,0.0,19.9550415,0.15,0.15,9,10,3,0,-0.8660254037844386,0.5000000000000001,67.6,71.3,75.0,6710.0,5660.0,7504.411764705882,26.3945,25.71742,26.63408,0.0,0.1,6.4999995,0.0,0.1,6.4999995,19.965459,20.2685835,20.2019175,0.95,0.5,11.950001499999999,0.95,0.5,11.950001499999999,3.2999997,10.7
2025-10-10,63.9,5490.0,142.36,145.0,1,True,False,False,False,1.87,0.2,25.473663,0.0,0.0,19.786293,0.0,0.0,10,10,4,0,-0.8660254037844386,0.5000000000000001,65.75,69.45,75.0,6100.0,4575.0,7170.588235294117,26.261168,25.738253,27.38617,0.0,0.8000001,0.0,0.0,0.8000001,0.0,19.9550415,19.718584,21.410252,0.15,1.050000075,1.40000005,0.15,1.050000075,1.40000005,0.70000005,3.2999997
2025-10-11,62.05,4880.0,142.2,145.0,1,True,False,False,False,1.87,0.0,24.725752,0.0,0.0,19.517542499999998,0.0,0.0,11,10,5,1,-0.8660254037844386,0.5000000000000001,63.9,67.6,75.0,5490.0,9150.0,6836.764705882353,25.473663,26.3945,24.696587,0.0,0.0,57.599995,0.0,0.0,57.599995,19.786293,19.965459,18.88421,0.0,0.95,75.850002,0.0,0.95,75.850002,0.2,0.70000005
2025-10-12,60.2,4270.0,142.2,145.0,1,True,False,False,False,1.87,0.0,24.117418,0.0,0.0,18.8029605,0.0,0.0,12,10,6,1,-0.8660254037844386,0.5000000000000001,62.05,65.75,73.15,4880.0,8540.0,6502.941176470587,24.725752,26.261168,24.359083,0.0,0.0,31.900002,0.0,0.0,31.900002,19.517542499999998,19.9550415,19.4300425,0.0,0.15,13.35000155,0.0,0.15,13.35000155,0.0,0.2
2025-10-13,58.35,3660.0,142.2,145.0,1,True,False,False,False,1.87,0.0,24.06325,0.0,0.0,18.8498335,0.0,0.0,13,10,0,0,-0.8660254037844386,0.5000000000000001,60.2,63.9,71.3,4270.0,7930.0,6169.117647058823,24.117418,25.473663,25.71742,0.0,0.0,0.1,0.0,0.0,0.1,18.8029605,19.786293,20.2685835,0.0,0.0,0.5,0.0,0.0,0.5,0.0,0.0
2025-10-14,56.5,3050.0,142.18,145.0,1,True,False,False,False,1.87,1.5,23.571585,0.0,0.0,18.76546,0.0,0.0,14,10,1,0,-0.8660254037844386,0.5000000000000001,58.35,62.05,69.45,3660.0,7320.0,5835.294117647059,24.06325,24.725752,25.738253,0.0,0.0,0.8000001,0.0,0.0,0.8000001,18.8498335,19.517542499999998,19.718584,0.0,0.0,1.050000075,0.0,0.0,1.050000075,0.0,0.0
2025-10-15,54.65,2440.0,142.38,145.0,1,True,False,False,False,1.87,1.6,24.429918,0.0,0.0,19.436292,0.1,0.1,15,10,2,0,-0.8660254037844386,0.5000000000000001,56.5,60.2,67.6,3050.0,6710.0,5501.470588235294,23.571585,24.117418,26.3945,0.0,0.0,0.0,0.0,0.0,0.0,18.76546,18.8029605,19.965459,0.0,0.0,0.95,0.0,0.0,0.95,1.5,0.0
2025-10-16,52.8,1830.0,141.23,145.0,1,True,False,False,False,1.87,0.0,25.100752,0.0,0.0,19.45921,0.05,0.05,16,10,3,0,-0.8660254037844386,0.5000000000000001,54.65,58.35,65.75,2440.0,6100.0,5167.647058823529,24.429918,24.06325,26.261168,0.0,0.0,0.0,0.0,0.0,0.0,19.436292,18.8498335,19.9550415,0.1,0.0,0.15,0.1,0.0,0.15,1.6,1.5
2025-10-17,50.95,1220.0,140.82,145.0,1,True,False,False,False,1.87,0.8,25.536165,0.0,0.0,19.364416,0.55000002,0.55000002,17,10,4,0,-0.8660254037844386,0.5000000000000001,52.8,56.5,63.9,1830.0,5490.0,4833.823529411764,25.100752,23.571585,25.473663,0.0,0.0,0.0,0.0,0.0,0.0,19.45921,18.76546,19.786293,0.05,0.0,0.0,0.05,0.0,0.0,0.0,1.6
2025-10-18,49.1,610.0,141.07,145.0,1,True,False,False,False,1.87,0.5,26.013252,0.0,0.0,19.318586,0.25,0.25,18,10,5,1,-0.8660254037844386,0.5000000000000001,50.95,54.65,62.05,1220.0,4880.0,4500.0,25.536165,24.429918,24.725752,0.0,0.0,0.0,0.0,0.0,0.0,19.364416,19.436292,19.517542499999998,0.55000002,0.1,0.0,0.55000002,0.1,0.0,0.8,0.0
2025-10-19,47.25,610.0,141.07,145.0,1,True,False,False,False,1.87,0.1,25.865335,0.0,0.0,19.149834499999997,0.05,0.05,19,10,6,1,-0.8660254037844386,0.5000000000000001,49.1,52.8,60.2,610.0,4270.0,3493.0566666666664,26.013252,25.100752,24.117418,0.0,0.0,0.0,0.0,0.0,0.0,19.318586,19.45921,18.8029605,0.25,0.05,0.0,0.25,0.05,0.0,0.5,0.8
2025-10-20,47.75,610.0,141.07,145.0,1,True,False,False,False,1.87,0.0,25.51533,0.0,0.0,19.249834,0.0,0.0,20,10,0,0,-0.8660254037844386,0.5000000000000001,47.25,50.95,58.35,610.0,3660.0,2486.1133333333332,25.865335,25.536165,24.06325,0.0,0.0,0.0,0.0,0.0,0.0,19.149834499999997,19.364416,18.8498335,0.05,0.55000002,0.0,0.05,0.55000002,0.0,0.1,0.5
