Supply_Volume,USD_TO_NPR,Diesel,is_festival,Season_Autumn,Season_Monsoon,Season_Spring,Season_Winter,Inflation,Kathmandu_Rainfall_MM,Sarlahi_Temperature,Sarlahi_Precipitation,Sarlahi_Rainfall_MM,Hilly_Temperature,Hilly_Precipitation,Hilly_Rainfall_MM,day,month,day_of_week,is_weekend,month_sin,month_cos,Average_Price_lag1,Average_Price_lag3,Average_Price_lag7,Supply_Volume_lag1,Supply_Volume_lag7,Supply_Volume_lag30,Sarlahi_Temperature_lag1,Sarlahi_Temperature_lag3,Sarlahi_Temperature_lag7,Sarlahi_Rainfall_MM_lag1,Sarlahi_Rainfall_MM_lag3,Sarlahi_Rainfall_MM_lag7,Hilly_Temperature_lag1,Hilly_Temperature_lag3,Hilly_Temperature_lag7,Hilly_Rainfall_MM_lag1,Hilly_Rainfall_MM_lag3,Hilly_Rainfall_MM_lag7,Kathmandu_Rainfall_MM_lag1,Kathmandu_Rainfall_MM_lag2,Average_Price_rollmean_1,Average_Price_rollstd_1,Average_Price_rollmean_7,Average_Price_rollstd_7,Supply_Volume_rollmean_3,Supply_Volume_rollstd_3,Average_Price
18000.0,120.37,122.0,0,0,0,0,1,6.03,0.0,13.7445,0.0,0.0,9.56962575,0.0,0.0,31,1,0,0,0.4999999999999999,0.8660254037844387,65.0,56.67,56.67,23250.0,16625.0,8000.0,11.952834,11.554917,14.836167,0.0,0.0,0.0,8.17899935,6.454000199999999,9.673792,0.0,0.1,2.4,0.4,0.0,65.0,,58.81142857142858,4.879663337333244,18833.333333333332,4416.6666666667,66.67
25500.0,119.68,122.0,0,0,0,0,1,6.23,0.6,12.907001,0.3,0.3,8.6081675,1.0999999,1.0999999,1,2,1,0,0.8660254037844386,0.5000000000000001,66.67,66.67,55.0,18000.0,16312.5,8000.0,13.7445,11.859084,14.959084,0.0,0.0,0.4,9.56962575,7.5977491,9.6342085,0.0,0.0,0.50000005,0.0,0.4,66.67,,60.24,5.564057272650356,20027.777777777777,2821.46205860515,69.17
33000.0,119.97,122.0,0,0,0,0,1,6.23,0.0,13.727834,0.0,0.0,8.3915005,0.1,0.1,2,2,2,0,0.8660254037844386,0.5000000000000001,69.17,65.0,56.67,25500.0,16000.0,22375.0,12.907001,11.952834,13.111167,0.3,0.0,0.1,8.6081675,8.17899935,8.351916750000001,1.0999999,0.0,0.4499999999999999,0.6,0.0,69.17,,62.26428571428572,5.906995449303756,22250.0,3848.701079585194,71.67
40500.0,120.05,122.0,0,0,0,0,1,6.23,3.3000002,15.223667,3.3,3.3,9.86025,0.7,0.7,3,2,3,0,0.8660254037844386,0.5000000000000001,71.67,66.67,55.0,33000.0,10000.0,8000.0,13.727834,13.7445,11.952834,0.0,0.0,0.0,8.3915005,9.56962575,7.4904588,0.1,0.0,0.1,0.0,0.6,71.67,,64.40714285714286,6.250121903573078,25500.0,7500.000000000013,74.17
48000.0,120.08,122.0,0,0,0,0,1,6.23,22.900003,14.613252,28.8,28.8,8.06754205,28.6000035,26.8500035,4,2,4,0,0.8660254037844386,0.5000000000000001,74.17,69.17,56.67,40500.0,14416.666666666668,32500.0,15.223667,12.907001,11.554917,3.3,0.3,0.0,9.86025,8.6081675,6.454000199999999,0.7,1.0999999,0.1,3.3000002,0.0,74.17,,67.14571428571428,5.608100858409689,33000.0,7500.0000000000055,76.67
5000.0,119.82,122.0,0,0,0,0,1,6.23,4.0999994,13.661167,8.6,8.6,6.958168049999999,10.8000005,9.650001,5,2,5,1,0.8660254037844386,0.5000000000000001,76.67,71.67,66.67,48000.0,18833.333333333336,11250.0,14.613252,13.727834,11.859084,28.8,0.0,0.0,8.06754205,8.3915005,7.5977491,26.8500035,0.1,0.0,22.900003,3.3000002,76.67,,70.00285714285714,4.330768654968488,40500.0,7499.999999999993,76.67
27200.0,119.82,122.0,0,0,0,0,1,6.23,0.0,12.779916,0.0,0.0,7.77275,0.0,0.0,6,2,6,1,0.8660254037844386,0.5000000000000001,76.67,74.17,65.0,5000.0,23250.0,32500.0,13.661167,15.223667,11.952834,8.6,3.3,0.0,6.958168049999999,9.86025,8.17899935,9.650001,0.7,0.0,4.0999994,22.900003,76.67,,71.43142857142858,4.683134379776873,31166.666666666668,22969.182252168524,75.0
12000.0,119.82,122.0,0,0,0,0,1,6.23,0.0,13.757,0.0,0.0,8.940458,0.0,0.0,7,2,0,0,0.8660254037844386,0.5000000000000001,75.0,76.67,66.67,27200.0,18000.0,33500.0,12.779916,14.613252,13.7445,0.0,28.8,0.0,7.77275,8.06754205,9.56962575,0.0,26.8500035,0.0,0.0,4.0999994,75.0,,72.86,3.844394187211714,26733.333333333332,21503.798114131692,76.67
36000.0,119.82,122.0,0,0,0,0,1,6.23,0.0,13.436168,0.0,0.0,8.982125,0.45000002,0.45000002,8,2,1,0,0.8660254037844386,0.5000000000000001,76.67,76.67,69.17,12000.0,25500.0,34500.0,13.757,13.661167,12.907001,0.0,8.6,0.3,8.940458,6.958168049999999,8.6081675,0.0,9.650001,1.0999999,0.0,0.0,76.67,,74.28857142857143,2.903747168582041,14733.333333333334,11349.596174901302,76.67
58450.0,119.9,122.0,0,0,0,0,1,6.23,0.1,14.761167,0.0,0.0,10.352958,2.1,2.1,9,2,2,0,0.8660254037844386,0.5000000000000001,76.67,75.0,71.67,36000.0,33000.0,14000.0,13.436168,12.779916,13.727834,0.0,0.0,0.0,8.982125,7.77275,8.3915005,0.45000002,0.0,0.1,0.0,0.0,76.67,,75.36,1.915994084890131,25066.666666666668,12141.389267021046,86.67
11250.0,120.0,122.0,0,0,0,0,1,6.23,0.5,15.3695,0.0,0.0,10.831082,0.35,0.35,10,2,3,0,0.8660254037844386,0.5000000000000001,86.67,76.67,74.17,58450.0,40500.0,25000.0,14.761167,13.757,15.223667,0.0,0.0,3.3,10.352958,8.940458,9.86025,2.1,0.0,0.7,0.1,0.0,86.67,,77.50285714285714,4.16700017712877,35483.333333333336,23229.309790291518,76.67
12125.0,120.21,122.0,0,0,0,0,1,6.23,0.70000005,14.1945,0.0,0.0,9.32587475,1.70000005,1.70000005,11,2,4,0,0.8660254037844386,0.5000000000000001,76.67,76.67,76.67,11250.0,48000.0,12000.0,15.3695,13.436168,14.613252,0.0,0.0,28.8,10.831082,8.982125,8.06754205,0.35,0.45000002,26.8500035,0.5,0.1,76.67,,77.86,3.9343826284014902,35233.333333333336,23609.337841907665,76.67
19166.666666666668,120.92,122.0,0,0,0,0,1,6.23,0.0,14.3965845,0.0,0.0,9.246709,0.0,0.0,12,2,5,1,0.8660254037844386,0.5000000000000001,76.67,86.67,76.67,12125.0,5000.0,12000.0,14.1945,14.761167,13.661167,0.0,0.0,8.6,9.32587475,10.352958,6.958168049999999,1.70000005,2.1,9.650001,0.70000005,0.5,76.67,,77.86,3.9343826284014902,27275.0,27001.886508168285,76.67
26208.333333333336,120.92,122.0,0,0,0,0,1,6.23,0.0,14.513251,0.0,0.0,10.06649975,0.05,0.05,13,2,6,1,0.8660254037844386,0.5000000000000001,76.67,76.67,75.0,19166.666666666668,27200.0,11812.5,14.3965845,15.3695,12.779916,0.0,0.0,0.0,9.246709,10.831082,7.77275,0.0,0.35,0.0,0.0,0.70000005,76.67,,77.86,3.9343826284014902,14180.555555555557,4340.205554954792,65.0
33250.0,120.92,122.0,0,0,0,0,1,6.23,0.0,15.154916,0.0,0.0,11.0581675,0.0,0.0,14,2,0,0,0.8660254037844386,0.5000000000000001,65.0,76.67,76.67,26208.333333333336,12000.0,11625.0,14.513251,14.1945,13.757,0.0,0.0,0.0,10.06649975,9.32587475,8.940458,0.05,1.70000005,0.0,0.0,0.0,65.0,,76.43142857142857,6.268844732940431,19166.666666666668,7041.6666666667315,76.67
85375.0,121.28,122.0,0,0,0,0,1,6.23,1.1,15.179916,0.0,0.0,11.37275,0.4,0.4,15,2,1,0,0.8660254037844386,0.5000000000000001,76.67,76.67,76.67,33250.0,36000.0,11437.5,15.154916,14.3965845,13.436168,0.0,0.0,0.0,11.0581675,9.246709,8.982125,0.0,0.0,0.45000002,0.0,0.0,76.67,,76.43142857142857,6.268844732940431,26208.333333333332,7041.666666666702,76.67
55250.0,120.84,122.0,0,0,0,0,1,6.23,0.3,15.827832,0.0,0.0,11.737334,0.75,0.75,16,2,2,0,0.8660254037844386,0.5000000000000001,76.67,65.0,86.67,85375.0,58450.0,11250.0,15.179916,14.513251,14.761167,0.0,0.0,0.0,11.37275,10.06649975,10.352958,0.4,0.05,2.1,1.1,0.0,76.67,,76.43142857142857,6.268844732940431,48277.777777777774,32319.48622448714,76.67
11250.0,120.42,122.0,0,0,0,0,1,6.23,0.0,16.117416,0.0,0.0,11.7487915,0.0,0.0,17,2,3,0,0.8660254037844386,0.5000000000000001,76.67,76.67,76.67,55250.0,11250.0,22500.0,15.827832,15.154916,15.3695,0.0,0.0,0.0,11.737334,11.0581675,10.831082,0.75,0.0,0.35,0.3,1.1,76.67,,75.00285714285714,4.410845400017753,57958.333333333336,26167.827734325445,76.67
66250.0,120.48,122.0,0,0,0,0,1,6.23,0.0,16.504915,0.0,0.0,12.12066575,0.0,0.0,18,2,4,0,0.8660254037844386,0.5000000000000001,76.67,76.67,76.67,11250.0,12125.0,24250.0,16.117416,15.179916,14.1945,0.0,0.0,0.0,11.7487915,11.37275,9.32587475,0.0,0.4,1.70000005,0.0,0.3,76.67,,75.00285714285714,4.410845400017753,50625.0,37278.303005904105,76.67
36750.0,119.76,128.0,0,0,0,0,1,6.23,0.0,15.819501,0.0,0.0,11.91441625,0.25,0.25,19,2,5,1,0.8660254037844386,0.5000000000000001,76.67,76.67,76.67,66250.0,19166.666666666668,10625.0,16.504915,15.827832,14.3965845,0.0,0.0,0.0,12.12066575,11.737334,9.246709,0.0,0.75,0.0,0.0,0.0,76.67,,75.00285714285714,4.410845400017753,44250.0,29103.26442171048,76.67
48955.0,119.76,128.0,0,0,0,0,1,6.23,2.6999998,15.082002,0.4,0.4,9.5529575,1.799999975,1.799999975,20,2,6,1,0.8660254037844386,0.5000000000000001,76.67,76.67,65.0,36750.0,26208.333333333336,23250.0,15.819501,16.117416,14.513251,0.0,0.0,0.0,11.91441625,11.7487915,10.06649975,0.25,0.0,0.05,0.0,0.0,76.67,,75.00285714285714,4.410845400017753,38083.333333333336,27524.231748285594,75.0
65500.0,119.76,128.0,0,0,0,0,1,6.23,7.6,15.252833,0.0,0.0,9.501917,0.4,0.4,21,2,0,0,0.8660254037844386,0.5000000000000001,75.0,76.67,76.67,48955.0,33250.0,17625.0,15.082002,16.504915,15.154916,0.4,0.0,0.0,9.5529575,12.12066575,11.0581675,1.799999975,0.0,0.0,2.6999998,0.0,75.0,,76.43142857142857,0.6312006699259617,50651.666666666664,14823.006049156558,75.0
67375.0,119.52,128.0,0,0,0,0,1,6.23,0.70000005,16.473667,0.0,0.0,10.093583,0.1,0.1,22,2,1,0,0.8660254037844386,0.5000000000000001,75.0,76.67,76.67,65500.0,85375.0,12000.0,15.252833,15.819501,15.179916,0.0,0.0,0.0,9.501917,11.91441625,11.37275,0.4,0.25,0.4,7.6,2.6999998,75.0,,76.19285714285715,0.8148765609124492,50401.666666666664,14429.4926568238,65.0
54000.0,120.11,128.0,0,0,0,0,1,6.23,0.2,17.398668,0.0,0.0,12.4050415,0.0,0.0,23,2,2,0,0.8660254037844386,0.5000000000000001,65.0,75.0,76.67,67375.0,55250.0,16625.0,16.473667,15.082002,15.827832,0.0,0.4,0.0,10.093583,9.5529575,11.737334,0.1,1.799999975,0.75,0.70000005,7.6,65.0,,74.5257142857143,4.273581078919168,60610.0,10136.970701348506,65.0
89200.0,119.6,128.0,0,0,0,0,1,6.23,0.2,19.323668,0.0,0.0,13.508166,1.70000005,1.70000005,24,2,3,0,0.8660254037844386,0.5000000000000001,65.0,75.0,76.67,54000.0,11250.0,16312.5,17.398668,15.252833,16.117416,0.0,0.0,0.0,12.4050415,9.501917,11.7487915,0.0,0.4,0.0,0.2,0.70000005,65.0,,72.85857142857142,5.42012739263402,62291.666666666664,7241.733793321268,65.0
44750.0,121.35,128.0,0,0,0,0,1,6.23,5.4,18.256998,3.8,3.8,12.04879175,1.000000075,1.000000075,25,2,4,0,0.8660254037844386,0.5000000000000001,65.0,65.0,76.67,89200.0,66250.0,16000.0,19.323668,16.473667,16.504915,0.0,0.0,0.0,13.508166,10.093583,12.12066575,1.70000005,0.1,0.0,0.2,0.2,65.0,,71.19142857142857,5.831541901794215,70191.66666666667,17768.235937574973,65.0
64875.0,120.77,128.0,0,0,0,0,1,6.23,0.3,18.302834,0.0,0.0,12.711291,1.0,1.0,26,2,5,1,0.8660254037844386,0.5000000000000001,65.0,65.0,76.67,44750.0,36750.0,10000.0,18.256998,17.398668,15.819501,3.8,0.0,0.0,12.04879175,12.4050415,11.91441625,1.000000075,0.0,0.25,5.4,0.2,65.0,,69.52428571428571,5.670167126116828,62650.0,23453.51785980086,60.0
85000.0,120.77,128.0,0,0,0,0,1,6.23,0.4,18.275751,0.0,0.0,13.918585,0.1,0.1,27,2,6,1,0.8660254037844386,0.5000000000000001,60.0,65.0,75.0,64875.0,48955.0,14416.666666666668,18.302834,19.323668,15.082002,0.0,0.0,0.4,12.711291,13.508166,9.5529575,1.0,1.70000005,1.799999975,0.3,5.4,60.0,,67.14285714285714,5.669467095138471,66275.0,22258.046297912082,55.0
41050.0,120.77,128.0,0,0,0,0,1,6.23,0.0,18.698668,0.0,0.0,13.7675425,0.0,0.0,28,2,0,0,0.8660254037844386,0.5000000000000001,55.0,65.0,75.0,85000.0,65500.0,18833.333333333336,18.275751,18.256998,15.252833,0.0,3.8,0.0,13.918585,12.04879175,9.501917,0.1,1.000000075,0.4,0.4,0.3,55.0,,64.28571428571429,6.074928962939614,64875.0,20124.999999999945,66.67
86640.0,120.85,128.0,0,0,0,1,0,7.14,0.1,18.550749,0.0,0.0,14.541501,0.1,0.1,1,3,1,0,1.0,6.123233995736766e-17,66.67,60.0,65.0,41050.0,67375.0,23250.0,18.698668,18.302834,16.473667,0.0,0.0,0.0,13.7675425,12.711291,10.093583,0.0,1.0,0.1,0.0,0.4,66.67,,63.09571428571429,4.131278483080336,63641.666666666664,22000.942214671883,66.67
62800.0,120.85,128.0,0,0,0,1,0,7.14,0.4,18.648666,0.0,0.0,14.4842095,1.69999995,1.69999995,2,3,2,0,1.0,6.123233995736766e-17,66.67,55.0,65.0,86640.0,54000.0,18000.0,18.550749,18.275751,17.398668,0.0,0.0,0.0,14.541501,13.918585,12.4050415,0.1,0.1,0.0,0.1,0.0,66.67,,63.33428571428572,4.304175713354327,70896.66666666667,25860.97510407005,56.67
23750.0,121.43,133.0,0,0,0,1,0,7.14,3.8000002,19.434084,0.0,0.0,15.140459,0.0,0.0,3,3,3,0,1.0,6.123233995736766e-17,56.67,66.67,65.0,62800.0,89200.0,25500.0,18.648666,18.698668,19.323668,0.0,0.0,0.0,14.4842095,13.7675425,13.508166,1.69999995,0.0,1.70000005,0.4,0.1,56.67,,62.144285714285715,4.8799072981047384,63496.666666666664,22802.98299199759,56.67
35600.0,121.76,133.0,0,0,0,1,0,7.14,0.0,20.063248,0.0,0.0,15.4737915,0.0,0.0,4,3,4,0,1.0,6.123233995736766e-17,56.67,66.67,65.0,23750.0,44750.0,33000.0,19.434084,18.550749,18.256998,0.0,0.0,3.8,15.140459,14.541501,12.04879175,0.0,0.1,1.000000075,3.8000002,0.4,56.67,,60.95428571428572,5.07905784289067,57730.0,31750.066141663363,60.84
47450.0,122.16,133.0,1,0,0,1,0,7.14,0.0,19.25492,0.0,0.0,15.0633755,0.05,0.05,5,3,5,1,1.0,6.123233995736766e-17,60.84,56.67,60.0,35600.0,64875.0,40500.0,20.063248,18.648666,18.302834,0.0,0.0,0.0,15.4737915,14.4842095,12.711291,0.0,1.69999995,1.0,0.0,3.8000002,60.84,,60.36,4.7601470565519985,40716.666666666664,20021.509267119007,65.0
65425.0,122.16,133.0,1,0,0,1,0,7.14,0.0,20.536167,0.0,0.0,16.437334,0.0,0.0,6,3,6,1,1.0,6.123233995736766e-17,65.0,56.67,55.0,47450.0,85000.0,48000.0,19.25492,19.434084,18.275751,0.0,0.0,0.0,15.0633755,15.140459,13.918585,0.05,0.0,0.1,0.0,0.0,65.0,,61.074285714285715,5.062650350501131,35600.0,11849.99999999996,65.0
84650.0,122.16,133.0,1,0,0,1,0,7.14,0.0,21.792418,0.0,0.0,18.0717115,0.0,0.0,7,3,0,0,1.0,6.123233995736766e-17,65.0,60.84,66.67,65425.0,41050.0,5000.0,20.536167,20.063248,18.698668,0.0,0.0,0.0,16.437334,15.4737915,13.7675425,0.0,0.0,0.0,0.0,0.0,65.0,,62.50285714285714,4.43492094738164,49491.666666666664,15016.955694591757,65.0
42975.0,123.44,133.0,1,0,0,1,0,7.14,0.0,21.919502,0.0,0.0,18.7331655,0.0,0.0,8,3,1,0,1.0,6.123233995736766e-17,65.0,65.0,66.67,84650.0,86640.0,27200.0,21.792418,19.25492,18.550749,0.0,0.0,0.0,18.0717115,15.0633755,14.541501,0.0,0.05,0.1,0.0,0.0,65.0,,62.26428571428572,4.212745965689033,65841.66666666667,18603.499894733017,55.0
81950.0,123.36,133.0,1,0,0,1,0,7.14,0.0,22.894499,0.0,0.0,18.6654605,0.0,0.0,9,3,2,0,1.0,6.123233995736766e-17,55.0,65.0,56.67,42975.0,62800.0,12000.0,21.919502,20.536167,18.648666,0.0,0.0,0.0,18.7331655,16.437334,14.4842095,0.0,0.0,1.69999995,0.0,0.0,55.0,,60.59714285714286,4.479347847941463,64350.0,20858.28672254742,56.67
65700.0,122.8,133.0,1,0,0,1,0,7.14,0.0,23.16117,0.0,0.0,18.4540005,0.0,0.0,10,3,3,0,1.0,6.123233995736766e-17,56.67,65.0,56.67,81950.0,23750.0,36000.0,22.894499,21.792418,19.434084,0.0,0.0,0.0,18.6654605,18.0717115,15.140459,0.0,0.0,0.0,0.0,0.0,56.67,,60.597142857142856,4.479347847941463,69858.33333333333,23320.757027449417,56.67
47500.0,122.4,133.0,1,0,0,1,0,7.14,1.7,22.686167,0.0,0.0,18.044625,0.05,0.05,11,3,4,0,1.0,6.123233995736766e-17,56.67,55.0,60.84,65700.0,35600.0,58450.0,23.16117,21.919502,20.063248,0.0,0.0,0.0,18.4540005,18.7331655,15.4737915,0.0,0.0,0.0,0.0,0.0,56.67,,60.597142857142856,4.479347847941463,63541.666666666664,19576.93689863997,46.67
69250.0,122.85,133.0,1,0,0,1,0,7.14,0.0,23.134087,0.0,0.0,18.651917,0.0,0.0,12,3,5,1,1.0,6.123233995736766e-17,46.67,56.67,65.0,47500.0,47450.0,11250.0,22.686167,22.894499,19.25492,0.0,0.0,0.0,18.044625,18.6654605,15.0633755,0.05,0.0,0.05,1.7,0.0,46.67,,58.57285714285715,6.899390587304879,65050.0,17234.19565863165,46.67
88375.0,122.85,133.0,1,0,0,1,0,7.14,0.0,23.667418,0.0,0.0,19.126918000000003,0.0,0.0,13,3,6,1,1.0,6.123233995736766e-17,46.67,56.67,65.0,69250.0,65425.0,12125.0,23.134087,23.16117,20.536167,0.0,0.0,0.0,18.651917,18.4540005,16.437334,0.0,0.0,0.0,0.0,1.7,46.67,,55.95428571428571,7.505342224360099,60816.666666666664,11668.368923432758,45.0
35506.0,122.85,133.0,1,0,0,1,0,7.14,0.0,23.738253,0.0,0.0,20.0092085,0.0,0.0,14,3,0,0,1.0,6.123233995736766e-17,45.0,46.67,65.0,88375.0,84650.0,19166.666666666668,23.667418,22.686167,21.792418,0.0,0.0,0.0,19.126918000000003,18.044625,18.0717115,0.0,0.05,0.0,0.0,0.0,45.0,,53.09714285714285,7.29165668026532,68375.0,20451.54334029581,56.67
56500.0,122.8,133.0,1,0,0,1,0,7.14,0.0,24.132002,0.0,0.0,20.699836,0.0,0.0,15,3,1,0,1.0,6.123233995736766e-17,56.67,46.67,55.0,35506.0,42975.0,26208.333333333336,23.738253,23.134087,21.919502,0.0,0.0,0.0,20.0092085,18.651917,18.7331655,0.0,0.0,0.0,0.0,0.0,56.67,,51.90714285714285,5.4800265032380295,64377.0,26769.243302715862,61.0
93695.0,122.88,138.0,1,0,0,1,0,7.14,2.1,25.62992,0.0,0.0,20.334209,1.65000005,1.65000005,16,3,2,0,1.0,6.123233995736766e-17,61.0,45.0,56.67,56500.0,81950.0,33250.0,24.132002,23.667418,22.894499,0.0,0.0,0.0,20.699836,19.126918000000003,18.6654605,0.0,0.0,0.0,0.0,0.0,61.0,,52.76428571428572,6.431116691894389,60127.0,26620.464627800884,55.0
107243.0,122.33,138.0,1,0,0,1,0,7.14,0.0,27.14033,0.0,0.0,21.2904595,0.0,0.0,17,3,3,0,1.0,6.123233995736766e-17,55.0,56.67,56.67,93695.0,65700.0,85375.0,25.62992,23.738253,23.16117,0.0,0.0,0.0,20.334209,20.0092085,18.4540005,1.65000005,0.0,0.0,2.1,0.0,55.0,,52.52571428571429,6.291541562931614,61900.333333333336,29467.993320437196,65.0
93260.0,121.58,138.0,1,0,0,1,0,7.14,0.1,28.23825,0.0,0.0,22.2998335,0.0,0.0,18,3,4,0,1.0,6.123233995736766e-17,65.0,61.0,46.67,107243.0,47500.0,55250.0,27.14033,24.132002,22.686167,0.0,0.0,0.0,21.2904595,20.699836,18.044625,0.0,0.0,0.05,0.0,2.1,65.0,,53.715714285714284,7.81047343239166,85812.66666666667,26273.77773243374,65.0
97000.0,121.58,138.0,1,0,0,1,0,7.14,0.0,27.932001,0.0,0.0,22.480041,0.0,0.0,19,3,5,1,1.0,6.123233995736766e-17,65.0,55.0,46.67,93260.0,69250.0,11250.0,28.23825,25.62992,23.134087,0.0,0.0,0.0,22.2998335,20.334209,18.651917,0.0,1.65000005,0.0,0.1,0.0,65.0,,56.33428571428571,8.121120319149071,98066.0,7950.490739570584,57.5
50625.0,121.58,138.0,1,0,0,1,0,7.14,0.0,27.271582,0.0,0.0,22.396711,0.0,0.0,20,3,6,1,1.0,6.123233995736766e-17,57.5,65.0,45.0,97000.0,88375.0,66250.0,27.932001,27.14033,23.667418,0.0,0.0,0.0,22.480041,21.2904595,19.126918000000003,0.0,0.0,0.0,0.0,0.1,57.5,,57.881428571428565,6.915206501065722,99167.66666666667,7239.140579746394,60.0
55575.0,121.58,138.0,1,0,0,1,0,7.14,0.0,27.069502,0.4,0.4,21.7425425,0.15,0.15,21,3,0,0,1.0,6.123233995736766e-17,60.0,65.0,56.67,50625.0,35506.0,36750.0,27.271582,28.23825,23.738253,0.0,0.0,0.0,22.396711,22.2998335,20.0092085,0.0,0.0,0.0,0.0,0.0,60.0,,60.02428571428571,3.944083573923842,80295.0,25762.93024871196,65.0
97350.0,122.09,138.0,1,0,0,1,0,7.14,0.2,27.540335,0.0,0.0,20.91442,3.24999985,3.24999985,22,3,1,0,1.0,6.123233995736766e-17,65.0,57.5,61.0,55575.0,56500.0,48955.0,27.069502,27.932001,24.132002,0.4,0.0,0.0,21.7425425,22.480041,20.699836,0.15,0.0,0.0,0.0,0.0,65.0,,61.214285714285715,4.019298683198663,67733.33333333333,25466.23172621601,65.0
132595.0,122.19,138.0,1,0,0,1,0,7.14,11.4,26.979918,0.0,0.0,19.260252,4.75,4.75,23,3,2,0,1.0,6.123233995736766e-17,65.0,60.0,55.0,97350.0,93695.0,65500.0,27.540335,27.271582,25.62992,0.0,0.0,0.0,20.91442,22.396711,20.334209,3.24999985,0.0,1.65000005,0.2,0.0,65.0,,61.785714285714285,4.260840516231804,67850.0,25667.355239681347,70.0
159257.5,122.39,138.0,1,0,0,1,0,7.14,2.6000001,26.188253,0.1,0.1,18.8185845,7.75000055,7.75000055,24,3,3,0,1.0,6.123233995736766e-17,70.0,65.0,65.0,132595.0,107243.0,67375.0,26.979918,27.069502,27.14033,0.0,0.4,0.0,19.260252,21.7425425,21.2904595,4.75,0.15,0.0,11.4,0.2,70.0,,63.92857142857143,4.045867968563507,95173.33333333333,38556.10857352348,67.5
185920.0,122.49,138.0,1,0,0,1,0,7.14,0.0,26.42367,0.0,0.0,20.694625,0.0,0.0,25,3,4,0,1.0,6.123233995736766e-17,67.5,65.0,65.0,159257.5,93260.0,54000.0,26.188253,27.540335,28.23825,0.1,0.0,0.0,18.8185845,20.91442,22.2998335,7.75000055,3.24999985,0.0,2.6000001,11.4,67.5,,64.28571428571429,4.2608405162318,129734.16666666667,31052.74407493372,65.0
85960.0,122.22,138.0,0,0,0,1,0,7.14,0.0,25.569498,0.0,0.0,20.6362945,0.0,0.0,26,3,5,1,1.0,6.123233995736766e-17,65.0,70.0,57.5,185920.0,97000.0,89200.0,26.42367,26.979918,27.932001,0.0,0.0,0.0,20.694625,19.260252,22.480041,0.0,4.75,0.0,0.0,2.6000001,65.0,,64.28571428571429,4.2608405162318,159257.5,26662.499999999956,65.0
59825.0,122.22,138.0,0,0,0,1,0,7.14,0.0,26.13617,0.0,0.0,21.1883755,0.0,0.0,27,3,6,1,1.0,6.123233995736766e-17,65.0,67.5,60.0,85960.0,50625.0,44750.0,25.569498,26.188253,27.271582,0.0,0.1,0.0,20.6362945,18.8185845,22.396711,0.0,7.75000055,0.0,0.0,0.0,65.0,,65.35714285714286,3.037464481469872,143712.5,51761.3337226737,65.0
52662.5,122.22,138.0,0,0,0,1,0,7.14,0.70000005,27.752836,0.0,0.0,21.107125,0.05,0.05,28,3,0,0,1.0,6.123233995736766e-17,65.0,65.0,65.0,59825.0,55575.0,64875.0,26.13617,26.42367,27.069502,0.0,0.0,0.4,21.1883755,20.694625,21.7425425,0.0,0.0,0.15,0.0,0.0,65.0,,66.07142857142857,1.9669894811737492,110568.33333333333,66551.97073215285,60.0
45500.0,122.16,138.0,0,0,0,1,0,7.14,0.1,27.419502,0.1,0.1,20.630043,0.85000005,0.85000005,29,3,1,0,1.0,6.123233995736766e-17,60.0,65.0,65.0,52662.5,97350.0,85000.0,27.752836,25.569498,27.540335,0.0,0.0,0.0,21.107125,20.6362945,20.91442,0.05,0.0,3.24999985,0.70000005,0.0,60.0,,65.35714285714286,3.037464481469872,66149.16666666667,17526.471110389877,55.0
76280.0,121.88,138.0,0,0,0,1,0,7.14,6.7999997,27.432001,0.2,0.2,18.7487925,12.7,12.7,30,3,2,0,1.0,6.123233995736766e-17,55.0,65.0,70.0,45500.0,132595.0,41050.0,27.419502,26.13617,26.979918,0.1,0.0,0.0,20.630043,21.1883755,19.260252,0.85000005,0.0,4.75,0.1,0.70000005,55.0,,63.92857142857143,4.970148986940082,52662.5,7162.499999999851,55.0
107060.0,121.76,138.0,0,0,0,1,0,7.14,12.000001,26.065332,3.3000002,3.3000002,18.307127,19.0999995,19.0999995,31,3,3,0,1.0,6.123233995736766e-17,55.0,60.0,67.5,76280.0,159257.5,86640.0,27.432001,27.752836,26.188253,0.2,0.0,0.1,18.7487925,21.107125,18.8185845,12.7,0.05,7.75000055,6.7999997,0.1,55.0,,61.785714285714285,5.146658647908935,58147.5,16106.396827037315,55.0
110200.0,121.57,138.0,0,0,0,1,0,7.61,1.5000002,27.111168,0.0,0.0,19.9915,5.3999996,5.3999996,1,4,4,0,0.8660254037844387,-0.4999999999999998,55.0,55.0,65.0,107060.0,185920.0,62800.0,26.065332,27.419502,26.42367,3.3000002,0.1,0.0,18.307127,20.630043,20.694625,19.0999995,0.85000005,0.0,12.000001,6.7999997,55.0,,60.0,5.000000000000062,76280.0,30779.999999999953,56.67
106650.0,121.57,138.0,0,0,0,1,0,7.61,13.900002,27.734085,0.8,0.8,19.849836,10.8,10.8,2,4,5,1,0.8660254037844387,-0.4999999999999998,56.67,55.0,65.0,110200.0,85960.0,23750.0,27.111168,27.432001,25.569498,0.0,0.2,0.0,19.9915,18.7487925,20.6362945,5.3999996,12.7,0.0,1.5000002,12.000001,56.67,,58.81,4.585778741573486,97846.66666666667,18743.151638220534,56.67
141475.0,121.57,138.0,0,0,0,1,0,7.61,0.1,26.929918,1.5,1.5,20.164418,4.14999975,4.14999975,3,4,6,1,0.8660254037844387,-0.4999999999999998,56.67,55.0,65.0,106650.0,59825.0,35600.0,27.734085,26.065332,26.13617,0.8,3.3000002,0.0,19.849836,18.307127,21.1883755,10.8,19.0999995,0.0,13.900002,1.5000002,56.67,,57.620000000000005,3.7087059737866306,107970.0,1942.0865068258945,55.0
105025.0,121.57,138.0,0,0,0,1,0,7.61,0.0,27.606997,0.0,0.0,21.181086,0.350000025,0.350000025,4,4,0,0,0.8660254037844387,-0.4999999999999998,55.0,56.67,60.0,141475.0,52662.5,47450.0,26.929918,27.111168,27.752836,1.5,0.0,0.0,20.164418,19.9915,21.107125,4.14999975,5.3999996,0.05,0.1,13.900002,55.0,,56.191428571428574,1.8547814657568011,119441.66666666667,19163.80594593172,55.0
72750.0,121.18,143.0,0,0,0,1,0,7.61,1.4000001,28.834082,0.0,0.0,21.879001,0.45000002,0.45000002,5,4,1,0,0.8660254037844387,-0.4999999999999998,55.0,56.67,55.0,105025.0,45500.0,65425.0,27.606997,27.734085,27.419502,0.0,0.8,0.1,21.181086,19.849836,20.630043,0.350000025,10.8,0.85000005,0.0,0.1,55.0,,55.47714285714286,0.814876560912442,117716.66666666667,20591.35639857967,55.0
80900.0,120.88,143.0,0,0,0,1,0,7.61,0.0,28.819502,0.0,0.0,22.0654595,0.15,0.15,6,4,2,0,0.8660254037844387,-0.4999999999999998,55.0,55.0,55.0,72750.0,76280.0,84650.0,28.834082,26.929918,27.432001,0.0,1.5,0.2,21.879001,20.164418,18.7487925,0.45000002,4.14999975,12.7,1.4000001,0.0,55.0,,55.47714285714286,0.814876560912442,106416.66666666667,34383.62921992571,65.0
125650.0,121.52,143.0,0,0,0,1,0,7.61,2.5,27.434082,0.6,0.6,20.232127,4.39999975,4.39999975,7,4,3,0,0.8660254037844387,-0.4999999999999998,65.0,55.0,55.0,80900.0,107060.0,42975.0,28.819502,27.606997,26.065332,0.0,0.0,3.3000002,22.0654595,21.181086,18.307127,0.15,0.350000025,19.0999995,0.0,1.4000001,65.0,,56.90571428571429,3.6550324081685717,86225.0,16783.492634132996,65.0
78285.0,121.84,143.0,0,0,0,1,0,7.61,5.9,28.175749,0.1,0.1,20.02796,2.7499999,2.7499999,8,4,4,0,0.8660254037844387,-0.4999999999999998,65.0,55.0,56.67,125650.0,110200.0,81950.0,27.434082,28.834082,27.111168,0.6,0.0,0.0,20.232127,21.879001,19.9915,4.39999975,0.45000002,5.3999996,2.5,0.0,65.0,,58.33428571428572,4.614390017986761,93100.0,28482.143528884833,65.0
72385.0,121.74,143.0,0,0,0,1,0,7.61,3.6999998,27.979918,0.0,0.0,19.5925425,12.6500005,12.6500005,9,4,5,1,0.8660254037844387,-0.4999999999999998,65.0,65.0,56.67,78285.0,106650.0,65700.0,28.175749,28.819502,27.734085,0.1,0.0,0.8,20.02796,22.0654595,19.849836,2.7499999,0.15,10.8,5.9,2.5,65.0,,59.52428571428572,5.155979884699821,94945.0,26623.435634793568,65.0
79875.0,121.74,143.0,0,0,0,1,0,7.61,1.2,26.021584,2.9,2.9,19.4050425,3.0499997,3.0499997,10,4,6,1,0.8660254037844387,-0.4999999999999998,65.0,65.0,55.0,72385.0,141475.0,47500.0,27.979918,27.434082,26.929918,0.0,0.6,1.5,19.5925425,20.232127,20.164418,12.6500005,4.39999975,4.14999975,3.6999998,5.9,65.0,,60.714285714285715,5.345224838248544,92106.66666666667,29198.78265156494,75.0
121975.0,121.74,143.0,0,0,0,1,0,7.61,0.2,27.052835,0.1,0.1,21.117543,0.1,0.1,11,4,0,0,0.8660254037844387,-0.4999999999999998,75.0,65.0,55.0,79875.0,105025.0,69250.0,26.021584,28.175749,27.606997,2.9,0.1,0.0,19.4050425,20.02796,21.181086,3.0499997,2.7499999,0.350000025,1.2,3.6999998,75.0,,63.57142857142857,6.900655593423584,76848.33333333333,3946.268279442062,75.0
57350.0,121.83,143.0,0,0,0,1,0,7.61,1.7000002,28.161165,0.0,0.0,20.275875,5.8000001,5.8000001,12,4,1,0,0.8660254037844387,-0.4999999999999998,75.0,65.0,55.0,121975.0,72750.0,88375.0,27.052835,27.979918,28.834082,0.1,0.0,0.0,21.117543,19.5925425,21.879001,0.1,12.6500005,0.45000002,0.2,1.2,75.0,,66.42857142857143,6.900655593423583,91411.66666666667,26732.247068537465,75.0
82450.0,122.12,143.0,1,0,0,1,0,7.61,5.4000006,28.517418,0.0,0.0,20.7435855,7.25,7.25,13,4,2,0,0.8660254037844387,-0.4999999999999998,75.0,75.0,65.0,57350.0,80900.0,35506.0,28.161165,26.021584,28.819502,0.0,2.9,0.0,20.275875,19.4050425,22.0654595,5.8000001,3.0499997,0.15,1.7000002,0.2,75.0,,69.28571428571429,5.345224838248536,86400.0,32802.88668699748,55.0
107950.0,122.19,143.0,1,0,0,1,0,7.61,0.0,28.467415,0.0,0.0,22.312335,0.05,0.05,14,4,3,0,0.8660254037844387,-0.4999999999999998,55.0,75.0,65.0,82450.0,125650.0,56500.0,28.517418,27.052835,27.434082,0.0,0.1,0.6,20.7435855,21.117543,20.232127,7.25,0.1,4.39999975,5.4000006,1.7000002,55.0,,67.85714285714286,7.55928946018458,87258.33333333333,32579.7131407465,66.67
93750.0,122.19,143.0,0,0,0,1,0,7.61,0.0,27.542418,0.0,0.0,22.544626,0.2,0.2,15,4,4,0,0.8660254037844387,-0.4999999999999998,66.67,75.0,65.0,107950.0,78285.0,93695.0,28.467415,28.161165,28.175749,0.0,0.0,0.1,22.312335,20.275875,20.02796,0.05,5.8000001,2.7499999,0.0,5.4000006,66.67,,68.09571428571428,7.48002641961215,82583.33333333333,25300.26350323906,56.67
77935.0,122.19,143.0,0,0,0,1,0,7.61,0.0,27.479914,0.0,0.0,22.7550435,0.0,0.0,16,4,5,1,0.8660254037844387,-0.4999999999999998,56.67,55.0,65.0,93750.0,72385.0,107243.0,27.542418,28.517418,27.979918,0.0,0.0,0.0,22.544626,20.7435855,19.5925425,0.2,7.25,12.6500005,0.0,0.0,56.67,,66.90571428571428,8.628978033623822,94716.66666666667,12777.454102180513,56.67
40075.0,122.19,143.0,0,0,0,1,0,7.61,0.0,28.261168,0.0,0.0,22.9998335,0.0,0.0,17,4,6,1,0.8660254037844387,-0.4999999999999998,56.67,66.67,75.0,77935.0,79875.0,93260.0,27.479914,28.467415,26.021584,0.0,0.0,2.9,22.7550435,22.312335,19.4050425,0.0,0.05,3.0499997,0.0,0.0,56.67,,65.71571428571428,9.469081013387509,93211.66666666667,15014.739702483348,55.0
76885.0,122.19,143.0,0,0,0,1,0,7.61,0.0,29.72783,0.0,0.0,23.0977515,0.0,0.0,18,4,0,0,0.8660254037844387,-0.4999999999999998,55.0,56.67,75.0,40075.0,121975.0,97000.0,28.261168,27.542418,27.052835,0.0,0.0,0.1,22.9998335,22.544626,21.117543,0.0,0.2,0.1,0.0,0.0,55.0,,62.85857142857143,9.214722691742544,70586.66666666667,27581.695167870505,55.0
64475.0,122.32,143.0,0,0,0,1,0,7.61,1.4,29.671587,0.7,0.7,21.5987925,3.0,3.0,19,4,1,0,0.8660254037844387,-0.4999999999999998,55.0,56.67,75.0,76885.0,57350.0,50625.0,29.72783,27.479914,28.161165,0.0,0.0,0.0,23.0977515,22.7550435,20.275875,0.0,0.0,5.8000001,0.0,0.0,55.0,,60.00142857142857,7.817359802754065,64965.0,21561.764770073856,56.67
48450.0,122.72,143.0,0,0,0,1,0,7.61,12.3,28.034082,0.0,0.0,19.9987945,16.599999,16.599999,20,4,2,0,0.8660254037844387,-0.4999999999999998,56.67,55.0,55.0,64475.0,82450.0,55575.0,29.671587,28.261168,28.517418,0.7,0.0,0.0,21.5987925,22.9998335,20.7435855,3.0,0.0,7.25,1.4,0.0,56.67,,57.38285714285714,4.179504413546904,60478.333333333336,18727.62754150487,56.67
46575.0,122.24,143.0,0,0,0,1,0,7.61,3.2999997,28.461166,0.0,0.0,20.350876,3.6499998,3.6499998,21,4,3,0,0.8660254037844387,-0.4999999999999998,56.67,55.0,66.67,48450.0,107950.0,97350.0,28.034082,29.72783,28.467415,0.0,0.0,0.0,19.9987945,23.0977515,22.312335,16.599999,0.0,0.05,12.3,1.4,56.67,,57.621428571428574,4.066966226281597,63270.0,14255.747086701498,55.0
59156.0,122.14,143.0,0,0,0,1,0,7.61,1.0,28.211168,1.0000001,1.0000001,20.6362925,2.55,2.55,22,4,4,0,0.8660254037844387,-0.4999999999999998,55.0,56.67,56.67,46575.0,93750.0,132595.0,28.461166,29.671587,27.542418,0.0,0.7,0.0,20.350876,21.5987925,22.544626,3.6499998,3.0,0.2,3.2999997,12.3,55.0,,55.954285714285724,0.8926525479880282,53166.666666666664,9838.074422026506,56.67
48750.0,122.68,143.0,0,0,0,1,0,7.61,0.0,28.732,0.0,0.0,22.4665,0.0,0.0,23,4,5,1,0.8660254037844387,-0.4999999999999998,56.67,56.67,56.67,59156.0,77935.0,159257.5,28.211168,28.034082,27.479914,1.0000001,0.0,0.0,20.6362925,19.9987945,22.7550435,2.55,16.599999,0.0,1.0,3.2999997,56.67,,55.95428571428572,0.8926525479880282,51393.666666666664,6787.434738789927,56.67
47700.0,122.68,143.0,0,0,0,1,0,7.61,0.0,27.892416,0.0,0.0,23.3269185,0.0,0.0,24,4,6,1,0.8660254037844387,-0.4999999999999998,56.67,55.0,55.0,48750.0,40075.0,185920.0,28.732,28.461166,28.261168,0.0,0.0,0.0,22.4665,20.350876,22.9998335,0.0,3.6499998,0.0,0.0,1.0,56.67,,55.95428571428572,0.8926525479880282,51493.666666666664,6724.29701406268,55.0
39500.0,122.68,143.0,0,0,0,1,0,7.61,0.0,28.082,0.0,0.0,23.484209,0.1,0.1,25,4,0,0,0.8660254037844387,-0.4999999999999998,55.0,56.67,55.0,47700.0,76885.0,85960.0,27.892416,28.211168,29.72783,0.0,1.0000001,0.0,23.3269185,20.6362925,23.0977515,0.0,2.55,0.0,0.0,0.0,55.0,,55.95428571428572,0.8926525479880282,51868.666666666664,6332.8149612421375,65.0
16500.0,123.01,143.0,0,0,0,1,0,7.61,0.5,29.002832,0.0,0.0,23.247752,0.05,0.05,26,4,1,0,0.8660254037844387,-0.4999999999999998,65.0,56.67,56.67,39500.0,64475.0,59825.0,28.082,28.732,29.671587,0.0,0.0,0.7,23.484209,22.4665,21.5987925,0.1,0.0,3.0,0.0,0.0,65.0,,57.38285714285714,3.4498681824370303,45316.666666666664,5064.665174849433,56.67
22200.0,122.84,143.0,0,0,0,1,0,7.61,0.0,29.279913,0.4,0.4,23.239418,0.0,0.0,27,4,2,0,0.8660254037844387,-0.4999999999999998,56.67,55.0,56.67,16500.0,48450.0,52662.5,29.002832,27.892416,28.034082,0.0,0.0,0.0,23.247752,23.3269185,19.9987945,0.05,0.0,16.599999,0.5,0.0,56.67,,57.38285714285714,3.4498681824370303,34566.666666666664,16174.465472878332,55.0
27050.0,122.76,143.0,0,0,0,1,0,7.61,0.0,30.332,0.0,0.0,22.8081665,1.7,1.7,28,4,3,0,0.8660254037844387,-0.4999999999999998,55.0,65.0,55.0,22200.0,46575.0,45500.0,29.279913,28.082,28.461166,0.4,0.0,0.0,23.239418,23.484209,20.350876,0.0,0.1,3.6499998,0.0,0.5,55.0,,57.144285714285715,3.56326094630038,26066.666666666668,11977.61801583828,66.67
49650.0,122.68,143.0,0,0,0,1,0,7.61,6.0,28.973665,6.7,6.7,21.879004,2.2000001,2.2000001,29,4,4,0,0.8660254037844387,-0.4999999999999998,66.67,56.67,56.67,27050.0,59156.0,76280.0,30.332,29.002832,28.211168,0.0,0.0,1.0000001,22.8081665,23.247752,20.6362925,1.7,0.05,2.55,0.0,0.0,66.67,,58.811428571428564,4.87966333733334,21916.666666666668,5280.703867225841,66.67
8450.0,122.59,143.0,0,0,0,1,0,7.61,17.7,27.729914,0.5,0.5,19.9040005,8.24999985,8.24999985,30,4,5,1,0.8660254037844387,-0.4999999999999998,66.67,55.0,56.67,49650.0,48750.0,107060.0,28.973665,29.279913,28.732,6.7,0.4,0.0,21.879004,23.239418,22.4665,2.2000001,0.0,0.0,6.0,0.0,66.67,,60.24,5.564057272650431,32966.666666666664,14650.284411346194,66.67
40175.0,122.59,143.0,0,0,0,1,0,7.04,30.799997,26.550749,9.3,9.3,19.3394165,13.500001,13.500001,1,5,6,1,0.4999999999999999,-0.8660254037844387,66.67,66.67,55.0,8450.0,47700.0,110200.0,27.729914,30.332,27.892416,0.5,0.0,0.0,19.9040005,22.8081665,23.3269185,8.24999985,1.7,0.0,17.7,6.0,66.67,,61.66857142857143,5.774465137053681,28383.333333333332,20632.337078802622,66.67
35700.0,122.59,143.0,0,0,0,1,0,7.04,13.0,26.05075,10.3,10.3,19.7685855,9.8000005,9.8000005,2,5,0,0,0.4999999999999999,-0.8660254037844387,66.67,66.67,65.0,40175.0,39500.0,106650.0,26.550749,28.973665,28.082,9.3,6.7,0.0,19.3394165,21.879004,23.484209,13.500001,2.2000001,0.1,30.799997,17.7,66.67,,63.33571428571429,5.182592199349916,32758.333333333332,21578.11873943911,66.67
42375.0,122.73,143.0,0,0,0,1,0,7.04,2.0,26.30075,0.0,0.0,20.6373345,1.94999985,1.94999985,3,5,1,0,0.4999999999999999,-0.8660254037844387,66.67,66.67,56.67,35700.0,16500.0,141475.0,26.05075,27.729914,29.002832,10.3,0.5,0.0,19.7685855,19.9040005,23.247752,9.8000005,8.24999985,0.05,13.0,30.799997,66.67,,63.574285714285715,5.308872627161934,28108.333333333332,17171.0208879185,85.0
33470.0,122.73,143.0,0,0,0,1,0,7.04,18.300001,26.471582,2.0,2.0,19.3123345,18.05,18.05,4,5,2,0,0.4999999999999999,-0.8660254037844387,85.0,66.67,55.0,42375.0,22200.0,105025.0,26.30075,26.550749,29.279913,0.0,9.3,0.4,20.6373345,19.3394165,23.239418,1.94999985,13.500001,0.0,2.0,13.0,85.0,,67.62142857142858,8.811368468388709,39416.666666666664,3401.5008942131544,76.67
18125.0,122.57,143.0,0,0,0,1,0,7.04,14.700001,26.319502,2.1,2.1,18.965458,14.650000250000002,14.650000250000002,5,5,3,0,0.4999999999999999,-0.8660254037844387,76.67,66.67,66.67,33470.0,27050.0,72750.0,26.471582,26.05075,30.332,2.0,10.3,0.0,19.3123345,19.7685855,22.8081665,18.05,9.8000005,1.7,18.300001,2.0,76.67,,70.71714285714286,7.318166241816148,37181.666666666664,4633.708917630996,76.67
29450.0,122.32,143.0,0,0,0,1,0,7.04,30.800001,27.15908,0.5,0.5,19.460249,7.5999995,7.5999995,6,5,4,0,0.4999999999999999,-0.8660254037844387,76.67,85.0,66.67,18125.0,49650.0,80900.0,26.319502,26.30075,28.973665,2.1,0.0,6.7,18.965458,20.6373345,21.879004,14.650000250000002,1.94999985,2.2000001,14.700001,18.300001,76.67,,72.14571428571429,7.372299182622443,31323.333333333332,12266.693047978879,66.67
28250.0,123.37,143.0,0,0,0,1,0,7.04,11.6,27.00075,0.8,0.8,20.0029595,6.6999995000000006,6.6999995000000006,7,5,5,1,0.4999999999999999,-0.8660254037844387,66.67,76.67,66.67,29450.0,8450.0,125650.0,27.15908,26.471582,27.729914,0.5,2.0,0.5,19.460249,19.3123345,19.9040005,7.5999995,18.05,8.24999985,30.800001,14.700001,66.67,,72.14571428571429,7.372299182622443,27015.0,7957.020485081102,66.67
31000.0,123.37,143.0,0,0,0,1,0,7.04,5.7,27.615332,0.6,0.6,20.527958,2.3499999000000003,2.3499999000000003,8,5,6,1,0.4999999999999999,-0.8660254037844387,66.67,76.67,66.67,28250.0,40175.0,78285.0,27.00075,26.319502,26.550749,0.8,2.1,9.3,20.0029595,18.965458,19.3394165,6.6999995000000006,14.650000250000002,13.500001,11.6,30.800001,66.67,,72.14571428571428,7.372299182622443,25275.0,6221.083105054971,65.0
48675.0,123.37,143.0,0,0,0,1,0,7.04,0.2,28.277834,0.0,0.0,21.343586,0.25,0.25,9,5,0,0,0.4999999999999999,-0.8660254037844387,65.0,66.67,66.67,31000.0,35700.0,72385.0,27.615332,27.15908,26.05075,0.6,0.5,10.3,20.527958,19.460249,19.7685855,2.3499999000000003,7.5999995,9.8000005,5.7,11.6,65.0,,71.90714285714286,7.602457309505754,29566.666666666668,1378.7071238422948,75.0
16250.0,124.25,143.0,0,0,0,1,0,7.04,5.4,28.694502,0.0,0.0,21.9362915,4.249999949999999,4.249999949999999,10,5,1,0,0.4999999999999999,-0.8660254037844387,75.0,66.67,85.0,48675.0,42375.0,79875.0,28.277834,27.00075,26.30075,0.0,0.8,0.0,21.343586,20.0029595,20.6373345,0.25,6.6999995000000006,1.94999985,0.2,5.7,75.0,,73.09714285714287,7.291656680265291,35975.0,11084.138441935835,76.67
22000.0,124.04,143.0,0,0,0,1,0,7.04,6.2999997,29.077835,0.0,0.0,22.0206665,0.95000005,0.95000005,11,5,2,0,0.4999999999999999,-0.8660254037844387,76.67,65.0,76.67,16250.0,33470.0,121975.0,28.694502,27.615332,26.471582,0.0,0.6,2.0,21.9362915,20.527958,19.3123345,4.249999949999999,2.3499999000000003,18.05,5.4,0.2,76.67,,71.90714285714286,5.480026503237989,31975.0,16234.47335148264,66.67
11250.0,123.89,143.0,0,0,0,1,0,7.04,4.4,29.231997,2.4,2.4,22.299835,1.05000005,1.05000005,12,5,3,0,0.4999999999999999,-0.8660254037844387,66.67,75.0,76.67,22000.0,18125.0,57350.0,29.077835,28.277834,26.319502,0.0,0.0,2.1,22.0206665,21.343586,18.965458,0.95000005,0.25,14.650000250000002,6.2999997,5.4,66.67,,70.47857142857143,5.33293674120691,28975.0,17301.24634238817,65.0
12958.33,124.17,143.0,0,0,0,1,0,7.04,7.7,28.563253,1.1,1.1,21.804001,6.4999995,6.4999995,13,5,4,0,0.4999999999999999,-0.8660254037844387,65.0,76.67,66.67,11250.0,29450.0,82450.0,29.231997,28.694502,27.15908,2.4,0.0,0.5,22.299835,21.9362915,19.460249,1.05000005,4.249999949999999,7.5999995,4.4,6.2999997,65.0,,68.81142857142858,4.8796633373332785,16500.0,5379.358697837578,73.61
14666.67,124.23,143.0,0,0,0,1,0,7.04,5.0,26.859085,19.800001,19.800001,22.304,2.4,2.4,14,5,5,1,0.4999999999999999,-0.8660254037844387,73.61,66.67,66.67,12958.33,28250.0,107950.0,28.563253,29.077835,27.00075,1.1,0.0,0.8,21.804001,22.0206665,20.0029595,6.4999995,0.95000005,6.6999995000000006,7.7,4.4,73.61,,69.80285714285715,5.073242599776869,15402.776666666667,5776.860274373459,82.22
16375.0,124.23,143.0,0,0,0,1,0,7.04,26.9,29.261164,5.7,5.7,21.991502,8.8500005,8.8500005,15,5,6,1,0.4999999999999999,-0.8660254037844387,82.22,65.0,65.0,14666.67,31000.0,93750.0,26.859085,29.231997,27.615332,19.800001,2.4,0.6,22.304,22.299835,20.527958,2.4,1.05000005,2.3499999000000003,5.0,7.7,82.22,,72.02428571428571,6.636441961229091,12958.333333333334,1708.3350000027353,90.84
18083.33,124.23,143.0,0,0,0,1,0,7.04,6.9,28.798662,4.3,4.3,21.959209,15.4500015,15.4500015,16,5,0,0,0.4999999999999999,-0.8660254037844387,90.84,73.61,75.0,16375.0,48675.0,77935.0,29.261164,28.563253,28.277834,5.7,1.1,0.0,21.991502,21.804001,21.343586,8.8500005,6.4999995,0.25,26.9,5.0,90.84,,75.71571428571428,8.88405098503843,14666.666666666666,1708.3350000027044,99.45
19791.67,124.23,143.0,0,0,0,1,0,7.04,0.3,28.944498,0.0,0.0,23.2571255,1.55,1.55,17,5,1,0,0.4999999999999999,-0.8660254037844387,99.45,82.22,76.67,18083.33,16250.0,40075.0,28.798662,26.859085,28.694502,4.3,19.800001,0.0,21.959209,22.304,21.9362915,15.4500015,2.4,4.249999949999999,6.9,26.9,99.45,,79.20857142857143,12.589426024209684,16375.0,1708.3300000002343,108.06
21500.0,124.41,143.0,0,0,0,1,0,7.04,1.0,29.879913,0.0,0.0,22.6623345,2.0999999000000003,2.0999999000000003,18,5,2,0,0.4999999999999999,-0.8660254037844387,108.06,90.84,66.67,19791.67,22000.0,76885.0,28.944498,29.261164,29.077835,0.0,5.7,0.0,23.2571255,21.991502,22.0206665,1.55,8.8500005,0.95000005,0.3,6.9,108.06,,83.69285714285715,16.513432627496247,18083.333333333332,1708.3350000026396,116.67
4400.0,124.44,143.0,0,0,0,1,0,7.04,2.2,29.117414,0.8000001,0.8000001,22.474833,2.15,2.15,19,5,3,0,0.4999999999999999,-0.8660254037844387,116.67,99.45,65.0,21500.0,11250.0,64475.0,29.879913,28.798662,29.231997,0.0,4.3,2.4,22.6623345,21.959209,22.299835,2.0999999000000003,15.4500015,1.05000005,1.0,0.3,116.67,,90.83571428571429,18.604355096896782,19791.666666666668,1708.33500000261,115.0
2200.0,124.67,143.0,0,0,0,1,0,7.04,15.6,28.940332,1.2,1.2,21.4956685,31.250002,31.250002,20,5,4,0,0.4999999999999999,-0.8660254037844387,115.0,108.06,73.61,4400.0,12958.33,48450.0,29.117414,28.944498,28.563253,0.8000001,0.0,1.1,22.474833,23.2571255,21.804001,2.15,1.55,6.4999995,2.2,1.0,115.0,,97.97857142857141,16.512711697932858,15230.556666666665,9418.349968526025,115.0
11600.0,124.38,143.0,0,0,0,1,0,7.04,8.199999,27.16742,14.0,14.0,20.463377,20.1500005,20.1500005,21,5,5,1,0.4999999999999999,-0.8660254037844387,115.0,116.67,82.22,2200.0,14666.67,46575.0,28.940332,29.879913,26.859085,1.2,0.0,19.800001,21.4956685,22.6623345,22.304,31.250002,2.0999999000000003,2.4,15.6,2.2,115.0,,103.89142857142858,13.460971273242093,9366.666666666666,10565.194429509309,115.0
21000.0,124.38,163.0,0,0,0,1,0,7.04,1.9,26.427834,7.7000003,7.7000003,20.369624,1.75000005,1.75000005,22,5,6,1,0.4999999999999999,-0.8660254037844387,115.0,115.0,90.84,11600.0,16375.0,59156.0,27.16742,29.117414,29.261164,14.0,0.8000001,5.7,20.463377,22.474833,21.991502,20.1500005,2.15,8.8500005,8.199999,15.6,115.0,,108.57428571428571,9.894712152024942,6066.666666666667,4916.638417998086,95.0
11900.0,124.38,163.0,0,0,0,1,0,7.04,13.4,26.9945,3.0,3.0,19.864420000000003,6.89999985,6.89999985,23,5,0,0,0.4999999999999999,-0.8660254037844387,95.0,115.0,99.45,21000.0,18083.33,48750.0,26.427834,28.940332,28.798662,7.7000003,1.2,4.3,20.369624,21.4956685,21.959209,1.75000005,31.250002,15.4500015,1.9,8.199999,95.0,,109.16857142857143,8.705516313563248,11600.0,9400.000000000056,125.0
11500.0,124.33,163.0,0,0,0,1,0,7.04,10.8,27.69242,0.0,0.0,21.1185835,0.25,0.25,24,5,1,0,0.4999999999999999,-0.8660254037844387,125.0,115.0,108.06,11900.0,19791.67,47700.0,26.9945,27.16742,28.944498,3.0,14.0,0.0,19.864420000000003,20.463377,23.2571255,6.89999985,20.1500005,1.55,13.4,1.9,125.0,,112.81857142857143,9.28836266262158,14833.333333333334,5342.596122984989,115.0
11400.0,124.44,163.0,0,0,0,1,0,7.04,0.8,26.846586,0.0,0.0,20.114417,1.55000005,1.55000005,25,5,2,0,0.4999999999999999,-0.8660254037844387,115.0,95.0,116.67,11500.0,21500.0,39500.0,27.69242,26.427834,29.879913,0.0,7.7000003,0.0,21.1185835,20.369624,22.6623345,0.25,1.75000005,2.0999999000000003,10.8,13.4,115.0,,113.80999999999999,9.063444893269615,14800.0,5373.081052803959,105.0
11300.0,124.35,163.0,0,0,0,1,0,7.04,2.5,27.446589,0.0,0.0,20.530041500000003,3.10000005,3.10000005,26,5,3,0,0.4999999999999999,-0.8660254037844387,105.0,125.0,115.0,11400.0,4400.0,16500.0,26.846586,26.9945,29.117414,0.0,3.0,0.8000001,20.114417,19.864420000000003,22.474833,1.55000005,6.89999985,2.15,0.8,10.8,105.0,,112.14285714285714,9.511897312113506,11600.0,264.57513110852597,108.89
11200.0,124.43,163.0,0,0,0,1,0,7.04,1.6,29.309082,0.2,0.2,21.6915015,2.2999999,2.2999999,27,5,4,0,0.4999999999999999,-0.8660254037844387,108.89,115.0,115.0,11300.0,2200.0,22200.0,27.446589,27.69242,28.940332,0.0,0.0,1.2,20.530041500000003,21.1185835,21.4956685,3.10000005,0.25,31.250002,2.5,0.8,108.89,,111.27000000000001,9.486321731841148,11400.0,100.00000000552755,112.78
11100.0,124.41,163.0,0,0,0,1,0,7.04,1.6000001,29.3445,21.0,21.0,20.982127,6.7500005,6.7500005,28,5,5,1,0.4999999999999999,-0.8660254037844387,112.78,105.0,115.0,11200.0,11600.0,27050.0,29.309082,26.846586,27.16742,0.2,0.0,14.0,21.6915015,20.114417,20.463377,2.2999999,1.55000005,20.1500005,1.6,2.5,112.78,,110.95285714285716,9.377321426871255,11300.0,100.00000000555711,116.67
11000.0,124.41,163.0,0,0,0,1,0,7.04,18.5,27.448668,12.6,12.6,21.260249,9.1,9.1,29,5,6,1,0.4999999999999999,-0.8660254037844387,116.67,108.89,95.0,11100.0,21000.0,49650.0,29.3445,27.446589,26.427834,21.0,0.0,7.7000003,20.982127,20.530041500000003,20.369624,6.7500005,3.10000005,1.75000005,1.6000001,1.6,116.67,,111.19142857142857,9.517640513928995,11200.0,100.00000000558667,125.0
2400.0,124.41,163.0,0,0,0,1,0,7.04,20.500002,27.102835,13.0,13.0,21.562336,4.3499997,4.3499997,30,5,0,0,0.4999999999999999,-0.8660254037844387,125.0,112.78,125.0,11000.0,11900.0,8450.0,27.448668,29.309082,26.9945,12.6,0.2,3.0,21.260249,21.6915015,19.864420000000003,9.1,2.2999999,6.89999985,18.5,1.6000001,125.0,,115.47714285714287,7.565885527122762,11100.0,100.00000000561623,115.0
1875.0,124.37,163.0,0,0,0,1,0,7.04,1.6000001,29.05908,0.6,0.6,22.3008755,2.15000005,2.15000005,31,5,1,0,0.4999999999999999,-0.8660254037844387,115.0,116.67,115.0,2400.0,11500.0,40175.0,27.102835,29.3445,27.69242,13.0,21.0,0.0,21.562336,20.982127,21.1185835,4.3499997,6.7500005,0.25,20.500002,18.5,115.0,,114.04857142857144,6.307573301388003,8166.666666666667,4994.330118577928,140.0
3726.0,124.53,163.0,0,0,1,0,0,6.71,4.8,29.690338,0.1,0.1,22.336295,4.449999999999999,4.449999999999999,1,6,2,0,1.2246467991473532e-16,-1.0,140.0,125.0,105.0,1875.0,11400.0,35700.0,29.05908,27.448668,26.846586,0.6,12.6,0.0,22.3008755,21.260249,20.114417,2.15000005,9.1,1.55000005,1.6000001,20.500002,140.0,,117.62,11.704689943209459,5091.666666666667,5123.495714191123,150.0
3766.74,124.34,163.0,0,0,1,0,0,6.71,2.6999998,29.421585,7.7999997,7.7999997,22.5706675,9.05000005,9.05000005,2,6,3,0,1.2246467991473532e-16,-1.0,150.0,115.0,108.89,3726.0,11300.0,42375.0,29.690338,27.102835,27.446589,0.1,13.0,0.0,22.336295,21.562336,20.530041500000003,4.449999999999999,4.3499997,3.10000005,4.8,1.6000001,150.0,,124.04857142857144,15.394332754373712,2667.0,953.9481117972884,147.11
3807.47,124.48,163.0,0,0,1,0,0,6.71,2.5,29.313248,3.3999999,3.3999999,22.772752,1.60000005,1.60000005,3,6,4,0,1.2246467991473532e-16,-1.0,147.11,140.0,112.78,3766.74,11200.0,33470.0,29.421585,29.05908,29.309082,7.7999997,0.6,0.2,22.5706675,22.3008755,21.6915015,9.05000005,2.15000005,2.2999999,2.6999998,4.8,147.11,,129.50857142857143,15.891711076922576,3122.58,1080.6279790943713,144.21
3848.21,124.5,163.0,0,0,1,0,0,6.71,0.5,30.000753,0.6,0.6,22.888376,7.1,7.1,4,6,5,1,1.2246467991473532e-16,-1.0,144.21,150.0,116.67,3807.47,11100.0,18125.0,29.313248,29.690338,29.3445,3.3999999,0.1,21.0,22.772752,22.336295,20.982127,1.60000005,4.449999999999999,6.7500005,2.5,2.6999998,144.21,,133.99857142857144,14.77861679203157,3766.736666666666,40.73500012128423,141.32
3888.95,124.5,163.0,0,0,1,0,0,6.71,2.9,29.965332,0.0,0.0,22.539417,11.05,11.05,5,6,6,1,1.2246467991473532e-16,-1.0,141.32,147.11,125.0,3848.21,11000.0,29450.0,30.000753,29.421585,27.448668,0.6,7.7999997,12.6,22.888376,22.5706675,21.260249,7.1,9.05000005,9.1,0.5,2.5,141.32,,137.52,12.760393149638336,3807.4733333333334,40.73500012125558,138.42
3929.68,124.5,163.0,0,0,1,0,0,6.71,2.0,29.357,1.3,1.3,22.2071255,8.7500005,8.7500005,6,6,0,0,1.2246467991473532e-16,-1.0,138.42,144.21,115.0,3888.95,2400.0,28250.0,29.965332,29.313248,27.102835,0.0,3.3999999,13.0,22.539417,22.772752,21.562336,11.05,1.60000005,4.3499997,2.9,0.5,138.42,,139.43714285714285,11.513016856708798,3848.2099999999996,40.74000001893712,135.53
3970.42,124.52,163.0,0,0,1,0,0,6.71,7.499998,29.5195,0.4,0.4,22.755043,18.6500005,18.6500005,7,6,1,0,1.2246467991473532e-16,-1.0,135.53,141.32,140.0,3929.68,1875.0,31000.0,29.357,30.000753,29.05908,1.3,0.6,0.6,22.2071255,22.888376,22.3008755,8.7500005,7.1,2.15000005,2.0,2.9,135.53,,142.37,5.052682455884605,3888.9466666666667,40.73500012119748,132.63
4011.16,124.64,163.0,0,0,1,0,0,6.71,6.4,29.619501,18.0,18.0,22.486291,17.600001,17.600001,8,6,2,0,1.2246467991473532e-16,-1.0,132.63,138.42,150.0,3970.42,3726.0,48675.0,29.5195,29.965332,29.690338,0.4,0.0,0.1,22.755043,22.539417,22.336295,18.6500005,11.05,4.449999999999999,7.499998,2.0,132.63,,141.31714285714287,6.253915345034757,3929.683333333333,40.73500012116883,129.74
4051.89,124.68,163.0,0,0,1,0,0,6.71,16.800001,28.7195,5.7,5.7,22.301917,19.8,19.8,9,6,3,0,1.2246467991473532e-16,-1.0,129.74,135.53,147.11,4011.16,3766.74,16250.0,29.619501,29.357,29.421585,18.0,1.3,7.7999997,22.486291,22.2071255,22.5706675,17.600001,8.7500005,9.05000005,6.4,7.499998,129.74,,138.42285714285714,6.253915345034743,3970.42,40.74000001885038,126.84
4092.63,124.73,163.0,0,0,1,0,0,6.71,6.199999,29.721588,3.3,3.3,22.967542,18.750002,18.750002,10,6,4,0,1.2246467991473532e-16,-1.0,126.84,132.63,144.21,4051.89,3807.47,22000.0,28.7195,29.5195,29.313248,5.7,0.4,3.3999999,22.301917,22.755043,22.772752,19.8,18.6500005,1.60000005,16.800001,6.4,126.84,,135.52714285714288,6.253915345034722,4011.1566666666663,40.73500012111074,123.95
4133.37,124.84,163.0,0,0,1,0,0,6.71,3.8,29.242416,8.7,8.7,22.9675425,9.85,9.85,11,6,5,1,1.2246467991473532e-16,-1.0,123.95,129.74,141.32,4092.63,3848.21,11250.0,29.721588,29.619501,30.000753,3.3,18.0,0.6,22.967542,22.486291,22.888376,18.750002,17.600001,7.1,6.199999,16.800001,123.95,,132.63285714285715,6.2539153450347005,4051.8933333333334,40.73500012108209,121.05
4174.11,124.84,163.0,0,0,1,0,0,6.71,3.8,27.657,37.1,37.1,22.8060835,4.05000045,4.05000045,12,6,6,1,1.2246467991473532e-16,-1.0,121.05,126.84,138.42,4133.37,3888.95,12958.33,29.242416,28.7195,29.965332,8.7,5.7,0.0,22.9675425,22.301917,22.539417,9.85,19.8,11.05,3.8,6.199999,121.05,,129.73714285714286,6.25391534503469,4092.6299999999997,40.740000018763645,118.16
4214.84,124.84,163.0,0,0,1,0,0,6.71,4.2,29.292414,2.0,2.0,23.0081665,6.7000005,6.7000005,13,6,0,0,1.2246467991473532e-16,-1.0,118.16,123.95,135.53,4174.11,3929.68,14666.67,27.657,29.721588,29.357,37.1,3.3,1.3,22.8060835,22.967542,22.2071255,4.05000045,18.750002,8.7500005,3.8,3.8,118.16,,126.84285714285714,6.253915345034677,4133.37,40.740000018734484,115.26
4255.58,125.16,163.0,0,0,1,0,0,6.71,8.8,29.042414,0.3,0.3,22.982122500000003,18.5,18.5,14,6,1,0,1.2246467991473532e-16,-1.0,115.26,121.05,132.63,4214.84,3970.42,16375.0,29.292414,29.242416,29.5195,2.0,8.7,0.4,23.0081665,22.9675425,22.755043,6.7000005,9.85,18.6500005,4.2,3.8,115.26,,123.94714285714285,6.253915345034661,4174.106666666667,40.735000120995394,112.37
4296.32,125.08,163.0,0,0,1,0,0,6.71,17.800001,28.461166,17.8,17.8,22.3685845,22.0,22.0,15,6,2,0,1.2246467991473532e-16,-1.0,112.37,118.16,129.74,4255.58,4011.16,18083.33,29.042414,27.657,29.619501,0.3,37.1,18.0,22.982122500000003,22.8060835,22.486291,18.5,4.05000045,17.600001,8.8,4.2,112.37,,121.05285714285715,6.253915345034649,4214.843333333333,40.735000120966745,109.47
4337.05,125.21,163.0,0,0,1,0,0,6.71,17.1,28.082,14.099999,14.099999,22.3081695,25.6000005,25.6000005,16,6,3,0,1.2246467991473532e-16,-1.0,109.47,115.26,126.84,4296.32,4051.89,19791.67,28.461166,29.292414,28.7195,17.8,2.0,5.7,22.3685845,23.0081665,22.301917,22.0,6.7000005,19.8,17.800001,8.8,109.47,,118.15714285714286,6.253915345034635,4255.579999999999,40.740000018648544,106.58
4377.79,125.22,163.0,0,0,1,0,0,6.71,21.9,27.700752,15.700003,15.700003,22.2008765,15.400001500000002,15.400001500000002,17,6,4,0,1.2246467991473532e-16,-1.0,106.58,112.37,123.95,4337.05,4092.63,21500.0,28.082,29.042414,29.721588,14.099999,0.3,3.3,22.3081695,22.982122500000003,22.967542,25.6000005,18.5,18.750002,17.1,17.800001,106.58,,115.26285714285713,6.253915345034619,4296.316666666667,40.7350001209099,103.68
4418.53,125.22,163.0,0,0,1,0,0,6.71,6.5999994,27.702833,21.1,21.1,22.317542,16.2500015,16.2500015,18,6,5,1,1.2246467991473532e-16,-1.0,103.68,109.47,121.05,4377.79,4133.37,4400.0,27.700752,28.461166,29.242416,15.700003,17.8,8.7,22.2008765,22.3685845,22.9675425,15.400001500000002,22.0,9.85,21.9,17.1,103.68,,112.36714285714287,6.253915345034603,4337.053333333333,40.735000120881246,100.79
4459.26,125.22,163.0,0,0,1,0,0,6.71,4.2000003,27.475748,17.5,17.5,22.4362935,8.79999995,8.79999995,19,6,6,1,1.2246467991473532e-16,-1.0,100.79,106.58,118.16,4418.53,4174.11,2200.0,27.702833,28.082,27.657,21.1,14.099999,37.1,22.317542,22.3081695,22.8060835,16.2500015,25.6000005,4.05000045,6.5999994,21.9,100.79,,109.47285714285714,6.253915345034591,4377.79,40.740000018562604,97.89
4500.0,125.22,163.0,0,0,1,0,0,6.71,3.8999999,27.065332,7.3999996,7.3999996,22.207126,6.39999935,6.39999935,20,6,0,0,1.2246467991473532e-16,-1.0,97.89,103.68,115.26,4459.26,4214.84,11600.0,27.475748,27.700752,29.292414,17.5,15.700003,2.0,22.4362935,22.2008765,23.0081665,8.79999995,15.400001500000002,6.7000005,4.2000003,6.5999994,97.89,,106.57714285714285,6.253915345034581,4418.526666666667,40.73500012082349,95.0
14450.0,125.07,163.0,0,0,1,0,0,6.71,2.4,27.327833,3.1999996,3.1999996,22.161294,3.19999995,3.19999995,21,6,1,0,1.2246467991473532e-16,-1.0,95.0,100.79,112.37,4500.0,4255.58,21000.0,27.065332,27.702833,29.042414,7.3999996,21.1,0.3,22.207126,22.317542,22.982122500000003,6.39999935,16.2500015,18.5,3.8999999,4.2000003,95.0,,103.68285714285715,6.253915345034565,4459.263333333333,40.735000120794844,86.67
12041.67,125.22,163.0,0,0,1,0,0,6.71,2.9,28.213247,3.2,3.2,22.763376,7.55,7.55,22,6,2,0,1.2246467991473532e-16,-1.0,86.67,97.89,109.47,14450.0,4296.32,11900.0,27.327833,27.475748,28.461166,3.1999996,17.5,17.8,22.161294,22.4362935,22.3685845,3.19999995,8.79999995,22.0,2.4,3.8999999,86.67,,100.01142857142858,7.684225028310644,7803.086666666667,5756.431844687701,86.39
9633.33,125.72,163.0,0,0,1,0,0,6.71,6.4,28.61325,10.5,10.5,23.0321245,8.99999985,8.99999985,23,6,3,0,1.2246467991473532e-16,-1.0,86.39,95.0,106.58,12041.67,4337.05,11500.0,28.213247,27.065332,28.082,3.2,7.3999996,14.099999,22.763376,22.207126,22.3081695,7.55,6.39999935,25.6000005,2.9,2.4,86.39,,96.71428571428571,7.897938248139817,10330.556666666665,5191.007284683244,86.11
7225.0,125.59,163.0,0,0,1,0,0,6.71,34.899998,28.242418,27.0,27.0,23.202959,14.0,14.0,24,6,4,0,1.2246467991473532e-16,-1.0,86.11,86.67,103.68,9633.33,4377.79,11400.0,28.61325,27.327833,27.700752,10.5,3.1999996,15.700003,23.0321245,22.161294,22.2008765,8.99999985,3.19999995,15.400001500000002,6.4,2.9,86.11,,93.79,7.410836659919118,12041.666666666666,2408.335000001953,85.84
4816.67,125.66,163.0,0,0,1,0,0,6.71,15.099999,28.692413,1.4000001,1.4000001,22.748791,10.25,10.25,25,6,5,1,1.2246467991473532e-16,-1.0,85.84,86.39,100.79,7225.0,4418.53,11300.0,28.242418,28.213247,27.702833,27.0,3.2,21.1,23.202959,22.763376,22.317542,14.0,7.55,16.2500015,34.899998,6.4,85.84,,91.24142857142856,6.447827614970946,9633.333333333334,2408.335000001982,85.56
2408.33,125.66,163.0,0,0,1,0,0,6.71,9.4,28.657,3.9999998,3.9999998,22.916501500000003,16.0000015,16.0000015,26,6,6,1,1.2246467991473532e-16,-1.0,85.56,86.11,97.89,4816.67,4459.26,11200.0,28.692413,28.61325,27.475748,1.4000001,10.5,17.5,22.748791,23.0321245,22.4362935,10.25,8.99999985,8.79999995,15.099999,34.899998,85.56,,89.0657142857143,5.122079190923938,7225.0,2408.33000000028,85.28
1983.33,125.66,163.0,0,0,1,0,0,6.71,13.900001,27.36117,40.599995,40.599995,22.9175415,15.4999997,15.4999997,27,6,0,0,1.2246467991473532e-16,-1.0,85.28,85.84,95.0,2408.33,4500.0,11100.0,28.657,28.242418,27.065332,3.9999998,27.0,7.3999996,22.916501500000003,23.202959,22.207126,16.0000015,14.0,6.39999935,9.4,15.099999,85.28,,87.26428571428572,3.443877936004101,4816.666666666667,2408.335000002038,85.0
1558.33,125.65,163.0,0,0,1,0,0,6.71,44.7,25.990334,86.8,86.8,22.5862915,54.4,54.4,28,6,1,0,1.2246467991473532e-16,-1.0,85.0,85.56,86.67,1983.33,14450.0,11000.0,27.36117,28.692413,27.327833,40.599995,1.4000001,3.1999996,22.9175415,22.748791,22.161294,15.4999997,10.25,3.19999995,13.900001,9.4,85.0,,85.83571428571429,0.6002459813241029,3069.443333333333,1527.991170961048,88.89
3116.67,126.34,163.0,0,0,1,0,0,6.71,90.00001,24.977837,123.40001,123.40001,21.4269175,89.64999,89.64999,29,6,2,0,1.2246467991473532e-16,-1.0,88.89,85.28,86.39,1558.33,12041.67,2400.0,25.990334,28.657,28.213247,86.8,3.9999998,3.2,22.5862915,22.916501500000003,22.763376,54.4,16.0000015,7.55,44.7,13.900001,88.89,,86.15285714285713,1.2968129431511466,1983.33,425.0000000019307,92.78
4675.0,126.65,163.0,0,0,1,0,0,6.71,9.799999,26.486168,28.500002,28.500002,22.5748345,4.5000005,4.5000005,30,6,3,0,1.2246467991473532e-16,-1.0,92.78,85.0,86.11,3116.67,9633.33,1875.0,24.977837,27.36117,28.61325,123.40001,40.599995,10.5,21.4269175,22.9175415,23.0321245,89.64999,15.4999997,8.99999985,90.00001,44.7,92.78,,87.0657142857143,2.8319596109577283,2219.443333333333,805.5544789366895,96.67
5500.0,126.66,163.0,0,0,1,0,0,6.71,4.2,27.971582,20.0,20.0,23.1248335,6.99999985,6.99999985,1,7,4,0,-0.4999999999999997,-0.8660254037844388,96.67,88.89,85.84,4675.0,7225.0,3726.0,26.486168,25.990334,28.242418,28.500002,86.8,27.0,22.5748345,22.5862915,23.202959,4.5000005,54.4,14.0,9.799999,90.00001,96.67,,88.57428571428571,4.537223296036461,3116.6666666666665,1558.3350000031803,96.67
2500.0,126.78,163.0,0,0,1,0,0,6.71,14.700001,28.00492,1.0000001,1.0000001,22.9425415,12.4500005,12.4500005,2,7,5,1,-0.4999999999999997,-0.8660254037844388,96.67,92.78,85.56,5500.0,4816.67,3766.74,27.971582,24.977837,28.692413,20.0,123.40001,1.4000001,23.1248335,21.4269175,22.748791,6.99999985,89.64999,10.25,4.2,9.799999,96.67,,90.12142857142858,5.241295732200371,4430.556666666666,1210.322221408348,96.67
9425.0,126.78,163.0,0,0,1,0,0,6.71,20.0,29.07367,5.7000003,5.7000003,23.210251,13.1000005,13.1000005,3,7,6,1,-0.4999999999999997,-0.8660254037844388,96.67,96.67,85.28,2500.0,2408.33,3807.47,28.00492,26.486168,28.657,1.0000001,28.500002,3.9999998,22.9425415,22.5748345,22.916501500000003,12.4500005,4.5000005,16.0000015,14.700001,4.2,96.67,,91.70857142857143,5.311482619669257,4225.0,1549.7983739833762,95.0
22500.0,126.78,172.0,0,0,1,0,0,6.71,7.3999996,29.717417,0.6,0.6,24.081084,5.69999945,5.69999945,4,7,0,0,-0.4999999999999997,-0.8660254037844388,95.0,96.67,85.0,9425.0,1983.33,3848.21,29.07367,27.971582,27.36117,5.7000003,20.0,40.599995,23.210251,23.1248335,22.9175415,13.1000005,6.99999985,15.4999997,20.0,14.700001,95.0,,93.09714285714287,4.569484705761858,5808.333333333333,3472.781066139177,85.0
2750.0,126.63,172.0,0,0,1,0,0,6.71,21.9,30.248663,0.8,0.8,24.106084000000003,21.2500005,21.2500005,5,7,1,0,-0.4999999999999997,-0.8660254037844388,85.0,96.67,88.89,22500.0,1558.33,3888.95,29.717417,28.00492,25.990334,0.6,1.0000001,86.8,24.081084,22.9425415,22.5862915,5.69999945,12.4500005,54.4,7.3999996,20.0,85.0,,93.09714285714287,4.569484705761858,11475.0,10156.371153123595,75.0
5150.0,127.3,172.0,0,0,1,0,0,6.71,6.6,30.359085,0.9,0.9,23.8581675,8.10000035,8.10000035,6,7,2,0,-0.4999999999999997,-0.8660254037844388,75.0,95.0,92.78,2750.0,3116.67,3929.68,30.248663,29.07367,24.977837,0.8,5.7000003,123.40001,24.106084000000003,23.210251,21.4269175,21.2500005,13.1000005,89.64999,21.9,7.3999996,75.0,,91.11285714285715,8.241419202794592,11558.333333333334,10046.340544364122,86.67
1825.0,127.19,172.0,0,0,1,0,0,6.71,3.9999995,29.986166,0.0,0.0,24.1519195,5.0999999,5.0999999,7,7,3,0,-0.4999999999999997,-0.8660254037844388,86.67,85.0,96.67,5150.0,4675.0,3970.42,30.359085,29.717417,26.486168,0.9,0.6,28.500002,23.8581675,24.081084,22.5748345,8.10000035,5.69999945,4.5000005,6.6,21.9,86.67,,90.24,8.358153703619852,10133.333333333334,10776.865654416153,76.67
25750.0,126.99,172.0,0,0,1,0,0,6.71,19.800003,29.513247,3.7,3.7,23.5321255,16.85,16.85,8,7,4,0,-0.4999999999999997,-0.8660254037844388,76.67,75.0,96.67,1825.0,5500.0,4011.16,29.986166,30.248663,27.971582,0.0,0.8,20.0,24.1519195,24.106084000000003,23.1248335,5.0999999,21.2500005,6.99999985,3.9999995,6.6,76.67,,87.38285714285713,9.172509133793467,3241.6666666666665,1716.160928740322,66.67
7750.0,127.11,172.0,0,0,1,0,0,6.71,19.2,28.902834,10.800001,10.800001,23.193587,12.700000200000002,12.700000200000002,9,7,5,1,-0.4999999999999997,-0.8660254037844388,66.67,86.67,96.67,25750.0,2500.0,4051.89,29.513247,30.359085,28.00492,3.7,0.9,1.0000001,23.5321255,23.8581675,22.9425415,16.85,8.10000035,12.4500005,19.800003,3.9999995,66.67,,83.09714285714287,10.946913894313976,10908.333333333334,12960.332107370337,66.67
3350.0,127.11,172.0,0,0,1,0,0,6.71,13.100001,29.763254,4.5,4.5,23.6383755,5.0499996,5.0499996,10,7,6,1,-0.4999999999999997,-0.8660254037844388,66.67,76.67,95.0,7750.0,9425.0,4092.63,28.902834,29.986166,29.07367,10.800001,0.0,5.7000003,23.193587,24.1519195,23.210251,12.700000200000002,5.0999999,13.1000005,19.2,19.800003,66.67,,78.81142857142858,10.614979083935179,11775.0,12460.011035308156,60.0
2455.5566666666664,127.11,172.0,0,0,1,0,0,6.71,20.1,30.098665,0.2,0.2,23.812335,9.25,9.25,11,7,0,0,-0.4999999999999997,-0.8660254037844388,60.0,66.67,85.0,3350.0,22500.0,4133.37,29.763254,29.513247,29.717417,4.5,3.7,0.6,23.6383755,23.5321255,24.081084,5.0499996,16.85,5.69999945,13.100001,19.2,60.0,,73.81142857142858,9.940377974992423,12283.333333333334,11868.164699452665,65.0
1561.1133333333332,127.41,172.0,0,0,1,0,0,6.71,7.2,30.402832,0.0,0.0,23.486293,9.3000005,9.3000005,12,7,1,0,-0.4999999999999997,-0.8660254037844388,65.0,66.67,75.0,2455.5566666666664,2750.0,4174.11,30.098665,28.902834,30.248663,0.2,10.800001,0.8,23.812335,23.193587,24.106084000000003,9.25,12.700000200000002,21.2500005,20.1,13.100001,65.0,,70.95428571428572,9.020171574759278,4518.518888888889,2834.0536070685857,65.0
666.67,127.66,172.0,0,0,1,0,0,6.71,2.3,30.623667,0.0,0.0,23.97796,2.75000015,2.75000015,13,7,2,0,-0.4999999999999997,-0.8660254037844388,65.0,60.0,86.67,1561.1133333333332,5150.0,4214.84,30.402832,29.763254,30.359085,0.0,4.5,0.9,23.486293,23.6383755,23.8581675,9.3000005,5.0499996,8.10000035,7.2,20.1,65.0,,69.52571428571429,9.064408157077615,2455.556666666667,894.4433333341893,61.67
1333.33,127.72,172.0,0,0,1,0,0,6.71,0.6,30.54242,0.70000005,0.70000005,24.267544,8.050000149999999,8.050000149999999,14,7,3,0,-0.4999999999999997,-0.8660254037844388,61.67,65.0,76.67,666.67,1825.0,4255.58,30.623667,30.098665,29.986166,0.0,0.2,0.0,23.97796,23.812335,24.1519195,2.75000015,9.25,5.0999999,2.3,7.2,61.67,,65.95428571428572,5.346041704360487,1561.113333333333,894.4433333342148,58.33
2000.0,128.11,172.0,0,0,1,0,0,6.71,4.8999996,30.7945,1.4000001,1.4000001,24.7217085,7.550000499999999,7.550000499999999,15,7,4,0,-0.4999999999999997,-0.8660254037844388,58.33,65.0,66.67,1333.33,25750.0,4296.32,30.54242,30.402832,29.513247,0.70000005,0.0,3.7,24.267544,23.486293,23.5321255,8.050000149999999,9.3000005,16.85,0.6,2.3,58.33,,63.33428571428571,3.3350005354464365,1187.0377777777778,464.82069645159334,55.0
1800.0,128.11,172.0,0,0,1,0,0,6.71,5.4,30.531998,1.1,1.1,24.1217105,6.99999985,6.99999985,16,7,5,1,-0.4999999999999997,-0.8660254037844388,55.0,61.67,66.67,2000.0,7750.0,4337.05,30.7945,30.623667,28.902834,1.4000001,0.0,10.800001,24.7217085,23.97796,23.193587,7.550000499999999,2.75000015,12.700000200000002,4.8999996,0.6,55.0,,61.66714285714285,4.19545672637157,1333.3333333333333,666.6650000074414,56.0
1600.0,128.11,172.0,0,0,1,0,0,6.71,11.200002,31.054916,0.1,0.1,24.39879,6.250000549999999,6.250000549999999,17,7,6,1,-0.4999999999999997,-0.8660254037844388,56.0,58.33,60.0,1800.0,3350.0,4377.79,30.531998,30.54242,29.763254,1.1,0.70000005,4.5,24.1217105,24.267544,23.6383755,6.99999985,8.050000149999999,5.0499996,5.4,4.8999996,56.0,,60.142857142857146,4.009051069291791,1711.11,342.10860308032153,57.0
1400.0,128.11,172.0,0,0,1,0,0,6.71,24.900003,30.361168,0.6,0.6,23.586293,13.9,13.9,18,7,0,0,-0.4999999999999997,-0.8660254037844388,57.0,55.0,65.0,1600.0,2455.5566666666664,4418.53,31.054916,30.7945,30.098665,0.1,1.4000001,0.2,24.39879,24.7217085,23.812335,6.250000549999999,7.550000499999999,9.25,11.200002,5.4,57.0,,59.714285714285715,4.183427052640102,1800.0,200.00000000391094,58.0
1200.0,128.26,172.0,0,0,1,0,0,6.71,32.0,29.457,2.4,2.4,23.176918,18.3999995,18.3999995,19,7,1,0,-0.4999999999999997,-0.8660254037844388,58.0,56.0,65.0,1400.0,1561.1133333333332,4459.26,30.361168,30.531998,30.402832,0.6,1.1,0.0,23.586293,24.1217105,23.486293,13.9,6.99999985,9.3000005,24.900003,11.200002,58.0,,58.714285714285715,3.488227138737906,1600.0,200.00000000393686,59.0
1000.0,128.21,172.0,0,0,1,0,0,6.71,34.0,28.119501,31.500006,31.500006,22.8779575,8.5,8.5,20,7,2,0,-0.4999999999999997,-0.8660254037844388,59.0,57.0,61.67,1200.0,666.67,4500.0,29.457,31.054916,30.623667,2.4,0.1,0.0,23.176918,24.39879,23.97796,18.3999995,6.250000549999999,2.75000015,32.0,24.900003,59.0,,57.857142857142854,2.176960528548036,1400.0,200.00000000396278,60.0
800.0,128.29,172.0,0,0,1,0,0,6.71,20.299997,27.175749,25.6,25.6,22.575876,10.550001,10.550001,21,7,3,0,-0.4999999999999997,-0.8660254037844388,60.0,58.0,58.33,1000.0,1333.33,14450.0,28.119501,30.361168,30.54242,31.500006,0.6,0.70000005,22.8779575,23.586293,24.267544,8.5,13.9,8.050000149999999,34.0,32.0,60.0,,57.61857142857143,1.7363988459970634,1200.0,200.0000000039887,61.0
600.0,128.22,172.0,0,0,1,0,0,6.71,15.900002,28.648666,18.2,18.2,23.098793,17.8500005,17.8500005,22,7,4,0,-0.4999999999999997,-0.8660254037844388,61.0,59.0,55.0,800.0,2000.0,12041.67,27.175749,29.457,30.7945,25.6,2.4,1.4000001,22.575876,23.176918,24.7217085,10.550001,18.3999995,7.550000499999999,20.299997,34.0,61.0,,58.0,2.1602468994690582,1000.0,200.00000000401462,62.0
400.0,128.08,172.0,0,0,1,0,0,6.71,7.399999,29.396582,4.9,4.9,23.4592105,18.949999,18.949999,23,7,5,1,-0.4999999999999997,-0.8660254037844388,62.0,60.0,56.0,600.0,1800.0,9633.33,28.648666,28.119501,30.531998,18.2,31.500006,1.1,23.098793,22.8779575,24.1217105,17.8500005,8.5,6.99999985,15.900002,20.299997,62.0,,59.0,2.1602468994690778,800.0,200.00000000404054,63.0
200.0,128.08,172.0,0,0,1,0,0,6.71,32.699997,26.784086,11.8,11.8,22.701919,12.3999995,12.3999995,24,7,6,1,-0.4999999999999997,-0.8660254037844388,63.0,61.0,57.0,400.0,1600.0,7225.0,29.396582,27.175749,31.054916,4.9,25.6,0.1,23.4592105,22.575876,24.39879,18.949999,10.550001,6.250000549999999,7.399999,15.900002,63.0,,60.0,2.1602468994690973,600.0,200.00000000406646,64.0
2725.0,128.08,172.0,0,0,1,0,0,6.71,11.600002,28.096582,1.1,1.1,22.4612915,16.400001500000002,16.400001500000002,25,7,0,0,-0.4999999999999997,-0.8660254037844388,64.0,62.0,58.0,200.0,1400.0,4816.67,26.784086,28.648666,30.361168,11.8,18.2,0.6,22.701919,23.098793,23.586293,12.3999995,17.8500005,13.9,32.699997,7.399999,64.0,,61.0,2.160246899469117,400.0,200.00000000409239,65.0
5250.0,127.88,172.0,0,0,1,0,0,6.71,25.100002,26.796585,20.800001,20.800001,22.264418,16.1499995,16.1499995,26,7,1,0,-0.4999999999999997,-0.8660254037844388,65.0,63.0,59.0,2725.0,1200.0,2408.33,28.096582,29.396582,29.457,1.1,4.9,2.4,22.4612915,23.4592105,23.176918,16.400001500000002,18.949999,18.3999995,11.600002,32.699997,65.0,,62.0,2.1602468994691364,1108.3333333333333,1403.6410984774325,66.67
3339.285,127.96,172.0,0,0,1,0,0,6.71,15.200001,27.329918,21.400003,21.400003,22.6696265,15.250000150000002,15.250000150000002,27,7,2,0,-0.4999999999999997,-0.8660254037844388,66.67,64.0,60.0,5250.0,1000.0,1983.33,26.796585,26.784086,28.119501,20.800001,11.8,31.500006,22.264418,22.701919,22.8779575,16.1499995,12.3999995,8.5,25.100002,11.600002,66.67,,63.09571428571429,2.3239611094195793,2725.0,2525.0000000003,67.5
1428.57,128.14,172.0,0,0,1,0,0,6.71,12.200001,27.461166,9.7,9.7,22.582127,2.9999999,2.9999999,28,7,3,0,-0.4999999999999997,-0.8660254037844388,67.5,65.0,61.0,3339.285,800.0,1558.33,27.329918,28.096582,27.175749,21.400003,1.1,25.6,22.6696265,22.4612915,22.575876,15.250000150000002,16.400001500000002,10.550001,15.200001,25.100002,67.5,,64.16714285714286,2.3868857973357955,3771.4283333333333,1316.8018626239084,63.93
2857.14,127.92,172.0,0,0,1,0,0,6.71,30.100002,26.998665,13.1,13.1,22.458168,7.300000499999999,7.300000499999999,29,7,4,0,-0.4999999999999997,-0.8660254037844388,63.93,66.67,62.0,1428.57,600.0,3116.67,27.461166,26.796585,28.648666,9.7,20.800001,18.2,22.582127,22.264418,23.098793,2.9999999,16.1499995,17.8500005,12.200001,15.200001,63.93,,64.58571428571429,1.9571395550892123,3339.285,1910.7150000003883,60.36
4285.71,127.11,172.0,0,0,1,0,0,6.71,25.300001,26.990334,17.600002,17.600002,22.568585,9.8,9.8,30,7,5,1,-0.4999999999999997,-0.8660254037844388,60.36,67.5,63.0,2857.14,400.0,4675.0,26.998665,27.329918,29.396582,13.1,21.400003,4.9,22.458168,22.6696265,23.4592105,7.300000499999999,15.250000150000002,18.949999,30.100002,12.200001,60.36,,64.35142857142857,2.3723717286814825,2541.665,993.6555286046182,56.79
5714.29,127.11,172.0,0,0,1,0,0,6.71,49.000004,26.179922,34.9,34.9,22.0175435,18.500001,18.500001,31,7,6,1,-0.4999999999999997,-0.8660254037844388,56.79,63.93,64.0,4285.71,200.0,5500.0,26.990334,27.461166,26.784086,17.600002,9.7,11.8,22.568585,22.582127,22.701919,9.8,2.9999999,12.3999995,25.300001,30.100002,56.79,,63.464285714285715,3.732929399916556,2857.14,1428.5700000005277,53.21
7142.86,127.11,172.0,0,0,1,0,0,8.26,30.400002,26.079912,37.90001,37.90001,22.0290005,49.549998,49.549998,1,8,0,0,-0.8660254037844385,-0.5000000000000004,53.21,60.36,65.0,5714.29,2725.0,2500.0,26.179922,26.998665,28.096582,34.9,13.1,1.1,22.0175435,22.458168,22.4612915,18.500001,7.300000499999999,16.400001500000002,49.000004,25.300001,53.21,,61.92285714285715,5.351634374300043,4285.713333333333,1428.575000003419,49.64
8571.43,126.74,172.0,0,0,1,0,0,8.26,34.100002,26.407003,9.6,9.6,22.015461,27.5999995,27.5999995,2,8,1,0,-0.8660254037844385,-0.5000000000000004,49.64,56.79,66.67,7142.86,5250.0,9425.0,26.079912,26.990334,26.796585,37.90001,17.600002,20.800001,22.0290005,22.568585,22.264418,49.549998,9.8,16.1499995,30.400002,49.000004,49.64,,59.728571428571435,6.825631664472289,5714.286666666667,1428.5750000033936,46.07
10000.0,126.25,172.0,0,0,1,0,0,8.26,13.500001,27.477837,30.199999,30.199999,22.6425425,17.95,17.95,3,8,2,0,-0.8660254037844385,-0.5000000000000004,46.07,53.21,67.5,8571.43,3339.285,22500.0,26.407003,26.179922,27.329918,9.6,34.9,21.400003,22.015461,22.0175435,22.6696265,27.5999995,18.500001,15.250000150000002,34.100002,30.400002,46.07,,56.785714285714285,7.716710994421616,7142.860000000001,1428.5700000004526,42.5
7500.0,126.96,172.0,0,0,1,0,0,8.26,9.900001,28.113253,17.9,17.9,22.8446265,5.9,5.9,4,8,3,0,-0.8660254037844385,-0.5000000000000004,42.5,49.64,63.93,10000.0,1428.57,2750.0,27.477837,26.079912,27.461166,30.199999,37.90001,9.7,22.6425425,22.0290005,22.582127,17.95,49.549998,2.9999999,13.500001,34.100002,42.5,,53.214285714285715,7.716710994421597,8571.43,1428.5700000004283,42.5
5000.0,127.45,172.0,0,0,1,0,0,8.26,12.699999,28.863249,25.9,25.9,23.373792,13.0500006,13.0500006,5,8,4,0,-0.8660254037844385,-0.5000000000000004,42.5,46.07,60.36,7500.0,2857.14,5150.0,28.113253,26.407003,26.998665,17.9,9.6,13.1,22.8446265,22.015461,22.458168,5.9,27.5999995,7.300000499999999,9.900001,13.500001,42.5,,50.152857142857144,6.97195265399315,8690.476666666667,1254.244426590986,47.5
750.0,127.08,172.0,0,0,1,0,0,8.26,18.5,28.02992,42.4,42.4,23.119625,24.55,24.55,6,8,5,1,-0.8660254037844385,-0.5000000000000004,47.5,42.5,56.79,5000.0,4285.71,1825.0,28.863249,27.477837,26.990334,25.9,30.199999,17.600002,23.373792,22.6425425,22.568585,13.0500006,17.95,9.8,12.699999,9.900001,47.5,,48.315714285714286,5.336587102705256,7500.0,2500.0000000002556,57.5
6050.0,127.08,172.0,0,0,1,0,0,8.26,14.100001,28.800749,5.5,5.5,23.7665005,7.4999995,7.4999995,7,8,6,1,-0.8660254037844385,-0.5000000000000004,57.5,42.5,53.21,750.0,5714.29,25750.0,28.02992,28.113253,26.179922,42.4,17.9,34.9,23.119625,22.8446265,22.0175435,24.55,5.9,18.500001,18.5,12.699999,57.5,,48.417142857142856,5.527816670517875,4416.666666666667,3412.599204907422,55.0
11350.0,127.08,172.0,0,0,1,0,0,8.26,1.7,29.006996,5.2000003,5.2000003,24.154002,13.3999995,13.3999995,8,8,0,0,-0.8660254037844385,-0.5000000000000004,55.0,47.5,49.64,6050.0,7142.86,7750.0,28.800749,28.863249,26.079912,5.5,25.9,37.90001,23.7665005,23.373792,22.0290005,7.4999995,13.0500006,49.549998,14.100001,18.5,55.0,,48.67285714285714,5.820156682557783,3933.3333333333335,2806.391514620651,57.5
6000.0,127.76,172.0,0,0,1,0,0,8.26,2.5,29.819502,0.1,0.1,24.2685835,13.6499995,13.6499995,9,8,1,0,-0.8660254037844385,-0.5000000000000004,57.5,57.5,46.07,11350.0,8571.43,3350.0,29.006996,28.02992,26.407003,5.2000003,42.4,9.6,24.154002,23.119625,22.015461,13.3999995,24.55,27.5999995,1.7,14.100001,57.5,,49.79571428571428,6.725607425213989,6050.0,5300.000000000127,60.0
12125.0,127.76,172.0,0,0,1,0,0,8.26,5.3,29.552832,0.0,0.0,23.4467095,28.0500015,28.0500015,10,8,2,0,-0.8660254037844385,-0.5000000000000004,60.0,55.0,42.5,6000.0,10000.0,2455.5566666666664,29.819502,28.800749,27.477837,0.1,5.5,30.199999,24.2685835,23.7665005,22.6425425,13.6499995,7.4999995,17.95,2.5,1.7,60.0,,51.785714285714285,7.460211920901469,7800.0,3074.491827928847,57.5
18250.0,127.54,172.0,0,0,1,0,0,8.26,9.100001,29.636168,0.0,0.0,23.4519195,18.35,18.35,11,8,3,0,-0.8660254037844385,-0.5000000000000004,57.5,57.5,42.5,12125.0,7500.0,1561.1133333333332,29.552832,29.006996,28.113253,0.0,5.2000003,17.9,23.4467095,24.154002,22.8446265,28.0500015,13.3999995,5.9,5.3,2.5,57.5,,53.92857142857143,6.431877456780895,9825.0,3335.134929804364,65.0
15216.666666666666,127.72,172.0,0,0,1,0,0,8.26,2.0,29.1695,0.2,0.2,23.506083500000003,2.45,2.45,12,8,4,0,-0.8660254037844385,-0.5000000000000004,65.0,60.0,47.5,18250.0,5000.0,666.67,29.636168,29.819502,28.863249,0.0,0.1,25.9,23.4519195,24.2685835,23.373792,18.35,13.6499995,13.0500006,9.100001,5.3,65.0,,57.142857142857146,5.289252355124436,12125.0,6125.0000000000855,67.0
12183.333333333332,127.76,172.0,0,0,1,0,0,8.26,23.9,29.961166,0.0,0.0,23.4373355,28.950000000000003,28.950000000000003,13,8,5,1,-0.8660254037844385,-0.5000000000000004,67.0,57.5,57.5,15216.666666666666,750.0,1333.33,29.1695,29.552832,28.02992,0.2,0.0,42.4,23.506083500000003,23.4467095,23.119625,2.45,28.0500015,24.55,2.0,9.100001,67.0,,59.92857142857143,4.429339411136467,15197.22222222222,3062.5462959465126,53.0
9150.0,127.76,172.0,0,0,1,0,0,8.26,12.600001,29.01325,6.4,6.4,22.8300425,13.5999995,13.5999995,14,8,6,1,-0.8660254037844385,-0.5000000000000004,53.0,65.0,55.0,12183.333333333332,6050.0,2000.0,29.961166,29.636168,28.800749,0.0,0.0,5.5,23.4373355,23.4519195,23.7665005,28.950000000000003,18.35,7.4999995,23.9,2.0,53.0,,59.285714285714285,5.114172651051289,15216.666666666666,3033.3333333334804,51.67
13875.0,127.76,172.0,0,0,1,0,0,8.26,5.0,29.148664,0.0,0.0,23.354002,2.2,2.2,15,8,0,0,-0.8660254037844385,-0.5000000000000004,51.67,67.0,57.5,9150.0,11350.0,1800.0,29.01325,29.1695,29.006996,6.4,0.2,5.2000003,22.8300425,23.506083500000003,24.154002,13.5999995,2.45,13.3999995,12.600001,23.9,51.67,,58.81,5.700529215198564,12183.333333333334,3033.3333333335036,55.0
10962.5,127.76,172.0,0,0,1,0,0,8.26,3.3999999,29.154915,1.5000001,1.5000001,23.1915015,4.0499996,4.0499996,16,8,1,0,-0.8660254037844385,-0.5000000000000004,55.0,53.0,60.0,13875.0,6000.0,1600.0,29.148664,29.961166,29.819502,0.0,0.0,0.1,23.354002,23.4373355,24.2685835,2.2,28.950000000000003,13.6499995,5.0,12.600001,55.0,,58.45285714285715,5.872014743072103,11736.111111111111,2394.0367660163647,52.5
8050.0,127.76,172.0,0,0,1,0,0,8.26,2.5,29.20075,0.9000001,0.9000001,23.54775,2.3500001,2.3500001,17,8,2,0,-0.8660254037844385,-0.5000000000000004,52.5,51.67,57.5,10962.5,12125.0,1400.0,29.154915,29.01325,29.552832,1.5000001,6.4,0.0,23.1915015,22.8300425,23.4467095,4.0499996,13.5999995,28.0500015,3.3999999,5.0,52.5,,57.38142857142857,6.216784883339072,11329.166666666666,2383.7448654028412,52.5
16750.0,127.42,172.0,0,0,1,0,0,8.26,10.1,29.61325,0.0,0.0,23.7685825,7.25,7.25,18,8,3,0,-0.8660254037844385,-0.5000000000000004,52.5,55.0,65.0,8050.0,18250.0,1200.0,29.20075,29.148664,29.636168,0.9000001,0.0,0.0,23.54775,23.354002,23.4519195,2.3500001,2.2,18.35,2.5,3.3999999,52.5,,56.667142857142856,6.482455075781293,10962.5,2912.5000000001874,53.75
12750.0,127.78,172.0,0,0,1,0,0,8.26,4.3,28.084085,22.1,22.1,22.9342115,26.1000025,26.1000025,19,8,4,0,-0.8660254037844385,-0.5000000000000004,53.75,52.5,67.0,16750.0,15216.666666666666,1000.0,29.61325,29.154915,29.1695,0.0,1.5000001,0.2,23.7685825,23.1915015,23.506083500000003,7.25,4.0499996,2.45,10.1,2.5,53.75,,55.06,5.371626072863354,11920.833333333334,4428.464980479622,47.5
8750.0,127.95,172.0,0,0,1,0,0,8.26,4.4,29.265337,0.1,0.1,23.473792000000003,3.3,3.3,20,8,5,1,-0.8660254037844385,-0.5000000000000004,47.5,52.5,53.0,12750.0,12183.333333333332,800.0,28.084085,29.20075,29.961166,22.1,0.9000001,0.0,22.9342115,23.54775,23.4373355,26.1000025,2.3500001,28.950000000000003,4.3,10.1,47.5,,52.27428571428572,2.3591937686620286,12516.666666666666,4354.690957270602,48.33
4750.0,127.95,172.0,0,0,1,0,0,8.26,5.5,29.438248,0.0,0.0,23.08525,5.95,5.95,21,8,6,1,-0.8660254037844385,-0.5000000000000004,48.33,53.75,51.67,8750.0,9150.0,600.0,29.265337,29.61325,29.01325,0.1,0.0,6.4,23.473792000000003,23.7685825,22.8300425,3.3,7.25,13.5999995,4.4,4.3,48.33,,51.607142857142854,2.748027864279327,12750.0,4000.0000000001264,47.67
4000.0,127.95,172.0,0,0,1,0,0,8.26,2.2,29.225748,7.0,7.0,23.251919,2.4999999500000003,2.4999999500000003,22,8,0,0,-0.8660254037844385,-0.5000000000000004,47.67,47.5,55.0,4750.0,13875.0,400.0,29.438248,28.084085,29.148664,0.0,22.1,0.0,23.08525,22.9342115,23.354002,5.95,26.1000025,2.2,5.5,4.4,47.67,,51.035714285714285,3.1230693083504115,8750.0,4000.0000000001482,47.5
3250.0,128.1,172.0,0,0,1,0,0,8.26,18.0,28.317415,5.3,5.3,23.3102495,9.199999,9.199999,23,8,1,0,-0.8660254037844385,-0.5000000000000004,47.5,48.33,52.5,4000.0,10962.5,200.0,29.225748,29.265337,29.154915,7.0,0.1,1.5000001,23.251919,23.473792000000003,23.1915015,2.4999999500000003,3.3,4.0499996,2.2,5.5,47.5,,49.964285714285715,2.8068776077271775,5833.333333333333,2553.592241007684,42.5
14625.0,128.09,172.0,0,0,1,0,0,8.26,1.7,28.231997,7.5,7.5,23.449836,6.7999995,6.7999995,24,8,2,0,-0.8660254037844385,-0.5000000000000004,42.5,47.67,52.5,3250.0,8050.0,2725.0,28.317415,29.438248,29.20075,5.3,0.0,0.9000001,23.3102495,23.08525,23.54775,9.199999,5.95,2.3500001,18.0,2.2,42.5,,48.535714285714285,3.7029576338507417,4000.0,750.0000000009285,47.5
24775.0,128.0,172.0,0,0,1,0,0,8.26,4.2,28.902832,0.2,0.2,23.510252,2.7999999,2.7999999,25,8,3,0,-0.8660254037844385,-0.5000000000000004,47.5,47.5,53.75,14625.0,16750.0,5250.0,28.231997,29.225748,29.61325,7.5,7.0,0.0,23.449836,23.251919,23.7685825,6.7999995,2.4999999500000003,7.25,1.7,18.0,47.5,,47.82142857142857,3.2674425706321375,7291.666666666667,6361.914675106433,47.5
1075.0,128.12,172.0,0,0,1,0,0,8.26,7.4999995,29.77575,0.6,0.6,23.157126,7.1499998,7.1499998,26,8,4,0,-0.8660254037844385,-0.5000000000000004,47.5,42.5,47.5,24775.0,12750.0,3339.285,28.902832,28.317415,28.084085,0.2,5.3,22.1,23.510252,23.3102495,22.9342115,2.7999999,9.199999,26.1000025,4.2,1.7,47.5,,46.92857142857143,1.9761952380890293,14216.666666666666,10768.308053419269,57.5
4000.0,128.09,172.0,0,0,1,0,0,8.26,16.0,28.640335,10.400001,10.400001,23.0821265,21.1500005,21.1500005,27,8,5,1,-0.8660254037844385,-0.5000000000000004,57.5,47.5,48.33,1075.0,8750.0,1428.57,29.77575,28.231997,29.265337,0.6,7.5,0.1,23.157126,23.449836,23.473792000000003,7.1499998,6.7999995,3.3,7.4999995,4.2,57.5,,48.357142857142854,4.482836580728997,13491.666666666666,11890.577502095275,65.0
2791.666666666667,128.09,172.0,0,0,1,0,0,8.26,18.100002,26.400751,20.500002,20.500002,21.877961,20.350001,20.350001,28,8,6,1,-0.8660254037844385,-0.5000000000000004,65.0,47.5,47.67,4000.0,4750.0,2857.14,28.640335,28.902832,29.438248,10.400001,0.2,0.0,23.0821265,23.510252,23.08525,21.1500005,2.7999999,5.95,16.0,7.4999995,65.0,,50.73857142857143,7.722914882718357,9950.0,12921.85648426731,65.0
1583.3333333333337,128.09,172.0,0,0,1,0,0,8.26,14.4,27.119497,31.7,31.7,22.6790015,2.30000015,2.30000015,29,8,0,0,-0.8660254037844385,-0.5000000000000004,65.0,57.5,47.5,2791.666666666667,4000.0,4285.71,26.400751,29.77575,29.225748,20.500002,0.6,7.0,21.877961,23.157126,23.251919,20.350001,7.1499998,2.4999999500000003,18.100002,16.0,65.0,,53.214285714285715,9.209854970162514,2622.222222222222,1469.8434660930056,68.33
375.0,128.25,172.0,0,0,1,0,0,8.26,1.9000001,27.517416,6.299999,6.299999,22.906083,3.0999998,3.0999998,30,8,1,0,-0.8660254037844385,-0.5000000000000004,68.33,65.0,42.5,1583.3333333333337,3250.0,5714.29,27.119497,28.640335,28.317415,31.7,10.400001,5.3,22.6790015,23.0821265,23.3102495,2.30000015,21.1500005,9.199999,14.4,18.100002,68.33,,56.19,10.350331717711535,2791.6666666666665,1208.3333333339447,62.5
9775.0,127.43,172.0,0,0,1,0,0,8.26,11.600001,26.965338,10.0,10.0,22.296708,12.650001,12.650001,31,8,2,0,-0.8660254037844385,-0.5000000000000004,62.5,65.0,47.5,375.0,14625.0,7142.86,27.517416,26.400751,28.231997,6.299999,20.500002,7.5,22.906083,21.877961,23.449836,3.0999998,20.350001,6.7999995,1.9000001,14.4,62.5,,59.04714285714285,8.544328946316151,1583.3333333333337,1208.3333333339692,62.5
22000.0,127.43,178.0,0,0,1,0,0,8.64,29.800003,26.38825,22.000002,22.000002,21.548794,45.149999,45.149999,1,9,3,0,-1.0,-1.8369701987210294e-16,62.5,68.33,47.5,9775.0,24775.0,8571.43,26.965338,27.119497,28.902832,10.0,31.7,0.2,22.296708,22.6790015,23.510252,12.650001,2.30000015,2.7999999,11.600001,1.9000001,62.5,,61.19,6.885688055670185,3911.1111111111113,5114.089560912916,58.33
14666.67,127.6,178.0,0,0,1,0,0,8.64,1.8000002,26.815344,2.9,2.9,22.3508765,7.5000005,7.5000005,2,9,4,0,-1.0,-1.8369701987210294e-16,58.33,62.5,57.5,22000.0,1075.0,10000.0,26.38825,27.517416,29.77575,22.000002,6.299999,0.6,21.548794,22.906083,23.157126,45.149999,3.0999998,7.1499998,29.800003,11.600001,58.33,,62.73714285714285,3.840228787827137,10716.666666666666,10843.210241129442,57.22
7333.33,127.98,178.0,0,0,1,0,0,8.64,6.8999996,26.644503,13.4,13.4,22.4487925,6.949999999999999,6.949999999999999,3,9,5,1,-1.0,-1.8369701987210294e-16,57.22,62.5,65.0,14666.67,4000.0,7500.0,26.815344,26.965338,28.640335,2.9,10.0,10.400001,22.3508765,22.296708,23.0821265,7.5000005,12.650001,21.1500005,1.8000002,29.800003,57.22,,62.69714285714286,3.904786440108637,15480.556666666665,6153.004540842969,56.11
3941.665,127.98,178.0,0,0,1,0,0,8.64,3.0,26.927834,10.000002,10.000002,22.3112945,4.89999945,4.89999945,4,9,6,1,-1.0,-1.8369701987210294e-16,56.11,58.33,65.0,7333.33,2791.666666666667,5000.0,26.644503,26.38825,26.400751,13.4,22.000002,20.500002,22.4487925,21.548794,21.877961,6.949999999999999,45.149999,20.350001,6.8999996,1.8000002,56.11,,61.42714285714286,4.439991419983025,14666.666666666666,7333.3350000006285,55.0
550.0,127.98,178.0,0,0,1,0,0,8.64,2.2,27.215332,1.8,1.8,22.475876,3.8499998,3.8499998,5,9,0,0,-1.0,-1.8369701987210294e-16,55.0,57.22,68.33,3941.665,1583.3333333333337,750.0,26.927834,26.815344,27.119497,10.000002,2.9,31.7,22.3112945,22.3508765,22.6790015,4.89999945,7.5000005,2.30000015,3.0,6.8999996,55.0,,59.99857142857143,4.69996960476483,8647.221666666666,5481.894430423617,56.67
1100.0,128.06,178.0,0,0,1,0,0,8.64,12.700002,26.807001,2.8,2.8,22.34567,7.550000199999999,7.550000199999999,6,9,1,0,-1.0,-1.8369701987210294e-16,56.67,56.11,62.5,550.0,375.0,6050.0,27.215332,26.644503,27.517416,1.8,13.4,6.299999,22.475876,22.4487925,22.906083,3.8499998,6.949999999999999,3.0999998,2.2,3.0,56.67,,58.332857142857144,3.0216646311025364,3941.6649999999995,3391.665000000198,58.33
2675.0,128.04,178.0,0,0,1,0,0,8.64,13.2,27.065332,13.599999,13.599999,22.32275,5.0,5.0,7,9,2,0,-1.0,-1.8369701987210294e-16,58.33,55.0,62.5,1100.0,9775.0,11350.0,26.807001,26.927834,26.965338,2.8,10.000002,10.0,22.34567,22.3112945,22.296708,7.550000199999999,4.89999945,12.650001,12.700002,2.2,58.33,,57.73714285714285,2.412935378922525,1863.8883333333333,1820.2999498461143,53.33
4250.0,128.15,178.0,0,0,1,0,0,8.64,3.1,27.886164,17.800001,17.800001,22.3144185,4.75,4.75,8,9,3,0,-1.0,-1.8369701987210294e-16,53.33,56.67,58.33,2675.0,22000.0,6000.0,27.065332,27.215332,26.38825,13.599999,1.8,22.000002,22.32275,22.475876,21.548794,5.0,3.8499998,45.149999,13.2,12.700002,53.33,,56.42714285714286,1.8101078631366792,1441.6666666666667,1102.9316993063464,57.5
6400.0,127.84,178.0,0,0,1,0,0,8.64,12.900001,27.961166,5.5,5.5,22.2644195,4.89999975,4.89999975,9,9,4,0,-1.0,-1.8369701987210294e-16,57.5,58.33,57.22,4250.0,14666.67,12125.0,27.886164,26.807001,26.815344,17.800001,2.8,2.9,22.3144185,22.34567,22.3508765,4.75,7.550000199999999,7.5000005,3.1,13.2,57.5,,56.30857142857143,1.6877344634291171,2675.0,1575.0000000004438,52.5
13675.0,127.64,178.0,0,0,1,0,0,8.64,6.0999994,28.654917,0.0,0.0,21.723793,31.6499995,31.6499995,10,9,5,1,-1.0,-1.8369701987210294e-16,52.5,53.33,56.11,6400.0,7333.33,18250.0,27.961166,27.065332,26.644503,5.5,13.599999,13.4,22.2644195,22.32275,22.4487925,4.89999975,5.0,6.949999999999999,12.900001,3.1,52.5,,55.63428571428572,2.1440837759038103,4441.666666666667,1869.8819035796496,52.5
12000.0,127.64,178.0,0,0,1,0,0,8.64,5.1000004,28.444504,0.8,0.8,22.459209,5.9499999500000005,5.9499999500000005,11,9,6,1,-1.0,-1.8369701987210294e-16,52.5,57.5,55.0,13675.0,3941.665,15216.666666666666,28.654917,27.886164,26.927834,0.0,17.800001,10.000002,21.723793,22.3144185,22.3112945,31.6499995,4.75,4.89999945,6.0999994,12.900001,52.5,,55.118571428571435,2.4261865040387183,8108.333333333333,4939.277106352152,52.5
1500.0,127.64,178.0,0,0,1,0,0,8.64,9.699999,27.263252,1.2,1.2,21.766499,14.3500015,14.3500015,12,9,0,0,-1.0,-1.8369701987210294e-16,52.5,52.5,56.67,12000.0,550.0,12183.333333333332,28.444504,27.961166,27.215332,0.8,5.5,1.8,22.459209,22.2644195,22.475876,5.9499999500000005,4.89999975,3.8499998,5.1000004,6.0999994,52.5,,54.761428571428574,2.6226032141836217,10691.666666666666,3809.8829815801923,53.33
2375.0,127.54,178.0,0,0,1,0,0,8.64,3.3000002,26.829916,1.0,1.0,21.70921,5.949999999999999,5.949999999999999,13,9,1,0,-1.0,-1.8369701987210294e-16,53.33,52.5,58.33,1500.0,1100.0,9150.0,27.263252,28.654917,26.807001,1.2,0.0,2.8,21.766499,21.723793,22.34567,14.3500015,31.6499995,7.550000199999999,9.699999,5.1000004,53.33,,54.284285714285716,2.5192912835611496,9058.333333333334,6599.068747432054,53.33
2500.0,126.94,178.0,0,0,1,0,0,8.64,14.3,26.432,10.4,10.4,21.6019175,8.5,8.5,14,9,2,0,-1.0,-1.8369701987210294e-16,53.33,52.5,53.33,2375.0,2675.0,13875.0,26.829916,28.444504,27.065332,1.0,0.8,13.599999,21.70921,22.459209,22.32275,5.949999999999999,5.9499999500000005,5.0,3.3000002,9.699999,53.33,,53.56999999999999,1.781965207291818,5291.666666666667,5826.03710366958,47.5
4625.0,127.41,178.0,0,0,1,0,0,8.64,12.700001,25.996588,12.999999,12.999999,21.543585,4.199999849999999,4.199999849999999,15,9,3,0,-1.0,-1.8369701987210294e-16,47.5,53.33,57.5,2500.0,4250.0,10962.5,26.432,27.263252,27.886164,10.4,1.2,17.800001,21.6019175,21.766499,22.3144185,8.5,14.3500015,4.75,14.3,3.3000002,47.5,,52.73714285714285,2.9150226659248584,2125.0,544.8623679438961,52.33
500.0,127.82,178.0,0,0,1,0,0,8.64,12.6,26.1445,29.300003,29.300003,21.382127,11.0000005,11.0000005,16,9,4,0,-1.0,-1.8369701987210294e-16,52.33,53.33,52.5,4625.0,6400.0,8050.0,25.996588,26.829916,27.961166,12.999999,1.0,5.5,21.543585,21.70921,22.2644195,4.199999849999999,5.949999999999999,4.89999975,12.700001,14.3,52.33,,51.99857142857143,2.0267661316440635,3166.6666666666665,1264.4992421250063,65.0
5400.0,127.89,178.0,0,0,1,0,0,8.64,15.299999,25.86325,26.500002,26.500002,21.2529595,7.3,7.3,17,9,5,1,-1.0,-1.8369701987210294e-16,65.0,47.5,52.5,500.0,13675.0,16750.0,26.1445,26.432,28.654917,29.300003,10.4,0.0,21.382127,21.6019175,21.723793,11.0000005,8.5,31.6499995,12.6,12.700001,65.0,,53.784285714285716,5.340271082828458,2541.6666666666665,2062.815632414769,65.0
5000.0,127.89,178.0,0,0,1,0,0,8.64,4.0,27.41117,13.100002,13.100002,22.0362915,2.89999985,2.89999985,18,9,6,1,-1.0,-1.8369701987210294e-16,65.0,52.33,52.5,5400.0,12000.0,12750.0,25.86325,25.996588,28.444504,26.500002,12.999999,0.8,21.2529595,21.543585,22.459209,7.3,4.199999849999999,5.9499999500000005,15.299999,12.6,65.0,,55.57,6.744533589013554,3508.3333333333335,2633.9529861663627,65.0
5000.0,127.89,178.0,0,0,1,0,0,8.64,6.3,27.20492,4.0,4.0,22.768584,4.35000015,4.35000015,19,9,0,0,-1.0,-1.8369701987210294e-16,65.0,65.0,53.33,5000.0,1500.0,8750.0,27.41117,26.1445,27.263252,13.100002,29.300003,1.2,22.0362915,21.382127,21.766499,2.89999985,11.0000005,14.3500015,4.0,15.299999,65.0,,57.355714285714285,7.417445330981151,3633.3333333333335,2720.9067116192527,65.0
8125.0,127.94,178.0,0,0,1,0,0,8.64,0.70000005,27.811167,5.3999996,5.3999996,22.937334,4.9499998000000005,4.9499998000000005,20,9,1,0,-1.0,-1.8369701987210294e-16,65.0,65.0,53.33,5000.0,2375.0,4750.0,27.20492,25.86325,26.829916,4.0,26.500002,1.0,22.768584,21.2529595,21.70921,4.35000015,7.3,5.949999999999999,6.3,4.0,65.0,,59.02285714285714,7.669030173986979,5133.333333333333,230.94010767864955,47.5
11250.0,127.91,178.0,0,0,1,0,0,8.64,3.3,28.45075,0.5,0.5,22.3456675,5.85000005,5.85000005,21,9,2,0,-1.0,-1.8369701987210294e-16,47.5,65.0,47.5,8125.0,2500.0,4000.0,27.811167,27.41117,26.432,5.3999996,13.100002,10.4,22.937334,22.0362915,21.6019175,4.9499998000000005,2.89999985,8.5,0.70000005,6.3,47.5,,58.190000000000005,8.644807690168642,6041.666666666667,1804.2195912179275,48.33
6875.0,128.27,178.0,0,0,1,0,0,8.64,7.3,27.600748,9.8,9.8,22.197752,2.9999999500000003,2.9999999500000003,22,9,3,0,-1.0,-1.8369701987210294e-16,48.33,65.0,52.33,11250.0,4625.0,3250.0,28.45075,27.20492,25.996588,0.5,4.0,12.999999,22.3456675,22.768584,21.543585,5.85000005,4.35000015,4.199999849999999,3.3,0.70000005,48.33,,58.30857142857143,8.477826821718319,8125.0,3125.000000000186,48.33
2500.0,129.68,178.0,0,0,1,0,0,8.64,15.6,27.13408,8.299999,8.299999,21.968584,3.4499999,3.4499999,23,9,4,0,-1.0,-1.8369701987210294e-16,48.33,47.5,65.0,6875.0,500.0,14625.0,27.600748,27.811167,26.1445,9.8,5.3999996,29.300003,22.197752,22.937334,21.382127,2.9999999500000003,4.9499998000000005,11.0000005,7.3,3.3,48.33,,57.737142857142864,9.06259843953098,8750.0,2253.4695471652453,47.6
4525.0,129.89,178.0,0,0,1,0,0,8.64,12.9,26.002838,15.700001,15.700001,21.5696265,2.1500000000000004,2.1500000000000004,24,9,5,1,-1.0,-1.8369701987210294e-16,47.6,48.33,65.0,2500.0,5400.0,24775.0,27.13408,28.45075,25.86325,8.299999,0.5,26.500002,21.968584,22.3456675,21.2529595,3.4499999,5.85000005,7.3,15.6,7.3,47.6,,55.25142857142857,9.124557393049066,6875.0,4375.000000000139,53.33
11500.0,129.89,178.0,1,0,1,0,0,8.64,12.0,26.3445,1.5000001,1.5000001,21.4123345,3.3499999000000003,3.3499999000000003,25,9,6,1,-1.0,-1.8369701987210294e-16,53.33,48.33,65.0,4525.0,5000.0,1075.0,26.002838,27.600748,27.41117,15.700001,9.8,13.100002,21.5696265,22.197752,22.0362915,2.1500000000000004,2.9999999500000003,2.89999985,12.9,15.6,53.33,,53.58428571428571,8.04929573967565,4633.333333333333,2189.5109804097,55.0
250.0,129.89,178.0,1,0,1,0,0,8.64,4.1,25.650747,1.8000002,1.8000002,21.194626,4.25,4.25,26,9,0,0,-1.0,-1.8369701987210294e-16,55.0,47.6,65.0,11500.0,5000.0,4000.0,26.3445,27.13408,27.20492,1.5000001,8.299999,4.0,21.4123345,21.968584,22.768584,3.3499999000000003,3.4499999,4.35000015,12.0,12.9,55.0,,52.15571428571429,6.405036708567236,6175.0,4721.427220661274,55.0
12000.0,130.9,178.0,1,0,1,0,0,8.64,6.7000003,26.040335,1.2,1.2,20.807126,2.75,2.75,27,9,1,0,-1.0,-1.8369701987210294e-16,55.0,53.33,47.5,250.0,8125.0,2791.666666666667,25.650747,26.002838,27.811167,1.8000002,15.700001,5.3999996,21.194626,21.5696265,22.937334,4.25,2.1500000000000004,4.9499998000000005,4.1,12.0,55.0,,50.72714285714286,3.5349573985441927,5425.0,5678.743258855895,55.0
1750.0,130.84,178.0,1,0,1,0,0,8.64,0.9000001,26.915337,0.0,0.0,21.2029595,0.75,0.75,28,9,2,0,-1.0,-1.8369701987210294e-16,55.0,55.0,48.33,12000.0,11250.0,1583.3333333333337,26.040335,26.3445,28.45075,1.2,1.5000001,0.5,20.807126,21.4123345,22.3456675,2.75,3.3499999000000003,5.85000005,6.7000003,4.1,55.0,,51.798571428571435,3.5304080433258016,7916.666666666667,6644.23308842597,48.33
3500.0,131.41,178.0,1,0,1,0,0,8.64,0.4,26.802832,6.2,6.2,21.2102515,1.55000005,1.55000005,29,9,3,0,-1.0,-1.8369701987210294e-16,48.33,55.0,48.33,1750.0,6875.0,375.0,26.915337,25.650747,27.600748,0.0,1.8000002,9.8,21.2029595,21.194626,22.197752,0.75,4.25,2.9999999500000003,0.9000001,6.7000003,48.33,,51.79857142857143,3.5304080433258016,4666.666666666667,6394.985014316659,55.0
11000.0,131.28,178.0,1,0,1,0,0,8.64,22.4,26.60283,10.2,10.2,21.233167,4.499999750000001,4.499999750000001,30,9,4,0,-1.0,-1.8369701987210294e-16,55.0,55.0,47.6,3500.0,2500.0,9775.0,26.802832,26.040335,27.13408,6.2,1.2,8.299999,21.2102515,20.807126,21.968584,1.55000005,2.75,3.4499999,0.4,0.9000001,55.0,,52.75142857142857,3.332798766659369,5750.0,5482.928049865442,43.33
8025.0,130.45,178.0,1,1,0,0,0,8.5,8.200001,27.381998,1.2,1.2,21.571709,3.1,3.1,1,10,5,1,-0.8660254037844386,0.5000000000000001,43.33,48.33,53.33,11000.0,4525.0,22000.0,26.60283,26.915337,26.002838,10.2,0.0,15.700001,21.233167,21.2029595,21.5696265,4.499999750000001,0.75,2.1500000000000004,22.4,0.4,43.33,,52.14142857142856,4.587422764368485,5416.666666666667,4913.8409959353185,49.0
5050.0,130.45,178.0,1,1,0,0,0,8.5,3.3,28.475752,0.0,0.0,22.6237905,0.25,0.25,2,10,6,1,-0.8660254037844386,0.5000000000000001,49.0,55.0,55.0,8025.0,11500.0,14666.67,27.381998,26.802832,26.3445,1.2,6.2,1.5000001,21.571709,21.2102515,21.4123345,3.1,1.55000005,3.3499999000000003,8.200001,22.4,49.0,,51.52285714285714,4.691199968329606,7508.333333333333,3776.6001023850167,55.0
4559.375,130.45,178.0,1,1,0,0,0,8.5,1.9000001,28.088255,2.5,2.5,22.29671,2.20000005,2.20000005,3,10,0,0,-0.8660254037844386,0.5000000000000001,55.0,43.33,55.0,5050.0,250.0,7333.33,28.475752,26.60283,25.650747,0.0,10.2,1.8000002,22.6237905,21.233167,21.194626,0.25,4.499999750000001,4.25,3.3,8.200001,55.0,,51.52285714285714,4.691199968329606,8025.0,2975.0000000001955,60.0
4068.75,131.3,178.0,1,1,0,0,0,8.5,15.299999,25.538252,18.199999,18.199999,20.517543,12.85,12.85,4,10,1,0,-0.8660254037844386,0.5000000000000001,60.0,49.0,55.0,4559.375,12000.0,3941.665,28.088255,27.381998,26.040335,2.5,1.2,1.2,22.29671,21.571709,20.807126,2.20000005,3.1,2.75,1.9000001,3.3,60.0,,52.23714285714285,5.601251985897652,5878.125,1875.3619442327015,58.33
3578.125,130.74,178.0,1,1,0,0,0,8.5,29.900003,26.12992,12.300001,12.300001,20.3362925,31.650001000000003,31.650001000000003,5,10,2,0,-0.8660254037844386,0.5000000000000001,58.33,55.0,48.33,4068.75,1750.0,550.0,25.538252,28.475752,26.915337,18.199999,0.0,0.0,20.517543,22.6237905,21.2029595,12.85,0.25,0.75,15.299999,1.9000001,58.33,,52.712857142857146,6.002076624762666,4559.375,490.6250000013411,42.5
3087.5,130.74,178.0,1,1,0,0,0,8.5,31.199999,26.23825,19.199999,19.199999,19.918585,27.8999975,27.8999975,6,10,3,0,-0.8660254037844386,0.5000000000000001,42.5,60.0,55.0,3578.125,3500.0,1100.0,26.12992,28.088255,26.802832,12.300001,2.5,6.2,20.3362925,22.29671,21.2102515,31.650001000000003,2.20000005,1.55000005,29.900003,15.299999,42.5,,51.88,7.028359220567193,4068.75,490.62500000136293,47.5
2596.875,131.32,178.0,1,1,0,0,0,8.5,4.9999995,26.473665,0.0,0.0,20.737335,0.45,0.45,7,10,4,0,-0.8660254037844386,0.5000000000000001,47.5,58.33,43.33,3087.5,11000.0,2675.0,26.23825,25.538252,26.60283,19.199999,18.199999,10.2,19.918585,20.517543,21.233167,27.8999975,12.85,4.499999750000001,31.199999,29.900003,47.5,,50.80857142857143,7.045108062978603,3578.125,490.62500000138476,47.5
2106.25,132.02,178.0,1,1,0,0,0,8.5,3.1,26.367418,1.0,1.0,21.189419,0.6,0.6,8,10,5,1,-0.8660254037844386,0.5000000000000001,47.5,42.5,49.0,2596.875,8025.0,4250.0,26.473665,26.12992,27.381998,0.0,12.300001,1.2,20.737335,20.3362925,21.571709,0.45,31.650001000000003,3.1,4.9999995,31.199999,47.5,,51.40428571428572,6.459292678363509,3087.5,490.6250000014066,47.5
1615.625,132.02,178.0,1,1,0,0,0,8.5,1.4000001,26.975754,3.5,3.5,21.361295,4.5,4.5,9,10,6,1,-0.8660254037844386,0.5000000000000001,47.5,47.5,55.0,2106.25,5050.0,6400.0,26.367418,26.23825,28.475752,1.0,19.199999,0.0,21.189419,19.918585,22.6237905,0.6,27.8999975,0.25,3.1,4.9999995,47.5,,51.190000000000005,6.576171631985577,2596.875,490.6250000014284,47.67
1125.0,132.02,178.0,1,1,0,0,0,8.5,1.7,25.72367,6.7999997,6.7999997,20.9696265,3.8499997,3.8499997,10,10,0,0,-0.8660254037844386,0.5000000000000001,47.67,47.5,60.0,1615.625,4559.375,13675.0,26.975754,26.473665,28.088255,3.5,0.0,2.5,21.361295,20.737335,22.29671,4.5,0.45,2.20000005,1.4000001,3.1,47.67,,50.142857142857146,6.450774409029426,2106.25,490.62500000145025,42.5
4083.3333333333335,132.02,178.0,1,1,0,0,0,8.5,0.1,25.82992,0.0,0.0,20.6696285,2.4,2.4,11,10,1,0,-0.8660254037844386,0.5000000000000001,42.5,47.5,58.33,1125.0,4068.75,12000.0,25.72367,26.367418,25.538252,6.7999997,1.0,18.199999,20.9696265,21.189419,20.517543,3.8499997,0.6,12.85,1.7,1.4000001,42.5,,47.642857142857146,5.278493201301754,1615.625,490.6250000014721,41.67
7041.666666666667,132.01,178.0,1,1,0,0,0,8.5,2.4,24.959084,0.2,0.2,19.801918,3.95,3.95,12,10,2,0,-0.8660254037844386,0.5000000000000001,41.67,47.67,42.5,4083.3333333333335,3578.125,1500.0,25.82992,26.975754,26.12992,0.0,3.5,12.300001,20.6696285,21.361295,20.3362925,2.4,4.5,31.650001000000003,0.1,1.7,41.67,,45.262857142857136,2.857275592154539,2274.652777777778,1585.4564758110614,65.0
10000.0,132.01,178.0,1,1,0,0,0,8.5,2.2,25.084085,0.0,0.0,19.567543,1.0,1.0,13,10,3,0,-0.8660254037844386,0.5000000000000001,65.0,42.5,47.5,7041.666666666667,3087.5,2375.0,24.959084,25.72367,26.23825,0.2,6.7999997,19.199999,19.801918,20.9696265,19.918585,3.95,3.8499997,27.8999975,2.4,0.1,65.0,,48.47714285714285,7.730719488477268,4083.3333333333335,2958.333333333559,75.0
8900.0,132.06,178.0,1,1,0,0,0,8.5,2.0,24.56742,0.0,0.0,19.070667,0.05,0.05,14,10,4,0,-0.8660254037844386,0.5000000000000001,75.0,41.67,47.5,10000.0,2596.875,2500.0,25.084085,25.82992,26.473665,0.0,0.0,0.0,19.567543,20.6696285,20.737335,1.0,2.4,0.45,2.2,2.4,75.0,,52.40571428571428,12.60327716263091,7041.666666666667,2958.3333333335363,65.0
3750.0,132.07,178.0,1,1,0,0,0,8.5,0.4,24.002832,0.0,0.0,19.133167,0.0,0.0,15,10,5,1,-0.8660254037844386,0.5000000000000001,65.0,65.0,47.5,8900.0,2106.25,4625.0,24.56742,24.959084,26.367418,0.0,0.2,1.0,19.070667,19.801918,21.189419,0.05,3.95,0.6,2.0,2.2,65.0,,54.90571428571428,13.189993501568804,8647.222222222223,1495.2780615934325,70.0
2925.0,132.07,178.0,1,1,0,0,0,8.5,0.0,23.327833,0.0,0.0,18.899834,0.0,0.0,16,10,6,1,-0.8660254037844386,0.5000000000000001,70.0,75.0,47.67,3750.0,1615.625,500.0,24.002832,25.084085,26.975754,0.0,0.0,3.5,19.133167,19.567543,21.361295,0.0,1.0,4.5,0.4,2.0,70.0,,58.12,13.811390226910497,7550.0,3336.5401241407512,65.0
2100.0,132.07,178.0,1,1,0,0,0,8.5,0.0,22.715332,0.0,0.0,19.31025,0.0,0.0,17,10,0,0,-0.8660254037844386,0.5000000000000001,65.0,65.0,42.5,2925.0,1125.0,5400.0,23.327833,24.56742,25.72367,0.0,0.0,6.7999997,18.899834,19.070667,20.9696265,0.0,0.05,3.8499997,0.0,0.4,65.0,,60.59571428571429,13.16405947664932,5191.666666666667,3237.8941201550456,65.0
1275.0,132.07,178.0,1,1,0,0,0,8.5,0.0,22.354918,0.0,0.0,18.307125,0.0,0.0,18,10,1,0,-0.8660254037844386,0.5000000000000001,65.0,70.0,41.67,2100.0,4083.3333333333335,5000.0,22.715332,24.002832,25.82992,0.0,0.0,0.0,19.31025,19.133167,20.6696285,0.0,0.0,2.4,0.0,0.0,65.0,,63.81,10.483130893646816,2925.0,825.0000000008387,65.0
625.0,132.08,178.0,1,1,0,0,0,8.5,0.0,23.186167,0.0,0.0,17.739418,0.0,0.0,19,10,2,0,-0.8660254037844386,0.5000000000000001,65.0,65.0,65.0,1275.0,7041.666666666667,5000.0,22.354918,23.327833,24.959084,0.0,0.0,0.2,18.307125,18.899834,19.801918,0.0,0.0,3.95,0.0,0.0,65.0,,67.14285714285714,3.933978962347101,2100.0,825.0000000008613,65.0
1575.0,133.14,178.0,1,1,0,0,0,8.5,0.7,23.100752,0.0,0.0,17.668585,0.0,0.0,20,10,3,0,-0.8660254037844386,0.5000000000000001,65.0,65.0,75.0,625.0,10000.0,8125.0,23.186167,22.715332,25.084085,0.0,0.0,0.0,17.739418,19.31025,19.567543,0.0,0.0,1.0,0.0,0.0,65.0,,67.14285714285714,3.933978962347101,1333.3333333333333,739.2282011224876,65.0
2525.0,132.72,178.0,1,1,0,0,0,8.5,0.0,22.63617,0.0,0.0,18.027959,0.0,0.0,21,10,4,0,-0.8660254037844386,0.5000000000000001,65.0,65.0,65.0,1575.0,8900.0,11250.0,23.100752,22.354918,24.56742,0.0,0.0,0.0,17.668585,18.307125,19.070667,0.0,0.0,0.05,0.7,0.0,65.0,,65.71428571428571,1.8898223650458814,1158.3333333333333,485.6267428126222,65.0
4037.5,132.59,178.0,1,1,0,0,0,8.5,0.0,22.798668,0.0,0.0,18.3019185,0.0,0.0,22,10,5,1,-0.8660254037844386,0.5000000000000001,65.0,65.0,70.0,2525.0,3750.0,6875.0,22.63617,23.186167,24.002832,0.0,0.0,0.0,18.027959,17.739418,19.133167,0.0,0.0,0.0,0.0,0.7,65.0,,65.71428571428571,1.8898223650458814,1575.0,950.0000000007605,65.0
5550.0,132.59,178.0,1,1,0,0,0,8.5,0.0,23.31117,0.0,0.0,19.096708,0.0,0.0,23,10,6,1,-0.8660254037844386,0.5000000000000001,65.0,65.0,65.0,4037.5,2925.0,2500.0,22.798668,23.100752,23.327833,0.0,0.0,0.0,18.3019185,17.668585,18.899834,0.0,0.0,0.0,0.0,0.0,65.0,,65.0,0.0,2712.5,1241.9113293634914,65.0
5750.0,132.59,178.0,1,1,0,0,0,8.5,0.0,24.36325,0.0,0.0,18.7144185,0.45,0.45,24,10,0,0,-0.8660254037844386,0.5000000000000001,65.0,65.0,65.0,5550.0,2100.0,4525.0,23.31117,22.63617,22.715332,0.0,0.0,0.0,19.096708,18.027959,19.31025,0.0,0.0,0.0,0.0,0.0,65.0,,65.0,0.0,4037.5,1512.500000000441,65.0
5950.0,132.59,178.0,1,1,0,0,0,8.5,0.3,23.382002,0.0,0.0,17.8862925,0.3,0.3,25,10,1,0,-0.8660254037844386,0.5000000000000001,65.0,65.0,65.0,5750.0,1275.0,11500.0,24.36325,22.798668,22.354918,0.0,0.0,0.0,18.7144185,18.3019185,18.307125,0.45,0.0,0.0,0.0,0.0,65.0,,65.0,0.0,5112.5,936.3326065033116,75.0
6150.0,132.67,178.0,1,1,0,0,0,8.5,0.1,22.719498,0.0,0.0,17.543584000000003,1.2,1.2,26,10,2,0,-0.8660254037844386,0.5000000000000001,75.0,65.0,65.0,5950.0,625.0,250.0,23.382002,23.31117,23.186167,0.0,0.0,0.0,17.8862925,19.096708,17.739418,0.3,0.0,0.0,0.3,0.0,75.0,,66.42857142857143,3.779644730092151,5750.0,200.0000000031385,75.0
6350.0,132.67,178.0,1,1,0,0,0,8.5,2.2,22.054916,0.0,0.0,17.247749,0.2,0.2,27,10,3,0,-0.8660254037844386,0.5000000000000001,75.0,65.0,65.0,6150.0,1575.0,12000.0,22.719498,24.36325,23.100752,0.0,0.0,0.0,17.543584000000003,18.7144185,17.668585,1.2,0.45,0.0,0.1,0.3,75.0,,67.85714285714286,4.879500364742584,5950.0,200.00000000311505,80.0
6550.0,132.29,178.0,1,1,0,0,0,8.5,0.70000005,22.163252,0.0,0.0,17.3789995,0.0,0.0,28,10,4,0,-0.8660254037844386,0.5000000000000001,80.0,75.0,65.0,6350.0,2525.0,1750.0,22.054916,23.382002,22.63617,0.0,0.0,0.0,17.247749,17.8862925,18.027959,0.2,0.3,0.0,2.2,0.1,80.0,,70.0,6.454972243678982,6150.0,200.00000000309163,85.0
6750.0,132.26,178.0,1,1,0,0,0,8.5,1.0,21.986166,0.0,0.0,18.076917,0.0,0.0,29,10,5,1,-0.8660254037844386,0.5000000000000001,85.0,75.0,65.0,6550.0,4037.5,3500.0,22.163252,22.719498,22.798668,0.0,0.0,0.0,17.3789995,17.543584000000003,18.3019185,0.0,1.2,0.0,0.70000005,2.2,85.0,,72.85714285714286,8.09173593712685,6350.0,200.0000000030682,75.0
4875.0,132.26,178.0,1,1,0,0,0,8.5,0.0,21.72367,0.0,0.0,17.98421,0.0,0.0,30,10,6,1,-0.8660254037844386,0.5000000000000001,75.0,80.0,65.0,6750.0,5550.0,11000.0,21.986166,22.054916,23.31117,0.0,0.0,0.0,18.076917,17.247749,19.096708,0.0,0.2,0.0,1.0,0.70000005,75.0,,74.28571428571429,7.319250547113984,6550.0,200.00000000304476,95.0
3000.0,132.26,178.0,1,1,0,0,0,8.5,0.0,21.934084,0.0,0.0,18.1675435,0.0,0.0,31,10,0,0,-0.8660254037844386,0.5000000000000001,95.0,85.0,65.0,4875.0,5750.0,8025.0,21.72367,22.163252,24.36325,0.0,0.0,0.0,17.98421,17.3789995,18.7144185,0.0,0.0,0.45,0.0,1.0,95.0,,78.57142857142857,9.449111825230691,6058.333333333333,1029.6641847391677,95.0
4200.0,132.76,178.0,1,1,0,0,0,8.08,0.0,22.081999,0.0,0.0,17.8342095,0.0,0.0,1,11,1,0,-0.5000000000000004,0.8660254037844384,95.0,75.0,75.0,3000.0,5950.0,5050.0,21.934084,21.986166,23.382002,0.0,0.0,0.0,18.1675435,18.076917,17.8862925,0.0,0.0,0.3,0.0,0.0,95.0,,82.85714285714286,9.06326967174969,4875.0,1875.000000000346,95.0
13600.0,132.62,178.0,1,1,0,0,0,8.08,0.0,21.304918,0.0,0.0,17.133167999999998,0.0,0.0,2,11,2,0,-0.5000000000000004,0.8660254037844384,95.0,95.0,75.0,4200.0,6150.0,4559.375,22.081999,21.72367,22.719498,0.0,0.0,0.0,17.8342095,17.98421,17.543584000000003,0.0,0.0,1.2,0.0,0.0,95.0,,85.71428571428571,9.322272357358088,4025.0,949.6709956618326,76.67
2000.0,132.76,178.0,1,1,0,0,0,8.08,0.0,21.659082,0.0,0.0,16.486293,0.0,0.0,3,11,3,0,-0.5000000000000004,0.8660254037844384,76.67,95.0,80.0,13600.0,6350.0,4068.75,21.304918,21.934084,22.054916,0.0,0.0,0.0,17.133167999999998,18.1675435,17.247749,0.0,0.0,0.2,0.0,0.0,76.67,,85.95285714285714,9.018807597248726,6933.333333333333,5804.595880277501,76.67
6000.0,132.92,178.0,1,1,0,0,0,8.08,0.0,22.554916,0.0,0.0,17.2112935,0.0,0.0,4,11,4,0,-0.5000000000000004,0.8660254037844384,76.67,95.0,85.0,2000.0,6550.0,3578.125,21.659082,22.081999,22.163252,0.0,0.0,0.0,16.486293,17.8342095,17.3789995,0.0,0.0,0.0,0.0,0.0,76.67,,85.47714285714287,9.462065867250729,6600.0,6161.168720299844,76.67
10000.0,132.21,178.0,1,1,0,0,0,8.08,0.2,22.179916,0.0,0.0,17.8727505,0.05,0.05,5,11,5,1,-0.5000000000000004,0.8660254037844384,76.67,76.67,75.0,6000.0,6750.0,3087.5,22.554916,21.304918,21.986166,0.0,0.0,0.0,17.2112935,17.133167999999998,18.076917,0.0,0.0,0.0,0.0,0.0,76.67,,84.28714285714285,10.038339361809694,7200.0,5892.367945062595,65.0
3750.0,132.21,178.0,1,1,0,0,0,8.08,1.7,22.117416,0.0,0.0,17.331085,0.05,0.05,6,11,6,1,-0.5000000000000004,0.8660254037844384,65.0,76.67,95.0,10000.0,4875.0,2596.875,22.179916,21.659082,21.72367,0.0,0.0,0.0,17.8727505,16.486293,17.98421,0.05,0.0,0.0,0.2,0.0,65.0,,82.85857142857142,12.08350587725743,6000.0,4000.0000000001555,75.0
2500.0,132.21,178.0,1,1,0,0,0,8.08,0.0,21.915335,0.0,0.0,17.068583500000003,0.0,0.0,7,11,0,0,-0.5000000000000004,0.8660254037844384,75.0,76.67,95.0,3750.0,3000.0,2106.25,22.117416,22.554916,21.934084,0.0,0.0,0.0,17.331085,17.2112935,18.1675435,0.05,0.0,0.0,1.7,0.2,75.0,,80.00142857142858,11.054913581105673,6583.333333333333,3165.5699855372886,76.67
7350.0,131.38,178.0,1,1,0,0,0,8.08,0.0,21.66117,0.0,0.0,16.942545,0.0,0.0,8,11,1,0,-0.5000000000000004,0.8660254037844384,76.67,65.0,95.0,2500.0,4200.0,1615.625,21.915335,22.179916,22.081999,0.0,0.0,0.0,17.068583500000003,17.8727505,17.8342095,0.0,0.05,0.0,0.0,1.7,76.67,,77.38285714285715,8.863873709775955,5416.666666666667,4018.1878170805558,65.0
7350.0,131.38,178.0,1,1,0,0,0,8.08,3.1999998,21.607004,0.0,0.0,16.532124,0.2,0.2,9,11,2,0,-0.5000000000000004,0.8660254037844384,65.0,75.0,76.67,7350.0,13600.0,1125.0,21.66117,22.117416,21.304918,0.0,0.0,0.0,16.942545,17.331085,17.133167999999998,0.0,0.05,0.0,0.0,0.0,65.0,,73.09714285714286,5.5649130400085465,4533.333333333333,2518.101136438853,60.0
16750.0,130.6,178.0,1,1,0,0,0,8.08,0.8000001,21.432001,0.0,0.0,16.423795,0.15,0.15,10,11,3,0,-0.5000000000000004,0.8660254037844384,60.0,76.67,76.67,7350.0,2000.0,4083.3333333333335,21.607004,21.915335,21.659082,0.0,0.0,0.0,16.532124,17.068583500000003,16.486293,0.2,0.0,0.0,3.1999998,0.0,60.0,,70.71571428571428,7.128358523397598,5733.333333333333,2800.1488055699087,60.0
5000.0,131.2,178.0,1,1,0,0,0,8.08,0.4,21.215336,0.8,0.8,15.8352505,0.3,0.3,11,11,4,0,-0.5000000000000004,0.8660254037844384,60.0,65.0,76.67,16750.0,6000.0,7041.666666666667,21.432001,21.66117,22.554916,0.0,0.0,0.0,16.423795,16.942545,17.2112935,0.15,0.0,0.0,0.8000001,3.1999998,60.0,,68.33428571428571,7.57798974474289,10483.333333333334,5427.092530382578,55.0
4500.0,129.58,178.0,1,1,0,0,0,8.08,0.0,20.204918,0.0,0.0,15.4696255,0.0,0.0,12,11,5,1,-0.5000000000000004,0.8660254037844384,55.0,60.0,65.0,5000.0,10000.0,10000.0,21.215336,21.607004,22.179916,0.8,0.0,0.0,15.8352505,16.532124,17.8727505,0.3,0.2,0.05,0.4,0.8000001,55.0,,65.23857142857143,8.018629202408226,9700.0,6217.515581001874,55.0
4000.0,129.58,178.0,1,1,0,0,0,8.08,0.0,19.613249,0.0,0.0,14.683166,0.0,0.0,13,11,6,1,-0.5000000000000004,0.8660254037844384,55.0,60.0,75.0,4500.0,3750.0,8900.0,20.204918,21.432001,22.117416,0.0,0.0,0.0,15.4696255,16.423795,17.331085,0.0,0.15,0.05,0.0,0.4,55.0,,63.81,8.909509900475237,8750.0,6932.7123119311045,55.0
2600.0,129.58,178.0,1,1,0,0,0,8.08,0.0,19.53825,0.0,0.0,15.20504125,0.0,0.0,14,11,0,0,-0.5000000000000004,0.8660254037844384,55.0,55.0,76.67,4000.0,2500.0,3750.0,19.613249,21.215336,21.915335,0.0,0.8,0.0,14.683166,15.8352505,17.068583500000003,0.0,0.3,0.0,0.0,0.0,55.0,,60.95285714285715,7.8690675311324725,4500.0,500.00000000129984,55.0
500.0,130.32,178.0,1,1,0,0,0,8.08,0.0,19.440332,0.0,0.0,15.446709,0.0,0.0,15,11,1,0,-0.5000000000000004,0.8660254037844384,55.0,55.0,65.0,2600.0,7350.0,2925.0,19.53825,20.204918,21.66117,0.0,0.0,0.0,15.20504125,15.4696255,16.942545,0.0,0.0,0.0,0.0,0.0,55.0,,57.857142857142854,3.933978962347136,3700.0,984.8857801802882,55.0
4800.0,130.06,178.0,0,1,0,0,0,8.08,0.2,19.709082,0.0,0.0,15.426917499999998,0.1,0.1,16,11,2,0,-0.5000000000000004,0.8660254037844384,55.0,55.0,60.0,500.0,7350.0,2100.0,19.440332,19.613249,21.607004,0.0,0.0,0.0,15.446709,14.683166,16.532124,0.0,0.0,0.2,0.0,0.0,55.0,,56.42857142857143,2.439750182371191,2366.6666666666665,1761.6280348969037,55.0
3275.0,130.38,178.0,0,1,0,0,0,8.08,0.0,19.423668,0.0,0.0,14.58421,0.2,0.2,17,11,3,0,-0.5000000000000004,0.8660254037844384,55.0,55.0,60.0,4800.0,16750.0,1275.0,19.709082,19.53825,21.432001,0.0,0.0,0.0,15.426917499999998,15.20504125,16.423795,0.1,0.0,0.15,0.2,0.0,55.0,,55.714285714285715,1.8898223650459454,2633.3333333333335,2150.19378971634,55.0
1750.0,130.95,178.0,0,1,0,0,0,8.08,0.0,18.819502,0.0,0.0,14.561292,0.0,0.0,18,11,4,0,-0.5000000000000004,0.8660254037844384,55.0,55.0,55.0,3275.0,5000.0,625.0,19.423668,19.440332,21.215336,0.0,0.0,0.8,14.58421,15.446709,15.8352505,0.2,0.0,0.3,0.0,0.2,55.0,,55.0,0.0,2858.3333333333335,2180.0707175077387,55.0
2812.5,131.0,178.0,0,1,0,0,0,8.08,0.0,18.507002,0.0,0.0,15.870667999999998,0.0,0.0,19,11,5,1,-0.5000000000000004,0.8660254037844384,55.0,55.0,55.0,1750.0,4500.0,1575.0,18.819502,19.709082,20.204918,0.0,0.0,0.0,14.561292,15.426917499999998,15.4696255,0.0,0.1,0.0,0.0,0.0,55.0,,55.0,0.0,3275.0,1525.000000000444,55.0
3875.0,131.0,178.0,0,1,0,0,0,8.08,0.0,18.4945,0.0,0.0,16.148792999999998,0.0,0.0,20,11,6,1,-0.5000000000000004,0.8660254037844384,55.0,55.0,55.0,2812.5,4000.0,2525.0,18.507002,19.423668,19.613249,0.0,0.0,0.0,15.870667999999998,14.58421,14.683166,0.0,0.2,0.0,0.0,0.0,55.0,,55.0,0.0,2612.5,781.9247086525544,55.0
4937.5,131.0,178.0,0,1,0,0,0,8.08,0.0,18.309084,0.0,0.0,15.6258755,0.0,0.0,21,11,0,0,-0.5000000000000004,0.8660254037844384,55.0,55.0,55.0,3875.0,2600.0,4037.5,18.4945,18.819502,19.53825,0.0,0.0,0.0,16.148792999999998,14.561292,15.20504125,0.0,0.0,0.0,0.0,0.0,55.0,,55.0,0.0,2812.5,1062.5000000006464,55.0
6000.0,131.25,178.0,0,1,0,0,0,8.08,0.0,18.08825,0.0,0.0,15.377959,0.0,0.0,22,11,1,0,-0.5000000000000004,0.8660254037844384,55.0,55.0,55.0,4937.5,500.0,5550.0,18.309084,18.507002,19.440332,0.0,0.0,0.0,15.6258755,15.870667999999998,15.446709,0.0,0.0,0.0,0.0,0.0,55.0,,55.0,0.0,3875.0,1062.5000000006255,55.0
2000.0,130.97,178.0,0,1,0,0,0,8.08,0.0,18.111166,0.0,0.0,14.799835,0.0,0.0,23,11,2,0,-0.5000000000000004,0.8660254037844384,55.0,55.0,55.0,6000.0,4800.0,5750.0,18.08825,18.4945,19.709082,0.0,0.0,0.0,15.377959,16.148792999999998,15.426917499999998,0.0,0.0,0.1,0.0,0.0,55.0,,55.0,0.0,4937.5,1062.5000000006046,55.0
5000.0,131.26,178.0,0,1,0,0,0,8.08,0.0,18.009085,0.0,0.0,14.856084,0.0,0.0,24,11,3,0,-0.5000000000000004,0.8660254037844384,55.0,55.0,55.0,2000.0,3275.0,5950.0,18.111166,18.309084,19.423668,0.0,0.0,0.0,14.799835,15.6258755,14.58421,0.0,0.0,0.2,0.0,0.0,55.0,,55.0,0.0,4312.5,2071.948056781663,55.0
2875.0,130.92,178.0,0,1,0,0,0,8.08,0.0,18.619501,0.0,0.0,16.2696255,0.0,0.0,25,11,4,0,-0.5000000000000004,0.8660254037844384,55.0,55.0,55.0,5000.0,1750.0,6150.0,18.009085,18.08825,18.819502,0.0,0.0,0.0,14.856084,15.377959,14.561292,0.0,0.0,0.0,0.0,0.0,55.0,,55.0,0.0,4333.333333333333,2081.6659994664474,55.0
750.0,131.0,178.0,0,1,0,0,0,8.08,0.0,19.1695,0.0,0.0,16.2623355,0.0,0.0,26,11,5,1,-0.5000000000000004,0.8660254037844384,55.0,55.0,55.0,2875.0,2812.5,6350.0,18.619501,18.111166,18.507002,0.0,0.0,0.0,16.2696255,14.799835,15.870667999999998,0.0,0.0,0.0,0.0,0.0,55.0,,55.0,0.0,3291.6666666666665,1542.7923817982394,45.0
4000.0,131.0,178.0,0,1,0,0,0,8.08,0.0,19.396582,0.0,0.0,15.2008765,0.0,0.0,27,11,6,1,-0.5000000000000004,0.8660254037844384,45.0,55.0,55.0,750.0,3875.0,6550.0,19.1695,18.009085,18.4945,0.0,0.0,0.0,16.2623355,14.856084,16.148792999999998,0.0,0.0,0.0,0.0,0.0,45.0,,53.57142857142857,3.779644730092169,2875.0,2125.000000000322,55.0
1075.0,131.0,178.0,0,1,0,0,0,8.08,0.0,19.186167,0.0,0.0,14.9185845,0.0,0.0,28,11,0,0,-0.5000000000000004,0.8660254037844384,55.0,55.0,55.0,4000.0,4937.5,6750.0,19.396582,18.619501,18.309084,0.0,0.0,0.0,15.2008765,16.2696255,15.6258755,0.0,0.0,0.0,0.0,0.0,55.0,,53.57142857142857,3.779644730092169,2541.6666666666665,1650.441860028615,45.0
2412.5,130.98,178.0,0,1,0,0,0,8.08,0.0,19.427834,0.0,0.0,15.1602505,0.0,0.0,29,11,1,0,-0.5000000000000004,0.8660254037844384,45.0,45.0,55.0,1075.0,6000.0,4875.0,19.186167,19.1695,18.08825,0.0,0.0,0.0,14.9185845,16.2623355,15.377959,0.0,0.0,0.0,0.0,0.0,45.0,,52.142857142857146,4.879500364742583,1941.6666666666667,1789.960427868376,45.0
3750.0,131.06,178.0,0,1,0,0,0,8.08,0.0,18.790333,0.0,0.0,15.169626,0.0,0.0,30,11,2,0,-0.5000000000000004,0.8660254037844384,45.0,55.0,55.0,2412.5,2000.0,3000.0,19.427834,19.396582,18.111166,0.0,0.0,0.0,15.1602505,15.2008765,14.799835,0.0,0.0,0.0,0.0,0.0,45.0,,50.714285714285715,5.345224838248409,2495.8333333333335,1464.2795441221997,46.0
18550.0,130.58,178.0,0,0,0,0,1,7.38,0.0,17.148668,0.0,0.0,14.694624,0.0,0.0,1,12,3,0,-2.4492935982947064e-16,1.0,46.0,45.0,55.0,3750.0,5000.0,4200.0,18.790333,19.186167,18.009085,0.0,0.0,0.0,15.169626,14.9185845,14.856084,0.0,0.0,0.0,0.0,0.0,46.0,,49.42857142857143,5.223572942509124,2412.5,1337.5000000005186,55.0
10650.0,130.25,178.0,0,0,0,0,1,7.38,0.0,16.813253,0.0,0.0,14.7467075,0.0,0.0,2,12,4,0,-2.4492935982947064e-16,1.0,55.0,45.0,55.0,18550.0,2875.0,13600.0,17.148668,19.427834,18.619501,0.0,0.0,0.0,14.694624,15.1602505,16.2696255,0.0,0.0,0.0,0.0,0.0,55.0,,49.42857142857143,5.223572942509124,8237.5,8955.890170720113,45.0
2750.0,130.42,178.0,0,0,0,0,1,7.38,0.0,17.0445,0.0,0.0,14.820666,0.0,0.0,3,12,5,1,-2.4492935982947064e-16,1.0,45.0,46.0,45.0,10650.0,750.0,2000.0,16.813253,18.790333,19.1695,0.0,0.0,0.0,14.7467075,15.169626,16.2623355,0.0,0.0,0.0,0.0,0.0,45.0,,48.0,4.795831523312628,10983.333333333334,7405.628490096865,65.0
7025.0,130.42,178.0,0,0,0,0,1,7.38,0.0,17.69242,0.0,0.0,14.718584,0.0,0.0,4,12,6,1,-2.4492935982947064e-16,1.0,65.0,55.0,55.0,2750.0,4000.0,6000.0,17.0445,17.148668,19.396582,0.0,0.0,0.0,14.820666,14.694624,15.2008765,0.0,0.0,0.0,0.0,0.0,65.0,,50.857142857142854,7.7551825989370675,10650.0,7900.000000000066,65.0
14250.0,130.42,178.0,0,0,0,0,1,7.38,0.0,17.546583,0.0,0.0,14.4133755,0.0,0.0,5,12,0,0,-2.4492935982947064e-16,1.0,65.0,45.0,45.0,7025.0,1075.0,10000.0,17.69242,16.813253,19.186167,0.0,0.0,0.0,14.718584,14.7467075,14.9185845,0.0,0.0,0.0,0.0,0.0,65.0,,52.285714285714285,9.39351346611556,6808.333333333333,3954.4542396308675,45.0
13175.0,131.17,178.0,0,0,0,0,1,7.38,0.0,16.7195,0.0,0.0,14.0737925,0.0,0.0,6,12,1,0,-2.4492935982947064e-16,1.0,45.0,65.0,45.0,14250.0,2412.5,3750.0,17.546583,17.0445,19.427834,0.0,0.0,0.0,14.4133755,14.820666,15.1602505,0.0,0.0,0.0,0.0,0.0,45.0,,52.285714285714285,9.39351346611556,8008.333333333333,5812.719529904612,55.0
12100.0,132.49,178.0,0,0,0,0,1,7.38,0.0,16.290335,0.0,0.0,13.719626,0.0,0.0,7,12,2,0,-2.4492935982947064e-16,1.0,55.0,65.0,46.0,13175.0,3750.0,2500.0,16.7195,17.69242,18.790333,0.0,0.0,0.0,14.0737925,14.718584,15.169626,0.0,0.0,0.0,0.0,0.0,55.0,,53.714285714285715,8.845230083954537,11483.333333333334,3898.2635022961613,45.0
11125.0,132.26,178.0,0,0,0,0,1,7.38,0.0,16.465334,0.0,0.0,14.049833,0.0,0.0,8,12,3,0,-2.4492935982947064e-16,1.0,45.0,45.0,55.0,12100.0,18550.0,7350.0,16.290335,17.546583,17.148668,0.0,0.0,0.0,13.719626,14.4133755,14.694624,0.0,0.0,0.0,0.0,0.0,45.0,,53.57142857142857,8.997354108424325,13175.0,1075.0000000004302,45.0
12666.666666666666,132.18,178.0,0,0,0,0,1,7.38,0.0,16.952837,0.0,0.0,14.0227515,0.0,0.0,9,12,4,0,-2.4492935982947064e-16,1.0,45.0,55.0,45.0,11125.0,10650.0,7350.0,16.465334,16.7195,16.813253,0.0,0.0,0.0,14.049833,14.0737925,14.7467075,0.0,0.0,0.0,0.0,0.0,45.0,,52.142857142857146,9.511897312113371,12133.333333333334,1025.4064234898788,55.0
14208.333333333332,131.94,178.0,0,0,0,0,1,7.38,0.0,17.515335,0.0,0.0,14.55920775,0.0,0.0,10,12,5,1,-2.4492935982947064e-16,1.0,55.0,45.0,65.0,12666.666666666666,2750.0,16750.0,16.952837,16.290335,17.0445,0.0,0.0,0.0,14.0227515,13.719626,14.820666,0.0,0.0,0.0,0.0,0.0,55.0,,53.57142857142857,8.997354108424325,11963.888888888889,779.7940136373721,55.0
15750.0,131.94,178.0,0,0,0,0,1,7.38,0.0,16.150751,0.0,0.0,14.6123345,0.0,0.0,11,12,6,1,-2.4492935982947064e-16,1.0,55.0,45.0,65.0,14208.333333333332,7025.0,5000.0,17.515335,16.465334,17.69242,0.0,0.0,0.0,14.55920775,14.049833,14.718584,0.0,0.0,0.0,0.0,0.0,55.0,,52.142857142857146,7.559289460184486,12666.666666666666,1541.666666666974,55.0
2300.0,131.94,178.0,0,0,0,0,1,7.38,0.0,17.282,0.0,0.0,14.324835,0.0,0.0,12,12,0,0,-2.4492935982947064e-16,1.0,55.0,55.0,45.0,15750.0,14250.0,4500.0,16.150751,16.952837,17.546583,0.0,0.0,0.0,14.6123345,14.0227515,14.4133755,0.0,0.0,0.0,0.0,0.0,55.0,,50.714285714285715,5.345224838248404,14208.333333333334,1541.666666666952,45.0
3000.0,132.36,178.0,0,0,0,0,1,7.38,0.0,17.619501,0.0,0.0,14.0352505,0.0,0.0,13,12,1,0,-2.4492935982947064e-16,1.0,45.0,55.0,55.0,2300.0,13175.0,4000.0,17.282,17.515335,16.7195,0.0,0.0,0.0,14.324835,14.55920775,14.0737925,0.0,0.0,0.0,0.0,0.0,45.0,,50.714285714285715,5.345224838248404,10752.77777777778,7360.792970064379,45.0
13225.0,132.8,178.0,0,0,0,0,1,7.38,0.0,17.571585,0.0,0.0,12.87379125,0.0,0.0,14,12,2,0,-2.4492935982947064e-16,1.0,45.0,55.0,45.0,3000.0,12100.0,2600.0,17.619501,16.150751,16.290335,0.0,0.0,0.0,14.0352505,14.6123345,13.719626,0.0,0.0,0.0,0.0,0.0,45.0,,49.285714285714285,5.345224838248401,7016.666666666667,7571.3825245680555,55.0
23450.0,132.24,178.0,0,0,0,0,1,7.38,0.0,16.490335,0.0,0.0,12.67066675,0.0,0.0,15,12,3,0,-2.4492935982947064e-16,1.0,55.0,45.0,45.0,13225.0,11125.0,500.0,17.571585,17.282,16.465334,0.0,0.0,0.0,12.87379125,14.324835,14.049833,0.0,0.0,0.0,0.0,0.0,55.0,,50.714285714285715,5.345224838248404,6175.0,6115.502841140804,55.0
6475.0,132.72,175.0,0,0,0,0,1,7.38,0.0,16.484083,0.0,0.0,13.148793,0.05,0.05,16,12,4,0,-2.4492935982947064e-16,1.0,55.0,45.0,55.0,23450.0,12666.666666666666,4800.0,16.490335,17.619501,16.952837,0.0,0.0,0.0,12.67066675,14.0352505,14.0227515,0.0,0.0,0.0,0.0,0.0,55.0,,52.142857142857146,4.879500364742576,13225.0,10225.000000000045,55.0
7481.25,132.9,175.0,0,0,0,0,1,7.38,1.9000001,17.379917,0.0,0.0,13.7685845,0.0,0.0,17,12,5,1,-2.4492935982947064e-16,1.0,55.0,55.0,55.0,6475.0,14208.333333333332,3275.0,16.484083,17.571585,17.515335,0.0,0.0,0.0,13.148793,12.87379125,14.55920775,0.05,0.0,0.0,0.0,0.0,55.0,,52.142857142857146,4.879500364742576,14383.333333333334,8546.575825050299,45.0
8487.5,132.9,175.0,0,0,0,0,1,7.38,0.2,17.507,0.0,0.0,14.4279605,0.0,0.0,18,12,6,1,-2.4492935982947064e-16,1.0,45.0,55.0,55.0,7481.25,15750.0,1750.0,17.379917,16.490335,16.150751,0.0,0.0,0.0,13.7685845,12.67066675,14.6123345,0.0,0.0,0.0,1.9000001,0.0,45.0,,50.714285714285715,5.345224838248404,12468.75,9523.340980848105,45.0
9493.75,132.9,175.0,0,0,0,0,1,7.38,0.0,17.321583,0.0,0.0,14.306085,0.0,0.0,19,12,0,0,-2.4492935982947064e-16,1.0,45.0,55.0,45.0,8487.5,2300.0,2812.5,17.507,16.484083,17.282,0.0,0.0,0.0,14.4279605,13.148793,14.324835,0.0,0.05,0.0,0.2,1.9000001,45.0,,49.285714285714285,5.345224838248401,7481.25,1006.2500000005814,35.0
10500.0,132.64,175.0,0,0,0,0,1,7.38,0.0,17.200752,0.0,0.0,13.226917,0.0,0.0,20,12,1,0,-2.4492935982947064e-16,1.0,35.0,45.0,45.0,9493.75,3000.0,3875.0,17.321583,17.379917,17.619501,0.0,0.0,0.0,14.306085,13.7685845,14.0352505,0.0,0.0,0.0,0.0,0.2,35.0,,47.857142857142854,7.559289460184483,8487.5,1006.2500000005596,36.67
8375.0,132.72,175.0,0,0,0,0,1,7.38,0.0,16.765333,0.0,0.0,13.005043,0.0,0.0,21,12,2,0,-2.4492935982947064e-16,1.0,36.67,45.0,55.0,10500.0,13225.0,4937.5,17.200752,17.507,17.571585,0.0,0.0,0.0,13.226917,14.4279605,12.87379125,0.0,0.0,0.0,0.0,0.0,36.67,,46.667142857142856,8.65961260543389,9493.75,1006.2500000005376,35.0
6250.0,132.8,175.0,0,0,0,0,1,7.38,0.0,15.352836,0.0,0.0,13.029001,0.0,0.0,22,12,3,0,-2.4492935982947064e-16,1.0,35.0,35.0,55.0,8375.0,23450.0,6000.0,16.765333,17.321583,16.490335,0.0,0.0,0.0,13.005043,14.306085,12.67066675,0.0,0.0,0.0,0.0,0.0,35.0,,43.81,8.750963756447957,9456.25,1062.9962076607253,35.0
4125.0,132.73,175.0,0,0,0,0,1,7.38,0.0,14.609084,0.0,0.0,12.1914995,0.0,0.0,23,12,4,0,-2.4492935982947064e-16,1.0,35.0,36.67,55.0,6250.0,6475.0,2000.0,15.352836,17.200752,16.484083,0.0,0.0,0.0,13.029001,13.226917,13.148793,0.0,0.0,0.05,0.0,0.0,35.0,,40.95285714285715,7.689097724019566,8375.0,2125.000000000266,34.0
2000.0,132.88,175.0,0,0,0,0,1,7.38,0.0,14.298668,0.0,0.0,12.3300425,0.0,0.0,24,12,5,1,-2.4492935982947064e-16,1.0,34.0,35.0,45.0,4125.0,7481.25,5000.0,14.609084,16.765333,17.379917,0.0,0.0,0.0,12.1914995,13.005043,13.7685845,0.0,0.0,0.0,0.0,0.0,34.0,,37.95285714285715,4.877727320127978,6250.0,2125.000000000288,35.0
1350.0,132.88,175.0,0,0,0,0,1,7.38,0.0,14.954918,0.0,0.0,12.4394155,0.0,0.0,25,12,6,1,-2.4492935982947064e-16,1.0,35.0,35.0,45.0,2000.0,8487.5,2875.0,14.298668,15.352836,17.507,0.0,0.0,0.0,12.3300425,13.029001,14.4279605,0.0,0.0,0.0,0.0,0.0,35.0,,36.52428571428572,3.8193535977650654,4125.0,2125.0000000003097,35.0
4000.0,132.88,175.0,0,0,0,0,1,7.38,0.0,15.111167,0.0,0.0,11.978999,0.0,0.0,26,12,0,0,-2.4492935982947064e-16,1.0,35.0,34.0,35.0,1350.0,9493.75,750.0,14.954918,14.609084,17.321583,0.0,0.0,0.0,12.4394155,12.1914995,14.306085,0.0,0.0,0.0,0.0,0.0,35.0,,35.09571428571429,0.7879056022736937,2491.6666666666665,1451.3643006959767,36.67
15500.0,132.55,175.0,0,0,0,0,1,7.38,0.0,13.825749,0.0,0.0,11.230042,0.0,0.0,27,12,1,0,-2.4492935982947064e-16,1.0,36.67,35.0,36.67,4000.0,10500.0,4000.0,15.111167,14.298668,17.200752,0.0,0.0,0.0,11.978999,12.3300425,13.226917,0.0,0.0,0.0,0.0,0.0,36.67,,35.33428571428571,0.9828166519893764,2450.0,1381.1227316938166,50.0
10500.0,132.86,175.0,0,0,0,0,1,7.38,0.0,13.0424185,0.0,0.0,9.827959,0.0,0.0,28,12,2,0,-2.4492935982947064e-16,1.0,50.0,35.0,35.0,15500.0,8375.0,1075.0,13.825749,14.954918,16.765333,0.0,0.0,0.0,11.230042,12.4394155,13.005043,0.0,0.0,0.0,0.0,0.0,50.0,,37.23857142857143,5.681996211929396,6950.0,7522.134005719467,55.0
5375.0,132.88,175.0,0,0,0,0,1,7.38,0.0,13.336166,0.0,0.0,9.3279575,0.0,0.0,29,12,3,0,-2.4492935982947064e-16,1.0,55.0,36.67,35.0,10500.0,6250.0,2412.5,13.0424185,15.111167,15.352836,0.0,0.0,0.0,9.827959,11.978999,13.029001,0.0,0.0,0.0,0.0,0.0,55.0,,40.09571428571429,8.63157740922409,10000.0,5766.281297335489,45.0
250.0,132.78,175.0,0,0,0,0,1,7.38,0.1,14.377833,0.0,0.0,10.838375,0.0,0.0,30,12,4,0,-2.4492935982947064e-16,1.0,45.0,50.0,34.0,5375.0,4125.0,3750.0,13.336166,13.825749,14.609084,0.0,0.0,0.0,9.3279575,11.230042,12.1914995,0.0,0.0,0.0,0.0,0.0,45.0,,41.52428571428572,8.47373167922065,10458.333333333334,5062.62859918979,45.0
4500.0,132.66,175.0,0,0,0,0,1,7.38,0.2,14.3445015,0.0,0.0,11.1289995,0.05,0.05,31,12,5,1,-2.4492935982947064e-16,1.0,45.0,55.0,35.0,250.0,2000.0,18550.0,14.377833,13.0424185,14.298668,0.0,0.0,0.0,10.838375,9.827959,12.3300425,0.0,0.0,0.0,0.1,0.0,45.0,,43.09571428571429,7.842244273044182,5375.0,5125.000000000124,45.0
10000.0,132.66,175.0,0,0,0,0,1,7.26,0.2,14.490333,0.0,0.0,10.854,0.15,0.15,1,1,6,1,0.4999999999999999,0.8660254037844387,45.0,45.0,35.0,4500.0,1350.0,10650.0,14.3445015,13.336166,14.954918,0.0,0.0,0.0,11.1289995,9.3279575,12.4394155,0.05,0.0,0.0,0.2,0.1,45.0,,44.52428571428572,6.985756597398328,3375.0,2741.4640249329113,45.0
10375.0,132.66,175.0,0,0,0,0,1,7.26,0.0,13.015334,0.0,0.0,10.83524925,0.0,0.0,2,1,0,0,0.4999999999999999,0.8660254037844387,45.0,45.0,36.67,10000.0,4000.0,2750.0,14.490333,14.377833,15.111167,0.0,0.0,0.0,10.854,10.838375,11.978999,0.15,0.0,0.0,0.2,0.2,45.0,,45.95285714285715,5.598114903803735,4916.666666666667,4888.3364586876205,46.67
30650.0,132.69,175.0,0,0,0,0,1,7.26,0.0,12.413251,0.0,0.0,10.658166,0.0,0.0,3,1,1,0,0.4999999999999999,0.8660254037844387,46.67,45.0,50.0,10375.0,15500.0,7025.0,13.015334,14.3445015,13.825749,0.0,0.0,0.0,10.83524925,11.1289995,11.230042,0.0,0.05,0.0,0.0,0.2,46.67,,47.38142857142857,3.8316768677755997,8291.666666666666,3289.028478644489,45.0
22975.0,132.92,175.0,0,0,0,0,1,7.26,0.0,11.973667,0.0,0.0,10.5612925,0.0,0.0,4,1,2,0,0.4999999999999999,0.8660254037844387,45.0,45.0,55.0,30650.0,10500.0,14250.0,12.413251,14.490333,13.0424185,0.0,0.0,0.0,10.658166,10.854,9.827959,0.0,0.15,0.0,0.0,0.0,45.0,,46.667142857142856,3.726780175458367,17008.333333333332,11815.517692142572,55.0
48750.0,132.79,175.0,0,0,0,0,1,7.26,0.0,10.990333,0.0,0.0,10.93525,0.0,0.0,5,1,3,0,0.4999999999999999,0.8660254037844387,55.0,46.67,45.0,22975.0,5375.0,13175.0,11.973667,13.015334,13.336166,0.0,0.0,0.0,10.5612925,10.83524925,9.3279575,0.0,0.0,0.0,0.0,0.0,55.0,,46.667142857142856,3.726780175458367,21333.333333333332,10236.708862389998,46.67
51275.0,132.4,175.0,0,0,0,0,1,7.26,0.0,11.417417,0.0,0.0,12.46649925,0.0,0.0,6,1,4,0,0.4999999999999999,0.8660254037844387,46.67,45.0,45.0,48750.0,250.0,12100.0,10.990333,12.413251,14.377833,0.0,0.0,0.0,10.93525,10.658166,10.838375,0.0,0.0,0.0,0.0,0.0,46.67,,46.90571428571429,3.655032408168349,34125.0,13234.212292388242,36.67
47750.0,132.66,175.0,0,0,0,0,1,7.26,0.0,11.029918,0.0,0.0,13.6727505,0.0,0.0,7,1,5,1,0.4999999999999999,0.8660254037844387,36.67,55.0,45.0,51275.0,4500.0,11125.0,11.417417,11.973667,14.3445015,0.0,0.0,0.0,12.46649925,10.5612925,11.1289995,0.0,0.0,0.05,0.0,0.0,36.67,,45.715714285714284,5.344482691345746,41000.0,15661.078347291408,45.0
60500.0,132.66,172.0,0,0,0,0,1,7.26,0.0,10.431999,0.0,0.0,13.533166,0.0,0.0,8,1,6,1,0.4999999999999999,0.8660254037844387,45.0,46.67,45.0,47750.0,10000.0,12666.666666666666,11.029918,10.990333,14.490333,0.0,0.0,0.0,13.6727505,10.93525,10.854,0.0,0.0,0.15,0.0,0.0,45.0,,45.715714285714284,5.344482691345746,49258.333333333336,1816.6475534161114,45.0
61150.0,132.66,172.0,0,0,0,0,1,7.26,0.0,10.300751,0.0,0.0,13.4456675,0.0,0.0,9,1,0,0,0.4999999999999999,0.8660254037844387,45.0,36.67,46.67,60500.0,10375.0,14208.333333333332,10.431999,11.417417,13.015334,0.0,0.0,0.0,13.533166,12.46649925,10.83524925,0.0,0.0,0.0,0.0,0.0,45.0,,45.715714285714284,5.344482691345746,53175.0,6583.929297919228,45.0
45750.0,132.08,172.0,0,0,0,0,1,7.26,0.0,10.671584,0.0,0.0,13.1165015,0.0,0.0,10,1,1,0,0.4999999999999999,0.8660254037844387,45.0,45.0,45.0,61150.0,30650.0,15750.0,10.300751,11.029918,12.413251,0.0,0.0,0.0,13.4456675,13.6727505,10.658166,0.0,0.0,0.0,0.0,0.0,45.0,,45.47714285714285,5.332043742899106,56466.666666666664,7555.8476250737285,45.0
49250.0,131.16,172.0,0,0,0,0,1,7.26,0.0,10.669501,0.0,0.0,12.34358425,0.0,0.0,11,1,2,0,0.4999999999999999,0.8660254037844387,45.0,45.0,55.0,45750.0,22975.0,2300.0,10.671584,10.431999,11.973667,0.0,0.0,0.0,13.1165015,13.533166,10.5612925,0.0,0.0,0.0,0.0,0.0,45.0,,45.47714285714285,5.332043742899106,55800.0,8709.621116902792,46.67
52750.0,130.83,172.0,0,0,0,0,1,7.26,0.0,11.209084,0.0,0.0,12.498791,0.0,0.0,12,1,3,0,0.4999999999999999,0.8660254037844387,46.67,45.0,46.67,49250.0,48750.0,3000.0,10.669501,10.300751,10.990333,0.0,0.0,0.0,12.34358425,13.4456675,10.93525,0.0,0.0,0.0,0.0,0.0,46.67,,44.287142857142854,3.4498681824367594,52050.0,8072.793816269512,46.67
66050.0,130.79,172.0,0,0,0,0,1,7.26,0.0,11.821584,0.0,0.0,12.4477505,0.0,0.0,13,1,4,0,0.4999999999999999,0.8660254037844387,46.67,45.0,36.67,52750.0,51275.0,13225.0,11.209084,10.671584,11.417417,0.0,0.0,0.0,12.498791,13.1165015,12.46649925,0.0,0.0,0.0,0.0,0.0,46.67,,44.28714285714286,3.4498681824367594,49250.0,3499.999999999921,46.67
66050.0,130.43,172.0,0,0,0,0,1,7.26,0.0,13.504918,0.0,0.0,12.345666,0.0,0.0,14,1,5,1,0.4999999999999999,0.8660254037844387,46.67,46.67,45.0,66050.0,47750.0,23450.0,11.821584,10.669501,11.029918,0.0,0.0,0.0,12.4477505,12.34358425,13.6727505,0.0,0.0,0.0,0.0,0.0,46.67,,45.715714285714284,0.8926525479869508,56016.666666666664,8863.595959503817,45.0
21000.0,130.43,172.0,0,0,0,0,1,7.26,0.0,13.452835,0.0,0.0,10.967542,0.0,0.0,15,1,6,1,0.4999999999999999,0.8660254037844387,45.0,46.67,45.0,66050.0,60500.0,6475.0,13.504918,11.209084,10.431999,0.0,0.0,0.0,12.345666,12.498791,13.533166,0.0,0.0,0.0,0.0,0.0,45.0,,45.715714285714284,0.8926525479869508,61616.666666666664,7678.75858022194,45.0
32500.0,130.43,172.0,0,0,0,0,1,7.26,0.0,12.144501,0.0,0.0,9.678999999999998,0.05,0.05,16,1,0,0,0.4999999999999999,0.8660254037844387,45.0,46.67,45.0,21000.0,61150.0,7481.25,13.452835,11.821584,10.300751,0.0,0.0,0.0,10.967542,12.4477505,13.4456675,0.0,0.0,0.0,0.0,0.0,45.0,,45.715714285714284,0.8926525479869508,51033.333333333336,26009.629626992628,45.0
55500.0,130.89,172.0,0,0,0,0,1,7.26,0.0,11.727836,0.0,0.0,8.939416999999999,0.0,0.0,17,1,1,0,0.4999999999999999,0.8660254037844387,45.0,45.0,45.0,32500.0,45750.0,8487.5,12.144501,13.504918,10.671584,0.0,0.0,0.0,9.678999999999998,12.345666,13.1165015,0.05,0.0,0.0,0.0,0.0,45.0,,45.715714285714284,0.8926525479869508,39850.0,23407.1036226185,45.0
76250.0,131.12,172.0,0,0,0,0,1,7.26,0.0,12.569499,0.0,0.0,8.6415,0.0,0.0,18,1,2,0,0.4999999999999999,0.8660254037844387,45.0,45.0,46.67,55500.0,49250.0,9493.75,11.727836,13.452835,10.669501,0.0,0.0,0.0,8.939416999999999,10.967542,12.34358425,0.0,0.0,0.0,0.0,0.0,45.0,,45.715714285714284,0.8926525479869508,36333.333333333336,17566.54016399739,45.0
59500.0,130.29,172.0,0,0,0,0,1,7.26,0.0,12.669499,0.0,0.0,9.3467075,0.0,0.0,19,1,3,0,0.4999999999999999,0.8660254037844387,45.0,45.0,46.67,76250.0,52750.0,10500.0,12.569499,12.144501,11.209084,0.0,0.0,0.0,8.6415,9.678999999999998,12.498791,0.0,0.05,0.0,0.0,0.0,45.0,,45.47714285714286,0.8148765609114276,54750.0,21884.64073271478,56.67
79425.0,130.48,172.0,0,0,0,0,1,7.26,0.0,13.419502,0.0,0.0,11.8654585,0.0,0.0,20,1,4,0,0.4999999999999999,0.8660254037844387,56.67,45.0,46.67,59500.0,66050.0,8375.0,12.669499,11.727836,11.821584,0.0,0.0,0.0,9.3467075,8.939416999999999,12.4477505,0.0,0.0,0.0,0.0,0.0,56.67,,46.90571428571428,4.3503940708202045,63750.0,11008.519428151923,56.67
79425.0,130.1,172.0,0,0,0,0,1,7.26,0.0,14.888249,0.0,0.0,13.485251,0.0,0.0,21,1,5,1,0.4999999999999999,0.8660254037844387,56.67,45.0,45.0,79425.0,66050.0,6250.0,13.419502,12.569499,13.504918,0.0,0.0,0.0,11.8654585,8.6415,12.345666,0.0,0.0,0.0,0.0,0.0,56.67,,48.33428571428571,5.694376925654605,71725.0,10705.518436768856,56.67
59250.0,130.1,172.0,0,0,0,0,1,7.26,0.0,14.046582,0.0,0.0,13.2290005,0.0,0.0,22,1,6,1,0.4999999999999999,0.8660254037844387,56.67,56.67,45.0,79425.0,21000.0,4125.0,14.888249,12.669499,13.452835,0.0,0.0,0.0,13.485251,9.3467075,10.967542,0.0,0.0,0.0,0.0,0.0,56.67,,50.001428571428576,6.237877386235904,72783.33333333333,11503.704113603198,56.67
114550.0,130.1,172.0,0,0,0,0,1,7.26,0.0,14.9695015,0.0,0.0,13.7821255,0.0,0.0,23,1,0,0,0.4999999999999999,0.8660254037844387,56.67,56.67,45.0,59250.0,32500.0,2000.0,14.046582,13.419502,12.144501,0.0,0.0,0.0,13.2290005,11.8654585,9.678999999999998,0.0,0.0,0.05,0.0,0.0,56.67,,51.66857142857142,6.237877386235903,72700.0,11648.0416809006,55.0
46250.0,130.53,172.0,0,0,0,0,1,7.26,0.0,16.081999,0.0,0.0,14.5258765,0.0,0.0,24,1,1,0,0.4999999999999999,0.8660254037844387,55.0,56.67,45.0,114550.0,55500.0,1350.0,14.9695015,14.888249,11.727836,0.0,0.0,0.0,13.7821255,13.485251,8.939416999999999,0.0,0.0,0.0,0.0,0.0,55.0,,53.09714285714285,5.564913040008451,84408.33333333333,27984.77636739894,56.67
53900.0,131.06,172.0,0,0,0,0,1,7.26,0.0,17.004915,0.0,0.0,15.1081655,0.0,0.0,25,1,2,0,0.4999999999999999,0.8660254037844387,56.67,56.67,45.0,46250.0,76250.0,4000.0,16.081999,14.046582,12.569499,0.0,0.0,0.0,14.5258765,13.2290005,8.6415,0.0,0.0,0.0,0.0,0.0,56.67,,54.76428571428571,4.350394070820199,73350.0,36267.47854483404,56.67
11250.0,130.85,172.0,0,0,0,0,1,7.26,0.0,16.075748,0.0,0.0,16.096708999999997,0.0,0.0,26,1,3,0,0.4999999999999999,0.8660254037844387,56.67,55.0,56.67,53900.0,59500.0,15500.0,17.004915,14.9695015,12.669499,0.0,0.0,0.0,15.1081655,13.7821255,9.3467075,0.0,0.0,0.0,0.0,0.0,56.67,,56.431428571428576,0.6312006699245974,71566.66666666667,37420.66051439139,55.0
32750.0,130.85,172.0,0,0,0,0,1,7.26,0.0,16.717417,0.0,0.0,16.3842085,0.0,0.0,27,1,4,0,0.4999999999999999,0.8660254037844387,55.0,56.67,56.67,11250.0,79425.0,10500.0,16.075748,16.081999,13.419502,0.0,0.0,0.0,16.096708999999997,14.5258765,11.8654585,0.0,0.0,0.0,0.0,0.0,55.0,,56.19285714285714,0.814876560911396,37133.333333333336,22739.631336794646,55.0
45100.0,130.74,172.0,0,0,0,0,1,7.26,0.0,14.627833,0.0,0.0,14.3290005,0.0,0.0,28,1,5,1,0.4999999999999999,0.8660254037844387,55.0,56.67,56.67,32750.0,79425.0,5375.0,16.717417,17.004915,14.888249,0.0,0.0,0.0,16.3842085,15.1081655,13.485251,0.0,0.0,0.0,0.0,0.0,55.0,,55.95428571428572,0.892652547986922,32633.333333333332,21325.239349965883,56.0
97400.0,130.74,172.0,0,0,0,0,1,7.26,0.0,15.227834,0.0,0.0,14.29150025,0.0,0.0,29,1,6,1,0.4999999999999999,0.8660254037844387,56.0,55.0,56.67,45100.0,59250.0,250.0,14.627833,16.075748,14.046582,0.0,0.0,0.0,14.3290005,16.096708999999997,13.2290005,0.0,0.0,0.0,0.0,0.0,56.0,,55.85857142857143,0.8373256748202917,29700.0,17129.871569862982,55.0
34250.0,130.74,172.0,0,0,0,0,1,7.26,0.0,17.498669,0.0,0.0,16.126917,0.0,0.0,30,1,0,0,0.4999999999999999,0.8660254037844387,55.0,55.0,55.0,97400.0,114550.0,4500.0,15.227834,16.717417,14.9695015,0.0,0.0,0.0,14.29150025,16.3842085,13.7821255,0.0,0.0,0.0,0.0,0.0,55.0,,55.620000000000005,0.8048809435763167,58416.666666666664,34320.63276417455,45.0
42500.0,130.7,172.0,0,0,0,0,1,7.26,0.0,17.792418,0.0,0.0,17.163375000000002,0.0,0.0,31,1,1,0,0.4999999999999999,0.8660254037844387,45.0,56.0,56.67,34250.0,46250.0,10000.0,17.498669,14.627833,16.081999,0.0,0.0,0.0,16.126917,14.3290005,14.5258765,0.0,0.0,0.0,0.0,0.0,45.0,,54.191428571428574,4.123131611495471,58916.666666666664,33766.19364591354,45.0
62000.0,131.38,172.0,0,0,0,0,1,7.88,0.0,16.273668,0.0,0.0,14.6071255,0.0,0.0,1,2,2,0,0.8660254037844386,0.5000000000000001,45.0,55.0,56.67,42500.0,53900.0,10375.0,17.792418,15.227834,17.004915,0.0,0.0,0.0,17.163375000000002,14.29150025,15.1081655,0.0,0.0,0.0,0.0,0.0,45.0,,52.52428571428572,5.178236048253064,58050.0,34326.84809300147,45.0
29000.0,131.38,172.0,0,0,0,0,1,7.88,0.0,14.286168,0.0,0.0,13.80191775,0.0,0.0,2,2,3,0,0.8660254037844386,0.5000000000000001,45.0,45.0,55.0,62000.0,11250.0,30650.0,16.273668,17.498669,16.075748,0.0,0.0,0.0,14.6071255,16.126917,16.096708999999997,0.0,0.0,0.0,0.0,0.0,45.0,,50.857142857142854,5.490251100164368,46250.0,14249.999999999975,45.0
21000.0,131.78,172.0,0,0,0,0,1,7.88,0.0,15.227837,0.0,0.0,13.795669,0.0,0.0,3,2,4,0,0.8660254037844386,0.5000000000000001,45.0,45.0,55.0,29000.0,32750.0,22975.0,14.286168,17.792418,16.717417,0.0,0.0,0.0,13.80191775,17.163375000000002,16.3842085,0.0,0.0,0.0,0.0,0.0,45.0,,49.42857142857143,5.533448076836588,44500.0,16590.66002303704,46.67
5000.0,131.23,172.0,0,0,0,0,1,7.88,0.70000005,15.050754,0.0,0.0,13.70087525,0.0,0.0,4,2,5,1,0.8660254037844386,0.5000000000000001,46.67,45.0,56.0,21000.0,45100.0,48750.0,15.227837,16.273668,14.627833,0.0,0.0,0.0,13.795669,14.6071255,14.3290005,0.0,0.0,0.0,0.0,0.0,46.67,,48.23857142857143,5.0061709538375245,37333.333333333336,21733.231083604045,46.0
7000.0,131.23,172.0,0,0,0,0,1,7.88,0.0,16.232,0.0,0.0,12.9550415,0.0,0.0,5,2,6,1,0.8660254037844386,0.5000000000000001,46.0,45.0,55.0,5000.0,97400.0,51275.0,15.050754,14.286168,15.227834,0.0,0.0,0.0,13.70087525,13.80191775,14.29150025,0.0,0.0,0.0,0.70000005,0.0,46.0,,46.81,3.6709717151364996,18333.333333333332,12220.201853215607,45.0
13787.5,131.23,175.0,0,0,0,0,1,7.88,0.2,15.894501,0.0,0.0,13.073793,0.0,0.0,6,2,0,0,0.8660254037844386,0.5000000000000001,45.0,46.67,45.0,7000.0,34250.0,47750.0,16.232,15.227837,17.498669,0.0,0.0,0.0,12.9550415,13.795669,16.126917,0.0,0.0,0.0,0.0,0.70000005,45.0,,45.38142857142857,0.679520138808617,11000.0,8717.797887081415,46.67
20575.0,132.67,175.0,0,0,0,0,1,7.88,0.4,16.790335,0.0,0.0,12.915459,0.0,0.0,7,2,1,0,0.8660254037844386,0.5000000000000001,46.67,46.0,45.0,13787.5,42500.0,60500.0,15.894501,15.050754,17.792418,0.0,0.0,0.0,13.073793,13.70087525,17.163375000000002,0.0,0.0,0.0,0.2,0.0,46.67,,45.620000000000005,0.8048809435762532,8595.833333333334,4605.980035056019,46.67
5950.0,132.63,175.0,0,0,0,0,1,7.88,0.0,16.567417,0.0,0.0,13.1842085,0.0,0.0,8,2,2,0,0.8660254037844386,0.5000000000000001,46.67,45.0,45.0,20575.0,62000.0,61150.0,16.790335,16.232,16.273668,0.0,0.0,0.0,12.915459,12.9550415,14.6071255,0.0,0.0,0.0,0.4,0.2,46.67,,45.85857142857143,0.8373256748202306,13787.5,6787.500000000077,45.0
12000.0,132.3,175.0,0,0,0,0,1,7.88,0.1,16.746584,0.0,0.0,12.505043,0.15,0.15,9,2,3,0,0.8660254037844386,0.5000000000000001,45.0,46.67,45.0,5950.0,29000.0,45750.0,16.567417,15.894501,14.286168,0.0,0.0,0.0,13.1842085,13.073793,13.80191775,0.0,0.0,0.0,0.0,0.4,45.0,,45.85857142857143,0.8373256748202306,13437.5,7318.779355193123,46.67
4000.0,132.32,175.0,0,0,0,0,1,7.88,0.0,16.84867,0.0,0.0,13.627959,0.0,0.0,10,2,4,0,0.8660254037844386,0.5000000000000001,46.67,46.67,46.67,12000.0,21000.0,49250.0,16.746584,16.790335,15.227837,0.0,0.0,0.0,12.505043,12.915459,13.795669,0.15,0.0,0.0,0.1,0.0,46.67,,46.097142857142856,0.7884100939164524,12841.666666666666,7348.738553883546,46.67
9000.0,132.3,175.0,0,0,0,0,1,7.88,0.0,17.361166,0.0,0.0,15.674833,0.0,0.0,11,2,5,1,0.8660254037844386,0.5000000000000001,46.67,45.0,46.0,4000.0,5000.0,52750.0,16.84867,16.567417,15.050754,0.0,0.0,0.0,13.627959,13.1842085,13.70087525,0.0,0.0,0.0,0.0,0.1,46.67,,46.097142857142856,0.7884100939164524,7316.666666666667,4171.430609914866,45.0
14000.0,132.3,175.0,0,0,0,0,1,7.88,0.0,18.742416,0.0,0.0,13.9612925,0.0,0.0,12,2,6,1,0.8660254037844386,0.5000000000000001,45.0,46.67,45.0,9000.0,7000.0,66050.0,17.361166,16.746584,16.232,0.0,0.0,0.0,15.674833,12.505043,12.9550415,0.0,0.15,0.0,0.0,0.0,45.0,,45.95428571428572,0.8926525479868643,8333.333333333334,4041.451884327545,45.0
12000.0,132.3,175.0,0,0,0,0,1,7.88,0.0,15.713252,0.0,0.0,12.36649925,0.0,0.0,13,2,0,0,0.8660254037844386,0.5000000000000001,45.0,46.67,46.67,14000.0,13787.5,66050.0,18.742416,16.84867,15.894501,0.0,0.0,0.0,13.9612925,13.627959,13.073793,0.0,0.0,0.0,0.0,0.0,45.0,,45.95428571428572,0.8926525479868643,9000.0,5000.00000000013,56.67
12000.0,132.66,175.0,0,0,0,0,1,7.88,0.0,15.673667,0.0,0.0,12.5717095,0.0,0.0,14,2,1,0,0.8660254037844386,0.5000000000000001,56.67,45.0,46.67,12000.0,20575.0,21000.0,15.713252,17.361166,16.790335,0.0,0.0,0.0,12.36649925,15.674833,12.915459,0.0,0.0,0.0,0.0,0.0,56.67,,47.382857142857134,4.179504413546665,11666.666666666666,2516.611478423814,55.0
22000.0,132.72,175.0,0,0,0,0,1,7.88,0.0,16.379917,0.0,0.0,14.449834,0.0,0.0,15,2,2,0,0.8660254037844386,0.5000000000000001,55.0,45.0,45.0,12000.0,5950.0,32500.0,15.673667,18.742416,16.567417,0.0,0.0,0.0,12.5717095,13.9612925,13.1842085,0.0,0.0,0.0,0.0,0.0,55.0,,48.57285714285714,5.039999055177431,12666.666666666666,1154.7005383797316,56.67
14250.0,132.79,175.0,0,0,0,0,1,7.88,0.0,18.619501,0.0,0.0,15.9685835,0.0,0.0,16,2,3,0,0.8660254037844386,0.5000000000000001,56.67,56.67,46.67,22000.0,12000.0,55500.0,16.379917,15.713252,16.746584,0.0,0.0,0.0,14.449834,12.36649925,12.505043,0.0,0.0,0.15,0.0,0.0,56.67,,50.24,5.564057272650262,15333.333333333334,5773.502691896342,56.67
8125.0,132.66,175.0,0,0,0,0,1,7.88,0.0,20.465334,0.0,0.0,16.735250999999998,0.0,0.0,17,2,4,0,0.8660254037844386,0.5000000000000001,56.67,55.0,46.67,14250.0,4000.0,76250.0,18.619501,15.673667,16.84867,0.0,0.0,0.0,15.9685835,12.5717095,13.627959,0.0,0.0,0.0,0.0,0.0,56.67,,51.66857142857143,5.774465137053525,16083.333333333334,5246.030245179137,45.0
2000.0,132.84,175.0,0,0,0,0,1,7.88,0.0,21.006998,0.0,0.0,16.619625,0.0,0.0,18,2,5,1,0.8660254037844386,0.5000000000000001,45.0,56.67,45.0,8125.0,9000.0,59500.0,20.465334,16.379917,17.361166,0.0,0.0,0.0,16.735250999999998,14.449834,15.674833,0.0,0.0,0.0,0.0,0.0,45.0,,51.43,6.043624740170337,14791.666666666666,6953.341522846001,41.0
625.0,132.84,175.0,0,0,0,0,1,7.88,0.0,21.196585,0.0,0.0,16.947750499999998,0.0,0.0,19,2,6,1,0.8660254037844386,0.5000000000000001,41.0,56.67,45.0,2000.0,14000.0,79425.0,21.006998,18.619501,18.742416,0.0,0.0,0.0,16.619625,15.9685835,13.9612925,0.0,0.0,0.0,0.0,0.0,41.0,,50.85857142857143,6.883636220708253,8125.0,6125.000000000109,37.67
18125.0,132.84,175.0,0,0,0,0,1,7.88,0.0,20.890333,0.0,0.0,16.630043,0.0,0.0,20,2,0,0,0.8660254037844386,0.5000000000000001,37.67,45.0,56.67,625.0,12000.0,79425.0,21.196585,20.465334,15.713252,0.0,0.0,0.0,16.947750499999998,16.735250999999998,12.36649925,0.0,0.0,0.0,0.0,0.0,37.67,,49.81142857142857,8.329132464971762,3583.3333333333335,3992.832119352741,42.0
13000.0,132.66,175.0,0,0,0,0,1,7.88,0.0,21.265335,0.0,0.0,17.065458999999997,0.0,0.0,21,2,1,0,0.8660254037844386,0.5000000000000001,42.0,41.0,55.0,18125.0,12000.0,59250.0,20.890333,21.006998,15.673667,0.0,0.0,0.0,16.630043,16.619625,12.5717095,0.0,0.0,0.0,0.0,0.0,42.0,,47.715714285714284,8.159666776576165,6916.666666666667,9731.01784672779,38.33
42000.0,132.77,175.0,0,0,0,0,1,7.88,0.1,21.546583,0.0,0.0,17.017542,0.4,0.4,22,2,2,0,0.8660254037844386,0.5000000000000001,38.33,37.67,56.67,13000.0,22000.0,114550.0,21.265335,21.196585,16.379917,0.0,0.0,0.0,17.065458999999997,16.947750499999998,14.449834,0.0,0.0,0.0,0.0,0.0,38.33,,45.33428571428571,8.111857282486396,10583.333333333334,8996.816566615915,55.0
6550.0,132.87,175.0,0,0,0,0,1,7.88,0.0,20.025747,0.0,0.0,16.893585,0.60000002,0.60000002,23,2,3,0,0.8660254037844386,0.5000000000000001,55.0,42.0,56.67,42000.0,14250.0,46250.0,21.546583,20.890333,18.619501,0.0,0.0,0.0,17.017542,16.630043,15.9685835,0.4,0.0,0.0,0.1,0.0,55.0,,45.09571428571429,7.738890655089239,24375.0,15477.301928953917,55.0
31800.0,132.68,175.0,0,0,0,0,1,7.88,0.0,20.144499,0.0,0.0,16.4904595,0.05,0.05,24,2,4,0,0.8660254037844386,0.5000000000000001,55.0,38.33,45.0,6550.0,8125.0,53900.0,20.025747,21.265335,20.465334,0.0,0.0,0.0,16.893585,17.065458999999997,16.735250999999998,0.60000002,0.0,0.0,0.0,0.1,55.0,,44.857142857142854,7.3379713688132355,20516.666666666668,18882.553676167165,55.0
24875.0,132.71,175.0,0,0,0,0,1,7.88,1.1000001,20.92992,0.0,0.0,15.27379225,2.95000005,2.95000005,25,2,5,1,0.8660254037844386,0.5000000000000001,55.0,55.0,41.0,31800.0,2000.0,11250.0,20.144499,21.546583,21.006998,0.0,0.0,0.0,16.4904595,17.017542,16.619625,0.05,0.4,0.0,0.0,0.0,55.0,,46.285714285714285,8.282978242844028,26783.333333333332,18249.680362497693,55.0
46000.0,132.71,175.0,0,0,0,0,1,7.88,3.8,20.902832,1.6,1.6,13.342543,7.1000000000000005,7.1000000000000005,26,2,6,1,0.8660254037844386,0.5000000000000001,55.0,55.0,37.67,24875.0,625.0,32750.0,20.92992,20.025747,21.196585,0.0,0.0,0.0,15.27379225,16.893585,16.947750499999998,2.95000005,0.60000002,0.0,1.1000001,0.0,55.0,,48.285714285714285,8.481807702651649,21075.0,13046.862649694784,55.0
7000.0,132.71,175.0,0,0,0,0,1,7.88,4.7000003,20.821585,0.0,0.0,13.797749,4.54999985,4.54999985,27,2,0,0,0.8660254037844386,0.5000000000000001,55.0,55.0,42.0,46000.0,18125.0,45100.0,20.902832,20.144499,20.890333,1.6,0.0,0.0,13.342543,16.4904595,16.630043,7.1000000000000005,0.05,0.0,3.8,1.1000001,55.0,,50.76142857142857,7.315855904748707,34225.0,10769.256009585817,55.0
18000.0,132.84,175.0,0,0,0,0,1,7.88,1.1,20.734085,0.0,0.0,15.2904585,0.75,0.75,28,2,1,0,0.8660254037844386,0.5000000000000001,55.0,55.0,38.33,7000.0,13000.0,97400.0,20.821585,20.92992,21.265335,0.0,0.0,0.0,13.797749,15.27379225,17.065458999999997,4.54999985,2.95000005,0.0,4.7000003,3.8,55.0,,52.61857142857143,6.3006677650637295,25958.333333333332,19522.556398518456,56.67
19475.0,132.57,175.0,0,0,0,1,0,7.44,0.2,22.009085,0.0,0.0,16.302958,0.05,0.05,1,3,2,0,1.0,6.123233995736766e-17,56.67,55.0,55.0,18000.0,42000.0,34250.0,20.734085,20.902832,21.546583,0.0,1.6,0.0,15.2904585,13.342543,17.017542,0.75,7.1000000000000005,0.4,1.1,4.7000003,56.67,,55.23857142857143,0.6312006699244961,23666.666666666668,20108.041509140916,55.0
32060.0,132.31,175.0,0,0,0,1,0,7.44,0.3,22.411165,0.0,0.0,16.440458999999997,3.05,3.05,2,3,3,0,1.0,6.123233995736766e-17,55.0,55.0,55.0,19475.0,6550.0,42500.0,22.009085,20.821585,20.025747,0.0,0.0,0.0,16.302958,13.797749,16.893585,0.05,4.54999985,0.60000002,0.2,1.1,55.0,,55.23857142857143,0.6312006699244961,14825.0,6816.661572940316,55.0
14000.0,132.46,175.0,0,0,0,1,0,7.44,0.2,22.994501,0.0,0.0,17.010251,0.35,0.35,3,3,4,0,1.0,6.123233995736766e-17,55.0,56.67,55.0,32060.0,31800.0,62000.0,22.411165,20.734085,20.144499,0.0,0.0,0.0,16.440458999999997,15.2904585,16.4904595,3.05,0.75,0.05,0.3,0.2,55.0,,55.23857142857143,0.6312006699244961,23178.333333333332,7727.0245459254265,45.0
32212.5,131.45,175.0,0,0,0,1,0,7.44,0.3,23.875748,0.0,0.0,16.9852505,4.1,4.1,4,3,5,1,1.0,6.123233995736766e-17,45.0,55.0,55.0,14000.0,24875.0,29000.0,22.994501,22.009085,20.92992,0.0,0.0,0.0,17.010251,16.302958,15.27379225,0.35,0.05,2.95000005,0.2,0.3,45.0,,53.81,3.934382628401249,21845.0,9260.32261857009,45.0
50425.0,131.45,175.0,1,0,0,1,0,7.44,0.2,23.8945,0.0,0.0,17.844625999999998,2.8000000000000003,2.8000000000000003,5,3,6,1,1.0,6.123233995736766e-17,45.0,55.0,55.0,32212.5,46000.0,21000.0,23.875748,22.411165,20.902832,0.0,0.0,1.6,16.9852505,16.440458999999997,13.342543,4.1,3.05,7.1000000000000005,0.3,0.2,45.0,,52.38142857142857,5.0792139436839205,26090.833333333332,10471.246443634773,45.0
12000.0,131.45,175.0,1,0,0,1,0,7.44,0.0,22.413252,0.0,0.0,17.965457999999998,0.15,0.15,6,3,0,0,1.0,6.123233995736766e-17,45.0,45.0,55.0,50425.0,7000.0,5000.0,23.8945,22.994501,20.821585,0.0,0.0,0.0,17.844625999999998,17.010251,13.797749,2.8000000000000003,0.35,4.54999985,0.2,0.3,45.0,,50.95285714285715,5.599603302275621,32212.5,18212.500000000004,46.67
6000.0,131.36,175.0,1,0,0,1,0,7.44,0.3,21.713251,0.0,0.0,17.686292,0.0,0.0,7,3,1,0,1.0,6.123233995736766e-17,46.67,45.0,56.67,12000.0,18000.0,7000.0,22.413252,23.875748,20.734085,0.0,0.0,0.0,17.965457999999998,16.9852505,15.2904585,0.15,4.1,0.75,0.0,0.2,46.67,,49.76285714285715,5.480026503237861,31545.833333333332,19221.17295024769,56.67
4000.0,131.36,175.0,1,0,0,1,0,7.44,2.0,18.70075,4.0,4.0,15.522752,1.7,1.7,8,3,2,0,1.0,6.123233995736766e-17,56.67,45.0,55.0,6000.0,19475.0,13787.5,21.713251,23.8945,22.009085,0.0,0.0,0.0,17.686292,17.844625999999998,16.302958,0.0,2.8000000000000003,0.05,0.3,0.0,56.67,,49.762857142857136,5.480026503237861,22808.333333333332,24104.153341972702,56.67
2750.0,131.6,175.0,1,0,0,1,0,7.44,7.1,20.692417,0.0,0.0,16.1425425,0.84999995,0.84999995,9,3,3,0,1.0,6.123233995736766e-17,56.67,46.67,55.0,4000.0,32060.0,20575.0,18.70075,22.413252,22.411165,4.0,0.0,0.0,15.522752,17.965457999999998,16.440458999999997,1.7,0.15,3.05,2.0,0.3,56.67,,50.00142857142857,5.77446513705352,7333.333333333333,4163.331998932433,65.0
2250.0,131.47,175.0,1,0,0,1,0,7.44,0.2,21.192415,0.0,0.0,17.236292,0.0,0.0,10,3,4,0,1.0,6.123233995736766e-17,65.0,56.67,45.0,2750.0,14000.0,5950.0,20.692417,21.713251,22.994501,0.0,0.0,0.0,16.1425425,17.686292,17.010251,0.84999995,0.0,0.35,7.1,2.0,65.0,,51.43,8.01823338813891,4250.0,1639.3596310759738,65.0
1750.0,131.57,175.0,1,0,0,1,0,7.44,0.4,21.507002,0.0,0.0,17.527957999999998,0.4,0.4,11,3,5,1,1.0,6.123233995736766e-17,65.0,56.67,45.0,2250.0,32212.5,12000.0,21.192415,18.70075,23.875748,0.0,4.0,0.0,17.236292,15.522752,16.9852505,0.0,1.7,4.1,0.2,7.1,65.0,,54.287142857142854,8.863873709775882,3000.0,901.3878188668946,65.0
3500.0,131.57,175.0,1,0,0,1,0,7.44,0.0,22.902838,0.0,0.0,18.170668,0.0,0.0,12,3,6,1,1.0,6.123233995736766e-17,65.0,65.0,45.0,1750.0,50425.0,4000.0,21.507002,20.692417,23.8945,0.0,0.0,0.0,17.527957999999998,16.1425425,17.844625999999998,0.4,0.84999995,2.8000000000000003,0.4,0.2,65.0,,57.144285714285715,8.590508050833055,2250.0,500.00000000165653,65.0
19750.0,131.57,175.0,1,0,0,1,0,7.44,6.2999997,23.059088,0.0,0.0,17.780041500000003,1.7000001,1.7000001,13,3,0,0,1.0,6.123233995736766e-17,65.0,65.0,46.67,3500.0,12000.0,9000.0,22.902838,21.192415,22.413252,0.0,0.0,0.0,18.170668,17.236292,17.965457999999998,0.0,0.0,0.15,0.0,0.4,65.0,,60.00142857142857,7.069496513357933,2500.0,901.387818866909,66.67
23625.0,131.7,175.0,1,0,0,1,0,7.44,1.4000001,22.207,1.1,1.1,16.3727515,4.0,4.0,14,3,1,0,1.0,6.123233995736766e-17,66.67,65.0,56.67,19750.0,6000.0,14000.0,23.059088,21.507002,21.713251,0.0,0.0,0.0,17.780041500000003,17.527957999999998,17.686292,1.7000001,0.4,0.0,6.2999997,0.0,66.67,,62.85857142857144,4.271351966186668,8333.333333333334,9925.766133318612,36.67
19600.0,132.29,175.0,1,0,0,1,0,7.44,3.5,22.748665,0.0,0.0,17.094625999999998,1.45,1.45,15,3,2,0,1.0,6.123233995736766e-17,36.67,65.0,56.67,23625.0,4000.0,12000.0,22.207,22.902838,18.70075,1.1,0.0,4.0,16.3727515,18.170668,15.522752,4.0,0.0,1.7,1.4000001,6.2999997,36.67,,60.00142857142857,10.800205906326353,15625.0,10677.809934626153,55.0
65000.0,132.46,175.0,1,0,0,1,0,7.44,0.8000001,23.134085,0.0,0.0,17.611291,0.400000025,0.400000025,16,3,3,0,1.0,6.123233995736766e-17,55.0,66.67,65.0,19600.0,2750.0,12000.0,22.748665,23.059088,20.692417,0.0,0.0,0.0,17.094625999999998,17.780041500000003,16.1425425,1.45,1.7000001,0.84999995,3.5,1.4000001,55.0,,59.76285714285715,10.904006472065952,20991.666666666668,2281.766494042292,45.0
49250.0,132.68,175.0,1,0,0,1,0,7.44,1.1,21.829916,1.3,1.3,16.307125,3.35000005,3.35000005,17,3,4,0,1.0,6.123233995736766e-17,45.0,36.67,65.0,65000.0,2250.0,22000.0,23.134085,22.207,21.192415,0.0,1.1,0.0,17.611291,16.3727515,17.236292,0.400000025,4.0,0.0,0.8000001,3.5,45.0,,56.90571428571429,11.879643453043007,36075.0,25130.496911123744,46.67
28825.0,132.39,175.0,1,0,0,1,0,7.44,9.800001,22.540335,0.0,0.0,16.071709499999997,6.9,6.9,18,3,5,1,1.0,6.123233995736766e-17,46.67,55.0,65.0,49250.0,1750.0,14250.0,21.829916,22.748665,21.507002,1.3,0.0,0.0,16.307125,17.094625999999998,17.527957999999998,3.35000005,1.45,0.4,1.1,0.8000001,46.67,,54.287142857142854,11.81813255733985,44616.666666666664,23051.916044731144,46.67
53925.0,132.39,175.0,1,0,0,1,0,7.44,14.300001,21.257,7.2,7.2,15.4019165,5.10000005,5.10000005,19,3,6,1,1.0,6.123233995736766e-17,46.67,45.0,65.0,28825.0,3500.0,8125.0,22.540335,23.134085,22.902838,0.0,0.0,0.0,16.071709499999997,17.611291,18.170668,6.9,0.400000025,0.0,9.800001,1.1,46.67,,51.66857142857143,11.05491358110561,47691.666666666664,18137.777105624962,45.0
75050.0,132.39,175.0,1,0,0,1,0,7.44,12.3,20.032,8.999999,8.999999,14.4165,7.4000003,7.4000003,20,3,0,0,1.0,6.123233995736766e-17,45.0,46.67,66.67,53925.0,19750.0,2000.0,21.257,21.829916,23.059088,7.2,1.3,0.0,15.4019165,16.307125,17.780041500000003,5.10000005,3.35000005,1.7000001,14.300001,9.800001,45.0,,48.81142857142857,9.511980916317059,44000.0,13348.197443849856,56.67
23275.0,132.52,175.0,1,0,0,1,0,7.44,16.400003,20.1695,5.3999996,5.3999996,14.3727515,10.600001,10.600001,21,3,1,0,1.0,6.123233995736766e-17,56.67,46.67,36.67,75050.0,23625.0,625.0,20.032,22.540335,22.207,8.999999,0.0,1.1,14.4165,16.071709499999997,16.3727515,7.4000003,6.9,4.0,12.3,14.300001,56.67,,47.38285714285714,6.7256913257688815,52600.0,23140.96746032887,56.67
97600.0,132.56,175.0,1,0,0,1,0,7.44,2.6,20.984083,0.0,0.0,15.085251,1.05000005,1.05000005,22,3,2,0,1.0,6.123233995736766e-17,56.67,45.0,55.0,23275.0,19600.0,18125.0,20.1695,21.257,22.748665,5.3999996,7.2,0.0,14.3727515,15.4019165,17.094625999999998,10.600001,5.10000005,1.45,16.400003,12.3,56.67,,50.239999999999995,5.564057272650268,50750.0,26033.1159295233,56.67
101050.0,132.56,175.0,1,0,0,1,0,7.44,0.8000001,21.252832,0.0,0.0,15.787334,7.549999,7.549999,23,3,3,0,1.0,6.123233995736766e-17,56.67,56.67,45.0,97600.0,65000.0,13000.0,20.984083,20.032,23.134085,0.0,8.999999,0.0,15.085251,14.4165,17.611291,1.05000005,7.4000003,0.400000025,2.6,16.400003,56.67,,50.47857142857142,5.831541901794067,65308.333333333336,38108.08914565689,56.67
56125.0,131.93,175.0,1,0,0,1,0,7.44,6.3,21.982,0.0,0.0,16.2092085,2.1,2.1,24,3,4,0,1.0,6.123233995736766e-17,56.67,56.67,46.67,101050.0,49250.0,42000.0,21.252832,20.1695,21.829916,0.0,5.3999996,1.3,15.787334,14.3727515,16.307125,7.549999,10.600001,3.35000005,0.8000001,2.6,56.67,,52.14571428571429,5.670167126116679,73975.0,43941.36007225992,45.0
14000.0,132.28,175.0,1,0,0,1,0,7.44,0.5,23.494505,0.1,0.1,17.517542,0.7000000000000001,0.7000000000000001,25,3,5,1,1.0,6.123233995736766e-17,45.0,56.67,46.67,56125.0,28825.0,6550.0,21.982,20.984083,22.540335,0.0,0.0,0.0,16.2092085,15.085251,16.071709499999997,2.1,1.05000005,6.9,6.3,0.8000001,45.0,,51.90714285714286,5.9663520800281455,84925.0,25001.112475247945,46.67
102075.0,132.28,175.0,0,0,0,1,0,7.44,0.0,24.465338,0.0,0.0,18.606086,0.0,0.0,26,3,6,1,1.0,6.123233995736766e-17,46.67,56.67,45.0,14000.0,53925.0,31800.0,23.494505,21.252832,21.257,0.1,0.0,7.2,17.517542,15.787334,15.4019165,0.7000000000000001,7.549999,5.10000005,0.5,6.3,46.67,,51.90714285714286,5.9663520800281455,57058.333333333336,43532.50461819689,45.0
89900.0,132.28,175.0,0,0,0,1,0,7.44,0.1,23.602835,0.0,0.0,18.00296,0.0,0.0,27,3,0,0,1.0,6.123233995736766e-17,45.0,45.0,56.67,102075.0,75050.0,24875.0,24.465338,21.982,20.032,0.0,0.0,8.999999,18.606086,16.2092085,14.4165,0.0,2.1,7.4000003,0.0,0.5,45.0,,51.90714285714286,5.9663520800281455,57400.0,44051.340785497094,45.0
97000.0,132.1,175.0,0,0,0,1,0,7.44,0.0,23.1695,0.0,0.0,18.4310835,0.0,0.0,28,3,1,0,1.0,6.123233995736766e-17,45.0,46.67,56.67,89900.0,23275.0,46000.0,23.602835,23.494505,20.1695,0.0,0.1,5.3999996,18.00296,17.517542,14.3727515,0.0,0.7000000000000001,10.600001,0.1,0.0,45.0,,50.24,6.0436247401703405,68658.33333333333,47725.33612593349,45.0
37550.0,131.81,175.0,0,0,0,1,0,7.44,0.4,23.134085,0.0,0.0,18.710251,0.0,0.0,29,3,2,0,1.0,6.123233995736766e-17,45.0,45.0,56.67,97000.0,97600.0,7000.0,23.1695,24.465338,20.984083,0.0,0.0,0.0,18.4310835,18.606086,15.085251,0.0,0.0,1.05000005,0.0,0.1,45.0,,48.57285714285714,5.564913040008455,96325.0,6115.502841140506,55.0
97100.0,132.05,175.0,0,0,0,1,0,7.44,0.0,24.188248,0.0,0.0,19.125876,0.0,0.0,30,3,3,0,1.0,6.123233995736766e-17,55.0,45.0,56.67,37550.0,101050.0,18000.0,23.134085,23.602835,21.252832,0.0,0.0,0.0,18.710251,18.00296,15.787334,0.0,0.0,7.549999,0.4,0.0,55.0,,48.33428571428572,5.182592199349752,74816.66666666667,32468.536051588962,45.0
88800.0,132.05,175.0,0,0,0,1,0,7.44,7.9999995,22.779915,8.1,8.1,16.577958,2.85000005,2.85000005,31,3,4,0,1.0,6.123233995736766e-17,45.0,45.0,45.0,97100.0,56125.0,19475.0,24.188248,23.1695,21.982,0.0,0.0,0.0,19.125876,18.4310835,16.2092085,0.0,0.0,2.1,0.0,0.4,45.0,,46.667142857142856,3.7267801754583623,77216.66666666667,34352.37740438545,45.0
17800.0,131.77,175.0,0,0,0,1,0,7.76,8.1,21.467415,0.4,0.4,15.047751,2.5,2.5,1,4,5,1,0.8660254037844387,-0.4999999999999998,45.0,55.0,46.67,88800.0,14000.0,32060.0,22.779915,23.134085,23.494505,8.1,0.0,0.1,16.577958,18.710251,17.517542,2.85000005,0.0,0.7000000000000001,7.9999995,0.0,45.0,,46.667142857142856,3.7267801754583623,74483.33333333333,32253.307323952566,45.0
52500.0,131.77,175.0,0,0,0,1,0,7.76,13.300001,20.99033,0.9,0.9,14.544626,8.3000005,8.3000005,2,4,6,1,0.8660254037844387,-0.4999999999999998,45.0,45.0,45.0,17800.0,102075.0,14000.0,21.467415,24.188248,24.465338,0.4,0.0,0.0,15.047751,19.125876,18.606086,2.5,0.0,0.0,8.1,7.9999995,45.0,,46.42857142857143,3.7796447300921376,67900.0,43585.89221296266,55.0
73400.0,131.77,165.0,0,0,0,1,0,7.76,0.6,22.471586,0.0,0.0,16.8737925,4.1500002,4.1500002,3,4,0,0,0.8660254037844387,-0.4999999999999998,55.0,45.0,45.0,52500.0,89900.0,32212.5,20.99033,22.779915,23.602835,0.9,8.1,0.0,14.544626,16.577958,18.00296,8.3000005,2.85000005,0.0,13.300001,8.1,55.0,,47.857142857142854,4.879500364742564,53033.333333333336,35503.00456768881,65.0
58500.0,132.04,165.0,0,0,0,1,0,7.76,0.8,23.727835,0.9,0.9,17.406084,3.85,3.85,4,4,1,0,0.8660254037844387,-0.4999999999999998,65.0,45.0,45.0,73400.0,97000.0,50425.0,22.471586,21.467415,23.1695,0.0,0.4,0.0,16.8737925,15.047751,18.4310835,4.1500002,2.5,0.0,0.6,13.300001,65.0,,50.714285714285715,7.867957924694373,47900.0,28083.981199253067,65.0
40800.0,132.04,165.0,0,0,0,1,0,7.76,0.1,23.796585,0.0,0.0,18.695668,0.55,0.55,5,4,2,0,0.8660254037844387,-0.4999999999999998,65.0,55.0,55.0,58500.0,37550.0,12000.0,23.727835,20.99033,23.134085,0.9,0.9,0.0,17.406084,14.544626,18.710251,3.85,8.3000005,0.0,0.8,0.6,65.0,,53.57142857142857,8.997354108424327,61466.666666666664,10761.195720426807,65.0
27250.0,131.51,165.0,0,0,0,1,0,7.76,0.0,23.8945,0.0,0.0,19.362333,0.0,0.0,6,4,3,0,0.8660254037844387,-0.4999999999999998,65.0,65.0,45.0,40800.0,97100.0,6000.0,23.796585,22.471586,24.188248,0.0,0.0,0.0,18.695668,16.8737925,19.125876,0.55,4.1500002,0.0,0.1,0.8,65.0,,55.0,9.999999999999963,57566.666666666664,16320.028594746163,65.0
19000.0,131.32,165.0,0,0,0,1,0,7.76,0.0,24.465332,0.0,0.0,19.802958500000003,0.0,0.0,7,4,4,0,0.8660254037844387,-0.4999999999999998,65.0,65.0,45.0,27250.0,88800.0,4000.0,23.8945,23.727835,22.779915,0.0,0.9,8.1,19.362333,17.406084,16.577958,0.0,3.85,2.85000005,0.0,0.1,65.0,,57.857142857142854,9.511897312113383,42183.333333333336,15670.85936805424,65.0
10625.0,131.32,165.0,0,0,0,1,0,7.76,0.0,24.636168,0.0,0.0,20.3769165,0.0,0.0,8,4,5,1,0.8660254037844387,-0.4999999999999998,65.0,65.0,45.0,19000.0,17800.0,2750.0,24.465332,23.796585,21.467415,0.0,0.0,0.4,19.802958500000003,18.695668,15.047751,0.0,0.55,2.5,0.0,0.0,65.0,,60.714285714285715,7.867957924694397,29016.666666666668,11006.85392532008,55.0
29250.0,131.32,165.0,0,0,0,1,0,7.76,0.0,25.938248,0.0,0.0,20.9592095,0.15,0.15,9,4,6,1,0.8660254037844387,-0.4999999999999998,55.0,65.0,55.0,10625.0,52500.0,2250.0,24.636168,23.8945,20.99033,0.0,0.0,0.9,20.3769165,19.362333,14.544626,0.0,0.0,8.3000005,0.0,0.0,55.0,,62.142857142857146,4.879500364742617,18958.333333333332,8312.578320433116,55.0
47250.0,131.32,165.0,0,0,0,1,0,7.76,0.0,25.813253,0.0,0.0,20.948793,0.0,0.0,10,4,0,0,0.8660254037844387,-0.4999999999999998,55.0,65.0,65.0,29250.0,73400.0,1750.0,25.938248,24.465332,22.471586,0.0,0.0,0.0,20.9592095,19.802958500000003,16.8737925,0.15,0.0,4.1500002,0.0,0.0,55.0,,62.142857142857146,4.879500364742617,19625.0,9328.216603402885,55.0
25100.0,131.48,165.0,0,0,0,1,0,7.76,0.0,25.007004,0.0,0.0,21.771708,0.0,0.0,11,4,1,0,0.8660254037844387,-0.4999999999999998,55.0,55.0,65.0,47250.0,58500.0,3500.0,25.813253,24.636168,23.727835,0.0,0.0,0.9,20.948793,20.3769165,17.406084,0.0,0.0,3.85,0.0,0.0,55.0,,60.714285714285715,5.345224838248435,29041.666666666668,18313.38877251652,55.0
55250.0,131.71,165.0,0,0,0,1,0,7.76,0.0,25.400751,0.0,0.0,22.4717075,0.0,0.0,12,4,2,0,0.8660254037844387,-0.4999999999999998,55.0,55.0,65.0,25100.0,40800.0,19750.0,25.007004,25.938248,23.796585,0.0,0.0,0.0,21.771708,20.9592095,18.695668,0.0,0.15,0.55,0.0,0.0,55.0,,59.285714285714285,5.345224838248427,33866.666666666664,11774.584210634945,55.0
11250.0,131.63,165.0,1,0,0,1,0,7.76,0.0,26.186165,0.0,0.0,23.064416,0.0,0.0,13,4,3,0,0.8660254037844387,-0.4999999999999998,55.0,55.0,65.0,55250.0,27250.0,23625.0,25.400751,25.813253,23.8945,0.0,0.0,0.0,22.4717075,20.948793,19.362333,0.0,0.0,0.0,0.0,0.0,55.0,,57.857142857142854,4.879500364742592,42533.333333333336,15618.60535814044,55.0
27450.0,131.27,165.0,1,0,0,1,0,7.76,0.0,27.654917,0.0,0.0,23.7279625,0.0,0.0,14,4,4,0,0.8660254037844387,-0.4999999999999998,55.0,55.0,65.0,11250.0,19000.0,19600.0,26.186165,25.007004,24.465332,0.0,0.0,0.0,23.064416,21.771708,19.802958500000003,0.0,0.0,0.0,0.0,0.0,55.0,,56.42857142857143,3.779644730092166,30533.333333333332,22497.573943279614,55.0
24480.0,131.27,165.0,0,0,0,1,0,7.76,0.8,28.409082,0.0,0.0,24.3467105,0.0,0.0,15,4,5,1,0.8660254037844387,-0.4999999999999998,55.0,55.0,55.0,27450.0,10625.0,65000.0,27.654917,25.400751,24.636168,0.0,0.0,0.0,23.7279625,22.4717075,20.3769165,0.0,0.0,0.0,0.0,0.0,55.0,,55.0,0.0,31316.666666666668,22253.389254972688,55.0
8550.0,131.27,165.0,0,0,0,1,0,7.76,0.0,28.48408,0.0,0.0,24.991504,0.0,0.0,16,4,6,1,0.8660254037844387,-0.4999999999999998,55.0,55.0,55.0,24480.0,29250.0,49250.0,28.409082,26.186165,25.938248,0.0,0.0,0.0,24.3467105,23.064416,20.9592095,0.0,0.0,0.15,0.8,0.0,55.0,,55.0,0.0,21060.0,8624.51737780156,55.0
15275.0,131.27,165.0,0,0,0,1,0,7.76,0.0,28.469498,0.0,0.0,25.063378,0.0,0.0,17,4,0,0,0.8660254037844387,-0.4999999999999998,55.0,55.0,55.0,8550.0,47250.0,28825.0,28.48408,27.654917,25.813253,0.0,0.0,0.0,24.991504,23.7279625,20.948793,0.0,0.0,0.0,0.0,0.8,55.0,,55.0,0.0,20160.0,10163.626321348162,45.0
11250.0,131.46,165.0,0,0,0,1,0,7.76,0.0,29.802834,0.0,0.0,25.764418,0.0,0.0,18,4,1,0,0.8660254037844387,-0.4999999999999998,45.0,55.0,55.0,15275.0,25100.0,53925.0,28.469498,28.409082,25.007004,0.0,0.0,0.0,25.063378,24.3467105,21.771708,0.0,0.0,0.0,0.0,0.0,45.0,,53.57142857142857,3.7796447300921443,16101.666666666666,7997.109373600859,55.0
16590.0,131.57,165.0,0,0,0,1,0,7.76,0.0,29.79033,0.0,0.0,25.5894185,0.15,0.15,19,4,2,0,0.8660254037844387,-0.4999999999999998,55.0,55.0,55.0,11250.0,55250.0,75050.0,29.802834,28.48408,25.400751,0.0,0.0,0.0,25.764418,24.991504,22.4717075,0.0,0.0,0.0,0.0,0.0,55.0,,53.57142857142857,3.7796447300921443,11691.666666666666,3384.185032372635,55.0
17720.0,131.87,165.0,0,0,0,1,0,7.76,0.1,28.596582,0.0,0.0,24.5008755,0.0,0.0,20,4,3,0,0.8660254037844387,-0.4999999999999998,55.0,45.0,55.0,16590.0,11250.0,23275.0,29.79033,28.469498,26.186165,0.0,0.0,0.0,25.5894185,25.063378,23.064416,0.15,0.0,0.0,0.0,0.0,55.0,,53.57142857142857,3.7796447300921443,14371.666666666666,2782.2487906969814,55.0
34050.0,131.74,165.0,0,0,0,1,0,7.76,0.1,27.846582,2.6,2.6,21.9102485,0.95,0.95,21,4,4,0,0.8660254037844387,-0.4999999999999998,55.0,55.0,55.0,17720.0,27450.0,97600.0,28.596582,29.802834,27.654917,0.0,0.0,0.0,24.5008755,25.764418,23.7279625,0.0,0.0,0.0,0.1,0.0,55.0,,53.57142857142857,3.7796447300921443,15186.666666666666,3455.753656343977,55.0
21365.0,131.65,165.0,0,0,0,1,0,7.76,0.8000001,27.498667,0.0,0.0,21.426918,0.2,0.2,22,4,5,1,0.8660254037844387,-0.4999999999999998,55.0,55.0,55.0,34050.0,24480.0,101050.0,27.846582,29.79033,28.409082,2.6,0.0,0.0,21.9102485,25.5894185,24.3467105,0.95,0.15,0.0,0.1,0.1,55.0,,53.57142857142857,3.7796447300921443,22786.666666666668,9770.682337141778,55.0
15000.0,131.65,165.0,0,0,0,1,0,7.76,3.6999998,26.917418,0.0,0.0,20.8487935,0.79999995,0.79999995,23,4,6,1,0.8660254037844387,-0.4999999999999998,55.0,55.0,55.0,21365.0,8550.0,56125.0,27.498667,28.596582,28.48408,0.0,0.0,0.0,21.426918,24.5008755,24.991504,0.2,0.0,0.0,0.8000001,0.1,55.0,,53.57142857142857,3.7796447300921443,24378.333333333332,8571.893509215699,55.0
27830.0,131.65,165.0,0,0,0,1,0,7.76,0.3,24.319502,0.6,0.6,17.82796,3.20000005,3.20000005,24,4,0,0,0.8660254037844387,-0.4999999999999998,55.0,55.0,45.0,15000.0,15275.0,14000.0,26.917418,27.846582,28.469498,0.0,2.6,0.0,20.8487935,21.9102485,25.063378,0.79999995,0.95,0.0,3.6999998,0.8000001,55.0,,53.57142857142857,3.7796447300921443,23471.666666666668,9698.152315432784,55.0
24250.0,131.36,165.0,0,0,0,1,0,7.76,2.6,25.940332,0.0,0.0,19.047751,0.3,0.3,25,4,1,0,0.8660254037844387,-0.4999999999999998,55.0,55.0,55.0,27830.0,11250.0,102075.0,24.319502,27.498667,29.802834,0.6,0.0,0.0,17.82796,21.426918,25.764418,3.20000005,0.2,0.0,0.3,3.6999998,55.0,,55.0,0.0,21398.333333333332,6415.064951606834,55.0
56575.0,131.37,165.0,0,0,0,1,0,7.76,0.4,27.488249,0.0,0.0,20.5039995,0.8500000000000001,0.8500000000000001,26,4,2,0,0.8660254037844387,-0.4999999999999998,55.0,55.0,55.0,24250.0,16590.0,89900.0,25.940332,26.917418,29.79033,0.0,0.0,0.0,19.047751,20.8487935,25.5894185,0.3,0.79999995,0.15,2.6,0.3,55.0,,55.0,0.0,22360.0,6620.521127524706,55.0
28000.0,131.13,165.0,0,0,0,1,0,7.76,0.1,27.092417,0.0,0.0,20.9342085,0.05,0.05,27,4,3,0,0.8660254037844387,-0.4999999999999998,55.0,55.0,55.0,56575.0,17720.0,97000.0,27.488249,24.319502,28.596582,0.0,0.6,0.0,20.5039995,17.82796,24.5008755,0.8500000000000001,3.20000005,0.0,0.4,2.6,55.0,,55.0,0.0,36218.333333333336,17720.03127348633,55.0
30750.0,131.25,165.0,0,0,0,1,0,7.76,0.0,27.56325,0.0,0.0,21.164417,0.0,0.0,28,4,4,0,0.8660254037844387,-0.4999999999999998,55.0,55.0,55.0,28000.0,34050.0,37550.0,27.092417,25.940332,27.846582,0.0,0.0,2.6,20.9342085,19.047751,21.9102485,0.05,0.3,0.95,0.1,0.4,55.0,,55.0,0.0,36275.0,17680.020503381784,55.0
20837.5,131.23,165.0,0,0,0,1,0,7.76,2.0,27.479918,0.5,0.5,20.9508765,1.650000025,1.650000025,29,4,5,1,0.8660254037844387,-0.4999999999999998,55.0,55.0,55.0,30750.0,21365.0,97100.0,27.56325,27.488249,27.498667,0.0,0.0,0.0,21.164417,20.5039995,21.426918,0.0,0.8500000000000001,0.2,0.0,0.1,55.0,,55.0,0.0,38441.666666666664,15764.008320644005,55.0
10925.0,131.23,165.0,0,0,0,1,0,7.76,2.6,25.52575,5.9,5.9,19.145668,2.1999999,2.1999999,30,4,6,1,0.8660254037844387,-0.4999999999999998,55.0,55.0,55.0,20837.5,15000.0,88800.0,27.479918,27.092417,26.917418,0.5,0.0,0.0,20.9508765,20.9342085,20.8487935,1.650000025,0.05,0.79999995,2.0,0.0,55.0,,55.0,0.0,26529.166666666668,5117.316394687173,55.0
10592.5,131.23,165.0,0,0,0,1,0,7.41,6.7000003,24.3945,0.4,0.4,17.565458999999997,2.4499999,2.4499999,1,5,0,0,0.4999999999999999,-0.8660254037844387,55.0,55.0,55.0,10925.0,27830.0,17800.0,25.52575,27.56325,24.319502,5.9,0.0,0.6,19.145668,21.164417,17.82796,2.1999999,0.0,3.20000005,2.6,2.0,55.0,,55.0,0.0,20837.5,9912.500000000056,45.0
10260.0,131.23,165.0,0,0,0,1,0,7.41,13.4,24.992416,0.4,0.4,17.839418000000002,3.09999985,3.09999985,2,5,1,0,0.4999999999999999,-0.8660254037844387,45.0,55.0,55.0,10592.5,24250.0,52500.0,24.3945,27.479918,25.940332,0.4,0.5,0.0,17.565458999999997,20.9508765,19.047751,2.4499999,1.650000025,0.3,6.7000003,2.6,45.0,,53.57142857142857,3.7796447300921443,14118.333333333334,5821.343451758779,55.0
28300.0,131.32,165.0,0,0,0,1,0,7.41,6.0,26.831999,0.0,0.0,19.2321265,5.49999985,5.49999985,3,5,2,0,0.4999999999999999,-0.8660254037844387,55.0,55.0,55.0,10260.0,56575.0,73400.0,24.992416,25.52575,27.488249,0.4,5.9,0.0,17.839418000000002,19.145668,20.5039995,3.09999985,2.1999999,0.8500000000000001,13.4,6.7000003,55.0,,53.57142857142857,3.7796447300921443,10592.5,332.50000000253567,55.0
32200.0,131.22,165.0,0,0,0,1,0,7.41,11.9,26.24659,6.1,6.1,18.7217085,4.4500005,4.4500005,4,5,3,0,0.4999999999999999,-0.8660254037844387,55.0,45.0,55.0,28300.0,28000.0,58500.0,26.831999,24.3945,27.092417,0.0,0.4,0.0,19.2321265,17.565458999999997,20.9342085,5.49999985,2.4499999,0.05,6.0,13.4,55.0,,53.57142857142857,3.7796447300921443,16384.166666666668,10320.753464904328,55.0
12000.0,131.19,165.0,0,0,0,1,0,7.41,0.4,27.55075,0.0,0.0,20.205042,0.0,0.0,5,5,4,0,0.4999999999999999,-0.8660254037844387,55.0,55.0,55.0,32200.0,30750.0,40800.0,26.24659,24.992416,27.56325,6.1,0.4,0.0,18.7217085,17.839418000000002,21.164417,4.4500005,3.09999985,0.0,11.9,6.0,55.0,,53.57142857142857,3.7796447300921443,23586.666666666668,11704.808128856033,55.0
12262.5,131.19,165.0,0,0,0,1,0,7.41,0.1,29.042414,0.0,0.0,21.7644175,0.25,0.25,6,5,5,1,0.4999999999999999,-0.8660254037844387,55.0,55.0,55.0,12000.0,20837.5,27250.0,27.55075,26.831999,27.479918,0.0,0.0,0.5,20.205042,19.2321265,20.9508765,0.0,5.49999985,1.650000025,0.4,11.9,55.0,,53.57142857142857,3.7796447300921443,24166.666666666668,10715.565002991407,55.0
12525.0,131.19,165.0,0,0,0,1,0,7.41,0.4,30.28408,0.0,0.0,22.1987925,1.69999985,1.69999985,7,5,6,1,0.4999999999999999,-0.8660254037844387,55.0,55.0,55.0,12262.5,10925.0,19000.0,29.042414,26.24659,25.52575,0.0,6.1,5.9,21.7644175,18.7217085,19.145668,0.25,4.4500005,2.1999999,0.1,0.4,55.0,,53.57142857142857,3.7796447300921443,18820.833333333332,11587.441567634098,55.0
20000.0,131.19,165.0,0,0,0,1,0,7.41,0.1,30.33825,0.0,0.0,23.362336,0.0,0.0,8,5,0,0,0.4999999999999999,-0.8660254037844387,55.0,55.0,45.0,12525.0,10592.5,10625.0,30.28408,27.55075,24.3945,0.0,0.0,0.4,22.1987925,20.205042,17.565458999999997,1.69999985,0.0,2.4499999,0.4,0.1,55.0,,53.57142857142857,3.7796447300921443,12262.5,262.5000000031069,55.0
11250.0,131.18,165.0,0,0,0,1,0,7.41,0.0,29.982004,0.0,0.0,23.488376,0.0,0.0,9,5,1,0,0.4999999999999999,-0.8660254037844387,55.0,55.0,55.0,20000.0,10260.0,29250.0,30.33825,29.042414,24.992416,0.0,0.0,0.4,23.362336,21.7644175,17.839418000000002,0.0,0.25,3.09999985,0.1,0.4,55.0,,55.0,0.0,14929.166666666666,4393.431413295854,55.0
11250.0,131.57,165.0,0,0,0,1,0,7.41,0.0,29.698664,0.0,0.0,23.7831675,0.0,0.0,10,5,2,0,0.4999999999999999,-0.8660254037844387,55.0,55.0,55.0,11250.0,28300.0,47250.0,29.982004,30.28408,26.831999,0.0,0.0,0.0,23.488376,22.1987925,19.2321265,0.0,1.69999985,5.49999985,0.0,0.1,55.0,,55.0,0.0,14591.666666666666,4726.93963715794,56.67
11250.0,131.48,165.0,0,0,0,1,0,7.41,0.0,29.22367,0.0,0.0,23.8404605,0.0,0.0,11,5,3,0,0.4999999999999999,-0.8660254037844387,56.67,55.0,55.0,11250.0,32200.0,25100.0,29.698664,30.33825,26.24659,0.0,0.0,6.1,23.7831675,23.362336,18.7217085,0.0,0.0,4.4500005,0.0,0.0,56.67,,55.238571428571426,0.6312006699247174,14166.666666666666,5051.814855409376,55.0
11250.0,131.65,165.0,0,0,0,1,0,7.41,0.1,30.454918,0.0,0.0,23.9123325,0.0,0.0,12,5,4,0,0.4999999999999999,-0.8660254037844387,55.0,55.0,55.0,11250.0,12000.0,55250.0,29.22367,29.982004,27.55075,0.0,0.0,0.0,23.8404605,23.488376,20.205042,0.0,0.0,0.0,0.0,0.0,55.0,,55.238571428571426,0.6312006699247174,11250.0,0.0,55.0
10625.0,131.77,165.0,0,0,0,1,0,7.41,0.70000005,31.709078,0.0,0.0,23.965459000000003,0.0,0.0,13,5,5,1,0.4999999999999999,-0.8660254037844387,55.0,56.67,55.0,11250.0,12262.5,11250.0,30.454918,29.698664,29.042414,0.0,0.0,0.0,23.9123325,23.7831675,21.7644175,0.0,0.0,0.25,0.1,0.0,55.0,,55.238571428571426,0.6312006699247174,11250.0,0.0,55.0
39950.0,131.77,165.0,0,0,0,1,0,7.41,11.2,31.996588,0.0,0.0,22.855042500000003,3.5499997,3.5499997,14,5,6,1,0.4999999999999999,-0.8660254037844387,55.0,55.0,55.0,10625.0,12525.0,27450.0,31.709078,29.22367,30.28408,0.0,0.0,0.0,23.965459000000003,23.8404605,22.1987925,0.0,0.0,1.69999985,0.70000005,0.1,55.0,,55.238571428571426,0.6312006699247174,11041.666666666666,360.8439182458764,55.0
41300.0,131.77,165.0,0,0,0,1,0,7.41,2.0,30.184082,0.0,0.0,21.273793,7.85,7.85,15,5,0,0,0.4999999999999999,-0.8660254037844387,55.0,55.0,55.0,39950.0,20000.0,24480.0,31.996588,30.454918,30.33825,0.0,0.0,0.0,22.855042500000003,23.9123325,23.362336,3.5499997,0.0,0.0,11.2,0.70000005,55.0,,55.238571428571426,0.6312006699247174,20608.333333333332,16753.28947799012,55.0
2625.0,131.98,155.0,0,0,0,1,0,7.41,17.5,29.29658,1.6,1.6,20.476917,17.65,17.65,16,5,1,0,0.4999999999999999,-0.8660254037844387,55.0,55.0,55.0,41300.0,11250.0,8550.0,30.184082,31.709078,29.982004,0.0,0.0,0.0,21.273793,23.965459000000003,23.488376,7.85,0.0,0.0,2.0,11.2,55.0,,55.238571428571426,0.6312006699247174,30625.0,17333.65584635857,55.0
2500.0,131.84,155.0,0,0,0,1,0,7.41,10.099999,28.404917,6.1000004,6.1000004,20.693583,22.2999975,22.2999975,17,5,2,0,0.4999999999999999,-0.8660254037844387,55.0,55.0,56.67,2625.0,11250.0,15275.0,29.29658,31.996588,29.698664,1.6,0.0,0.0,20.476917,22.855042500000003,23.7831675,17.65,3.5499997,0.0,17.5,2.0,55.0,,55.238571428571426,0.6312006699247174,27958.333333333332,21949.691531621444,55.0
13887.5,132.12,155.0,0,0,0,1,0,7.41,7.4999995,27.975748,1.2,1.2,20.7071265,22.300003,22.300003,18,5,3,0,0.4999999999999999,-0.8660254037844387,55.0,55.0,55.0,2500.0,11250.0,11250.0,28.404917,30.184082,29.22367,6.1000004,0.0,0.0,20.693583,21.273793,23.8404605,22.2999975,7.85,0.0,10.099999,17.5,55.0,,55.0,0.0,15475.0,22365.19338168131,55.0
25275.0,132.47,155.0,0,0,0,1,0,7.41,0.6,28.31117,0.0,0.0,21.669626,5.8500005,5.8500005,19,5,4,0,0.4999999999999999,-0.8660254037844387,55.0,55.0,55.0,13887.5,11250.0,16590.0,27.975748,29.29658,30.454918,1.2,1.6,0.0,20.7071265,20.476917,23.9123325,22.300003,17.65,0.0,7.4999995,10.099999,55.0,,55.0,0.0,6337.5,6538.790503602481,55.0
5125.0,132.56,155.0,0,0,0,1,0,7.41,0.70000005,28.95492,0.0,0.0,21.439418,7.6,7.6,20,5,5,1,0.4999999999999999,-0.8660254037844387,55.0,55.0,55.0,25275.0,10625.0,17720.0,28.31117,28.404917,31.709078,0.0,6.1000004,0.0,21.669626,20.693583,23.965459000000003,5.8500005,22.2999975,0.0,0.6,7.4999995,55.0,,55.0,0.0,13887.5,11387.50000000007,55.0
2625.0,132.56,155.0,0,0,0,1,0,7.41,1.2,29.1445,1.6,1.6,21.7915025,0.55,0.55,21,5,6,1,0.4999999999999999,-0.8660254037844387,55.0,55.0,55.0,5125.0,39950.0,34050.0,28.95492,27.975748,31.996588,0.0,1.2,0.0,21.439418,20.7071265,22.855042500000003,7.6,22.300003,3.5499997,0.70000005,0.6,55.0,,55.0,0.0,14762.5,10103.457019753263,55.0
13000.0,132.56,155.0,0,0,0,1,0,7.41,1.4,30.23617,0.3,0.3,22.734209,0.8500000000000001,0.8500000000000001,22,5,0,0,0.4999999999999999,-0.8660254037844387,55.0,55.0,55.0,2625.0,41300.0,21365.0,29.1445,28.31117,30.184082,1.6,0.0,0.0,21.7915025,21.669626,21.273793,0.55,5.8500005,7.85,1.2,0.70000005,55.0,,55.0,0.0,11008.333333333334,12418.366773989848,55.0
6575.0,132.83,155.0,0,0,0,1,0,7.41,4.4,26.396585,7.5999994,7.5999994,21.4019185,2.8499997500000003,2.8499997500000003,23,5,1,0,0.4999999999999999,-0.8660254037844387,55.0,55.0,55.0,13000.0,2625.0,15000.0,30.23617,28.95492,29.29658,0.3,0.0,1.6,22.734209,21.439418,20.476917,0.8500000000000001,7.6,17.65,1.4,1.2,55.0,,55.0,0.0,6916.666666666667,5414.582932538319,45.0
2625.0,132.79,155.0,0,0,0,1,0,7.41,8.1,28.18825,0.2,0.2,21.5571275,9.75,9.75,24,5,2,0,0.4999999999999999,-0.8660254037844387,45.0,55.0,55.0,6575.0,2500.0,27830.0,26.396585,29.1445,28.404917,7.5999994,1.6,6.1000004,21.4019185,21.7915025,20.693583,2.8499997500000003,0.55,22.2999975,4.4,1.4,45.0,,53.57142857142857,3.7796447300921443,7400.0,5236.470662574355,45.0
1250.0,132.56,155.0,0,0,0,1,0,7.41,17.000002,28.119501,2.6000001,2.6000001,20.1748335,14.0000005,14.0000005,25,5,3,0,0.4999999999999999,-0.8660254037844387,45.0,55.0,55.0,2625.0,13887.5,24250.0,28.18825,30.23617,27.975748,0.2,0.3,1.2,21.5571275,22.734209,20.7071265,9.75,0.8500000000000001,22.300003,8.1,4.4,45.0,,52.142857142857146,4.879500364742559,7400.0,5236.470662574355,45.0
18125.0,132.69,155.0,0,0,0,1,0,7.41,4.8,26.079916,17.300001,17.300001,20.2623345,1.10000005,1.10000005,26,5,4,0,0.4999999999999999,-0.8660254037844387,45.0,45.0,55.0,1250.0,25275.0,56575.0,28.119501,26.396585,28.31117,2.6000001,7.5999994,0.0,20.1748335,21.4019185,21.669626,14.0000005,2.8499997500000003,5.8500005,17.000002,8.1,45.0,,50.714285714285715,5.345224838248382,3483.3333333333335,2764.318782871366,45.0
5000.0,132.43,155.0,0,0,0,1,0,7.41,2.8999999,26.309082,7.1000004,7.1000004,19.562335,6.05,6.05,27,5,5,1,0.4999999999999999,-0.8660254037844387,45.0,45.0,55.0,18125.0,5125.0,28000.0,26.079916,28.18825,28.95492,17.300001,0.2,0.0,20.2623345,21.5571275,21.439418,1.10000005,9.75,7.6,4.8,17.000002,45.0,,49.285714285714285,5.345224838248374,7333.333333333333,9371.110304192094,45.0
2800.0,132.43,155.0,0,0,0,1,0,7.41,1.4000002,27.194498,1.3000001,1.3000001,20.4383775,1.35000005,1.35000005,28,5,6,1,0.4999999999999999,-0.8660254037844387,45.0,45.0,55.0,5000.0,2625.0,30750.0,26.309082,28.119501,29.1445,7.1000004,2.6000001,1.6,19.562335,20.1748335,21.7915025,6.05,14.0000005,0.55,2.8999999,4.8,45.0,,47.857142857142854,4.879500364742534,8125.0,8860.904299223746,45.0
9000.0,132.43,155.0,0,0,0,1,0,7.41,1.3000001,29.27575,0.0,0.0,22.1727505,0.65000005,0.65000005,29,5,0,0,0.4999999999999999,-0.8660254037844387,45.0,45.0,55.0,2800.0,13000.0,20837.5,27.194498,26.079916,30.23617,1.3000001,17.300001,0.3,20.4383775,20.2623345,22.734209,1.35000005,1.10000005,0.8500000000000001,1.4000002,2.8999999,45.0,,46.42857142857143,3.7796447300920906,8641.666666666666,8286.145565541025,45.0
5975.0,132.51,155.0,0,0,0,1,0,7.41,1.6000001,31.204916,0.0,0.0,23.9175425,0.0,0.0,30,5,1,0,0.4999999999999999,-0.8660254037844387,45.0,45.0,45.0,9000.0,6575.0,10925.0,29.27575,26.309082,26.396585,0.0,7.1000004,7.5999994,22.1727505,19.562335,21.4019185,0.65000005,6.05,2.8499997500000003,1.3000001,1.4000002,45.0,,45.0,0.0,5600.0,3143.2467291006624,38.75
2950.0,132.64,155.0,0,0,0,1,0,7.41,0.1,32.381996,0.0,0.0,25.219627,0.0,0.0,31,5,2,0,0.4999999999999999,-0.8660254037844387,38.75,45.0,45.0,5975.0,2625.0,10592.5,31.204916,27.194498,28.18825,0.0,1.3000001,0.2,23.9175425,20.4383775,21.5571275,0.0,1.35000005,9.75,1.6000001,1.3000001,38.75,,44.107142857142854,2.3622779563073513,5925.0,3100.302404605395,32.5
10325.0,132.66,155.0,0,0,1,0,0,6.83,0.0,32.42158,0.0,0.0,25.6019175,0.0,0.0,1,6,3,0,1.2246467991473532e-16,-1.0,32.5,45.0,45.0,2950.0,1250.0,10260.0,32.381996,29.27575,28.119501,0.0,0.0,2.6000001,25.219627,22.1727505,20.1748335,0.0,0.65000005,14.0000005,0.1,1.6000001,32.5,,42.32142857142857,4.917473702933856,5975.0,3025.0000000003292,27.5
1425.0,132.16,155.0,0,0,1,0,0,6.83,0.0,32.440334,0.0,0.0,25.442543,0.0,0.0,2,6,4,0,1.2246467991473532e-16,-1.0,27.5,38.75,45.0,10325.0,18125.0,28300.0,32.42158,31.204916,26.079916,0.0,0.0,17.300001,25.6019175,23.9175425,20.2623345,0.0,0.0,1.10000005,0.0,0.1,27.5,,39.82142857142857,7.232326570270861,6416.666666666667,3707.2844958723235,27.5
2787.5,132.0,155.0,0,0,1,0,0,6.83,0.4,32.352833,0.0,0.0,25.5925425,0.0,0.0,3,6,5,1,1.2246467991473532e-16,-1.0,27.5,32.5,45.0,1425.0,5000.0,32200.0,32.440334,32.381996,26.309082,0.0,0.0,7.1000004,25.442543,25.219627,19.562335,0.0,0.0,6.05,0.0,0.0,27.5,,37.32142857142857,8.114691262501145,4900.0,4759.6612274406725,27.5
4150.0,132.0,155.0,0,0,1,0,0,6.83,0.0,32.040333,0.0,0.0,25.345666,0.0,0.0,4,6,6,1,1.2246467991473532e-16,-1.0,27.5,27.5,45.0,2787.5,2800.0,12000.0,32.352833,32.42158,27.194498,0.0,0.0,1.3000001,25.5925425,25.6019175,20.4383775,0.0,0.0,1.35000005,0.4,0.0,27.5,,34.82142857142857,8.050251400984047,4845.833333333333,4793.751358105193,27.67
14950.0,132.0,155.0,0,0,1,0,0,6.83,0.0,32.79658,0.0,0.0,25.114416,0.05,0.05,5,6,0,0,1.2246467991473532e-16,-1.0,27.67,27.5,45.0,4150.0,9000.0,12262.5,32.040333,32.440334,29.27575,0.0,0.0,0.0,25.345666,25.442543,22.1727505,0.0,0.0,0.65000005,0.0,0.4,27.67,,32.34571428571429,6.993744483805492,2787.5,1362.50000000079,27.5
10575.0,132.58,155.0,0,0,1,0,0,6.83,3.3999999,33.492416,0.0,0.0,25.2717075,0.2,0.2,6,6,1,0,1.2246467991473532e-16,-1.0,27.5,27.5,38.75,14950.0,5975.0,12525.0,32.79658,32.352833,31.204916,0.0,0.0,0.0,25.114416,25.5925425,23.9175425,0.05,0.0,0.0,0.0,0.0,27.5,,29.845714285714287,4.341174407702704,7295.833333333333,6663.617792410911,25.0
6200.0,132.48,155.0,0,0,1,0,0,6.83,0.3,34.107,0.0,0.0,25.5477515,0.3,0.3,7,6,2,0,1.2246467991473532e-16,-1.0,25.0,27.67,32.5,10575.0,2950.0,20000.0,33.492416,32.040333,32.381996,0.0,0.0,0.0,25.2717075,25.345666,25.219627,0.2,0.0,0.0,3.3999999,0.0,25.0,,27.881428571428575,2.245754725189697,9891.666666666666,5432.329917570833,22.5
6425.0,132.38,155.0,0,0,1,0,0,6.83,0.2,34.727833,0.0,0.0,26.4196255,0.1,0.1,8,6,3,0,1.2246467991473532e-16,-1.0,22.5,27.5,27.5,6200.0,10325.0,11250.0,34.107,32.79658,32.42158,0.0,0.0,0.0,25.5477515,25.114416,25.6019175,0.3,0.05,0.0,0.3,3.3999999,22.5,,26.452857142857145,1.9834037602535584,10575.0,4375.000000000201,30.63
6650.0,132.41,155.0,0,0,1,0,0,6.83,0.2,34.68408,0.0,0.0,26.819626,0.0,0.0,9,6,4,0,1.2246467991473532e-16,-1.0,30.63,25.0,27.5,6425.0,1425.0,11250.0,34.727833,33.492416,32.440334,0.0,0.0,0.0,26.4196255,25.2717075,25.442543,0.1,0.2,0.0,0.2,0.3,30.63,,26.900000000000002,2.5349490461672355,7733.333333333333,2463.525590152299,38.75
6875.0,132.25,155.0,0,0,1,0,0,6.83,1.4,33.340332,0.9,0.9,25.837337,0.3,0.3,10,6,5,1,1.2246467991473532e-16,-1.0,38.75,22.5,27.5,6650.0,2787.5,11250.0,34.68408,34.107,32.352833,0.0,0.0,0.0,26.819626,25.5477515,25.5925425,0.0,0.3,0.0,0.2,0.2,38.75,,28.50714285714286,5.172651526008825,6425.0,225.00000000437265,46.88
7100.0,132.25,155.0,0,0,1,0,0,6.83,1.8,31.327833,2.6999998,2.6999998,24.677959,3.3499998,3.3499998,11,6,6,1,1.2246467991473532e-16,-1.0,46.88,30.63,27.67,6875.0,4150.0,11250.0,33.340332,34.727833,32.040333,0.9,0.0,0.0,25.837337,26.4196255,25.345666,0.3,0.1,0.0,1.4,0.2,46.88,,31.275714285714287,8.596807270033048,6650.0,225.00000000434693,55.0
7450.0,132.25,155.0,0,0,1,0,0,6.83,4.2999997,29.36534,2.6999998,2.6999998,23.565459,11.3,11.3,12,6,0,0,1.2246467991473532e-16,-1.0,55.0,38.75,27.5,7100.0,14950.0,10625.0,31.327833,34.68408,32.79658,2.6999998,0.0,0.0,24.677959,26.819626,25.114416,3.3499998,0.0,0.05,1.8,1.4,55.0,,35.18,12.15570510775351,6875.0,225.00000000432124,55.0
2500.0,132.2,155.0,0,0,1,0,0,6.83,5.7,28.827833,11.9,11.9,23.305044,14.1,14.1,13,6,1,0,1.2246467991473532e-16,-1.0,55.0,46.88,25.0,7450.0,10575.0,39950.0,29.36534,33.340332,33.492416,2.6999998,0.9,0.0,23.565459,25.837337,25.2717075,11.3,0.3,0.2,4.2999997,1.8,55.0,,39.10857142857143,13.616052326294113,7141.666666666667,289.75564418189396,35.0
1875.0,132.1,155.0,0,0,1,0,0,6.83,44.89999,29.907003,0.6,0.6,22.1092085,70.549997,70.549997,14,6,2,0,1.2246467991473532e-16,-1.0,35.0,55.0,22.5,2500.0,6200.0,41300.0,28.827833,31.327833,34.107,11.9,2.6999998,0.0,23.305044,24.677959,25.5477515,14.1,3.3499998,0.3,5.7,4.2999997,35.0,,40.537142857142854,12.355323703146036,5683.333333333333,2762.3963027298128,35.0
2000.0,131.66,155.0,0,0,1,0,0,6.83,17.300001,31.529917,0.0,0.0,23.1373345,27.1000005,27.1000005,15,6,3,0,1.2246467991473532e-16,-1.0,35.0,55.0,30.63,1875.0,6425.0,2625.0,29.907003,29.36534,34.727833,0.6,2.6999998,0.0,22.1092085,23.565459,26.4196255,70.549997,11.3,0.1,44.89999,5.7,35.0,,42.32285714285714,9.99103050121403,3941.6666666666665,3054.33435192276,35.0
2125.0,131.79,155.0,0,0,1,0,0,6.83,1.4000001,31.938248,0.0,0.0,24.0550435,6.2,6.2,16,6,4,0,1.2246467991473532e-16,-1.0,35.0,35.0,38.75,2000.0,6650.0,2500.0,31.529917,28.827833,34.68408,0.0,11.9,0.0,23.1373345,23.305044,26.819626,27.1000005,14.1,0.0,17.300001,44.89999,35.0,,42.94714285714286,9.24749824598645,2125.0,330.71891388637897,35.0
1416.67,131.4,155.0,0,0,1,0,0,6.83,2.3,32.0695,0.0,0.0,24.9831665,14.95,14.95,17,6,5,1,1.2246467991473532e-16,-1.0,35.0,35.0,46.88,2125.0,6875.0,13887.5,31.938248,29.907003,33.340332,0.0,0.6,0.9,24.0550435,22.1092085,25.837337,6.2,70.549997,0.3,1.4000001,17.300001,35.0,,42.41142857142857,9.631800504182982,2000.0,125.00000000876987,34.53
708.33,131.4,155.0,0,0,1,0,0,6.83,1.9000002,30.902832,3.8,3.8,23.6956665,19.6000015,19.6000015,18,6,6,1,1.2246467991473532e-16,-1.0,34.53,35.0,55.0,1416.67,7100.0,25275.0,32.0695,31.529917,31.327833,0.0,0.0,2.6999998,24.9831665,23.1373345,24.677959,14.95,27.1000005,3.3499998,2.3,1.4000001,34.53,,40.64714285714285,9.806369892890485,1847.2233333333334,378.07192389217903,34.07
1229.165,131.4,155.0,0,0,1,0,0,6.83,1.4000001,30.338247,13.700001,13.700001,23.680044,11.1,11.1,19,6,0,0,1.2246467991473532e-16,-1.0,34.07,35.0,55.0,708.33,7450.0,5125.0,30.902832,31.938248,29.36534,3.8,0.0,2.6999998,23.6956665,24.0550435,23.565459,19.6000015,6.2,11.3,1.9000002,2.3,34.07,,37.65714285714286,7.655748851431106,1416.6666666666667,708.335000007451,33.6
1750.0,131.4,155.0,0,0,1,0,0,6.83,5.5,29.609083,1.0,1.0,24.0331685,7.0499998,7.0499998,20,6,1,0,1.2246467991473532e-16,-1.0,33.6,34.53,35.0,1229.165,2500.0,2625.0,30.338247,32.0695,28.827833,13.700001,0.0,11.9,23.680044,24.9831665,23.305044,11.1,14.95,14.1,1.4000001,1.9000002,33.6,,34.6,0.566539201348528,1118.055,367.00880504047495,40.0
2250.0,131.7,155.0,0,0,1,0,0,6.83,9.700002,29.79033,10.799999,10.799999,24.226918,10.30000165,10.30000165,21,6,2,0,1.2246467991473532e-16,-1.0,40.0,34.07,35.0,1750.0,1875.0,13000.0,29.609083,30.902832,29.907003,1.0,3.8,0.6,24.0331685,23.6956665,22.1092085,7.0499998,19.6000015,70.549997,5.5,1.4000001,40.0,,35.31428571428571,2.135195987435327,1229.165,520.8350000021425,39.0
5125.0,131.57,155.0,0,0,1,0,0,6.83,5.2000003,28.813248,56.0,56.0,24.220668,11.649999,11.649999,22,6,3,0,1.2246467991473532e-16,-1.0,39.0,33.6,35.0,2250.0,2000.0,6575.0,29.79033,30.338247,31.529917,10.799999,13.700001,0.0,24.226918,23.680044,23.1373345,10.30000165,11.1,27.1000005,9.700002,5.5,39.0,,35.885714285714286,2.534902083202944,1743.055,510.4529352224413,37.5
5362.5,131.43,155.0,0,0,1,0,0,6.83,9.2,29.104914,26.099998,26.099998,24.3008765,27.9999965,27.9999965,23,6,4,0,1.2246467991473532e-16,-1.0,37.5,40.0,35.0,5125.0,2125.0,2625.0,28.813248,29.609083,31.938248,56.0,1.0,0.0,24.220668,24.0331685,24.0550435,11.649999,7.0499998,6.2,5.2000003,9.700002,37.5,,36.24285714285714,2.565246669657433,3041.6666666666665,1821.4577495334536,45.0
5600.0,131.56,155.0,0,0,1,0,0,6.83,27.200005,29.513252,3.8,3.8,23.838375,24.300002,24.300002,24,6,5,1,1.2246467991473532e-16,-1.0,45.0,39.0,34.53,5362.5,1416.67,1250.0,29.104914,29.79033,32.0695,26.099998,10.799999,0.0,24.3008765,24.226918,24.9831665,27.9999965,10.30000165,14.95,9.2,5.2000003,45.0,,37.67142857142857,4.089418983064192,4245.833333333333,1732.5168349356416,45.0
375.0,131.56,155.0,0,0,1,0,0,6.83,24.100002,30.16742,7.3,7.3,23.708168,23.849999,23.849999,25,6,6,1,1.2246467991473532e-16,-1.0,45.0,37.5,34.07,5600.0,708.33,18125.0,29.513252,28.813248,30.902832,3.8,56.0,3.8,23.838375,24.220668,23.6956665,24.300002,11.649999,19.6000015,27.200005,9.2,45.0,,39.167142857142856,4.628162753856945,5362.5,237.50000000425848,45.0
6150.0,131.56,155.0,0,0,1,0,0,6.83,3.7,30.677834,0.0,0.0,23.739418,8.3,8.3,26,6,0,0,1.2246467991473532e-16,-1.0,45.0,45.0,33.6,375.0,1229.165,5000.0,30.16742,29.104914,30.338247,7.3,26.099998,13.700001,23.708168,24.3008765,23.680044,23.849999,27.9999965,11.1,24.100002,27.200005,45.0,,40.728571428571435,4.462702576434217,3779.1666666666665,2950.485482651192,45.0
4662.5,131.57,155.0,0,0,1,0,0,6.83,11.500002,29.792418,0.1,0.1,23.2508765,14.85,14.85,27,6,1,0,1.2246467991473532e-16,-1.0,45.0,45.0,40.0,6150.0,1750.0,2800.0,30.677834,29.513252,29.609083,0.0,3.8,1.0,23.739418,23.838375,24.0331685,8.3,24.300002,7.0499998,3.7,24.100002,45.0,,42.357142857142854,3.37533067163138,4041.6666666666665,3187.3120859645082,45.0
3175.0,131.55,155.0,0,0,1,0,0,6.83,26.200003,29.004915,1.8000002,1.8000002,22.929001,19.2499995,19.2499995,28,6,2,0,1.2246467991473532e-16,-1.0,45.0,45.0,39.0,4662.5,2250.0,9000.0,29.792418,30.16742,29.79033,0.1,7.3,10.799999,23.2508765,23.708168,24.226918,14.85,23.849999,10.30000165,11.500002,3.7,45.0,,43.07142857142857,3.3220045583521873,3729.1666666666665,2998.4978878324123,50.0
2962.5,131.6,155.0,0,0,1,0,0,6.83,7.8999996,27.484085,13.800001,13.800001,22.7842075,13.1500005,13.1500005,29,6,3,0,1.2246467991473532e-16,-1.0,50.0,45.0,37.5,3175.0,5125.0,5975.0,29.004915,30.677834,28.813248,1.8000002,0.0,56.0,22.929001,23.739418,24.220668,19.2499995,8.3,11.649999,26.200003,11.500002,50.0,,44.642857142857146,3.6596252735567933,4662.5,1487.5000000006921,65.0
2750.0,131.6,155.0,0,0,1,0,0,6.83,30.1,26.850754,22.199999,22.199999,22.256083500000003,37.7499985,37.7499985,30,6,4,0,1.2246467991473532e-16,-1.0,65.0,45.0,45.0,2962.5,5362.5,2950.0,27.484085,29.792418,29.104914,13.800001,0.1,26.099998,22.7842075,23.2508765,24.3008765,13.1500005,14.85,27.9999965,7.8999996,26.200003,65.0,,48.57142857142857,7.480132415430865,3600.0,926.2660255035345,55.0
2537.5,131.57,155.0,0,0,1,0,0,7.44,31.300003,26.881998,22.900002,22.900002,22.310252,17.2500025,17.2500025,1,7,5,1,-0.4999999999999997,-0.8660254037844388,55.0,50.0,45.0,2750.0,5600.0,10325.0,26.850754,29.004915,29.513252,22.199999,1.8000002,3.8,22.256083500000003,22.929001,23.838375,37.7499985,19.2499995,24.300002,30.1,7.8999996,55.0,,50.0,7.637626158259648,2962.5,212.50000000505278,55.0
2325.0,131.57,155.0,0,0,1,0,0,7.44,24.5,27.792418,28.400002,28.400002,23.0196245,8.14999985,8.14999985,2,7,6,1,-0.4999999999999997,-0.8660254037844388,55.0,65.0,45.0,2537.5,375.0,1425.0,26.881998,27.484085,30.16742,22.900002,13.800001,7.3,22.310252,22.7842075,23.708168,17.2500025,13.1500005,23.849999,31.300003,30.1,55.0,,51.42857142857143,7.480132415430872,2750.0,212.5000000050787,55.0
2112.5,131.57,150.0,0,0,1,0,0,7.44,29.700003,27.111168,25.6,25.6,23.1019175,9.6,9.6,3,7,0,0,-0.4999999999999997,-0.8660254037844388,55.0,55.0,45.0,2325.0,6150.0,2787.5,27.792418,26.850754,30.677834,28.400002,22.199999,0.0,23.0196245,22.256083500000003,23.739418,8.14999985,37.7499985,8.3,24.5,31.300003,55.0,,52.857142857142854,6.986381310057633,2537.5,212.50000000510462,65.0
1900.0,131.44,150.0,0,0,1,0,0,7.44,38.100006,28.50908,15.200002,15.200002,22.7717105,16.349999500000003,16.349999500000003,4,7,1,0,-0.4999999999999997,-0.8660254037844388,65.0,55.0,45.0,2112.5,4662.5,4150.0,27.111168,26.881998,29.792418,25.6,22.900002,0.1,23.1019175,22.310252,23.2508765,9.6,17.2500025,14.85,29.700003,24.5,65.0,,55.714285714285715,7.319250547113926,2325.0,212.50000000513054,75.0
1687.5,131.54,150.0,0,0,1,0,0,7.44,9.799999,27.832,22.0,22.0,22.5196245,6.79999985,6.79999985,5,7,2,0,-0.4999999999999997,-0.8660254037844388,75.0,55.0,50.0,1900.0,3175.0,14950.0,28.50908,27.792418,29.004915,15.200002,28.400002,1.8000002,22.7717105,23.0196245,22.929001,16.349999500000003,8.14999985,19.2499995,38.100006,29.700003,75.0,,60.0,8.660254037844336,2112.5,212.50000000515647,84.0
1475.0,131.87,150.0,0,0,1,0,0,7.44,26.9,29.369497,2.6,2.6,23.4144175,4.7499995,4.7499995,6,7,3,0,-0.4999999999999997,-0.8660254037844388,84.0,65.0,65.0,1687.5,2962.5,10575.0,27.832,27.111168,27.484085,22.0,25.6,13.800001,22.5196245,23.1019175,22.7842075,6.79999985,9.6,13.1500005,9.799999,38.100006,84.0,,64.85714285714286,11.260973484096443,1900.0,212.5000000051824,85.0
1262.5,132.32,150.0,0,0,1,0,0,7.44,28.200003,29.323671,0.5,0.5,23.530045,9.55,9.55,7,7,4,0,-0.4999999999999997,-0.8660254037844388,85.0,75.0,55.0,1475.0,2750.0,6200.0,29.369497,28.50908,26.850754,2.6,15.200002,22.199999,23.4144175,22.7717105,22.256083500000003,4.7499995,16.349999500000003,37.7499985,26.9,9.799999,85.0,,67.71428571428571,13.597969036027457,1687.5,212.5000000052083,95.0
1050.0,132.69,150.0,0,0,1,0,0,7.44,21.3,29.223665,5.3000007,5.3000007,23.464418,8.300001,8.300001,8,7,5,1,-0.4999999999999997,-0.8660254037844388,95.0,84.0,55.0,1262.5,2537.5,6425.0,29.323671,27.832,26.881998,0.5,22.0,22.900002,23.530045,22.5196245,22.310252,9.55,6.79999985,17.2500025,28.200003,26.9,95.0,,73.42857142857143,15.618975028867327,1475.0,212.50000000523423,95.0
1160.0,132.69,150.0,0,0,1,0,0,7.44,14.400001,29.982,0.8000001,0.8000001,23.869627,4.8499999,4.8499999,9,7,6,1,-0.4999999999999997,-0.8660254037844388,95.0,85.0,55.0,1050.0,2325.0,6650.0,29.223665,29.369497,27.792418,5.3000007,2.6,28.400002,23.464418,23.4144175,23.0196245,8.300001,4.7499995,8.14999985,21.3,28.200003,95.0,,79.14285714285714,15.060196672338792,1262.5,212.50000000526015,95.0
1270.0,132.69,150.0,0,0,1,0,0,7.44,22.100002,29.26533,3.9,3.9,24.0654605,2.9499999,2.9499999,10,7,0,0,-0.4999999999999997,-0.8660254037844388,95.0,95.0,65.0,1160.0,2112.5,6875.0,29.982,29.323671,27.111168,0.8000001,0.5,25.6,23.869627,23.530045,23.1019175,4.8499999,9.55,9.6,14.400001,21.3,95.0,,84.85714285714286,11.553189623484572,1157.5,106.27205654470512,95.0
1380.0,132.41,150.0,0,0,1,0,0,7.44,18.499998,29.10283,2.8999999,2.8999999,23.8394145,7.100000250000001,7.100000250000001,11,7,1,0,-0.4999999999999997,-0.8660254037844388,95.0,95.0,75.0,1270.0,1900.0,7100.0,29.26533,29.223665,28.50908,3.9,5.3000007,15.200002,24.0654605,23.464418,22.7717105,2.9499999,8.300001,16.349999500000003,22.100002,14.400001,95.0,,89.14285714285714,7.967194642795664,1160.0,110.00000001018579,95.0
1490.0,132.09,150.0,0,0,1,0,0,7.44,26.000002,28.184082,22.900003,22.900003,23.2758765,8.9499995,8.9499995,12,7,2,0,-0.4999999999999997,-0.8660254037844388,95.0,95.0,84.0,1380.0,1687.5,7450.0,29.10283,29.982,27.832,2.8999999,0.8000001,22.0,23.8394145,23.869627,22.5196245,7.100000250000001,4.8499999,6.79999985,18.499998,22.100002,95.0,,92.0,5.131601439447048,1270.0,110.00000001015987,85.0
1600.0,131.9,150.0,0,0,1,0,0,7.44,3.6,27.467415,17.6,17.6,22.936292,11.65,11.65,13,7,3,0,-0.4999999999999997,-0.8660254037844388,85.0,95.0,85.0,1490.0,1475.0,2500.0,28.184082,29.26533,29.369497,22.900003,3.9,2.6,23.2758765,24.0654605,23.4144175,8.9499995,2.9499999,4.7499995,26.000002,18.499998,85.0,,92.14285714285714,4.8795003647428405,1380.0,110.00000001013395,95.0
1567.0454545454545,131.62,150.0,0,0,1,0,0,7.44,26.4,27.157003,36.8,36.8,23.007126,17.44999865,17.44999865,14,7,4,0,-0.4999999999999997,-0.8660254037844388,95.0,95.0,95.0,1600.0,1262.5,1875.0,27.467415,29.10283,29.323671,17.6,2.8999999,0.5,22.936292,23.8394145,23.530045,11.65,7.100000250000001,9.55,3.6,26.000002,95.0,,93.57142857142857,3.7796447300925164,1490.0,110.00000001010802,75.0
1534.090909090909,131.77,150.0,0,0,1,0,0,7.44,11.5,28.521584,20.800001,20.800001,23.4435845,7.4,7.4,15,7,5,1,-0.4999999999999997,-0.8660254037844388,75.0,85.0,95.0,1567.0454545454545,1050.0,2000.0,27.157003,28.184082,29.223665,36.8,22.900003,5.3000007,23.007126,23.2758765,23.464418,17.44999865,8.9499995,8.300001,26.4,3.6,75.0,,90.71428571428571,7.867957924694533,1552.3484848484848,56.45352682451085,75.0
1501.1363636363635,131.77,146.0,0,0,1,0,0,7.44,39.499992,29.586166,0.9,0.9,23.382126,12.25,12.25,16,7,6,1,-0.4999999999999997,-0.8660254037844388,75.0,95.0,95.0,1534.090909090909,1160.0,2125.0,28.521584,27.467415,29.982,20.800001,17.6,0.8000001,23.4435845,22.936292,23.869627,7.4,11.65,4.8499999,11.5,26.4,75.0,,87.85714285714286,9.51189731211349,1567.0454545454547,32.9545454882248,75.0
1468.1818181818182,131.77,146.0,0,0,1,0,0,7.44,44.3,29.248665,0.90000004,0.90000004,23.1258755,15.400001,15.400001,17,7,0,0,-0.4999999999999997,-0.8660254037844388,75.0,75.0,95.0,1501.1363636363635,1270.0,1416.67,29.586166,27.157003,29.26533,0.9,36.8,3.9,23.382126,23.007126,24.0654605,12.25,17.44999865,2.9499999,39.499992,11.5,75.0,,85.0,10.000000000000057,1534.090909090909,32.95454548825044,85.0
1435.2272727272727,131.57,146.0,0,0,1,0,0,7.44,10.7,29.123667,0.0,0.0,22.921709,8.200001,8.200001,18,7,1,0,-0.4999999999999997,-0.8660254037844388,85.0,75.0,95.0,1468.1818181818182,1380.0,708.33,29.248665,28.521584,29.10283,0.90000004,20.800001,2.8999999,23.1258755,23.4435845,23.8394145,15.400001,7.4,7.100000250000001,44.3,39.499992,85.0,,83.57142857142857,8.997354108424432,1501.1363636363637,32.95454548827602,86.0
1402.2727272727273,131.56,146.0,0,0,1,0,0,7.44,3.3999999,30.771582,0.0,0.0,24.032125,1.79999995,1.79999995,19,7,2,0,-0.4999999999999997,-0.8660254037844388,86.0,75.0,85.0,1435.2272727272727,1490.0,1229.165,29.123667,29.586166,28.184082,0.0,0.9,22.900003,22.921709,23.382126,23.2758765,8.200001,12.25,8.9499995,10.7,44.3,86.0,,82.28571428571429,7.631388814501341,1468.181818181818,32.9545454883018,85.0
1369.3181818181818,131.66,146.0,0,0,1,0,0,7.44,2.7999997,30.711166,2.3,2.3,24.744627,2.7999997,2.7999997,20,7,3,0,-0.4999999999999997,-0.8660254037844388,85.0,85.0,95.0,1402.2727272727273,1600.0,1750.0,30.771582,29.248665,27.467415,0.0,0.90000004,17.6,24.032125,23.1258755,22.936292,1.79999995,15.400001,11.65,3.3999999,10.7,85.0,,82.28571428571429,7.631388814501341,1435.2272727272727,32.954545488327575,85.0
1336.3636363636365,131.48,146.0,0,0,1,0,0,7.44,35.1,30.350748,1.1,1.1,23.909209,18.749999,18.749999,21,7,4,0,-0.4999999999999997,-0.8660254037844388,85.0,86.0,75.0,1369.3181818181818,1567.0454545454545,2250.0,30.711166,29.123667,27.157003,2.3,0.0,36.8,24.744627,22.921709,23.007126,2.7999997,8.200001,17.44999865,2.7999997,3.3999999,85.0,,80.85714285714286,5.490251100164543,1402.2727272727273,32.9545454883531,85.0
1303.409090909091,131.42,146.0,0,0,1,0,0,7.44,1.3000001,30.242422,3.8999999,3.8999999,24.027958,9.94999885,9.94999885,22,7,5,1,-0.4999999999999997,-0.8660254037844388,85.0,85.0,75.0,1336.3636363636365,1534.090909090909,5125.0,30.350748,30.771582,28.521584,1.1,0.0,20.800001,23.909209,24.032125,23.4435845,18.749999,1.79999995,7.4,35.1,2.7999997,85.0,,82.28571428571429,4.990467102863505,1369.318181818182,32.95454548837848,86.67
1270.4545454545455,131.42,146.0,0,0,1,0,0,7.44,36.2,30.107002,9.6,9.6,23.5269195,12.399999,12.399999,23,7,6,1,-0.4999999999999997,-0.8660254037844388,86.67,85.0,75.0,1303.409090909091,1501.1363636363635,5362.5,30.242422,30.711166,29.586166,3.8999999,2.3,0.9,24.027958,24.744627,23.382126,9.94999885,2.7999997,12.25,1.3000001,35.1,86.67,,83.95285714285714,4.002360612962253,1336.3636363636365,32.95454548840386,85.0
1237.5,131.42,146.0,0,0,1,0,0,7.44,4.6000004,29.150751,10.8,10.8,22.949833,4.54999995,4.54999995,24,7,0,0,-0.4999999999999997,-0.8660254037844388,85.0,85.0,85.0,1270.4545454545455,1468.1818181818182,5600.0,30.107002,30.350748,29.248665,9.6,1.1,0.90000004,23.5269195,23.909209,23.1258755,12.399999,18.749999,15.400001,36.2,1.3000001,85.0,,85.38142857142857,0.6795201388103416,1303.409090909091,32.95454548842924,96.67
1204.5454545454545,131.21,146.0,0,0,1,0,0,7.44,13.2,28.234083,21.900002,21.900002,22.54775,14.5000008,14.5000008,25,7,1,0,-0.4999999999999997,-0.8660254037844388,96.67,86.67,86.0,1237.5,1435.2272727272727,375.0,29.150751,30.242422,29.123667,10.8,3.8999999,0.0,22.949833,24.027958,22.921709,4.54999995,9.94999885,8.200001,4.6000004,36.2,96.67,,87.04857142857144,4.293430751630794,1270.4545454545455,32.95454548845448,110.0
1171.590909090909,131.3,146.0,0,0,1,0,0,7.44,4.5999994,29.829916,0.6,0.6,23.466502,1.99999995,1.99999995,26,7,2,0,-0.4999999999999997,-0.8660254037844388,110.0,85.0,85.0,1204.5454545454545,1402.2727272727273,6150.0,28.234083,30.107002,30.771582,21.900002,9.6,0.0,22.54775,23.5269195,24.032125,14.5000008,12.399999,1.79999995,13.2,4.6000004,110.0,,90.47714285714287,9.608886016401282,1237.5,32.95454548847972,100.0
1138.6363636363635,131.5,146.0,0,0,1,0,0,7.44,11.599999,29.394503,2.0,2.0,23.580042,2.5999999000000003,2.5999999000000003,27,7,3,0,-0.4999999999999997,-0.8660254037844388,100.0,96.67,85.0,1171.590909090909,1369.3181818181818,4662.5,29.829916,29.150751,30.711166,0.6,10.8,2.3,23.466502,22.949833,24.744627,1.99999995,4.54999995,2.7999997,4.5999994,13.2,100.0,,92.62,9.853315854743274,1204.5454545454545,32.954545488504955,93.33
1105.6818181818182,131.4,146.0,0,0,1,0,0,7.44,8.1,29.636168,1.8000001,1.8000001,23.4133765,10.150001,10.150001,28,7,4,0,-0.4999999999999997,-0.8660254037844388,93.33,110.0,85.0,1138.6363636363635,1336.3636363636365,3175.0,29.394503,28.234083,30.350748,2.0,21.900002,1.1,23.580042,22.54775,23.909209,2.5999999000000003,14.5000008,18.749999,11.599999,4.5999994,93.33,,93.80999999999999,9.265113778758211,1171.590909090909,32.954545488530194,106.67
1072.7272727272727,131.9,146.0,0,0,1,0,0,7.44,6.8999996,28.80075,7.5,7.5,22.905042,13.850001,13.850001,29,7,5,1,-0.4999999999999997,-0.8660254037844388,106.67,100.0,86.67,1105.6818181818182,1303.409090909091,2962.5,29.636168,29.829916,30.242422,1.8000001,0.6,3.8999999,23.4133765,23.466502,24.027958,10.150001,1.99999995,9.94999885,8.1,11.599999,106.67,,96.9057142857143,9.449280143910302,1138.6363636363637,32.95454548855529,106.0
1039.7727272727273,131.9,146.0,0,0,1,0,0,7.44,7.6,28.221586,19.3,19.3,23.107126,8.0499995,8.0499995,30,7,6,1,-0.4999999999999997,-0.8660254037844388,106.0,93.33,85.0,1072.7272727272727,1270.4545454545455,2750.0,28.80075,29.394503,30.107002,7.5,2.0,9.6,22.905042,23.580042,23.5269195,13.850001,2.5999999000000003,12.399999,6.8999996,8.1,106.0,,99.66714285714286,8.758720824195338,1105.6818181818182,32.954545488580386,105.0
1006.818181818182,131.9,146.0,0,0,1,0,0,7.44,8.0,29.561167,3.5,3.5,23.8092115,8.649999999999999,8.649999999999999,31,7,0,0,-0.4999999999999997,-0.8660254037844388,105.0,106.67,96.67,1039.7727272727273,1237.5,2537.5,28.221586,29.636168,29.150751,19.3,1.8000001,10.8,23.107126,23.4133765,22.949833,8.0499995,10.150001,4.54999995,7.6,6.8999996,105.0,,102.52428571428572,6.0064211672258,1072.7272727272727,32.95454548860548,130.0
973.8636363636364,131.9,153.0,0,0,1,0,0,7.52,13.8,30.163252,7.1,7.1,24.4883765,8.1499995,8.1499995,1,8,1,0,-0.8660254037844385,-0.5000000000000004,130.0,106.0,110.0,1006.818181818182,1204.5454545454545,2325.0,29.561167,28.80075,28.234083,3.5,7.5,21.900002,23.8092115,22.905042,22.54775,8.649999999999999,13.850001,14.5000008,8.0,7.6,130.0,,107.28571428571429,11.390100756275103,1039.7727272727273,32.95454548863038,130.0
940.909090909091,131.92,153.0,0,0,1,0,0,7.52,3.1000001,29.98408,1.1,1.1,24.7675415,3.7000002,3.7000002,2,8,2,0,-0.8660254037844385,-0.5000000000000004,130.0,105.0,100.0,973.8636363636364,1171.590909090909,2112.5,30.163252,28.221586,29.829916,7.1,19.3,0.6,24.4883765,23.107126,23.466502,8.1499995,8.0499995,1.99999995,13.8,8.0,130.0,,110.14285714285714,14.316860356802893,1006.8181818181819,32.95454548865555,146.0
907.9545454545456,132.44,153.0,0,0,1,0,0,7.52,5.0999994,29.784079,1.0,1.0,23.892542,18.5000005,18.5000005,3,8,3,0,-0.8660254037844385,-0.5000000000000004,146.0,130.0,93.33,940.909090909091,1138.6363636363635,1900.0,29.98408,29.561167,29.394503,1.1,3.5,2.0,24.7675415,23.8092115,23.580042,3.7000002,8.649999999999999,2.5999999000000003,3.1000001,13.8,146.0,,116.71428571428571,18.754583312835813,973.8636363636365,32.95454548868069,170.0
875.0,132.66,153.0,0,0,1,0,0,7.52,8.700002,29.11741,2.0,2.0,23.306087,11.60000005,11.60000005,4,8,4,0,-0.8660254037844385,-0.5000000000000004,170.0,130.0,106.67,907.9545454545456,1105.6818181818182,1687.5,29.784079,30.163252,29.636168,1.0,7.1,1.8000001,23.892542,24.4883765,23.4133765,18.5000005,8.1499995,10.150001,5.0999994,3.1000001,170.0,,127.66714285714286,24.369356929202347,940.909090909091,32.954545488705655,170.0
978.125,132.85,153.0,0,0,1,0,0,7.52,37.899998,28.48825,2.0,2.0,23.176919,5.44999925,5.44999925,5,8,5,1,-0.8660254037844385,-0.5000000000000004,170.0,146.0,106.0,875.0,1072.7272727272727,1475.0,29.11741,29.98408,28.80075,2.0,1.1,7.5,23.306087,24.7675415,22.905042,11.60000005,3.7000002,13.850001,8.700002,5.0999994,170.0,,136.71428571428572,26.899283049394356,907.9545454545455,32.95454548873082,170.0
1081.25,132.85,153.0,0,0,1,0,0,7.52,9.200001,28.448668,11.200001,11.200001,23.257128,12.85,12.85,6,8,6,1,-0.8660254037844385,-0.5000000000000004,170.0,170.0,105.0,978.125,1039.7727272727273,1262.5,28.48825,29.784079,28.221586,2.0,1.0,19.3,23.176919,23.892542,23.107126,5.44999925,18.5000005,8.0499995,37.899998,8.700002,170.0,,145.85714285714286,25.563180367008265,920.3598484848485,52.66982120681383,168.33
1184.375,132.85,153.0,0,0,1,0,0,7.52,26.4,26.834084,24.000002,24.000002,22.619625,17.800001,17.800001,7,8,0,0,-0.8660254037844385,-0.5000000000000004,168.33,170.0,130.0,1081.25,1006.818181818182,1050.0,28.448668,29.11741,29.561167,11.200001,2.0,3.5,23.257128,23.306087,23.8092115,12.85,11.60000005,8.649999999999999,9.200001,37.899998,168.33,,154.9042857142857,19.07714501451328,978.125,103.1250000109072,160.0
1287.5,132.7,153.0,0,0,1,0,0,7.52,51.699993,26.475748,42.6,42.6,22.331085,15.300001000000002,15.300001000000002,8,8,1,0,-0.8660254037844385,-0.5000000000000004,160.0,170.0,130.0,1184.375,973.8636363636364,1160.0,26.834084,28.48825,30.163252,24.000002,2.0,7.1,22.619625,23.176919,24.4883765,17.800001,5.44999925,8.1499995,26.4,9.200001,160.0,,159.19,15.603398134167458,1081.25,103.12500001088222,170.0
1390.625,132.83,153.0,0,0,1,0,0,7.52,4.4999995,27.725752,3.8,3.8,23.5144185,6.000000249999999,6.000000249999999,9,8,2,0,-0.8660254037844385,-0.5000000000000004,170.0,168.33,146.0,1287.5,940.909090909091,1270.0,26.475748,28.448668,29.98408,42.6,11.200001,1.1,22.331085,23.257128,24.7675415,15.300001000000002,12.85,3.7000002,51.699993,26.4,170.0,,164.9042857142857,9.101508770790128,1184.375,103.12500001085726,170.0
1493.75,132.81,153.0,0,0,1,0,0,7.52,7.9,28.027832,7.2,7.2,23.430044,7.05,7.05,10,8,3,0,-0.8660254037844385,-0.5000000000000004,170.0,160.0,170.0,1390.625,907.9545454545456,1380.0,27.725752,26.834084,29.784079,3.8,24.000002,1.0,23.5144185,22.619625,23.892542,6.000000249999999,17.800001,18.5000005,4.4999995,51.699993,170.0,,168.33285714285714,3.726780175459584,1287.5,103.12500001083231,170.0
1596.875,132.65,153.0,0,0,1,0,0,7.52,7.1,27.836166,8.0,8.0,23.541499,2.9500001,2.9500001,11,8,4,0,-0.8660254037844385,-0.5000000000000004,170.0,170.0,170.0,1493.75,875.0,1490.0,28.027832,26.475748,29.11741,7.2,42.6,2.0,23.430044,22.331085,23.306087,7.05,15.300001000000002,11.60000005,7.9,4.4999995,170.0,,168.33285714285714,3.726780175459584,1390.625,103.12500001080737,150.0
1700.0,132.86,153.0,0,0,1,0,0,7.52,36.300003,27.669504,3.2,3.2,23.1415005,25.550000000000004,25.550000000000004,12,8,5,1,-0.8660254037844385,-0.5000000000000004,150.0,170.0,170.0,1596.875,978.125,1600.0,27.836166,27.725752,28.48825,8.0,3.8,2.0,23.541499,23.5144185,23.176919,2.9500001,6.000000249999999,5.44999925,7.1,7.9,150.0,,165.47571428571428,7.740637047735136,1493.75,103.12500001078241,140.0
1803.125,132.86,153.0,0,0,1,0,0,7.52,66.899994,27.623665,1.6000001,1.6000001,21.9925425,32.1500015,32.1500015,13,8,6,1,-0.8660254037844385,-0.5000000000000004,140.0,170.0,168.33,1700.0,1081.25,1567.0454545454545,27.669504,28.027832,28.448668,3.2,7.2,11.200001,23.1415005,23.430044,23.257128,25.550000000000004,7.05,12.85,36.300003,7.1,140.0,,161.19,11.968543492561693,1596.875,103.12500001075746,140.0
1906.25,132.86,153.0,0,0,1,0,0,7.52,3.1000001,27.865332,0.6,0.6,23.1852515,1.0,1.0,14,8,0,0,-0.8660254037844385,-0.5000000000000004,140.0,150.0,160.0,1803.125,1184.375,1534.090909090909,27.623665,27.836166,26.834084,1.6000001,8.0,24.000002,21.9925425,23.541499,22.619625,32.1500015,2.9500001,17.800001,66.899994,36.300003,140.0,,157.14285714285714,13.801311186847345,1700.0,103.12500001073252,170.0
2009.375,133.03,153.0,0,0,1,0,0,7.52,0.5,29.092415,0.0,0.0,23.526917,1.05,1.05,15,8,1,0,-0.8660254037844385,-0.5000000000000004,170.0,140.0,170.0,1906.25,1287.5,1501.1363636363635,27.865332,27.669504,26.475748,0.6,3.2,42.6,23.1852515,23.1415005,22.331085,1.0,25.550000000000004,15.300001000000002,3.1000001,66.899994,170.0,,158.57142857142858,14.638501094228248,1803.125,103.12500001070757,150.0
2112.5,133.03,167.0,0,0,1,0,0,7.52,2.5000002,29.734083,0.8,0.8,23.673794,6.1499998,6.1499998,16,8,2,0,-0.8660254037844385,-0.5000000000000004,150.0,140.0,170.0,2009.375,1390.625,1468.1818181818182,29.092415,27.623665,27.725752,0.0,1.6000001,3.8,23.526917,21.9925425,23.5144185,1.05,32.1500015,6.000000249999999,0.5,3.1000001,150.0,,155.71428571428572,13.972762620115693,1906.25,103.12500001068261,145.0
2215.625,133.03,167.0,0,0,1,0,0,7.52,6.0,29.090338,13.000003,13.000003,23.6331685,7.0500005,7.0500005,17,8,3,0,-0.8660254037844385,-0.5000000000000004,145.0,170.0,170.0,2112.5,1493.75,1435.2272727272727,29.734083,27.865332,28.027832,0.8,0.6,7.2,23.673794,23.1852515,23.430044,6.1499998,1.0,7.05,2.5000002,0.5,145.0,,152.14285714285714,12.863754913562273,2009.375,103.12500001065766,137.5
2318.75,133.34,167.0,0,0,1,0,0,7.52,12.699999,29.202835,3.3,3.3,24.181085,10.9999995,10.9999995,18,8,4,0,-0.8660254037844385,-0.5000000000000004,137.5,150.0,150.0,2215.625,1596.875,1402.2727272727273,29.090338,29.092415,27.836166,13.000003,0.0,8.0,23.6331685,23.526917,23.541499,7.0500005,1.05,2.9500001,6.0,2.5000002,137.5,,147.5,11.086778913042039,2112.5,103.12500001063263,142.5
2421.875,133.27,167.0,0,0,1,0,0,7.52,3.8000002,29.665335,0.70000005,0.70000005,23.766501,10.6500005,10.6500005,19,8,5,1,-0.8660254037844385,-0.5000000000000004,142.5,145.0,140.0,2318.75,1700.0,1369.3181818181818,29.202835,29.734083,27.669504,3.3,0.8,3.2,24.181085,23.673794,23.1415005,10.9999995,6.1499998,25.550000000000004,12.699999,6.0,142.5,,146.42857142857142,11.167022027039613,2215.625,103.12500001060727,147.5
2525.0,133.27,167.0,0,0,1,0,0,7.52,17.2,29.569502,1.6000001,1.6000001,23.432128,14.2500005,14.2500005,20,8,6,1,-0.8660254037844385,-0.5000000000000004,147.5,137.5,140.0,2421.875,1803.125,1336.3636363636365,29.665335,29.090338,27.623665,0.70000005,13.000003,1.6000001,23.766501,23.6331685,21.9925425,10.6500005,7.0500005,32.1500015,3.8000002,12.699999,147.5,,147.5,10.801234497346753,2318.75,103.12500001058191,150.0
2762.5,133.27,167.0,0,0,1,0,0,7.52,13.399999,27.575752,15.2,15.2,22.6331695,18.6000015,18.6000015,21,8,0,0,-0.8660254037844385,-0.5000000000000004,150.0,142.5,170.0,2525.0,1906.25,1303.409090909091,29.569502,29.202835,27.865332,1.6000001,3.3,0.6,23.432128,24.181085,23.1852515,14.2500005,10.9999995,1.0,17.2,3.8000002,150.0,,148.92857142857142,10.293317295818088,2421.875,103.12500001055656,125.0
3000.0,133.28,167.0,0,0,1,0,0,7.52,15.400001,28.238253,3.0,3.0,23.0748335,5.85,5.85,22,8,1,0,-0.8660254037844385,-0.5000000000000004,125.0,147.5,150.0,2762.5,2009.375,1270.4545454545455,27.575752,29.665335,29.092415,15.2,0.70000005,0.0,22.6331695,23.766501,23.526917,18.6000015,10.6500005,1.05,13.399999,17.2,125.0,,142.5,8.897565210026492,2569.7916666666665,174.6741758546554,120.0
2525.0,133.0,167.0,0,0,1,0,0,7.52,17.199999,27.00075,18.3,18.3,22.6185825,9.350001,9.350001,23,8,2,0,-0.8660254037844385,-0.5000000000000004,120.0,150.0,145.0,3000.0,2112.5,1237.5,28.238253,29.569502,29.734083,3.0,1.6000001,0.8,23.0748335,23.432128,23.673794,5.85,14.2500005,6.1499998,15.400001,13.399999,120.0,,138.21428571428572,11.521201987557664,2762.5,237.50000000454725,110.0
5000.0,132.6,167.0,0,0,1,0,0,7.52,73.200005,26.567421,24.800003,24.800003,22.517542,21.1499988,21.1499988,24,8,3,0,-0.8660254037844385,-0.5000000000000004,110.0,125.0,137.5,2525.0,2215.625,1204.5454545454545,27.00075,27.575752,29.090338,18.3,15.2,13.000003,22.6185825,22.6331695,23.6331685,9.350001,18.6000015,7.0500005,17.199999,15.400001,110.0,,133.21428571428572,15.118578920369348,2762.5,237.50000000454725,100.0
4083.3333333333335,132.42,167.0,0,0,1,0,0,7.52,51.3,26.323668,22.1,22.1,22.1717075,22.0,22.0,25,8,4,0,-0.8660254037844385,-0.5000000000000004,100.0,120.0,142.5,5000.0,2318.75,1171.590909090909,26.567421,28.238253,29.202835,24.800003,3.0,3.3,22.517542,23.0748335,24.181085,21.1499988,5.85,10.9999995,73.200005,17.199999,100.0,,127.85714285714286,19.387956497343023,3508.3333333333335,1313.4718624072063,85.0
3166.666666666667,132.54,167.0,0,0,1,0,0,7.52,59.1,26.021584,59.599995,59.599995,22.140462,30.1999985,30.1999985,26,8,5,1,-0.8660254037844385,-0.5000000000000004,85.0,110.0,147.5,4083.3333333333335,2421.875,1138.6363636363635,26.323668,27.00075,29.665335,22.1,18.3,0.70000005,22.1717075,22.6185825,23.766501,22.0,9.350001,10.6500005,51.3,73.200005,85.0,,119.64285714285714,23.823507798171388,3869.444444444445,1251.2863751334849,85.0
2250.0,132.54,167.0,0,0,1,0,0,7.52,7.2,27.159082,23.7,23.7,22.0998345,9.85000115,9.85000115,27,8,6,1,-0.8660254037844385,-0.5000000000000004,85.0,100.0,150.0,3166.666666666667,2525.0,1105.6818181818182,26.021584,26.567421,29.569502,59.599995,24.800003,1.6000001,22.140462,22.517542,23.432128,30.1999985,21.1499988,14.2500005,59.1,51.3,85.0,,110.71428571428571,23.350333942753476,4083.3333333333335,916.666666667808,75.0
2312.5,132.54,167.0,0,0,1,0,0,7.52,3.5999997,27.584082,4.7999997,4.7999997,22.2258765,5.05,5.05,28,8,0,0,-0.8660254037844385,-0.5000000000000004,75.0,85.0,125.0,2250.0,2762.5,1072.7272727272727,27.159082,26.323668,27.575752,23.7,22.1,15.2,22.0998345,22.1717075,22.6331695,9.85000115,22.0,18.6000015,7.2,59.1,75.0,,100.0,19.148542155127046,3166.6666666666665,916.6666666678343,75.0
2375.0,132.52,167.0,0,0,1,0,0,7.52,12.400001,27.419502,13.8,13.8,22.451916,2.89999975,2.89999975,29,8,1,0,-0.8660254037844385,-0.5000000000000004,75.0,85.0,120.0,2312.5,3000.0,1039.7727272727273,27.584082,26.021584,28.238253,4.7999997,59.599995,3.0,22.2258765,22.140462,23.0748335,5.05,30.1999985,5.85,3.5999997,7.2,75.0,,92.85714285714286,17.525491637693612,2576.3888888888887,512.1498352102391,75.0
2437.5,132.64,167.0,0,0,1,0,0,7.52,3.1,28.684084,0.4,0.4,23.076917,2.55,2.55,30,8,2,0,-0.8660254037844385,-0.5000000000000004,75.0,75.0,110.0,2375.0,2525.0,1006.818181818182,27.419502,27.159082,27.00075,13.8,23.7,18.3,22.451916,22.0998345,22.6185825,2.89999975,9.85000115,9.350001,12.400001,3.5999997,75.0,,86.42857142857143,13.758114488756318,2312.5,62.50000001748048,75.0
2500.0,132.68,167.0,0,0,1,0,0,7.52,0.90000004,29.344503,0.5,0.5,23.215459000000003,4.1499996,4.1499996,31,8,3,0,-0.8660254037844385,-0.5000000000000004,75.0,75.0,100.0,2437.5,5000.0,973.8636363636364,28.684084,27.584082,26.567421,0.4,4.7999997,24.800003,23.076917,22.2258765,22.517542,2.55,5.05,21.1499988,3.1,12.400001,75.0,,81.42857142857143,9.449111825231357,2375.0,62.50000001745399,85.0
7600.0,132.76,170.0,0,0,1,0,0,8.19,4.1,29.286163,5.7999997,5.7999997,23.4237945,5.6999999,5.6999999,1,9,4,0,-1.0,-1.8369701987210294e-16,85.0,75.0,85.0,2500.0,4083.3333333333335,940.909090909091,29.344503,27.419502,26.323668,0.5,13.8,22.1,23.215459000000003,22.451916,22.1717075,4.1499996,2.89999975,22.0,0.90000004,3.1,85.0,,79.28571428571429,5.345224838249706,2437.5,62.5000000174275,95.0
24350.0,132.65,170.0,0,0,1,0,0,8.19,3.2,28.213251,9.000001,9.000001,23.513377,7.6,7.6,2,9,5,1,-1.0,-1.8369701987210294e-16,95.0,75.0,85.0,7600.0,3166.666666666667,907.9545454545456,29.286163,28.684084,26.021584,5.7999997,0.4,59.599995,23.4237945,23.076917,22.140462,5.6999999,2.55,30.1999985,4.1,0.90000004,95.0,,80.71428571428571,7.867957924695249,4179.166666666667,2962.6933832807304,95.0
7300.0,132.65,170.0,0,0,1,0,0,8.19,2.7000003,29.471586,0.0,0.0,23.887335,1.3,1.3,3,9,6,1,-1.0,-1.8369701987210294e-16,95.0,85.0,75.0,24350.0,2250.0,875.0,28.213251,29.344503,27.159082,9.000001,0.5,23.7,23.513377,23.215459000000003,22.0998345,7.6,4.1499996,9.85000115,3.2,4.1,95.0,,82.14285714285714,9.511897312114085,11483.333333333334,11430.915682189903,75.0
19000.0,132.65,170.0,0,0,1,0,0,8.19,0.70000005,28.834085,7.6,7.6,23.991503,1.15000005,1.15000005,4,9,0,0,-1.0,-1.8369701987210294e-16,75.0,95.0,75.0,7300.0,2312.5,978.125,29.471586,29.286163,27.584082,0.0,5.7999997,4.7999997,23.887335,23.4237945,22.2258765,1.3,5.6999999,5.05,2.7000003,3.2,75.0,,82.14285714285714,9.511897312114085,13083.333333333334,9758.372473590818,65.0
7500.0,132.7,170.0,0,0,1,0,0,8.19,0.1,28.898666,0.0,0.0,23.5998345,1.60000012,1.60000012,5,9,1,0,-1.0,-1.8369701987210294e-16,65.0,95.0,75.0,19000.0,2375.0,1081.25,28.834085,28.213251,27.419502,7.6,9.000001,13.8,23.991503,23.513377,22.451916,1.15000005,7.6,2.89999975,0.70000005,2.7000003,65.0,,80.71428571428571,11.338934190277383,16883.333333333332,8719.852827504303,60.0
4750.0,133.17,170.0,0,0,1,0,0,8.19,0.70000005,29.944502,0.0,0.0,24.528999,0.5,0.5,6,9,2,0,-1.0,-1.8369701987210294e-16,60.0,75.0,75.0,7500.0,2437.5,1184.375,28.898666,29.471586,28.684084,0.0,0.0,0.4,23.5998345,23.887335,23.076917,1.60000012,1.3,2.55,0.1,0.70000005,60.0,,78.57142857142857,13.758114488756352,11266.666666666666,6698.009654616441,55.0
7375.0,133.32,170.0,0,0,1,0,0,8.19,5.3,29.184084,5.1,5.1,23.894629,4.5999999,4.5999999,7,9,3,0,-1.0,-1.8369701987210294e-16,55.0,65.0,85.0,4750.0,2500.0,1287.5,29.944502,28.834085,29.344503,0.0,7.6,0.5,24.528999,23.991503,23.215459000000003,0.5,1.15000005,4.1499996,0.70000005,0.1,55.0,,75.71428571428571,16.43892013600981,10416.666666666666,7559.486314117852,50.0
10000.0,133.44,170.0,0,0,1,0,0,8.19,9.4,27.92367,10.700001,10.700001,22.643585,9.7,9.7,8,9,4,0,-1.0,-1.8369701987210294e-16,50.0,60.0,95.0,7375.0,7600.0,1390.625,29.184084,28.898666,29.286163,5.1,0.0,5.7999997,23.894629,23.5998345,23.4237945,4.5999999,1.60000012,5.6999999,5.3,0.70000005,50.0,,70.71428571428571,18.354965592579465,6541.666666666667,1552.8870961326545,45.0
5000.0,133.02,170.0,0,0,1,0,0,8.19,22.199999,27.163254,12.4,12.4,22.2352515,6.7,6.7,9,9,5,1,-1.0,-1.8369701987210294e-16,45.0,55.0,95.0,10000.0,24350.0,1493.75,27.92367,29.944502,28.213251,10.700001,0.0,9.000001,22.643585,24.528999,23.513377,9.7,0.5,7.6,9.4,5.3,45.0,,63.57142857142857,17.008401285415665,7375.0,2625.000000000368,45.0
3500.0,133.02,170.0,0,0,1,0,0,8.19,9.8,29.159082,0.3,0.3,22.736292,3.8000001,3.8000001,10,9,6,1,-1.0,-1.8369701987210294e-16,45.0,50.0,75.0,5000.0,7300.0,1596.875,27.163254,29.184084,29.471586,12.4,5.1,0.0,22.2352515,23.894629,23.887335,6.7,4.5999999,1.3,22.199999,9.4,45.0,,56.42857142857143,11.073348527842136,7458.333333333333,2501.0414497435386,45.0
2000.0,133.02,170.0,0,0,1,0,0,8.19,0.5,29.086166,0.2,0.2,23.2654605,2.45000015,2.45000015,11,9,0,0,-1.0,-1.8369701987210294e-16,45.0,45.0,65.0,3500.0,19000.0,1700.0,29.159082,27.92367,28.834085,0.3,10.700001,7.6,22.736292,22.643585,23.991503,3.8000001,9.7,1.15000005,9.8,22.199999,45.0,,52.142857142857146,8.091735937127893,6166.666666666667,3403.4296427773156,51.67
4000.0,133.16,170.0,0,0,1,0,0,8.19,5.5000005,28.586166,14.0,14.0,23.222752,8.550001,8.550001,12,9,1,0,-1.0,-1.8369701987210294e-16,51.67,45.0,60.0,2000.0,7500.0,1803.125,29.086166,27.163254,28.898666,0.2,12.4,0.0,23.2654605,22.2352515,23.5998345,2.45000015,6.7,1.60000012,0.5,9.8,51.67,,50.23857142857143,5.807903892030621,3500.0,1500.0000000007087,58.33
6000.0,132.98,170.0,0,0,1,0,0,8.19,6.7,29.736168,0.70000005,0.70000005,23.4769195,6.0,6.0,13,9,2,0,-1.0,-1.8369701987210294e-16,58.33,45.0,55.0,4000.0,4750.0,1906.25,28.586166,29.159082,29.944502,14.0,0.3,0.0,23.222752,22.736292,24.528999,8.550001,3.8000001,0.5,5.5000005,0.5,58.33,,50.0,5.356892756068284,3166.6666666666665,1040.832999734096,65.0
5515.625,133.08,170.0,0,0,1,0,0,8.19,1.1000001,29.767416,0.6,0.6,23.838375,4.75,4.75,14,9,3,0,-1.0,-1.8369701987210294e-16,65.0,51.67,50.0,6000.0,7375.0,2009.375,29.736168,29.086166,29.184084,0.70000005,0.2,5.1,23.4769195,23.2654605,23.894629,6.0,2.45000015,4.5999999,6.7,5.5000005,65.0,,51.42857142857143,7.723255851802244,4000.0,2000.0000000005252,65.0
5031.25,133.16,170.0,0,0,1,0,0,8.19,1.8000001,29.479918,0.4,0.4,23.490459,4.04999995,4.04999995,15,9,4,0,-1.0,-1.8369701987210294e-16,65.0,58.33,45.0,5515.625,10000.0,2112.5,29.767416,28.586166,27.92367,0.6,14.0,10.700001,23.838375,23.222752,22.643585,4.75,8.550001,9.7,1.1000001,6.7,65.0,,53.57142857142857,9.200471778794677,5171.875,1043.3710015507625,65.0
10062.5,133.4,170.0,0,0,1,0,0,8.19,1.9000001,29.648666,0.7,0.7,23.102959,1.0,1.0,16,9,5,1,-1.0,-1.8369701987210294e-16,65.0,65.0,45.0,5031.25,5000.0,2215.625,29.479918,29.736168,27.163254,0.4,0.70000005,12.4,23.490459,23.4769195,22.2352515,4.04999995,6.0,6.7,1.8000001,1.1000001,65.0,,56.42857142857143,9.200471778794656,5515.625,484.37500000208854,65.0
15093.75,133.4,170.0,0,0,1,0,0,8.19,4.7999997,29.279917,1.3,1.3,22.98421,2.6,2.6,17,9,6,1,-1.0,-1.8369701987210294e-16,65.0,65.0,45.0,10062.5,3500.0,2318.75,29.648666,29.767416,29.159082,0.7,0.6,0.3,23.102959,23.838375,22.736292,1.0,4.75,3.8000001,1.9000001,1.8000001,65.0,,59.285714285714285,8.09944824693494,6869.791666666667,2775.5530370469032,65.0
20125.0,133.4,170.0,0,0,1,0,0,8.19,5.8,28.917414,11.499999,11.499999,23.3675455,4.59999985,4.59999985,18,9,0,0,-1.0,-1.8369701987210294e-16,65.0,65.0,51.67,15093.75,2000.0,2421.875,29.279917,29.479918,29.086166,1.3,0.4,0.2,22.98421,23.490459,23.2654605,2.6,4.04999995,2.45000015,4.7999997,1.9000001,65.0,,62.142857142857146,5.244599489907597,10062.5,5031.250000000178,65.0
13950.0,133.54,170.0,0,0,1,0,0,8.19,2.2999997,28.248665,2.0,2.0,23.0227515,1.75,1.75,19,9,1,0,-1.0,-1.8369701987210294e-16,65.0,65.0,58.33,20125.0,4000.0,2525.0,28.917414,29.648666,28.586166,11.499999,0.7,14.0,23.3675455,23.102959,23.222752,4.59999985,1.0,8.550001,5.8,4.7999997,65.0,,64.04714285714286,2.5210230349745197,15093.75,5031.250000000154,75.0
12250.0,133.54,170.0,0,0,1,0,0,8.19,4.6,28.317413,3.5,3.5,22.3060835,12.15000015,12.15000015,20,9,2,0,-1.0,-1.8369701987210294e-16,75.0,65.0,65.0,13950.0,6000.0,2762.5,28.248665,29.279917,29.736168,2.0,1.3,0.70000005,23.0227515,22.98421,23.4769195,1.75,2.6,6.0,2.2999997,5.8,75.0,,66.42857142857143,3.7796447300942213,16389.583333333332,3285.1246963905055,50.0
43375.0,133.22,170.0,0,0,1,0,0,8.19,21.1,27.657003,0.8000001,0.8000001,22.0769175,5.749999799999999,5.749999799999999,21,9,3,0,-1.0,-1.8369701987210294e-16,50.0,65.0,65.0,12250.0,5515.625,3000.0,28.317413,28.917414,29.767416,3.5,11.499999,0.6,22.3060835,23.3675455,23.838375,12.15000015,4.59999985,4.75,4.6,2.2999997,50.0,,64.28571428571429,7.3192505471150175,15441.666666666666,4143.996661839252,50.0
43187.5,133.25,170.0,0,0,1,0,0,8.19,15.100002,27.538254,0.4,0.4,21.5862905,13.65,13.65,22,9,4,0,-1.0,-1.8369701987210294e-16,50.0,75.0,65.0,43375.0,5031.25,2525.0,27.657003,28.248665,29.479918,0.8000001,2.0,0.4,22.0769175,23.0227515,23.490459,5.749999799999999,1.75,4.04999995,21.1,4.6,50.0,,62.142857142857146,9.063269671750492,23191.666666666668,17499.934523687065,49.81
43000.0,133.0,170.0,0,0,1,0,0,8.19,1.3000001,26.06742,6.7,6.7,21.3425445,0.8,0.8,23,9,5,1,-1.0,-1.8369701987210294e-16,49.81,50.0,65.0,43187.5,10062.5,5000.0,27.538254,28.317413,29.648666,0.4,3.5,0.7,21.5862905,22.3060835,23.102959,13.65,12.15000015,1.0,15.100002,21.1,49.81,,59.972857142857144,10.03187372708637,32937.5,17916.145825762876,49.62
42812.5,133.0,170.0,0,0,1,0,0,8.19,1.0,26.125753,0.8,0.8,21.681085000000003,2.15000005,2.15000005,24,9,6,1,-1.0,-1.8369701987210294e-16,49.62,50.0,65.0,43000.0,15093.75,4083.3333333333335,26.06742,27.657003,29.279917,6.7,0.8000001,1.3,21.3425445,22.0769175,22.98421,0.8,5.749999799999999,2.6,1.3000001,15.100002,49.62,,57.77571428571429,10.423917780987024,43187.5,187.49999999969756,49.42
42625.0,133.0,170.0,1,0,1,0,0,8.19,11.0,26.552835,0.3,0.3,21.3456665,2.45000005,2.45000005,25,9,0,0,-1.0,-1.8369701987210294e-16,49.42,49.81,65.0,42812.5,20125.0,3166.666666666667,26.125753,27.538254,28.917414,0.8,0.4,11.499999,21.681085000000003,21.5862905,23.3675455,2.15000005,13.65,4.59999985,1.0,1.3000001,49.42,,55.550000000000004,10.286717973517229,43000.0,187.4999999997285,49.23
42437.5,133.34,170.0,1,0,1,0,0,8.19,6.1,27.069506,7.6,7.6,21.755042,3.0000001000000003,3.0000001000000003,26,9,1,0,-1.0,-1.8369701987210294e-16,49.23,49.62,75.0,42625.0,13950.0,2250.0,26.552835,26.06742,28.248665,0.3,6.7,2.0,21.3456665,21.3425445,23.0227515,2.45000005,0.8,1.75,11.0,1.0,49.23,,53.29714285714285,9.574373285470948,42812.5,187.49999999975944,49.04
42250.0,133.48,170.0,1,0,1,0,0,8.19,0.90000004,27.682,2.1,2.1,22.2769195,1.05000015,1.05000015,27,9,2,0,-1.0,-1.8369701987210294e-16,49.04,49.42,50.0,42437.5,12250.0,2312.5,27.069506,26.125753,28.317413,7.6,0.8,3.5,21.755042,21.681085000000003,22.3060835,3.0000001000000003,2.15000005,12.15000015,6.1,11.0,49.04,,49.58857142857143,0.3756074445444609,42625.0,187.49999999979036,48.85
42062.5,133.46,170.0,1,0,1,0,0,8.19,1.1,28.446585,0.0,0.0,22.93942,1.45,1.45,28,9,3,0,-1.0,-1.8369701987210294e-16,48.85,49.23,50.0,42250.0,43375.0,2375.0,27.682,26.552835,27.657003,2.1,0.3,0.8000001,22.2769195,21.3456665,22.0769175,1.05000015,2.45000005,5.749999799999999,0.90000004,6.1,48.85,,49.424285714285716,0.41508461560447907,42437.5,187.49999999982128,48.65
41875.0,133.4,170.0,1,0,1,0,0,8.19,4.2000003,29.350754,0.0,0.0,23.1498335,2.39999995,2.39999995,29,9,4,0,-1.0,-1.8369701987210294e-16,48.65,49.04,49.81,42062.5,43187.5,2437.5,28.446585,27.069506,27.538254,0.0,7.6,0.4,22.93942,21.755042,21.5862905,1.45,3.0000001000000003,13.65,1.1,0.90000004,48.65,,49.23142857142857,0.41663047463819347,42250.0,187.4999999998522,48.46
41687.5,133.17,170.0,1,0,1,0,0,8.19,3.6,28.190338,0.0,0.0,23.348794,1.7,1.7,30,9,5,1,-1.0,-1.8369701987210294e-16,48.46,48.85,49.62,41875.0,43000.0,2500.0,29.350754,27.682,26.06742,0.0,2.1,6.7,23.1498335,22.2769195,21.3425445,2.39999995,1.05000015,0.8,4.2000003,1.1,48.46,,49.03857142857142,0.4166304746382085,42062.5,187.49999999988313,48.27
41500.0,133.17,170.0,1,1,0,0,0,7.5,0.1,28.077833,0.4,0.4,22.8946285,0.350000025,0.350000025,1,10,6,1,-0.8660254037844386,0.5000000000000001,48.27,48.65,49.42,41687.5,42812.5,7600.0,28.190338,28.446585,26.125753,0.0,0.0,0.8,23.348794,22.93942,21.681085000000003,1.7,1.45,2.15000005,3.6,4.2000003,48.27,,48.84571428571429,0.4150846156045289,41875.0,187.49999999991405,48.08
41312.5,133.17,170.0,1,1,0,0,0,7.5,11.5,27.7695,3.6999998,3.6999998,21.977960000000003,2.6499999,2.6499999,2,10,0,0,-0.8660254037844386,0.5000000000000001,48.08,48.46,49.23,41500.0,42625.0,24350.0,28.077833,29.350754,26.552835,0.4,0.0,0.3,22.8946285,23.1498335,21.3456665,0.350000025,2.39999995,2.45000005,0.1,3.6,48.08,,48.65428571428571,0.4150846156045483,41687.5,187.499999999945,47.88
41125.0,133.17,170.0,1,1,0,0,0,7.5,3.1999998,26.952835,4.9999995,4.9999995,22.157128,1.3000001,1.3000001,3,10,1,0,-0.8660254037844386,0.5000000000000001,47.88,48.27,49.04,41312.5,42437.5,7300.0,27.7695,28.190338,27.069506,3.6999998,0.0,7.6,21.977960000000003,23.348794,21.755042,2.6499999,1.7,3.0000001000000003,11.5,0.1,47.88,,48.46142857142858,0.4166304746382642,41500.0,187.49999999997593,47.69
40937.5,133.44,170.0,1,1,0,0,0,7.5,10.3,26.559082,2.3,2.3,20.6779595,9.1,9.1,4,10,2,0,-0.8660254037844386,0.5000000000000001,47.69,48.08,48.85,41125.0,42250.0,19000.0,26.952835,28.077833,27.682,4.9999995,0.4,2.1,22.157128,22.8946285,22.2769195,1.3000001,0.350000025,1.05000015,3.1999998,11.5,47.69,,48.26857142857143,0.41663047463828284,41312.5,187.50000000000685,47.5
40750.0,133.49,170.0,1,1,0,0,0,7.5,0.4,26.902832,0.6,0.6,21.5529595,2.1000002,2.1000002,5,10,3,0,-0.8660254037844386,0.5000000000000001,47.5,47.88,48.65,40937.5,42062.5,7500.0,26.559082,27.7695,28.446585,2.3,3.6999998,0.0,20.6779595,21.977960000000003,22.93942,9.1,2.6499999,1.45,10.3,3.1999998,47.5,,48.075714285714284,0.41508461560460425,41125.0,187.50000000003777,47.31
40562.5,133.51,170.0,1,1,0,0,0,7.5,2.1999998,27.13825,1.7,1.7,21.379002,4.0000001,4.0000001,6,10,4,0,-0.8660254037844386,0.5000000000000001,47.31,47.69,48.46,40750.0,41875.0,4750.0,26.902832,26.952835,29.350754,0.6,4.9999995,0.0,21.5529595,22.157128,23.1498335,2.1000002,1.3000001,2.39999995,0.4,10.3,47.31,,47.88428571428572,0.41508461560462184,40937.5,187.5000000000687,47.12
40375.0,133.5,170.0,1,1,0,0,0,7.5,1.0,26.496582,1.3000001,1.3000001,21.4654575,1.7000001,1.7000001,7,10,5,1,-0.8660254037844386,0.5000000000000001,47.12,47.5,48.27,40562.5,41687.5,7375.0,27.13825,26.559082,28.190338,1.7,2.3,0.0,21.379002,20.6779595,23.348794,4.0000001,9.1,1.7,2.1999998,0.4,47.12,,47.69285714285714,0.41431526990150314,40750.0,187.50000000009962,46.92
40187.5,133.5,170.0,1,1,0,0,0,7.5,2.8000002,26.977835,1.0,1.0,21.033169,7.14999975,7.14999975,8,10,6,1,-0.8660254037844386,0.5000000000000001,46.92,47.31,48.08,40375.0,41500.0,10000.0,26.496582,26.902832,28.077833,1.3000001,0.6,0.4,21.4654575,21.5529595,22.8946285,1.7000001,2.1000002,0.350000025,1.0,2.1999998,46.92,,47.5,0.4150903516301292,40562.5,187.50000000013057,46.73
40000.0,133.5,170.0,1,1,0,0,0,7.5,1.2000002,26.923666,2.4,2.4,20.6071245,2.15000002,2.15000002,9,10,0,0,-0.8660254037844386,0.5000000000000001,46.73,47.12,47.88,40187.5,41312.5,5000.0,26.977835,27.13825,27.7695,1.0,1.7,3.6999998,21.033169,21.379002,21.977960000000003,7.14999975,4.0000001,2.6499999,2.8000002,1.0,46.73,,47.30714285714286,0.4143152699015335,40375.0,187.5000000001615,46.54
39812.5,133.53,170.0,1,1,0,0,0,7.5,2.2000003,26.47783,3.1,3.1,21.024832,2.25,2.25,10,10,1,0,-0.8660254037844386,0.5000000000000001,46.54,46.92,47.69,40000.0,41125.0,3500.0,26.923666,26.496582,26.952835,2.4,1.3000001,4.9999995,20.6071245,21.4654575,22.157128,2.15000002,1.7000001,1.3000001,1.2000002,2.8000002,46.54,,47.11571428571428,0.41508461560468474,40187.5,187.50000000019241,46.35
39625.0,133.5,170.0,1,1,0,0,0,7.5,1.6,25.884085,1.4000002,1.4000002,19.7258755,3.2,3.2,11,10,2,0,-0.8660254037844386,0.5000000000000001,46.35,46.73,47.5,39812.5,40937.5,2000.0,26.47783,26.977835,26.559082,3.1,1.0,2.3,21.024832,21.033169,20.6779595,2.25,7.14999975,9.1,2.2000003,1.2000002,46.35,,46.924285714285716,0.4150846156047024,40000.0,187.50000000022334,46.15
39437.5,133.41,170.0,1,1,0,0,0,7.5,1.8000001,26.275751,0.5,0.5,19.7665,2.40000005,2.40000005,12,10,3,0,-0.8660254037844386,0.5000000000000001,46.15,46.54,47.31,39625.0,40750.0,4000.0,25.884085,26.923666,26.902832,1.4000002,2.4,0.6,19.7258755,20.6071245,21.5529595,3.2,2.15000002,2.1000002,1.6,2.2000003,46.15,,46.73142857142857,0.4166304746384159,39812.5,187.50000000025426,45.96
39250.0,133.5,170.0,1,1,0,0,0,7.5,0.6,25.332003,0.0,0.0,19.764418,2.6,2.6,13,10,4,0,-0.8660254037844386,0.5000000000000001,45.96,46.35,47.12,39437.5,40562.5,6000.0,26.275751,26.47783,27.13825,0.5,3.1,1.7,19.7665,21.024832,21.379002,2.40000005,2.25,4.0000001,1.8000001,1.6,45.96,,46.53857142857142,0.416630474638431,39625.0,187.5000000002852,45.77
39062.5,133.53,170.0,1,1,0,0,0,7.5,1.4000001,24.521585,0.0,0.0,18.950877,3.799999750000001,3.799999750000001,14,10,5,1,-0.8660254037844386,0.5000000000000001,45.77,46.15,46.92,39250.0,40375.0,5515.625,25.332003,25.884085,26.496582,0.0,1.4000002,1.3000001,19.764418,19.7258755,21.4654575,2.6,3.2,1.7000001,0.6,1.8000001,45.77,,46.34571428571429,0.4150846156047522,39437.5,187.50000000031613,45.58
38875.0,133.53,170.0,1,1,0,0,0,7.5,0.4,24.725748,0.5,0.5,18.4102505,1.25000005,1.25000005,15,10,6,1,-0.8660254037844386,0.5000000000000001,45.58,45.96,46.73,39062.5,40187.5,5031.25,24.521585,26.275751,26.977835,0.0,0.5,1.0,18.950877,19.7665,21.033169,3.799999750000001,2.40000005,7.14999975,1.4000001,0.6,45.58,,46.15428571428571,0.41508461560477156,39250.0,187.50000000034706,45.38
38687.5,133.53,170.0,1,1,0,0,0,7.5,8.5,24.709085,9.1,9.1,18.301917000000003,3.5500000000000003,3.5500000000000003,16,10,0,0,-0.8660254037844386,0.5000000000000001,45.38,45.77,46.54,38875.0,40000.0,10062.5,24.725748,25.332003,26.923666,0.5,0.0,2.4,18.4102505,19.764418,20.6071245,1.25000005,2.6,2.15000002,0.4,1.4000001,45.38,,45.96142857142858,0.4166304746384866,39062.5,187.50000000037798,45.19
38500.0,133.55,170.0,1,1,0,0,0,7.5,2.1999998,23.94658,1.3,1.3,18.4362935,0.85,0.85,17,10,1,0,-0.8660254037844386,0.5000000000000001,45.19,45.58,46.35,38687.5,39812.5,15093.75,24.709085,24.521585,26.47783,9.1,0.0,3.1,18.301917000000003,18.950877,21.024832,3.5500000000000003,3.799999750000001,2.25,8.5,0.4,45.19,,45.76857142857143,0.4166304746385053,38875.0,187.5000000004089,45.0
500.0,133.52,170.0,1,1,0,0,0,7.5,2.4,23.671585,0.0,0.0,18.210251,0.65,0.65,18,10,2,0,-0.8660254037844386,0.5000000000000001,45.0,45.38,46.15,38500.0,39625.0,20125.0,23.94658,24.725748,25.884085,1.3,0.5,1.4000002,18.4362935,18.4102505,19.7258755,0.85,1.25000005,3.2,2.1999998,8.5,45.0,,45.575714285714284,0.41508461560482757,38687.5,187.50000000043983,45.0
15000.0,133.52,170.0,1,1,0,0,0,7.5,1.6000001,23.54033,0.3,0.3,17.673794,0.3,0.3,19,10,3,0,-0.8660254037844386,0.5000000000000001,45.0,45.19,45.96,500.0,39437.5,13950.0,23.671585,24.709085,26.275751,0.0,9.1,0.5,18.210251,18.301917000000003,19.7665,0.65,3.5500000000000003,2.40000005,2.4,2.1999998,45.0,,45.41142857142857,0.37560744454488015,25895.833333333332,21993.636627064072,45.0
11012.5,133.5,170.0,1,1,0,0,0,7.5,0.4,23.290335,0.0,0.0,17.380043,0.2,0.2,20,10,4,0,-0.8660254037844386,0.5000000000000001,45.0,45.0,45.77,15000.0,39250.0,12250.0,23.54033,23.94658,25.332003,0.3,1.3,0.0,17.673794,18.4362935,19.764418,0.3,0.85,2.6,1.6000001,2.4,45.0,,45.27428571428572,0.3117615083871527,18000.0,19176.80891076514,45.0
7025.0,133.3,170.0,1,1,0,0,0,7.5,1.8000002,22.646585,0.0,0.0,17.699832999999998,0.05,0.05,21,10,5,1,-0.8660254037844386,0.5000000000000001,45.0,45.0,45.58,11012.5,39062.5,43375.0,23.290335,23.671585,24.521585,0.0,0.0,0.0,17.380043,18.210251,18.950877,0.2,0.65,3.799999750000001,0.4,1.6000001,45.0,,45.16428571428571,0.23379885538323075,8837.5,7490.692140917406,60.0
14050.0,133.3,170.0,1,1,0,0,0,7.5,0.0,23.01742,0.0,0.0,18.0560845,0.0,0.0,22,10,6,1,-0.8660254037844386,0.5000000000000001,60.0,45.0,45.38,7025.0,38875.0,43187.5,22.646585,23.54033,24.725748,0.0,0.3,0.5,17.699832999999998,17.673794,18.4102505,0.05,0.3,1.25000005,1.8000002,0.4,60.0,,47.22428571428571,5.635429167754512,11012.5,3987.5000000002087,75.0
5500.0,133.3,170.0,1,1,0,0,0,7.5,0.1,23.100752,0.0,0.0,18.2769165,0.0,0.0,23,10,0,0,-0.8660254037844386,0.5000000000000001,75.0,45.0,45.19,14050.0,38687.5,43000.0,23.01742,23.290335,24.709085,0.0,0.0,9.1,18.0560845,17.380043,18.301917000000003,0.0,0.2,3.5500000000000003,0.0,1.8000002,75.0,,51.455714285714286,11.784894084014695,10695.833333333334,3523.1895468928456,75.0
2525.0,133.42,170.0,1,1,0,0,0,7.5,0.4,23.561167,0.0,0.0,18.609209,0.4,0.4,24,10,1,0,-0.8660254037844386,0.5000000000000001,75.0,60.0,45.0,5500.0,38500.0,42812.5,23.100752,22.646585,23.94658,0.0,0.0,1.3,18.2769165,17.699832999999998,18.4362935,0.0,0.05,0.85,0.1,0.0,75.0,,55.714285714285715,14.267845968170674,8858.333333333334,4560.313402972993,75.0
3400.0,133.42,169.25,1,1,0,0,0,7.5,0.2,23.607,0.0,0.0,18.4904575,0.35,0.35,25,10,2,0,-0.8660254037844386,0.5000000000000001,75.0,75.0,45.0,2525.0,500.0,42625.0,23.561167,23.01742,23.671585,0.0,0.0,0.0,18.609209,18.0560845,18.210251,0.4,0.0,0.65,0.4,0.1,75.0,,60.0,15.000000000000504,7358.333333333333,5983.014151189616,73.75
4275.0,133.4,168.5,1,1,0,0,0,7.5,0.3,23.38617,0.1,0.1,17.830044,0.5,0.5,26,10,3,0,-0.8660254037844386,0.5000000000000001,73.75,75.0,45.0,3400.0,15000.0,42437.5,23.607,23.100752,23.54033,0.0,0.0,0.3,18.4904575,18.2769165,17.673794,0.35,0.0,0.3,0.2,0.4,73.75,,64.10714285714286,14.118440322601923,3808.3333333333335,1528.9566159101469,72.5
5150.0,133.48,167.75,1,1,0,0,0,7.5,4.5,23.832,0.8,0.8,17.2665005,0.05,0.05,27,10,4,0,-0.8660254037844386,0.5000000000000001,72.5,75.0,45.0,4275.0,11012.5,42250.0,23.38617,23.561167,23.290335,0.1,0.0,0.0,17.830044,18.609209,17.380043,0.5,0.4,0.2,0.3,0.2,72.5,,68.03571428571429,11.498576516455255,3400.0,875.000000001199,71.25
6025.0,133.5,167.0,1,1,0,0,0,7.5,0.5,23.494501,0.0,0.0,17.0217095,0.0,0.0,28,10,5,1,-0.8660254037844386,0.5000000000000001,71.25,73.75,60.0,5150.0,7025.0,42062.5,23.832,23.607,22.646585,0.8,0.0,0.0,17.2665005,18.4904575,17.699832999999998,0.05,0.35,0.05,4.5,0.3,71.25,,71.78571428571429,5.393724307449904,4275.0,875.0000000011709,70.0
6900.0,133.5,166.25,1,1,0,0,0,7.5,0.70000005,22.796585,0.0,0.0,18.085249,0.0,0.0,29,10,6,1,-0.8660254037844386,0.5000000000000001,70.0,72.5,75.0,6025.0,14050.0,41875.0,23.494501,23.38617,23.01742,0.0,0.1,0.0,17.0217095,17.830044,18.0560845,0.0,0.5,0.0,0.5,4.5,70.0,,73.21428571428571,2.0229339842851606,5150.0,875.000000001142,68.75
7775.0,133.5,165.5,1,1,0,0,0,7.5,0.0,22.629915,0.0,0.0,18.4852515,0.05,0.05,30,10,0,0,-0.8660254037844386,0.5000000000000001,68.75,71.25,75.0,6900.0,5500.0,41687.5,22.796585,23.832,23.100752,0.0,0.8,0.0,18.085249,17.2665005,18.2769165,0.0,0.05,0.0,0.70000005,0.5,68.75,,72.32142857142857,2.4397501823742047,6025.0,875.0000000011131,67.5
8650.0,133.51,164.75,1,1,0,0,0,7.5,0.1,24.134085,0.0,0.0,18.730043,0.0,0.0,31,10,1,0,-0.8660254037844386,0.5000000000000001,67.5,70.0,75.0,7775.0,2525.0,41500.0,22.629915,23.494501,23.561167,0.0,0.0,0.0,18.4852515,17.0217095,18.609209,0.05,0.0,0.4,0.0,0.70000005,67.5,,71.25,2.700308624339221,6900.0,875.0000000010842,66.25
9525.0,133.51,164.0,1,1,0,0,0,5.38,0.0,23.848665,0.0,0.0,18.2946255,0.0,0.0,1,11,2,0,-0.5000000000000004,0.8660254037844384,66.25,68.75,73.75,8650.0,3400.0,41312.5,24.134085,22.796585,23.607,0.0,0.0,0.0,18.730043,18.085249,18.4904575,0.0,0.0,0.35,0.1,0.0,66.25,,70.0,2.700308624339246,7775.0,875.0000000010554,65.0
4250.0,133.57,164.0,1,1,0,0,0,5.38,0.2,23.659082,0.0,0.0,18.1248345,0.0,0.0,2,11,3,0,-0.5000000000000004,0.8660254037844384,65.0,67.5,72.5,9525.0,4275.0,41125.0,23.848665,22.629915,23.38617,0.0,0.0,0.1,18.2946255,18.4852515,17.830044,0.0,0.05,0.5,0.0,0.1,65.0,,68.75,2.70030862433927,8650.0,875.0000000010261,65.0
12125.0,133.5,164.0,1,1,0,0,0,5.38,0.4,23.0445,0.0,0.0,17.250877,0.8,0.8,3,11,4,0,-0.5000000000000004,0.8660254037844384,65.0,66.25,71.25,4250.0,5150.0,40937.5,23.659082,24.134085,23.832,0.0,0.0,0.8,18.1248345,18.730043,17.2665005,0.0,0.0,0.05,0.2,0.0,65.0,,67.67857142857143,2.439750182374303,7475.0,2826.990449223673,65.0
20000.0,133.56,164.0,1,1,0,0,0,5.38,0.4,22.88617,0.0,0.0,16.1685845,0.25,0.25,4,11,5,1,-0.5000000000000004,0.8660254037844384,65.0,65.0,70.0,12125.0,6025.0,40750.0,23.0445,23.848665,23.494501,0.0,0.0,0.0,17.250877,18.2946255,17.0217095,0.8,0.0,0.0,0.4,0.2,65.0,,66.78571428571429,2.0229339842853227,8633.333333333334,4012.5064901299697,65.0
12000.0,133.56,164.0,1,1,0,0,0,5.38,0.3,21.979918,0.0,0.0,16.1873345,0.05,0.05,5,11,6,1,-0.5000000000000004,0.8660254037844384,65.0,65.0,68.75,20000.0,6900.0,40562.5,22.88617,23.659082,22.796585,0.0,0.0,0.0,16.1685845,18.1248345,18.085249,0.25,0.0,0.0,0.4,0.4,65.0,,66.07142857142857,1.5187322407397188,12125.0,7875.000000000101,65.0
11750.0,133.56,164.0,1,1,0,0,0,5.38,1.2,21.5195,0.0,0.0,16.506083,0.550000025,0.550000025,6,11,0,0,-0.5000000000000004,0.8660254037844384,65.0,65.0,67.5,12000.0,7775.0,40375.0,21.979918,23.0445,22.629915,0.0,0.0,0.0,16.1873345,17.250877,18.4852515,0.05,0.8,0.05,0.3,0.4,65.0,,65.53571428571429,0.9834947405942939,14708.333333333334,4583.143935480839,65.0
11500.0,133.45,164.0,1,1,0,0,0,5.38,0.1,21.617418,0.0,0.0,16.626918500000002,0.15,0.15,7,11,1,0,-0.5000000000000004,0.8660254037844384,65.0,65.0,66.25,11750.0,8650.0,40187.5,21.5195,22.88617,24.134085,0.0,0.0,0.0,16.506083,16.1685845,18.730043,0.550000025,0.25,0.0,1.2,0.3,65.0,,65.17857142857143,0.47245559127716663,14583.333333333334,4692.636075100519,65.0
11250.0,133.52,164.0,1,1,0,0,0,5.38,0.0,21.136168,0.0,0.0,16.489417500000002,0.0,0.0,8,11,2,0,-0.5000000000000004,0.8660254037844384,65.0,65.0,65.0,11500.0,9525.0,40000.0,21.617418,21.979918,23.848665,0.0,0.0,0.0,16.626918500000002,16.1873345,18.2946255,0.15,0.05,0.0,0.1,1.2,65.0,,65.0,0.0,11750.0,250.00000000324835,65.0
11000.0,133.54,164.0,1,1,0,0,0,5.38,0.0,20.911165,0.0,0.0,15.861294,0.0,0.0,9,11,3,0,-0.5000000000000004,0.8660254037844384,65.0,65.0,65.0,11250.0,4250.0,39812.5,21.136168,21.5195,23.659082,0.0,0.0,0.0,16.489417500000002,16.506083,18.1248345,0.0,0.550000025,0.0,0.0,0.1,65.0,,65.0,0.0,11500.0,250.0000000032779,65.0
10666.666666666666,133.56,164.0,1,1,0,0,0,5.38,0.1,21.496584,0.0,0.0,16.111292,0.0,0.0,10,11,4,0,-0.5000000000000004,0.8660254037844384,65.0,65.0,65.0,11000.0,12125.0,39625.0,20.911165,21.617418,23.0445,0.0,0.0,0.0,15.861294,16.626918500000002,17.250877,0.0,0.15,0.8,0.0,0.0,65.0,,65.0,0.0,11250.0,250.00000000330746,65.0
10333.333333333334,133.65,164.0,1,1,0,0,0,5.38,0.1,21.509087,0.0,0.0,16.2717095,0.6,0.6,11,11,5,1,-0.5000000000000004,0.8660254037844384,65.0,65.0,65.0,10666.666666666666,20000.0,39437.5,21.496584,21.136168,22.88617,0.0,0.0,0.0,16.111292,16.489417500000002,16.1685845,0.0,0.0,0.25,0.1,0.0,65.0,,65.0,0.0,10972.22222222222,292.6570486932071,45.0
10000.0,133.65,164.0,1,1,0,0,0,5.38,0.0,20.917418,0.0,0.0,16.1404575,0.0,0.0,12,11,6,1,-0.5000000000000004,0.8660254037844384,45.0,65.0,65.0,10333.333333333334,12000.0,39250.0,21.509087,20.911165,21.979918,0.0,0.0,0.0,16.2717095,15.861294,16.1873345,0.6,0.0,0.05,0.1,0.1,45.0,,62.142857142857146,7.559289460185544,10666.666666666666,333.3333333358639,55.0
7626.25,133.65,164.0,1,1,0,0,0,5.38,0.2,20.85075,0.0,0.0,16.719625,0.0,0.0,13,11,0,0,-0.5000000000000004,0.8660254037844384,55.0,65.0,65.0,10000.0,11750.0,39062.5,20.917418,21.496584,21.5195,0.0,0.0,0.0,16.1404575,16.111292,16.506083,0.0,0.0,0.550000025,0.0,0.1,55.0,,60.714285714285715,7.867957924695401,10333.333333333334,333.3333333358928,55.0
5252.5,133.64,164.0,1,1,0,0,0,5.38,0.0,20.721584,0.0,0.0,16.9394175,0.0,0.0,14,11,1,0,-0.5000000000000004,0.8660254037844384,55.0,45.0,65.0,7626.25,11500.0,38875.0,20.85075,21.509087,21.617418,0.0,0.0,0.0,16.719625,16.2717095,16.626918500000002,0.0,0.6,0.15,0.2,0.0,55.0,,59.285714285714285,7.86795792469541,9319.861111111111,1476.1492893805832,65.0
2878.75,133.64,164.0,1,1,0,0,0,5.38,0.0,21.40075,0.0,0.0,16.88525,0.0,0.0,15,11,2,0,-0.5000000000000004,0.8660254037844384,65.0,55.0,65.0,5252.5,11250.0,38687.5,20.721584,20.917418,21.136168,0.0,0.0,0.0,16.9394175,16.1404575,16.489417500000002,0.0,0.0,0.0,0.0,0.2,65.0,,59.285714285714285,7.86795792469541,7626.25,2373.750000000391,65.0
505.0,133.34,164.0,0,1,0,0,0,5.38,0.1,22.361168,0.0,0.0,16.7227505,0.0,0.0,16,11,3,0,-0.5000000000000004,0.8660254037844384,65.0,55.0,65.0,2878.75,11000.0,38500.0,21.40075,20.85075,20.911165,0.0,0.0,0.0,16.88525,16.719625,15.861294,0.0,0.0,0.0,0.0,0.0,65.0,,59.285714285714285,7.86795792469541,5252.5,2373.7500000004184,65.0
1010.0,133.48,164.0,0,1,0,0,0,5.38,0.0,22.782,0.0,0.0,17.1831685,0.0,0.0,17,11,4,0,-0.5000000000000004,0.8660254037844384,65.0,65.0,65.0,505.0,10666.666666666666,500.0,22.361168,20.721584,21.496584,0.0,0.0,0.0,16.7227505,16.9394175,16.111292,0.0,0.0,0.0,0.1,0.0,65.0,,59.285714285714285,7.86795792469541,2878.75,2373.750000000446,65.0
1515.0,133.54,164.0,0,1,0,0,0,5.38,0.0,22.052835,0.0,0.0,16.285251000000002,0.1,0.1,18,11,5,1,-0.5000000000000004,0.8660254037844384,65.0,65.0,45.0,1010.0,10333.333333333334,15000.0,22.782,21.40075,21.509087,0.0,0.0,0.0,17.1831685,16.88525,16.2717095,0.0,0.0,0.6,0.0,0.1,65.0,,59.285714285714285,7.86795792469541,1464.5833333333333,1250.4626227262963,65.0
2020.0,133.54,164.0,0,1,0,0,0,5.38,0.0,21.807001,0.0,0.0,16.268583,0.0,0.0,19,11,6,1,-0.5000000000000004,0.8660254037844384,65.0,65.0,55.0,1515.0,10000.0,11012.5,22.052835,22.361168,20.917418,0.0,0.0,0.0,16.285251000000002,16.7227505,16.1404575,0.1,0.0,0.0,0.0,0.0,65.0,,62.142857142857146,4.8795003647442154,1010.0,505.00000000219717,65.0
2525.0,133.54,164.0,0,1,0,0,0,5.38,0.0,20.732,0.0,0.0,16.286292,0.0,0.0,20,11,0,0,-0.5000000000000004,0.8660254037844384,65.0,65.0,55.0,2020.0,7626.25,7025.0,21.807001,22.782,20.85075,0.0,0.0,0.0,16.268583,17.1831685,16.719625,0.0,0.0,0.0,0.0,0.0,65.0,,63.57142857142857,3.779644730094256,1515.0,505.0000000021701,65.0
1683.33,133.65,164.0,0,1,0,0,0,5.38,0.0,20.196585,0.0,0.0,15.513375,0.0,0.0,21,11,1,0,-0.5000000000000004,0.8660254037844384,65.0,65.0,65.0,2525.0,5252.5,14050.0,20.732,22.052835,20.721584,0.0,0.0,0.0,16.286292,16.285251000000002,16.9394175,0.0,0.1,0.0,0.0,0.0,65.0,,65.0,0.0,2020.0,505.00000000214317,71.67
841.67,133.68,164.0,0,1,0,0,0,5.38,0.0,20.096584,0.0,0.0,14.615459,0.3,0.3,22,11,2,0,-0.5000000000000004,0.8660254037844384,71.67,65.0,65.0,1683.33,2878.75,5500.0,20.196585,21.807001,21.40075,0.0,0.0,0.0,15.513375,16.268583,16.88525,0.0,0.0,0.0,0.0,0.0,71.67,,65.95285714285714,2.521023034974472,2076.11,423.63114415982403,78.33
1989.2885714285712,133.62,164.0,0,1,0,0,0,5.38,0.3,20.113249,0.0,0.0,14.7362925,0.15,0.15,23,11,3,0,-0.5000000000000004,0.8660254037844384,78.33,65.0,65.0,841.67,505.0,2525.0,20.096584,20.732,22.361168,0.0,0.0,0.0,14.615459,16.286292,16.7227505,0.3,0.0,0.0,0.0,0.0,78.33,,67.85714285714286,5.244599489907527,1683.3333333333333,841.6650000062472,85.0
3136.907142857143,133.66,164.0,0,1,0,0,0,5.38,2.1,19.986168,0.0,0.0,15.531084,1.000000075,1.000000075,24,11,4,0,-0.5000000000000004,0.8660254037844384,85.0,71.67,65.0,1989.2885714285712,1010.0,3400.0,20.113249,20.196585,22.782,0.0,0.0,0.0,14.7362925,15.513375,17.1831685,0.15,0.0,0.0,0.3,0.0,85.0,,70.71428571428571,8.099448246934852,1504.762857142857,594.2825630583935,85.0
4284.5257142857145,133.7,164.0,0,1,0,0,0,5.38,1.4000001,20.434084,0.0,0.0,15.517542,0.05,0.05,25,11,5,1,-0.5000000000000004,0.8660254037844384,85.0,78.33,65.0,3136.907142857143,1515.0,4275.0,19.986168,20.096584,22.052835,0.0,0.0,0.0,15.531084,14.615459,16.285251000000002,1.000000075,0.3,0.1,2.1,0.3,85.0,,73.57142857142857,9.200471778794538,1989.2885714285712,1147.6185714295152,85.0
5432.144285714286,133.7,164.0,0,1,0,0,0,5.38,0.0,20.675749,0.0,0.0,16.3425415,0.0,0.0,26,11,6,1,-0.5000000000000004,0.8660254037844384,85.0,85.0,65.0,4284.5257142857145,2020.0,5150.0,20.434084,20.113249,21.807001,0.0,0.0,0.0,15.517542,14.7362925,16.268583,0.05,0.15,0.0,1.4000001,2.1,85.0,,76.42857142857143,9.20047177879452,3136.907142857143,1147.6185714294884,85.0
6579.762857142858,133.7,164.0,0,1,0,0,0,5.38,0.1,20.615334,0.0,0.0,16.585251,0.0,0.0,27,11,0,0,-0.5000000000000004,0.8660254037844384,85.0,85.0,65.0,5432.144285714286,2525.0,6025.0,20.675749,19.986168,20.732,0.0,0.0,0.0,16.3425415,15.531084,16.286292,0.0,1.000000075,0.0,0.0,1.4000001,85.0,,79.28571428571429,8.09944824693479,4284.5257142857145,1147.6185714294606,85.0
7727.381428571429,133.7,164.0,0,1,0,0,0,5.38,0.2,21.359083,0.0,0.0,16.395667,0.05,0.05,28,11,1,0,-0.5000000000000004,0.8660254037844384,85.0,85.0,71.67,6579.762857142858,1683.33,6900.0,20.615334,20.434084,20.196585,0.0,0.0,0.0,16.585251,15.517542,15.513375,0.0,0.05,0.0,0.1,0.0,85.0,,82.14285714285714,5.244599489907368,5432.1442857142865,1147.6185714294336,85.0
8875.0,133.64,164.0,0,1,0,0,0,5.38,0.1,20.590334,0.0,0.0,15.97796,0.1,0.1,29,11,2,0,-0.5000000000000004,0.8660254037844384,85.0,85.0,78.33,7727.381428571429,841.67,7775.0,21.359083,20.675749,20.096584,0.0,0.0,0.0,16.395667,16.3425415,14.615459,0.05,0.0,0.3,0.2,0.1,85.0,,84.04714285714284,2.5210230349740423,6579.762857142858,1147.618571429407,85.0
7645.833333333333,133.63,160.0,0,1,0,0,0,5.38,0.0,19.692415,0.0,0.0,14.8956665,0.0,0.0,30,11,3,0,-0.5000000000000004,0.8660254037844384,85.0,85.0,85.0,8875.0,1989.2885714285712,8650.0,20.590334,20.615334,20.113249,0.0,0.0,0.0,15.97796,16.585251,14.7362925,0.1,0.0,0.15,0.1,0.2,85.0,,85.0,0.0,7727.381428571429,1147.6185714293802,85.0
6416.666666666666,133.74,160.0,0,0,0,0,1,4.95,0.1,20.582,0.0,0.0,15.734209,0.05,0.05,1,12,4,0,-2.4492935982947064e-16,1.0,85.0,85.0,85.0,7645.833333333333,3136.907142857143,9525.0,19.692415,21.359083,19.986168,0.0,0.0,0.0,14.8956665,16.395667,15.531084,0.0,0.05,1.000000075,0.0,0.1,85.0,,85.0,0.0,8082.738253968254,687.3292723506196,85.0
5187.5,133.57,160.0,0,0,0,0,1,4.95,0.0,20.459085,0.0,0.0,15.154001,0.0,0.0,2,12,5,1,-2.4492935982947064e-16,1.0,85.0,85.0,85.0,6416.666666666666,4284.5257142857145,4250.0,20.582,20.590334,20.434084,0.0,0.0,0.0,15.734209,15.97796,15.517542,0.05,0.1,0.05,0.1,0.0,85.0,,85.0,0.0,7645.833333333333,1229.1666666674246,76.67
3958.333333333333,133.57,160.0,0,0,0,0,1,4.95,0.0,19.432001,0.0,0.0,15.445666,0.0,0.0,3,12,6,1,-2.4492935982947064e-16,1.0,76.67,85.0,85.0,5187.5,5432.144285714286,12125.0,20.459085,19.692415,20.675749,0.0,0.0,0.0,15.154001,14.8956665,16.3425415,0.0,0.0,0.0,0.0,0.1,76.67,,83.80999999999999,3.148444060168865,6416.666666666667,1229.166666667452,75.0
2729.166666666667,133.57,160.0,0,0,0,0,1,4.95,0.0,19.644503,0.0,0.0,14.6446255,0.1,0.1,4,12,0,0,-2.4492935982947064e-16,1.0,75.0,85.0,85.0,3958.333333333333,6579.762857142858,20000.0,19.432001,20.582,20.615334,0.0,0.0,0.0,15.445666,15.734209,16.585251,0.0,0.05,0.0,0.0,0.0,75.0,,82.38142857142857,4.497971500472227,5187.5,1229.16666666748,75.0
1500.0,133.69,160.0,0,0,0,0,1,4.95,0.0,18.596582,0.0,0.0,15.2352505,0.0,0.0,5,12,1,0,-2.4492935982947064e-16,1.0,75.0,76.67,85.0,2729.166666666667,7727.381428571429,12000.0,19.644503,20.459085,21.359083,0.0,0.0,0.0,14.6446255,15.154001,16.395667,0.1,0.0,0.05,0.0,0.0,75.0,,80.95285714285714,5.078276329248279,3958.3333333333335,1229.1666666675078,65.0
3000.0,133.72,160.0,0,0,0,0,1,4.95,0.0,20.402834,0.0,0.0,14.744626,0.0,0.0,6,12,2,0,-2.4492935982947064e-16,1.0,65.0,75.0,85.0,1500.0,8875.0,11750.0,18.596582,19.432001,20.590334,0.0,0.0,0.0,15.2352505,15.445666,15.97796,0.0,0.0,0.1,0.0,0.0,65.0,,78.09571428571428,7.480026419612995,2729.1666666666665,1229.166666667535,66.67
2965.909090909091,133.63,160.0,0,0,0,0,1,4.95,0.2,18.813253,1.2,1.2,13.6967065,0.2,0.2,7,12,3,0,-2.4492935982947064e-16,1.0,66.67,75.0,85.0,3000.0,7645.833333333333,11500.0,20.402834,19.644503,19.692415,0.0,0.0,0.0,14.744626,14.6446255,14.8956665,0.0,0.1,0.0,0.0,0.0,66.67,,75.47714285714287,7.859009085726852,2409.722222222222,799.3957498116735,55.0
2931.818181818182,133.67,160.0,0,0,0,0,1,4.95,0.0,18.954918,0.0,0.0,13.731083,0.0,0.0,8,12,4,0,-2.4492935982947064e-16,1.0,55.0,65.0,85.0,2965.909090909091,6416.666666666666,11250.0,18.813253,18.596582,20.582,1.2,0.0,0.0,13.6967065,15.2352505,15.734209,0.2,0.0,0.05,0.2,0.0,55.0,,71.19142857142857,9.75227568070113,2488.6363636363635,856.3538650294682,65.0
2897.7272727272725,133.72,160.0,0,0,0,0,1,4.95,0.0,17.702833,0.0,0.0,13.20295775,0.0,0.0,9,12,5,1,-2.4492935982947064e-16,1.0,65.0,66.67,76.67,2931.818181818182,5187.5,11000.0,18.954918,20.402834,20.459085,0.0,0.0,0.0,13.731083,14.744626,15.154001,0.0,0.0,0.0,0.0,0.2,65.0,,68.33428571428571,7.758388701148533,2965.9090909090905,34.09090912204173,66.67
2863.6363636363635,133.72,160.0,0,0,0,0,1,4.95,0.1,16.371584,0.0,0.0,12.255042,0.0,0.0,10,12,6,1,-2.4492935982947064e-16,1.0,66.67,55.0,75.0,2897.7272727272725,3958.333333333333,10666.666666666666,17.702833,18.813253,19.432001,0.0,1.2,0.0,13.20295775,13.6967065,15.445666,0.0,0.2,0.0,0.0,0.0,66.67,,66.90571428571428,6.8331980242130665,2931.818181818182,34.09090912206873,65.0
2829.5454545454545,133.72,160.0,0,0,0,0,1,4.95,0.4,16.079918,0.0,0.0,12.267543,0.0,0.0,11,12,0,0,-2.4492935982947064e-16,1.0,65.0,65.0,75.0,2863.6363636363635,2729.166666666667,10333.333333333334,16.371584,18.954918,19.644503,0.0,0.0,0.0,12.255042,13.731083,14.6446255,0.0,0.0,0.1,0.1,0.0,65.0,,65.47714285714285,5.830725267312068,2897.7272727272725,34.09090912209573,65.0
2795.454545454545,133.74,160.0,0,0,0,0,1,4.95,1.5,16.519499,0.0,0.0,12.481084,0.0,0.0,12,12,1,0,-2.4492935982947064e-16,1.0,65.0,66.67,65.0,2829.5454545454545,1500.0,10000.0,16.079918,17.702833,18.596582,0.0,0.0,0.0,12.267543,13.20295775,15.2352505,0.0,0.0,0.0,0.4,0.1,65.0,,64.04857142857142,4.066966226283254,2863.6363636363635,34.09090912212273,55.0
2761.3636363636365,133.73,160.0,0,0,0,0,1,4.95,1.4000001,15.7924185,0.0,0.0,11.0519175,0.400000025,0.400000025,13,12,2,0,-2.4492935982947064e-16,1.0,55.0,65.0,66.67,2795.454545454545,3000.0,7626.25,16.519499,16.371584,20.402834,0.0,0.0,0.0,12.481084,12.255042,14.744626,0.0,0.0,0.0,1.5,0.4,55.0,,62.62,5.2587546054189005,2829.5454545454545,34.0909091221503,63.33
2727.272727272727,133.75,160.0,0,0,0,0,1,4.95,0.0,15.623668,0.0,0.0,11.09045825,0.0,0.0,14,12,3,0,-2.4492935982947064e-16,1.0,63.33,65.0,55.0,2761.3636363636365,2965.909090909091,5252.5,15.7924185,16.079918,18.813253,0.0,0.0,1.2,11.0519175,12.267543,13.6967065,0.400000025,0.0,0.2,1.4000001,1.5,63.33,,62.142857142857146,4.97384731800964,2795.4545454545455,34.090909122177585,50.0
2693.181818181818,133.64,157.0,0,0,0,0,1,4.95,0.0,14.852833,0.0,0.0,11.4779575,0.0,0.0,15,12,4,0,-2.4492935982947064e-16,1.0,50.0,55.0,65.0,2727.272727272727,2931.818181818182,2878.75,15.623668,16.519499,18.954918,0.0,0.0,0.0,11.09045825,12.481084,13.731083,0.0,0.0,0.0,0.0,1.4000001,50.0,,61.42857142857143,6.341557191972823,2761.363636363636,34.090909122205154,53.33
2659.090909090909,133.11,157.0,0,0,0,0,1,4.95,0.0,15.121583,0.0,0.0,11.9831665,0.0,0.0,16,12,5,1,-2.4492935982947064e-16,1.0,53.33,63.33,66.67,2693.181818181818,2897.7272727272725,505.0,14.852833,15.7924185,17.702833,0.0,0.0,0.0,11.4779575,11.0519175,13.20295775,0.0,0.400000025,0.0,0.0,0.0,53.33,,59.76142857142857,6.765947651220959,2727.272727272727,34.09090912223301,55.0
2625.0,133.11,157.0,0,0,0,0,1,4.95,0.0,15.221583,0.0,0.0,12.8977505,0.0,0.0,17,12,6,1,-2.4492935982947064e-16,1.0,55.0,50.0,65.0,2659.090909090909,2863.6363636363635,1010.0,15.121583,15.623668,16.371584,0.0,0.0,0.0,11.9831665,11.09045825,12.255042,0.0,0.0,0.0,0.0,0.0,55.0,,58.09428571428572,6.193485440749568,2693.181818181818,34.09090912226058,55.0
3167.857142857143,133.11,157.0,0,0,0,0,1,4.95,0.0,15.215333,0.0,0.0,11.820666,0.0,0.0,18,12,0,0,-2.4492935982947064e-16,1.0,55.0,53.33,65.0,2625.0,2829.5454545454545,1515.0,15.221583,14.852833,16.079918,0.0,0.0,0.0,12.8977505,11.4779575,12.267543,0.0,0.0,0.0,0.0,0.0,55.0,,56.66571428571429,5.442970564998831,2659.090909090909,34.09090912228843,65.0
3710.714285714286,133.2,157.0,0,0,0,0,1,4.95,0.0,15.319501,0.0,0.0,11.5758745,0.0,0.0,19,12,1,0,-2.4492935982947064e-16,1.0,65.0,55.0,55.0,3167.857142857143,2795.454545454545,2020.0,15.215333,15.121583,16.519499,0.0,0.0,0.0,11.820666,11.9831665,12.481084,0.0,0.0,0.0,0.0,0.0,65.0,,56.66571428571429,5.442970564998831,2817.3160173160177,304.05568247365704,65.0
4253.571428571428,133.4,157.0,0,0,0,0,1,4.95,0.0,15.832001,0.0,0.0,12.724833,0.0,0.0,20,12,2,0,-2.4492935982947064e-16,1.0,65.0,55.0,63.33,3710.714285714286,2761.3636363636365,2525.0,15.319501,15.221583,15.7924185,0.0,0.0,0.0,11.5758745,12.8977505,11.0519175,0.0,0.0,0.400000025,0.0,0.0,65.0,,58.09428571428572,6.193485440749568,3167.857142857143,542.8571428590875,65.0
4796.428571428572,133.38,157.0,0,0,0,0,1,4.95,0.0,15.41325,0.0,0.0,13.92170875,0.0,0.0,21,12,3,0,-2.4492935982947064e-16,1.0,65.0,65.0,50.0,4253.571428571428,2727.272727272727,1683.33,15.832001,15.215333,15.623668,0.0,0.0,0.0,12.724833,11.820666,11.09045825,0.0,0.0,0.0,0.0,0.0,65.0,,58.33285714285715,6.455402683763327,3710.714285714286,542.8571428590599,65.0
5339.285714285714,133.55,157.0,0,0,0,0,1,4.95,0.0,16.127834,0.0,0.0,13.480042999999998,0.0,0.0,22,12,4,0,-2.4492935982947064e-16,1.0,65.0,65.0,53.33,4796.428571428572,2693.181818181818,841.67,15.41325,15.319501,14.852833,0.0,0.0,0.0,13.92170875,11.5758745,11.4779575,0.0,0.0,0.0,0.0,0.0,65.0,,60.47571428571429,5.670167126118063,4253.571428571428,542.8571428590329,55.0
5882.142857142857,133.33,157.0,0,0,0,0,1,4.95,0.0,17.607,0.0,0.0,13.62379275,0.0,0.0,23,12,5,1,-2.4492935982947064e-16,1.0,55.0,65.0,55.0,5339.285714285714,2659.090909090909,1989.2885714285712,16.127834,15.832001,15.121583,0.0,0.0,0.0,13.480042999999998,12.724833,11.9831665,0.0,0.0,0.0,0.0,0.0,55.0,,60.714285714285715,5.345224838249862,4796.428571428572,542.8571428590054,55.0
6425.0,133.33,157.0,0,0,0,0,1,4.95,0.0,17.592419,0.0,0.0,12.997751,0.0,0.0,24,12,6,1,-2.4492935982947064e-16,1.0,55.0,65.0,55.0,5882.142857142857,2625.0,3136.907142857143,17.607,15.41325,15.221583,0.0,0.0,0.0,13.62379275,13.92170875,12.8977505,0.0,0.0,0.0,0.0,0.0,55.0,,60.714285714285715,5.345224838249862,5339.285714285714,542.8571428589776,55.0
5950.0,133.33,157.0,0,0,0,0,1,4.95,0.0,17.81325,0.0,0.0,12.543583,0.0,0.0,25,12,0,0,-2.4492935982947064e-16,1.0,55.0,55.0,65.0,6425.0,3167.857142857143,4284.5257142857145,17.592419,16.127834,15.215333,0.0,0.0,0.0,12.997751,13.480042999999998,11.820666,0.0,0.0,0.0,0.0,0.0,55.0,,60.714285714285715,5.345224838249862,5882.142857142856,542.8571428589496,55.0
5475.0,133.33,157.0,0,0,0,0,1,4.95,0.0,17.109085,0.0,0.0,12.869624,0.0,0.0,26,12,1,0,-2.4492935982947064e-16,1.0,55.0,55.0,65.0,5950.0,3710.714285714286,5432.144285714286,17.81325,17.607,15.319501,0.0,0.0,0.0,12.543583,13.62379275,11.5758745,0.0,0.0,0.0,0.0,0.0,55.0,,59.285714285714285,5.345224838249876,6085.714285714285,295.7824283149846,65.0
5000.0,133.42,157.0,0,0,0,0,1,4.95,0.0,16.952837,0.0,0.0,13.010251,0.0,0.0,27,12,2,0,-2.4492935982947064e-16,1.0,65.0,55.0,65.0,5475.0,4253.571428571428,6579.762857142858,17.109085,17.592419,15.832001,0.0,0.0,0.0,12.869624,12.997751,12.724833,0.0,0.0,0.0,0.0,0.0,65.0,,59.285714285714285,5.345224838249876,5950.0,475.0000000020606,55.0
4000.0,133.66,157.0,0,0,0,0,1,4.95,0.70000005,17.263252,0.0,0.0,12.988375,0.15,0.15,28,12,3,0,-2.4492935982947064e-16,1.0,55.0,55.0,65.0,5000.0,4796.428571428572,7727.381428571429,16.952837,17.81325,15.41325,0.0,0.0,0.0,13.010251,12.543583,13.92170875,0.0,0.0,0.0,0.0,0.0,55.0,,57.857142857142854,4.879500364744202,5475.0,475.0000000020894,55.0
3000.0,133.37,157.0,0,0,0,0,1,4.95,0.0,17.002834,0.0,0.0,12.724834,0.0,0.0,29,12,4,0,-2.4492935982947064e-16,1.0,55.0,65.0,55.0,4000.0,5339.285714285714,8875.0,17.263252,17.109085,16.127834,0.0,0.0,0.0,12.988375,12.869624,13.480042999999998,0.15,0.0,0.0,0.70000005,0.0,55.0,,56.42857142857143,3.7796447300942755,4825.0,752.9110173201229,55.0
5000.0,133.44,157.0,0,0,0,0,1,4.95,0.2,15.7403345,0.0,0.0,13.0477505,0.0,0.0,30,12,5,1,-2.4492935982947064e-16,1.0,55.0,55.0,55.0,3000.0,5882.142857142857,7645.833333333333,17.002834,16.952837,17.607,0.0,0.0,0.0,12.724834,13.010251,13.62379275,0.0,0.0,0.0,0.0,0.70000005,55.0,,56.42857142857143,3.7796447300942755,4000.0,1000.0000000010352,55.0
9000.0,133.44,157.0,0,0,0,0,1,4.95,0.0,14.636167,0.0,0.0,12.482125,0.0,0.0,31,12,6,1,-2.4492935982947064e-16,1.0,55.0,55.0,55.0,5000.0,6425.0,6416.666666666666,15.7403345,17.263252,17.592419,0.0,0.0,0.0,13.0477505,12.988375,12.997751,0.0,0.15,0.0,0.2,0.0,55.0,,56.42857142857143,3.7796447300942755,4000.0,1000.0000000010352,55.0
7000.0,133.44,157.0,0,0,0,0,1,5.26,0.0,13.731999,0.0,0.0,11.7060835,0.0,0.0,1,1,0,0,0.4999999999999999,0.8660254037844387,55.0,55.0,55.0,9000.0,5950.0,5187.5,14.636167,17.002834,17.81325,0.0,0.0,0.0,12.482125,12.724834,12.543583,0.0,0.0,0.0,0.0,0.2,55.0,,56.42857142857143,3.7796447300942755,5666.666666666667,3055.0504633042165,55.0
5000.0,133.49,157.0,0,0,0,0,1,5.26,0.2,13.679916,0.0,0.0,11.0519175,0.05,0.05,2,1,1,0,0.4999999999999999,0.8660254037844387,55.0,55.0,65.0,7000.0,5475.0,3958.333333333333,13.731999,15.7403345,17.109085,0.0,0.0,0.0,11.7060835,13.0477505,12.869624,0.0,0.0,0.0,0.0,0.0,55.0,,56.42857142857143,3.7796447300942755,7000.0,2000.0000000004738,45.0
5000.0,133.62,157.0,0,0,0,0,1,5.26,0.0,13.963252,0.0,0.0,10.9342085,0.0,0.0,3,1,2,0,0.4999999999999999,0.8660254037844387,45.0,55.0,55.0,5000.0,5000.0,2729.166666666667,13.679916,14.636167,16.952837,0.0,0.0,0.0,11.0519175,12.482125,13.010251,0.05,0.0,0.0,0.2,0.0,45.0,,53.57142857142857,3.7796447300943132,7000.0,2000.0000000004738,65.0
5000.0,133.55,157.0,0,0,0,0,1,5.26,0.1,13.911168,0.0,0.0,11.0133735,0.0,0.0,4,1,3,0,0.4999999999999999,0.8660254037844387,65.0,55.0,55.0,5000.0,4000.0,1500.0,13.963252,13.731999,17.263252,0.0,0.0,0.0,10.9342085,11.7060835,12.988375,0.0,0.0,0.15,0.0,0.2,65.0,,55.0,5.773502691897583,5666.666666666667,1154.7005383801056,55.0
5000.0,133.48,157.0,0,0,0,0,1,5.26,0.0,14.36325,0.0,0.0,11.212334,0.0,0.0,5,1,4,0,0.4999999999999999,0.8660254037844387,55.0,45.0,55.0,5000.0,3000.0,3000.0,13.911168,13.679916,17.002834,0.0,0.0,0.0,11.0133735,11.0519175,12.724834,0.0,0.05,0.0,0.1,0.0,55.0,,55.0,5.773502691897583,5000.0,0.0,55.0
5000.0,133.35,157.0,0,0,0,0,1,5.26,0.4,15.588249,0.0,0.0,11.41025,0.0,0.0,6,1,5,1,0.4999999999999999,0.8660254037844387,55.0,65.0,55.0,5000.0,5000.0,2965.909090909091,14.36325,13.963252,15.7403345,0.0,0.0,0.0,11.212334,10.9342085,13.0477505,0.0,0.0,0.0,0.0,0.1,55.0,,55.0,5.773502691897583,5000.0,0.0,55.0
5000.0,133.35,157.0,0,0,0,0,1,5.26,0.0,15.617417,0.0,0.0,11.382125,0.0,0.0,7,1,6,1,0.4999999999999999,0.8660254037844387,55.0,55.0,55.0,5000.0,9000.0,2931.818181818182,15.588249,13.911168,14.636167,0.0,0.0,0.0,11.41025,11.0133735,12.482125,0.0,0.0,0.0,0.4,0.0,55.0,,55.0,5.773502691897583,5000.0,0.0,55.0
5000.0,133.35,157.0,0,0,0,0,1,5.26,0.0,15.0945015,0.0,0.0,11.64879075,0.0,0.0,8,1,0,0,0.4999999999999999,0.8660254037844387,55.0,55.0,55.0,5000.0,7000.0,2897.7272727272725,15.617417,14.36325,13.731999,0.0,0.0,0.0,11.382125,11.212334,11.7060835,0.0,0.0,0.0,0.0,0.4,55.0,,55.0,5.773502691897583,5000.0,0.0,45.0
5000.0,133.33,157.0,0,0,0,0,1,5.26,0.0,14.273667,0.0,0.0,12.831084,0.0,0.0,9,1,1,0,0.4999999999999999,0.8660254037844387,45.0,55.0,45.0,5000.0,5000.0,2863.6363636363635,15.0945015,15.588249,13.679916,0.0,0.0,0.0,11.64879075,11.41025,11.0519175,0.0,0.0,0.05,0.0,0.0,45.0,,53.57142857142857,6.90065559342466,5000.0,0.0,45.0
5000.0,133.29,157.0,0,0,0,0,1,5.26,0.0,13.534085,0.0,0.0,12.1654585,0.0,0.0,10,1,2,0,0.4999999999999999,0.8660254037844387,45.0,55.0,65.0,5000.0,5000.0,2829.5454545454545,14.273667,15.617417,13.963252,0.0,0.0,0.0,12.831084,11.382125,10.9342085,0.0,0.0,0.0,0.0,0.0,45.0,,53.57142857142857,6.90065559342466,5000.0,0.0,45.0
2987.5,133.16,157.0,0,0,0,0,1,5.26,0.0,13.779918,0.0,0.0,10.3998335,0.0,0.0,11,1,3,0,0.4999999999999999,0.8660254037844387,45.0,45.0,55.0,5000.0,5000.0,2795.454545454545,13.534085,15.0945015,13.911168,0.0,0.0,0.0,12.1654585,11.64879075,11.0133735,0.0,0.0,0.0,0.0,0.0,45.0,,50.714285714285715,5.345224838249952,5000.0,0.0,45.0
975.0,133.15,157.0,0,0,0,0,1,5.26,0.0,12.181999,0.0,0.0,11.149834,0.0,0.0,12,1,4,0,0.4999999999999999,0.8660254037844387,45.0,45.0,55.0,2987.5,5000.0,2761.3636363636365,13.779918,14.273667,14.36325,0.0,0.0,0.0,10.3998335,12.831084,11.212334,0.0,0.0,0.0,0.0,0.0,45.0,,49.285714285714285,5.345224838249963,4329.166666666667,1161.9174167450042,45.0
1812.5,132.98,157.0,0,0,0,0,1,5.26,0.0,12.107001,0.0,0.0,12.6706685,0.0,0.0,13,1,5,1,0.4999999999999999,0.8660254037844387,45.0,45.0,55.0,975.0,5000.0,2727.272727272727,12.181999,13.534085,15.588249,0.0,0.0,0.0,11.149834,12.1654585,11.41025,0.0,0.0,0.0,0.0,0.0,45.0,,47.857142857142854,4.879500364744294,2987.5,2012.5000000005289,45.0
2650.0,132.98,157.0,0,0,0,0,1,5.26,0.0,12.684082,0.0,0.0,12.53004225,0.0,0.0,14,1,6,1,0.4999999999999999,0.8660254037844387,45.0,45.0,55.0,1812.5,5000.0,2693.181818181818,12.107001,13.779918,15.617417,0.0,0.0,0.0,12.6706685,10.3998335,11.382125,0.0,0.0,0.0,0.0,0.0,45.0,,46.42857142857143,3.7796447300943887,1925.0,1010.9556122808708,45.0
3487.5,132.98,156.0,0,0,0,0,1,5.26,0.2,13.171584,0.0,0.0,11.9800415,0.0,0.0,15,1,0,0,0.4999999999999999,0.8660254037844387,45.0,45.0,45.0,2650.0,5000.0,2659.090909090909,12.684082,12.181999,15.0945015,0.0,0.0,0.0,12.53004225,11.149834,11.64879075,0.0,0.0,0.0,0.0,0.0,45.0,,45.0,0.0,1812.5,837.5000000013117,45.0
4325.0,132.92,156.0,0,0,0,0,1,5.26,2.3000002,13.265335,0.0,0.0,11.261292,0.0,0.0,16,1,1,0,0.4999999999999999,0.8660254037844387,45.0,45.0,45.0,3487.5,5000.0,2625.0,13.171584,12.107001,14.273667,0.0,0.0,0.0,11.9800415,12.6706685,12.831084,0.0,0.0,0.0,0.2,0.0,45.0,,45.0,0.0,2650.0,837.5000000012825,45.0
5162.5,133.22,156.0,0,0,0,0,1,5.26,5.8,13.0195,0.0,0.0,9.9133745,0.3,0.3,17,1,2,0,0.4999999999999999,0.8660254037844387,45.0,45.0,45.0,4325.0,5000.0,3167.857142857143,13.265335,12.684082,13.534085,0.0,0.0,0.0,11.261292,12.53004225,12.1654585,0.0,0.0,0.0,2.3000002,0.2,45.0,,45.0,0.0,3487.5,837.5000000012533,45.0
6000.0,133.33,156.0,0,0,0,0,1,5.26,0.5,13.267418,0.0,0.0,9.3935835,0.15,0.15,18,1,3,0,0.4999999999999999,0.8660254037844387,45.0,45.0,45.0,5162.5,2987.5,3710.714285714286,13.0195,13.171584,13.779918,0.0,0.0,0.0,9.9133745,11.9800415,10.3998335,0.3,0.0,0.0,5.8,2.3000002,45.0,,45.0,0.0,4325.0,837.5000000012243,45.0
4250.0,133.3,156.0,0,0,0,0,1,5.26,0.0,13.677834,0.0,0.0,8.57587475,0.0,0.0,19,1,4,0,0.4999999999999999,0.8660254037844387,45.0,45.0,45.0,6000.0,975.0,4253.571428571428,13.267418,13.265335,12.181999,0.0,0.0,0.0,9.3935835,11.261292,11.149834,0.15,0.0,0.0,0.5,5.8,45.0,,45.0,0.0,5162.5,837.5000000011953,55.0
2500.0,133.21,156.0,0,0,0,0,1,5.26,0.0,12.629917,0.0,0.0,10.0071245,0.0,0.0,20,1,5,1,0.4999999999999999,0.8660254037844387,55.0,45.0,45.0,4250.0,1812.5,4796.428571428572,13.677834,13.0195,12.107001,0.0,0.0,0.0,8.57587475,9.9133745,12.6706685,0.0,0.3,0.0,0.0,0.5,55.0,,46.42857142857143,3.7796447300943887,5137.5,875.2678161580052,55.0
10000.0,133.21,156.0,0,0,0,0,1,5.26,0.0,10.813251,0.0,0.0,8.7529575,0.0,0.0,21,1,6,1,0.4999999999999999,0.8660254037844387,55.0,45.0,45.0,2500.0,2650.0,5339.285714285714,12.629917,13.267418,12.684082,0.0,0.0,0.0,10.0071245,9.3935835,12.53004225,0.0,0.15,0.0,0.0,0.0,55.0,,47.857142857142854,4.879500364744292,4250.0,1750.000000000587,55.0
12000.0,133.21,156.0,0,0,0,0,1,5.26,0.0,10.959084,0.0,0.0,8.640457999999999,0.0,0.0,22,1,0,0,0.4999999999999999,0.8660254037844387,55.0,55.0,45.0,10000.0,3487.5,5882.142857142857,10.813251,13.677834,13.171584,0.0,0.0,0.0,8.7529575,8.57587475,11.9800415,0.0,0.0,0.0,0.0,0.0,55.0,,49.285714285714285,5.345224838249959,5583.333333333333,3923.75245566477,55.0
11468.75,133.21,156.0,0,0,0,0,1,5.26,0.70000005,11.55075,0.0,0.0,10.2185835,0.0,0.0,23,1,1,0,0.4999999999999999,0.8660254037844387,55.0,55.0,45.0,12000.0,4325.0,6425.0,10.959084,12.629917,13.265335,0.0,0.0,0.0,8.640457999999999,10.0071245,11.261292,0.0,0.0,0.0,0.0,0.0,55.0,,50.714285714285715,5.345224838249946,8166.666666666667,5008.326400439089,55.0
10937.5,133.35,156.0,0,0,0,0,1,5.26,2.0,11.604917,0.0,0.0,9.8164995,0.0,0.0,24,1,2,0,0.4999999999999999,0.8660254037844387,55.0,55.0,45.0,11468.75,5162.5,5950.0,11.55075,10.813251,13.0195,0.0,0.0,0.0,10.2185835,8.7529575,9.9133745,0.0,0.0,0.3,0.70000005,0.0,55.0,,52.142857142857146,4.879500364744249,11156.25,1035.9740283914803,55.0
10406.25,133.3,156.0,0,0,0,0,1,5.26,0.1,11.673667,0.0,0.0,9.61754125,0.0,0.0,25,1,3,0,0.4999999999999999,0.8660254037844387,55.0,55.0,45.0,10937.5,6000.0,5475.0,11.604917,10.959084,13.267418,0.0,0.0,0.0,9.8164995,8.640457999999999,9.3935835,0.0,0.0,0.15,2.0,0.70000005,55.0,,53.57142857142857,3.7796447300942995,11468.75,531.2500000015572,55.0
9875.0,133.29,156.0,0,0,0,0,1,5.26,0.0,12.227833,0.0,0.0,9.54670925,0.0,0.0,26,1,4,0,0.4999999999999999,0.8660254037844387,55.0,55.0,55.0,10406.25,4250.0,5000.0,11.673667,11.55075,13.677834,0.0,0.0,0.0,9.61754125,10.2185835,8.57587475,0.0,0.0,0.0,0.1,2.0,55.0,,55.0,0.0,10937.5,531.2500000015845,55.0
9583.333333333334,133.29,156.0,0,0,0,0,1,5.26,0.0,11.477834,0.0,0.0,9.04775,0.0,0.0,27,1,5,1,0.4999999999999999,0.8660254037844387,55.0,55.0,55.0,9875.0,2500.0,4000.0,12.227833,11.604917,12.629917,0.0,0.0,0.0,9.54670925,9.8164995,10.0071245,0.0,0.0,0.0,0.0,0.1,55.0,,55.0,0.0,10406.25,531.2500000016116,55.0
9291.666666666666,133.29,156.0,0,0,0,0,1,5.26,0.0,12.719501,0.0,0.0,9.9956655,0.0,0.0,28,1,6,1,0.4999999999999999,0.8660254037844387,55.0,55.0,55.0,9583.333333333334,10000.0,3000.0,11.477834,11.673667,10.813251,0.0,0.0,0.0,9.04775,9.61754125,8.7529575,0.0,0.0,0.0,0.0,0.0,55.0,,55.0,0.0,9954.861111111111,417.2305212614571,65.0
9000.0,133.29,156.0,0,0,0,0,1,5.26,0.1,13.421584,0.0,0.0,10.8133745,0.0,0.0,29,1,0,0,0.4999999999999999,0.8660254037844387,65.0,55.0,55.0,9291.666666666666,12000.0,5000.0,12.719501,12.227833,10.959084,0.0,0.0,0.0,9.9956655,9.54670925,8.640457999999999,0.0,0.0,0.0,0.0,0.0,65.0,,56.42857142857143,3.7796447300942617,9583.333333333334,291.6666666696785,65.0
13800.0,133.32,156.0,0,0,0,0,1,5.26,1.0,14.098667,0.0,0.0,10.615458,0.0,0.0,30,1,1,0,0.4999999999999999,0.8660254037844387,65.0,55.0,55.0,9000.0,11468.75,9000.0,13.421584,11.477834,11.55075,0.0,0.0,0.0,10.8133745,9.04775,10.2185835,0.0,0.0,0.0,0.1,0.0,65.0,,57.857142857142854,4.879500364744191,9291.666666666666,291.66666666970417,65.0
12533.333333333334,133.28,158.0,0,0,0,0,1,5.26,0.0,14.848667,0.0,0.0,10.474833,0.0,0.0,31,1,2,0,0.4999999999999999,0.8660254037844387,65.0,65.0,55.0,13800.0,10937.5,7000.0,14.098667,12.719501,11.604917,0.0,0.0,0.0,10.615458,9.9956655,9.8164995,0.0,0.0,0.0,1.0,0.1,65.0,,59.285714285714285,5.345224838249866,10697.22222222222,2691.0387984599024,65.0
11266.666666666668,133.18,158.0,0,0,0,0,1,5.01,0.2,15.963249,0.0,0.0,10.27274925,0.45000005,0.45000005,1,2,3,0,0.8660254037844386,0.5000000000000001,65.0,65.0,55.0,12533.333333333334,10406.25,5000.0,14.848667,13.421584,11.673667,0.0,0.0,0.0,10.474833,10.8133745,9.61754125,0.0,0.0,0.0,0.0,1.0,65.0,,60.714285714285715,5.345224838249853,11777.77777777778,2487.5988720349974,55.0
10000.0,133.05,158.0,0,0,0,0,1,5.01,0.0,15.35075,0.0,0.0,10.829,0.0,0.0,2,2,4,0,0.8660254037844386,0.5000000000000001,55.0,65.0,55.0,11266.666666666668,9875.0,5000.0,15.963249,14.098667,12.227833,0.0,0.0,0.0,10.27274925,10.615458,9.54670925,0.45000005,0.0,0.0,0.2,0.0,55.0,,60.714285714285715,5.345224838249853,12533.333333333334,1266.6666666672993,65.0
2856.0,132.98,158.0,0,0,0,0,1,5.01,0.0,13.898666,0.0,0.0,10.4175425,0.0,0.0,3,2,5,1,0.8660254037844386,0.5000000000000001,65.0,65.0,55.0,10000.0,9583.333333333334,5000.0,15.35075,14.848667,11.477834,0.0,0.0,0.0,10.829,10.474833,9.04775,0.0,0.0,0.0,0.0,0.2,65.0,,62.142857142857146,4.879500364744147,11266.666666666666,1266.6666666673284,65.0
16450.0,132.98,158.0,0,0,0,0,1,5.01,3.2,15.338252,0.0,0.0,9.6633755,1.850000025,1.850000025,4,2,6,1,0.8660254037844386,0.5000000000000001,65.0,55.0,65.0,2856.0,9291.666666666666,5000.0,13.898666,15.963249,12.719501,0.0,0.0,0.0,10.4175425,10.27274925,9.9956655,0.0,0.45000005,0.0,0.0,0.0,65.0,,63.57142857142857,3.779644730094168,8040.888888888888,4534.690254439167,65.0
24950.0,132.98,158.0,0,0,0,0,1,5.01,0.0,15.663251,0.0,0.0,11.6831675,0.0,0.0,5,2,0,0,0.8660254037844386,0.5000000000000001,65.0,65.0,65.0,16450.0,9000.0,5000.0,15.338252,15.35075,13.421584,0.0,0.0,0.0,9.6633755,10.829,10.8133745,1.850000025,0.0,0.0,3.2,0.0,65.0,,63.57142857142857,3.779644730094168,9768.666666666666,6799.951862574844,65.0
15475.0,133.2,158.0,0,0,0,0,1,5.01,0.0,14.925751,0.0,0.0,11.416498,0.0,0.0,6,2,1,0,0.8660254037844386,0.5000000000000001,65.0,65.0,65.0,24950.0,13800.0,5000.0,15.663251,13.898666,14.098667,0.0,0.0,0.0,11.6831675,10.4175425,10.615458,0.0,0.0,0.0,0.0,3.2,65.0,,63.57142857142857,3.779644730094168,14752.0,11144.443099590104,65.0
6000.0,133.2,158.0,0,0,0,0,1,5.01,0.0,14.146584,0.0,0.0,10.736292,0.0,0.0,7,2,2,0,0.8660254037844386,0.5000000000000001,65.0,65.0,65.0,15475.0,12533.333333333334,5000.0,14.925751,15.338252,14.848667,0.0,0.0,0.0,11.416498,9.6633755,10.474833,0.0,1.850000025,0.0,0.0,0.0,65.0,,63.57142857142857,3.779644730094168,18958.333333333332,5211.785522576172,70.0
12000.0,133.06,158.0,0,0,0,0,1,5.01,0.0,13.077834,0.0,0.0,10.77066675,0.0,0.0,8,2,3,0,0.8660254037844386,0.5000000000000001,70.0,65.0,55.0,6000.0,11266.666666666668,5000.0,14.146584,15.663251,15.963249,0.0,0.0,0.0,10.736292,11.6831675,10.27274925,0.0,0.0,0.45000005,0.0,0.0,70.0,,64.28571428571429,4.498677054213773,15475.0,9475.000000000076,75.0
17250.0,133.04,158.0,0,0,0,0,1,5.01,0.0,13.979919,0.0,0.0,10.4227505,0.0,0.0,9,2,4,0,0.8660254037844386,0.5000000000000001,75.0,65.0,65.0,12000.0,10000.0,5000.0,13.077834,14.925751,15.35075,0.0,0.0,0.0,10.77066675,11.416498,10.829,0.0,0.0,0.0,0.0,0.0,75.0,,67.14285714285714,3.933978962349,11158.333333333334,4793.246116499236,65.0
24725.0,133.16,158.0,0,0,0,0,1,5.01,0.2,14.81742,0.0,0.0,12.9904585,0.0,0.0,10,2,5,1,0.8660254037844386,0.5000000000000001,65.0,70.0,65.0,17250.0,2856.0,2987.5,13.979919,14.146584,13.898666,0.0,0.0,0.0,10.4227505,10.736292,10.4175425,0.0,0.0,0.0,0.0,0.0,65.0,,67.14285714285714,3.933978962349,11750.0,5629.165124598996,65.0
12600.0,133.16,158.0,0,0,0,0,1,5.01,0.1,15.686165,0.0,0.0,13.259209,0.0,0.0,11,2,6,1,0.8660254037844386,0.5000000000000001,65.0,75.0,65.0,24725.0,16450.0,975.0,14.81742,13.077834,15.338252,0.0,0.0,0.0,12.9904585,10.77066675,9.6633755,0.0,0.0,1.850000025,0.2,0.0,65.0,,67.14285714285714,3.933978962349,17991.666666666668,6394.838413387362,65.0
22000.0,133.16,158.0,0,0,0,0,1,5.01,0.0,15.923664,0.0,0.0,13.3862915,0.0,0.0,12,2,0,0,0.8660254037844386,0.5000000000000001,65.0,65.0,65.0,12600.0,24950.0,1812.5,15.686165,13.979919,15.663251,0.0,0.0,0.0,13.259209,10.4227505,11.6831675,0.0,0.0,0.0,0.1,0.2,65.0,,67.14285714285714,3.933978962349,18191.666666666668,6117.103753683975,65.0
2250.0,133.11,158.0,0,0,0,0,1,5.01,0.0,16.37575,0.0,0.0,13.96754175,0.0,0.0,13,2,1,0,0.8660254037844386,0.5000000000000001,65.0,65.0,65.0,22000.0,15475.0,2650.0,15.923664,14.81742,14.925751,0.0,0.0,0.0,13.3862915,12.9904585,11.416498,0.0,0.0,0.0,0.0,0.1,65.0,,67.14285714285714,3.933978962349,19775.0,6361.357952513061,65.0
3670.0,133.11,158.0,0,0,0,0,1,5.01,1.0,16.6195,0.2,0.2,13.334208,0.15,0.15,14,2,2,0,0.8660254037844386,0.5000000000000001,65.0,65.0,70.0,2250.0,6000.0,3487.5,16.37575,15.686165,14.146584,0.0,0.0,0.0,13.96754175,13.259209,10.736292,0.0,0.0,0.0,0.0,0.0,65.0,,67.14285714285714,3.933978962349,12283.333333333334,9878.807282933245,55.0
5090.0,133.16,160.0,0,0,0,0,1,5.01,0.0,17.456999,0.0,0.0,13.59879175,0.0,0.0,15,2,3,0,0.8660254037844386,0.5000000000000001,55.0,65.0,75.0,3670.0,12000.0,4325.0,16.6195,15.923664,13.077834,0.2,0.0,0.0,13.334208,13.3862915,10.77066675,0.15,0.0,0.0,1.0,0.0,55.0,,65.0,5.773502691897491,9306.666666666666,11015.654012964238,65.0
6645.0,133.18,160.0,0,0,0,0,1,5.01,0.0,17.734083,0.0,0.0,13.9008745,0.0,0.0,16,2,4,0,0.8660254037844386,0.5000000000000001,65.0,65.0,65.0,5090.0,17250.0,5162.5,17.456999,16.37575,13.979919,0.0,0.0,0.0,13.59879175,13.96754175,10.4227505,0.0,0.0,0.0,0.0,1.0,65.0,,63.57142857142857,3.7796447300941756,3670.0,1420.0000000007553,65.0
8200.0,133.13,160.0,0,0,0,0,1,5.01,0.0,17.5945,0.0,0.0,13.584208,0.0,0.0,17,2,5,1,0.8660254037844386,0.5000000000000001,65.0,55.0,65.0,6645.0,24725.0,6000.0,17.734083,16.6195,14.81742,0.0,0.2,0.0,13.9008745,13.334208,12.9904585,0.0,0.15,0.0,0.0,0.0,65.0,,63.57142857142857,3.7796447300941756,5135.0,1488.0104166308956,55.0
7683.333333333333,133.13,160.0,0,0,0,0,1,5.01,0.0,17.47992,0.0,0.0,13.6779595,0.0,0.0,18,2,6,1,0.8660254037844386,0.5000000000000001,55.0,65.0,65.0,8200.0,12600.0,4250.0,17.5945,17.456999,15.686165,0.0,0.0,0.0,13.584208,13.59879175,13.259209,0.0,0.0,0.0,0.0,0.0,55.0,,62.142857142857146,4.879500364744156,6645.0,1555.0000000006294,55.0
7166.666666666667,133.13,160.0,0,0,0,0,1,5.01,0.1,17.73617,0.0,0.0,14.389417,0.0,0.0,19,2,0,0,0.8660254037844386,0.5000000000000001,55.0,65.0,65.0,7683.333333333333,22000.0,2500.0,17.47992,17.734083,15.923664,0.0,0.0,0.0,13.6779595,13.9008745,13.3862915,0.0,0.0,0.0,0.0,0.0,55.0,,60.714285714285715,5.345224838249862,7509.444444444444,791.949657024462,55.0
6650.0,133.13,160.0,0,0,0,0,1,5.01,0.0,19.325752,0.0,0.0,15.763376,0.5,0.5,20,2,1,0,0.8660254037844386,0.5000000000000001,55.0,55.0,65.0,7166.666666666667,2250.0,10000.0,17.73617,17.5945,16.37575,0.0,0.0,0.0,14.389417,13.584208,13.96754175,0.0,0.0,0.0,0.1,0.0,55.0,,59.285714285714285,5.345224838249876,7683.333333333333,516.6666666684982,55.0
4944.333333333333,133.05,160.0,0,0,0,0,1,5.01,0.0,19.496584,0.2,0.2,13.864417,0.25,0.25,21,2,2,0,0.8660254037844386,0.5000000000000001,55.0,55.0,55.0,6650.0,3670.0,12000.0,19.325752,17.47992,16.6195,0.0,0.0,0.2,15.763376,13.6779595,13.334208,0.5,0.0,0.15,0.0,0.1,55.0,,57.857142857142854,4.8795003647442,7166.666666666667,516.666666668529,55.0
3238.6666666666665,133.06,160.0,0,0,0,0,1,5.01,0.7,18.621584,0.0,0.0,12.9081665,1.95,1.95,22,2,3,0,0.8660254037844386,0.5000000000000001,55.0,55.0,65.0,4944.333333333333,5090.0,11468.75,19.496584,17.73617,17.456999,0.2,0.0,0.0,13.864417,14.389417,13.59879175,0.25,0.0,0.0,0.0,0.0,55.0,,57.857142857142854,4.8795003647442,6253.666666666667,1162.9709559771584,55.0
1533.0,132.85,160.0,0,0,0,0,1,5.01,0.0,17.875751,0.0,0.0,11.76962475,0.05,0.05,23,2,4,0,0.8660254037844386,0.5000000000000001,55.0,55.0,65.0,3238.6666666666665,6645.0,10937.5,18.621584,19.325752,17.734083,0.0,0.0,0.0,12.9081665,15.763376,13.9008745,1.95,0.5,0.0,0.7,0.0,55.0,,56.42857142857143,3.779644730094274,4944.333333333333,1705.6666666672709,55.0
1491.0,133.01,160.0,0,0,0,0,1,5.01,1.1,16.929918,0.0,0.0,11.808166,0.0,0.0,24,2,5,1,0.8660254037844386,0.5000000000000001,55.0,55.0,55.0,1533.0,8200.0,10406.25,17.875751,19.496584,17.5945,0.0,0.2,0.0,11.76962475,13.864417,13.584208,0.05,0.25,0.0,0.0,0.7,55.0,,55.0,0.0,3238.6666666666665,1705.6666666673018,55.0
1449.0,133.01,160.0,0,0,0,0,1,5.01,0.0,16.4695,0.0,0.0,12.545666,0.0,0.0,25,2,6,1,0.8660254037844386,0.5000000000000001,55.0,55.0,55.0,1491.0,7683.333333333333,9875.0,16.929918,18.621584,17.47992,0.0,0.0,0.0,11.808166,12.9081665,13.6779595,0.0,1.95,0.0,1.1,0.0,55.0,,55.0,0.0,2087.555555555555,997.1126278384165,55.0
1407.0,133.01,160.0,0,0,0,0,1,5.01,0.0,16.240335,0.0,0.0,13.32483375,0.0,0.0,26,2,0,0,0.8660254037844386,0.5000000000000001,55.0,55.0,55.0,1449.0,7166.666666666667,9583.333333333334,16.4695,17.875751,17.73617,0.0,0.0,0.0,12.545666,11.76962475,14.389417,0.0,0.05,0.0,0.0,1.1,55.0,,55.0,0.0,1491.0,42.000000027118425,55.0
1365.0,132.93,160.0,0,0,0,0,1,5.01,0.0,16.650751,0.0,0.0,14.24045825,0.0,0.0,27,2,1,0,0.8660254037844386,0.5000000000000001,55.0,55.0,55.0,1407.0,6650.0,9291.666666666666,16.240335,16.929918,19.325752,0.0,0.0,0.0,13.32483375,11.808166,15.763376,0.0,0.0,0.5,0.0,0.0,55.0,,55.0,0.0,1449.0,42.0000000271502,55.0
7000.0,132.94,160.0,0,0,0,0,1,5.01,0.0,18.12992,0.0,0.0,14.5539985,0.0,0.0,28,2,2,0,0.8660254037844386,0.5000000000000001,55.0,55.0,55.0,1365.0,4944.333333333333,9000.0,16.650751,16.4695,19.496584,0.0,0.0,0.2,14.24045825,12.545666,13.864417,0.0,0.0,0.25,0.0,0.0,55.0,,55.0,0.0,1407.0,42.000000027181976,55.0
4387.5,132.98,160.0,0,0,0,0,1,5.01,0.0,18.715332,0.0,0.0,14.66025,0.0,0.0,29,2,3,0,0.8660254037844386,0.5000000000000001,55.0,55.0,55.0,7000.0,3238.6666666666665,13800.0,18.12992,16.240335,18.621584,0.0,0.0,0.0,14.5539985,13.32483375,12.9081665,0.0,0.0,1.95,0.0,0.0,55.0,,55.0,0.0,3257.3333333333335,3241.312439943965,55.0
1775.0,132.97,160.0,0,0,0,1,0,4.82,0.0,19.088251,0.0,0.0,14.895668,0.0,0.0,1,3,4,0,1.0,6.123233995736766e-17,55.0,55.0,55.0,4387.5,1533.0,12533.333333333334,18.715332,16.650751,17.875751,0.0,0.0,0.0,14.66025,14.24045825,11.76962475,0.0,0.0,0.05,0.0,0.0,55.0,,55.0,0.0,4250.833333333333,2819.9848551606506,55.0
1139.5,132.95,160.0,0,0,0,1,0,4.82,0.8,20.80075,0.0,0.0,15.590458,0.8,0.8,2,3,5,1,1.0,6.123233995736766e-17,55.0,55.0,55.0,1775.0,1491.0,11266.666666666668,19.088251,18.12992,16.929918,0.0,0.0,0.0,14.895668,14.5539985,11.808166,0.0,0.0,0.0,0.0,0.0,55.0,,55.0,0.0,4387.5,2612.5000000004006,55.0
504.0,132.95,160.0,0,0,0,1,0,4.82,6.1000004,19.798666,0.8000001,0.8000001,14.8977505,2.89999995,2.89999995,3,3,6,1,1.0,6.123233995736766e-17,55.0,55.0,55.0,1139.5,1449.0,10000.0,20.80075,18.715332,16.4695,0.0,0.0,0.0,15.590458,14.66025,12.545666,0.8,0.0,0.0,0.8,0.0,55.0,,55.0,0.0,2434.0,1721.36188815781,55.0
1008.0,132.95,160.0,0,0,0,1,0,4.82,1.4,21.165335,2.4,2.4,15.698792,0.05,0.05,4,3,0,0,1.0,6.123233995736766e-17,55.0,55.0,55.0,504.0,1407.0,2856.0,19.798666,19.088251,16.240335,0.8000001,0.0,0.0,14.8977505,14.895668,13.32483375,2.89999995,0.0,0.0,6.1000004,0.8,55.0,,55.0,0.0,1139.5,635.5000000018138,55.0
5000.0,132.93,160.0,1,0,0,1,0,4.82,0.0,20.62992,0.0,0.0,15.24671,0.0,0.0,5,3,1,0,1.0,6.123233995736766e-17,55.0,55.0,55.0,1008.0,1365.0,16450.0,21.165335,20.80075,16.650751,2.4,0.0,0.0,15.698792,15.590458,14.24045825,0.05,0.8,0.0,1.4,6.1000004,55.0,,55.0,0.0,883.8333333333334,335.4520581777005,55.0
2600.0,132.94,160.0,1,0,0,1,0,4.82,0.0,18.846584,0.0,0.0,15.818586,0.0,0.0,6,3,2,0,1.0,6.123233995736766e-17,55.0,55.0,55.0,5000.0,7000.0,24950.0,20.62992,19.798666,18.12992,0.0,0.8000001,0.0,15.24671,14.8977505,14.5539985,0.0,2.89999995,0.0,0.0,1.4,55.0,,55.0,0.0,2170.6666666666665,2463.199004005882,55.0
200.0,132.82,160.0,1,0,0,1,0,4.82,0.1,18.371584,0.0,0.0,16.013377,0.0,0.0,7,3,3,0,1.0,6.123233995736766e-17,55.0,55.0,55.0,2600.0,4387.5,15475.0,18.846584,21.165335,18.715332,0.0,2.4,0.0,15.818586,15.698792,14.66025,0.0,0.05,0.0,0.0,0.0,55.0,,55.0,0.0,2869.3333333333335,2009.5823778426013,65.0
980.0,132.76,160.0,1,0,0,1,0,4.82,0.0,19.490335,0.0,0.0,15.3279595,0.0,0.0,8,3,4,0,1.0,6.123233995736766e-17,65.0,55.0,55.0,200.0,1775.0,6000.0,18.371584,20.62992,19.088251,0.0,0.0,0.0,16.013377,15.24671,14.895668,0.0,0.0,0.0,0.1,0.0,65.0,,56.42857142857143,3.779644730094274,2600.0,2400.0000000004597,65.0
1760.0,132.76,160.0,1,0,0,1,0,4.82,0.0,19.071583,0.0,0.0,15.39879225,0.0,0.0,9,3,5,1,1.0,6.123233995736766e-17,65.0,55.0,55.0,980.0,1139.5,12000.0,19.490335,18.846584,20.80075,0.0,0.0,0.0,15.3279595,15.818586,15.590458,0.0,0.0,0.8,0.0,0.1,65.0,,57.857142857142854,4.8795003647442,1260.0,1224.2548754251684,55.0
2540.0,132.76,160.0,1,0,0,1,0,4.82,0.0,19.782001,0.0,0.0,16.159208500000002,0.0,0.0,10,3,6,1,1.0,6.123233995736766e-17,55.0,65.0,55.0,1760.0,504.0,17250.0,19.071583,18.371584,19.798666,0.0,0.0,0.8000001,15.39879225,16.013377,14.8977505,0.0,0.0,2.89999995,0.0,0.0,55.0,,57.857142857142854,4.8795003647442,980.0,780.0000000014825,55.0
3320.0,132.76,160.0,1,0,0,1,0,4.82,0.0,21.66117,0.0,0.0,17.435250000000003,0.0,0.0,11,3,0,0,1.0,6.123233995736766e-17,55.0,65.0,55.0,2540.0,1008.0,24725.0,19.782001,19.490335,21.165335,0.0,0.0,2.4,16.159208500000002,15.3279595,15.698792,0.0,0.0,0.05,0.0,0.0,55.0,,57.857142857142854,4.8795003647442,1760.0,780.0000000014497,55.0
4100.0,132.72,160.0,1,0,0,1,0,4.82,0.0,21.790335,0.0,0.0,17.817545000000003,0.0,0.0,12,3,1,0,1.0,6.123233995736766e-17,55.0,55.0,55.0,3320.0,5000.0,12600.0,21.66117,19.071583,20.62992,0.0,0.0,0.0,17.435250000000003,15.39879225,15.24671,0.0,0.0,0.0,0.0,0.0,55.0,,57.857142857142854,4.8795003647442,2540.0,780.000000001417,55.0
7750.0,132.74,160.0,1,0,0,1,0,4.82,0.6,22.542414,0.0,0.0,17.868585500000002,0.0,0.0,13,3,2,0,1.0,6.123233995736766e-17,55.0,55.0,55.0,4100.0,2600.0,22000.0,21.790335,19.782001,18.846584,0.0,0.0,0.0,17.817545000000003,16.159208500000002,15.818586,0.0,0.0,0.0,0.0,0.0,55.0,,57.857142857142854,4.8795003647442,3320.0,780.0000000013843,55.0
3465.0,132.89,160.0,1,0,0,1,0,4.82,0.0,22.194502,0.0,0.0,17.8967095,0.0,0.0,14,3,3,0,1.0,6.123233995736766e-17,55.0,55.0,65.0,7750.0,200.0,2250.0,22.542414,21.66117,18.371584,0.0,0.0,0.0,17.868585500000002,17.435250000000003,16.013377,0.0,0.0,0.0,0.6,0.0,55.0,,57.857142857142854,4.8795003647442,5056.666666666667,2364.874908602013,65.0
3622.5,132.82,158.0,1,0,0,1,0,4.82,0.0,23.171585,0.0,0.0,18.1342085,0.0,0.0,15,3,4,0,1.0,6.123233995736766e-17,65.0,55.0,65.0,3465.0,980.0,3670.0,22.194502,21.790335,19.490335,0.0,0.0,0.0,17.8967095,17.817545000000003,15.3279595,0.0,0.0,0.0,0.0,0.6,65.0,,57.857142857142854,4.8795003647442,5105.0,2312.5364861990915,55.0
3780.0,132.91,158.0,1,0,0,1,0,4.82,0.0,22.865334,0.0,0.0,18.074833,0.0,0.0,16,3,5,1,1.0,6.123233995736766e-17,55.0,55.0,55.0,3622.5,1760.0,5090.0,23.171585,22.542414,19.071583,0.0,0.0,0.0,18.1342085,17.868585500000002,15.39879225,0.0,0.0,0.0,0.0,0.0,55.0,,56.42857142857143,3.779644730094274,4945.833333333333,2429.7560748633564,55.0
3937.5,132.91,158.0,1,0,0,1,0,4.82,0.0,22.782003,0.0,0.0,18.0810855,0.0,0.0,17,3,6,1,1.0,6.123233995736766e-17,55.0,65.0,55.0,3780.0,2540.0,6645.0,22.865334,22.194502,19.782001,0.0,0.0,0.0,18.074833,17.8967095,16.159208500000002,0.0,0.0,0.0,0.0,0.0,55.0,,56.42857142857143,3.779644730094274,3622.5,157.500000006787,55.0
4095.0,132.91,158.0,1,0,0,1,0,4.82,0.0,22.75492,0.0,0.0,18.059208,0.0,0.0,18,3,0,0,1.0,6.123233995736766e-17,55.0,55.0,55.0,3937.5,3320.0,8200.0,22.782003,23.171585,21.66117,0.0,0.0,0.0,18.0810855,18.1342085,17.435250000000003,0.0,0.0,0.0,0.0,0.0,55.0,,56.42857142857143,3.779644730094274,3780.0,157.50000000675504,55.0
5000.0,132.96,158.0,1,0,0,1,0,4.82,0.0,24.850754,0.0,0.0,18.1935855,0.0,0.0,19,3,1,0,1.0,6.123233995736766e-17,55.0,55.0,55.0,4095.0,4100.0,7683.333333333333,22.75492,22.865334,21.790335,0.0,0.0,0.0,18.059208,18.074833,17.817545000000003,0.0,0.0,0.0,0.0,0.0,55.0,,56.42857142857143,3.779644730094274,3937.5,157.5000000067231,55.0
10.0,133.16,158.0,1,0,0,1,0,4.82,6.0,19.963251,12.3,12.3,14.6529585,8.09999975,8.09999975,20,3,2,0,1.0,6.123233995736766e-17,55.0,55.0,55.0,5000.0,7750.0,7166.666666666667,24.850754,22.782003,22.542414,0.0,0.0,0.0,18.1935855,18.0810855,17.868585500000002,0.0,0.0,0.0,0.0,0.0,55.0,,56.42857142857143,3.779644730094274,4344.166666666667,573.4017643288388,55.0
1841.67,133.36,158.0,1,0,0,1,0,4.82,6.1,20.240334,14.6,14.6,14.616502,4.699999999999999,4.699999999999999,21,3,3,0,1.0,6.123233995736766e-17,55.0,55.0,65.0,10.0,3465.0,6650.0,19.963251,22.75492,22.194502,12.3,0.0,0.0,14.6529585,18.059208,17.8967095,8.09999975,0.0,0.0,6.0,0.0,55.0,,56.42857142857143,3.779644730094274,3035.0,2658.519324737395,56.67
3673.33,133.34,158.0,1,0,0,1,0,4.82,0.2,20.913252,0.0,0.0,15.045668,5.25,5.25,22,3,4,0,1.0,6.123233995736766e-17,56.67,55.0,55.0,1841.67,3622.5,4944.333333333333,20.240334,24.850754,23.171585,14.6,0.0,0.0,14.616502,18.1935855,18.1342085,4.699999999999999,0.0,0.0,6.1,6.0,56.67,,55.238571428571426,0.6312006699374951,2283.89,2524.2214435944843,58.33
5505.0,133.79,158.0,1,0,0,1,0,4.82,12.1,20.946587,3.7,3.7,15.9290015,6.7499992,6.7499992,23,3,5,1,1.0,6.123233995736766e-17,58.33,55.0,55.0,3673.33,3780.0,3238.6666666666665,20.913252,19.963251,22.865334,0.0,12.3,0.0,15.045668,14.6529585,18.074833,5.25,8.09999975,0.0,0.2,6.1,58.33,,55.714285714285715,1.3106214447519866,1841.6666666666667,1831.665000002889,60.0
7336.67,133.79,158.0,1,0,0,1,0,4.82,1.7,22.932,0.0,0.0,16.838375,2.00000005,2.00000005,24,3,6,1,1.0,6.123233995736766e-17,60.0,56.67,55.0,5505.0,3937.5,1533.0,20.946587,20.240334,22.782003,3.7,14.6,0.0,15.9290015,14.616502,18.0810855,6.7499992,4.699999999999999,0.0,12.1,0.2,60.0,,56.42857142857143,2.0245199313407864,3673.3333333333335,1831.6650000028578,61.67
9168.33,133.79,158.0,1,0,0,1,0,4.82,0.9,23.386168,0.0,0.0,16.697750499999998,1.7000000000000002,1.7000000000000002,25,3,0,0,1.0,6.123233995736766e-17,61.67,58.33,55.0,7336.67,4095.0,1491.0,22.932,20.913252,22.75492,0.0,0.0,0.0,16.838375,15.045668,18.059208,2.00000005,5.25,0.0,1.7,12.1,61.67,,57.381428571428565,2.697785688126965,5505.0,1831.6700000005521,63.33
11000.0,133.79,158.0,0,0,0,1,0,4.82,1.0000001,23.802835,4.2000003,4.2000003,17.6623335,1.4,1.4,26,3,1,0,1.0,6.123233995736766e-17,63.33,60.0,55.0,9168.33,5000.0,1449.0,23.386168,20.946587,24.850754,0.0,3.7,0.0,16.697750499999998,15.9290015,18.1935855,1.7000000000000002,6.7499992,0.0,0.9,1.7,63.33,,58.57142857142857,3.252432057050419,7336.666666666667,1831.6650000027953,65.0
16000.0,133.56,158.0,0,0,0,1,0,4.82,9.6,23.996584,0.0,0.0,17.313375,3.6999998,3.6999998,27,3,2,0,1.0,6.123233995736766e-17,65.0,61.67,55.0,11000.0,10.0,1407.0,23.802835,22.932,19.963251,4.2000003,0.0,12.3,17.6623335,16.838375,14.6529585,1.4,2.00000005,8.09999975,1.0000001,0.9,65.0,,60.0,3.5998981467093536,9168.333333333334,1831.6650000027623,55.0
24437.5,133.7,158.0,0,0,0,1,0,4.82,4.1,24.194502,0.1,0.1,17.9915,1.6500001,1.6500001,28,3,3,0,1.0,6.123233995736766e-17,55.0,63.33,56.67,16000.0,1841.67,1365.0,23.996584,23.386168,20.240334,0.0,0.0,14.6,17.313375,16.697750499999998,14.616502,3.6999998,1.7000000000000002,4.699999999999999,9.6,1.0000001,55.0,,60.0,3.5998981467093536,12056.11,3536.1638814259713,65.0
32875.0,133.75,158.0,0,0,0,1,0,4.82,2.1000001,25.167418,0.0,0.0,18.8800425,1.55,1.55,29,3,4,0,1.0,6.123233995736766e-17,65.0,65.0,58.33,24437.5,3673.33,7000.0,24.194502,23.802835,20.913252,0.1,4.2000003,0.0,17.9915,17.6623335,15.045668,1.6500001,1.4,5.25,4.1,9.6,65.0,,61.190000000000005,3.6912960686839122,17145.833333333332,6791.634713626359,75.0
5735.0,133.75,158.0,0,0,0,1,0,4.82,1.2,25.94867,0.0,0.0,19.723792,5.5,5.5,30,3,5,1,1.0,6.123233995736766e-17,75.0,55.0,60.0,32875.0,5505.0,4387.5,25.167418,23.996584,20.946587,0.0,0.0,3.7,18.8800425,17.313375,15.9290015,1.55,3.6999998,6.7499992,2.1000001,4.1,75.0,,63.57142857142857,6.1181708284199345,24437.5,8437.500000000051,76.67
55000.0,133.75,158.0,0,0,0,1,0,4.82,0.1,25.867416,0.0,0.0,20.130042000000003,1.45,1.45,31,3,6,1,1.0,6.123233995736766e-17,76.67,65.0,61.67,5735.0,7336.67,1775.0,25.94867,24.194502,22.932,0.0,0.1,0.0,19.723792,17.9915,16.838375,5.5,1.6500001,2.00000005,1.2,2.1000001,76.67,,65.95285714285714,7.568698070091353,21015.833333333332,13889.771491400943,75.0
46071.0,133.75,158.0,0,0,0,1,0,4.61,0.0,25.738253,0.0,0.0,20.545668,0.0,0.0,1,4,0,0,0.8660254037844387,-0.4999999999999998,75.0,75.0,63.33,55000.0,9168.33,1139.5,25.867416,25.167418,23.386168,0.0,0.0,0.0,20.130042000000003,18.8800425,16.697750499999998,1.45,1.55,1.7000000000000002,0.1,1.2,75.0,,67.85714285714286,7.977415442539708,31203.333333333332,24675.005741302957,73.0
37142.0,133.75,158.0,0,0,0,1,0,4.61,0.0,24.513254,0.0,0.0,20.8394175,0.0,0.0,2,4,1,0,0.8660254037844387,-0.4999999999999998,73.0,76.67,65.0,46071.0,11000.0,504.0,25.738253,25.94867,23.802835,0.0,0.0,4.2000003,20.545668,19.723792,17.6623335,0.0,5.5,1.4,0.0,0.1,73.0,,69.23857142857142,7.899688661738174,35602.0,26248.04806076064,71.0
28213.0,133.72,158.0,0,0,0,1,0,4.61,0.0,24.704916,0.0,0.0,21.245669,0.0,0.0,3,4,2,0,0.8660254037844387,-0.4999999999999998,71.0,75.0,55.0,37142.0,16000.0,1008.0,24.513254,25.867416,23.996584,0.0,0.0,0.0,20.8394175,20.130042000000003,17.313375,0.0,1.45,3.6999998,0.0,0.0,71.0,,70.09571428571428,7.685752743753135,46071.0,8928.999999999998,69.0
19284.0,133.8,158.0,0,0,0,1,0,4.61,0.0,26.138247,0.0,0.0,22.194626,0.0,0.0,4,4,3,0,0.8660254037844387,-0.4999999999999998,69.0,73.0,65.0,28213.0,24437.5,5000.0,24.704916,25.738253,24.194502,0.0,0.0,0.1,21.245669,20.545668,17.9915,0.0,0.0,1.6500001,0.0,0.0,69.0,,72.09571428571428,4.0772697447485635,37142.0,8929.00000000002,67.0
10355.0,133.81,158.0,0,0,0,1,0,4.61,0.0,27.111168,0.0,0.0,22.023792,0.0,0.0,5,4,4,0,0.8660254037844387,-0.4999999999999998,67.0,71.0,75.0,19284.0,32875.0,2600.0,26.138247,24.513254,25.167418,0.0,0.0,0.0,22.194626,20.8394175,18.8800425,0.0,0.0,1.55,0.0,0.0,67.0,,72.38142857142857,3.5305921532222295,28213.0,8929.00000000004,65.0
40952.5,133.58,158.0,0,0,0,1,0,4.61,0.1,26.365335,0.0,0.0,21.6925425,0.0,0.0,6,4,5,1,0.8660254037844387,-0.4999999999999998,65.0,69.0,76.67,10355.0,5735.0,200.0,27.111168,24.704916,25.94867,0.0,0.0,0.0,22.023792,21.245669,19.723792,0.0,0.0,5.5,0.0,0.0,65.0,,70.95285714285714,4.245258980266972,19284.0,8929.000000000062,69.38
71550.0,133.58,158.0,0,0,0,1,0,4.61,0.1,26.038252,0.0,0.0,21.111293,0.0,0.0,7,4,6,1,0.8660254037844387,-0.4999999999999998,69.38,67.0,75.0,40952.5,55000.0,980.0,26.365335,26.138247,25.867416,0.0,0.0,0.0,21.6925425,22.194626,20.130042000000003,0.0,0.0,1.45,0.1,0.0,69.38,,69.91142857142857,3.4236794465011773,23530.5,15734.558247691637,73.75
35300.0,133.58,158.0,0,0,0,1,0,4.61,0.0,24.82575,0.0,0.0,20.9279595,0.0,0.0,8,4,0,0,0.8660254037844387,-0.4999999999999998,73.75,65.0,73.0,71550.0,46071.0,1760.0,26.038252,27.111168,25.738253,0.0,0.0,0.0,21.111293,22.023792,20.545668,0.0,0.0,0.0,0.1,0.1,73.75,,69.73285714285714,3.134414960223169,40952.5,30597.500000000004,75.0
28828.0,133.61,158.0,0,0,0,1,0,4.61,2.0,25.411165,0.0,0.0,20.431086,0.05,0.05,9,4,1,0,0.8660254037844387,-0.4999999999999998,75.0,69.38,71.0,35300.0,37142.0,2540.0,24.82575,26.365335,24.513254,0.0,0.0,0.0,20.9279595,21.6925425,20.8394175,0.0,0.0,0.0,0.0,0.1,75.0,,70.01857142857143,3.5459950581458246,49267.5,19503.07780197781,75.0
22356.0,133.61,158.0,0,0,0,1,0,4.61,0.0,25.492416,0.0,0.0,20.80296,0.0,0.0,10,4,2,0,0.8660254037844387,-0.4999999999999998,75.0,73.75,69.0,28828.0,28213.0,3320.0,25.411165,26.038252,24.704916,0.0,0.0,0.0,20.431086,21.111293,21.245669,0.05,0.0,0.0,2.0,0.0,75.0,,70.59,4.020990756850892,45226.0,23025.777467872824,66.67
29000.0,133.4,158.0,0,0,0,1,0,4.61,1.7,26.690338,0.1,0.1,20.7467085,0.35,0.35,11,4,3,0,0.8660254037844387,-0.4999999999999998,66.67,75.0,67.0,22356.0,19284.0,4100.0,25.492416,24.82575,26.138247,0.0,0.0,0.0,20.80296,20.9279595,22.194626,0.0,0.0,0.0,0.0,2.0,66.67,,70.25714285714285,4.263663191381028,28828.0,6472.000000000048,65.0
16500.0,133.4,158.0,0,0,0,1,0,4.61,0.0,26.554916,0.0,0.0,20.3883785,0.1,0.1,12,4,4,0,0.8660254037844387,-0.4999999999999998,65.0,75.0,65.0,29000.0,10355.0,7750.0,26.690338,25.411165,27.111168,0.1,0.0,0.0,20.7467085,20.431086,22.023792,0.35,0.05,0.0,1.7,0.0,65.0,,69.97142857142856,4.574022404011003,26728.0,3787.239628014144,65.0
9500.0,133.77,158.0,1,0,0,1,0,4.61,0.4,27.842417,0.0,0.0,21.3987925,0.0,0.0,13,4,5,1,0.8660254037844387,-0.4999999999999998,65.0,66.67,69.38,16500.0,40952.5,3465.0,26.554916,25.492416,26.365335,0.0,0.0,0.0,20.3883785,20.80296,21.6925425,0.1,0.0,0.0,0.0,1.7,65.0,,69.97142857142856,4.574022404011003,22618.666666666668,6254.138256653288,70.0
2500.0,133.77,158.0,1,0,0,1,0,4.61,0.0,28.104912,0.0,0.0,21.896708500000003,0.0,0.0,14,4,6,1,0.8660254037844387,-0.4999999999999998,70.0,65.0,73.75,9500.0,71550.0,3622.5,27.842417,26.690338,26.038252,0.0,0.1,0.0,21.3987925,20.7467085,21.111293,0.0,0.35,0.0,0.4,0.0,70.0,,70.05999999999999,4.566658150845135,18333.333333333332,9878.427675158351,75.0
36750.0,133.77,158.0,0,0,0,1,0,4.61,0.0,28.794504,0.0,0.0,23.08525,0.05,0.05,15,4,0,0,0.8660254037844387,-0.4999999999999998,75.0,65.0,75.0,2500.0,35300.0,3780.0,28.104912,26.554916,24.82575,0.0,0.0,0.0,21.896708500000003,20.3883785,20.9279595,0.0,0.1,0.0,0.0,0.4,75.0,,70.23857142857142,4.755531616170225,9500.0,7000.000000000102,65.0
16260.0,133.83,161.0,0,0,0,1,0,4.61,4.0,28.365334,0.0,0.0,23.346712,0.35,0.35,16,4,1,0,0.8660254037844387,-0.4999999999999998,65.0,70.0,75.0,36750.0,28828.0,3937.5,28.794504,27.842417,25.411165,0.0,0.0,0.0,23.08525,21.3987925,20.431086,0.05,0.0,0.05,0.0,0.0,65.0,,68.80999999999999,4.585778741574905,16250.0,18095.234179197603,65.0
23250.0,133.96,161.0,0,0,0,1,0,4.61,0.2,28.017416,0.0,0.0,22.733167,0.6,0.6,17,4,2,0,0.8660254037844387,-0.4999999999999998,65.0,75.0,66.67,16260.0,22356.0,4095.0,28.365334,28.104912,25.492416,0.0,0.0,0.0,23.346712,21.896708500000003,20.80296,0.35,0.0,0.0,4.0,0.0,65.0,,67.38142857142857,3.831676867777511,18503.333333333332,17234.84938528139,65.0
16000.0,133.96,161.0,0,0,0,1,0,4.61,1.1,27.532,0.0,0.0,22.6769175,0.50000002,0.50000002,18,4,3,0,0.8660254037844387,-0.4999999999999998,65.0,65.0,65.0,23250.0,29000.0,5000.0,28.017416,28.794504,26.690338,0.0,0.0,0.1,22.733167,23.08525,20.7467085,0.6,0.05,0.35,0.2,4.0,65.0,,67.14285714285714,3.933978962348952,25420.0,10415.934907630744,65.0
14666.67,133.97,161.0,0,0,0,1,0,4.61,0.0,28.532,0.0,0.0,23.2237925,0.0,0.0,19,4,4,0,0.8660254037844387,-0.4999999999999998,65.0,65.0,65.0,16000.0,16500.0,10.0,27.532,28.365334,26.554916,0.0,0.0,0.0,22.6769175,23.346712,20.3883785,0.50000002,0.35,0.1,1.1,0.2,65.0,,67.14285714285714,3.933978962348952,18503.333333333332,4112.788996938008,65.0
13333.33,133.86,161.0,0,0,0,1,0,4.61,0.0,30.196585,0.0,0.0,24.516503,0.0,0.0,20,4,5,1,0.8660254037844387,-0.4999999999999998,65.0,65.0,70.0,14666.67,9500.0,1841.67,28.532,28.017416,27.842417,0.0,0.0,0.0,23.2237925,22.733167,21.3987925,0.0,0.6,0.0,0.0,1.1,65.0,,67.14285714285714,3.933978962348952,17972.22333333333,4619.051540049578,65.0
12000.0,133.86,161.0,0,0,0,1,0,4.61,0.0,30.57575,0.0,0.0,24.4435845,0.0,0.0,21,4,6,1,0.8660254037844387,-0.4999999999999998,65.0,65.0,75.0,13333.33,2500.0,3673.33,30.196585,27.532,28.104912,0.0,0.0,0.0,24.516503,22.6769175,21.896708500000003,0.0,0.50000002,0.0,0.0,0.0,65.0,,66.42857142857143,3.779644730094078,14666.666666666666,1333.3350000035755,65.0
12000.0,133.86,161.0,0,0,0,1,0,4.61,0.0,30.590334,0.0,0.0,24.537334,0.0,0.0,22,4,0,0,0.8660254037844387,-0.4999999999999998,65.0,65.0,65.0,12000.0,36750.0,5505.0,30.57575,28.532,28.794504,0.0,0.0,0.0,24.4435845,23.2237925,23.08525,0.0,0.0,0.05,0.0,0.0,65.0,,65.0,0.0,13333.333333333334,1333.335000003599,55.0
10175.0,133.69,161.0,0,0,0,1,0,4.61,0.0,30.796583,0.0,0.0,23.4946255,0.0,0.0,23,4,1,0,0.8660254037844387,-0.4999999999999998,55.0,65.0,65.0,12000.0,16260.0,7336.67,30.590334,30.196585,28.365334,0.0,0.0,0.0,24.537334,24.516503,23.346712,0.0,0.0,0.35,0.0,0.0,55.0,,63.57142857142857,3.7796447300940677,12444.443333333335,769.7984344194507,55.0
8350.0,133.66,161.0,0,0,0,1,0,4.61,0.0,30.779915,0.0,0.0,23.439417,0.0,0.0,24,4,2,0,0.8660254037844387,-0.4999999999999998,55.0,65.0,65.0,10175.0,23250.0,9168.33,30.796583,30.57575,28.017416,0.0,0.0,0.0,23.4946255,24.4435845,22.733167,0.0,0.0,0.6,0.0,0.0,55.0,,62.142857142857146,4.879500364744053,11391.666666666666,1053.6642412717094,55.0
6525.0,133.62,161.0,0,0,0,1,0,4.61,0.0,29.836168,0.0,0.0,24.13525,0.0,0.0,25,4,3,0,0.8660254037844387,-0.4999999999999998,55.0,55.0,65.0,8350.0,16000.0,11000.0,30.779915,30.590334,27.532,0.0,0.0,0.0,23.439417,24.537334,22.6769175,0.0,0.0,0.50000002,0.0,0.0,55.0,,60.714285714285715,5.345224838249751,10175.0,1825.0000000003868,55.0
4700.0,133.61,161.0,0,0,0,1,0,4.61,0.0,28.76533,0.0,0.0,24.6550435,0.0,0.0,26,4,4,0,0.8660254037844387,-0.4999999999999998,55.0,55.0,65.0,6525.0,14666.67,16000.0,29.836168,30.796583,28.532,0.0,0.0,0.0,24.13525,23.4946255,23.2237925,0.0,0.0,0.0,0.0,0.0,55.0,,59.285714285714285,5.34522483824975,8350.0,1825.0000000004118,55.0
2875.0,133.65,161.0,0,0,0,1,0,4.61,0.0,29.917418,0.0,0.0,24.8915005,0.0,0.0,27,4,5,1,0.8660254037844387,-0.4999999999999998,55.0,55.0,65.0,4700.0,13333.33,24437.5,28.76533,30.779915,30.196585,0.0,0.0,0.0,24.6550435,23.439417,24.516503,0.0,0.0,0.0,0.0,0.0,55.0,,57.857142857142854,4.879500364744045,6525.0,1825.0000000004363,55.0
10275.0,133.65,161.0,0,0,0,1,0,4.61,0.0,31.036165,0.0,0.0,24.619628,0.0,0.0,28,4,6,1,0.8660254037844387,-0.4999999999999998,55.0,55.0,65.0,2875.0,12000.0,32875.0,29.917418,29.836168,30.57575,0.0,0.0,0.0,24.8915005,24.13525,24.4435845,0.0,0.0,0.0,0.0,0.0,55.0,,56.42857142857143,3.779644730094049,4700.0,1825.000000000461,45.0
17675.0,133.65,161.0,0,0,0,1,0,4.61,0.0,30.473665,0.0,0.0,25.3029605,0.0,0.0,29,4,0,0,0.8660254037844387,-0.4999999999999998,45.0,55.0,55.0,10275.0,12000.0,5735.0,31.036165,28.76533,30.590334,0.0,0.0,0.0,24.619628,24.6550435,24.537334,0.0,0.0,0.0,0.0,0.0,45.0,,53.57142857142857,3.7796447300940432,5950.0,3855.1102448570286,45.0
11337.5,133.86,159.0,0,0,0,1,0,4.61,0.0,31.515335,0.0,0.0,25.831083,0.0,0.0,30,4,1,0,0.8660254037844387,-0.4999999999999998,45.0,55.0,55.0,17675.0,10175.0,55000.0,30.473665,29.917418,30.796583,0.0,0.0,0.0,25.3029605,24.8915005,23.4946255,0.0,0.0,0.0,0.0,0.0,45.0,,52.142857142857146,4.879500364744034,10275.0,7400.000000000095,45.0
5000.0,133.79,159.0,0,0,0,1,0,4.4,0.0,31.169497,0.0,0.0,24.6904635,0.0,0.0,1,5,2,0,0.4999999999999999,-0.8660254037844387,45.0,45.0,55.0,11337.5,8350.0,46071.0,31.515335,31.036165,30.779915,0.0,0.0,0.0,25.831083,24.619628,23.439417,0.0,0.0,0.0,0.0,0.0,45.0,,50.714285714285715,5.3452248382497345,13095.833333333334,4001.10010913681,45.0
14075.0,133.79,159.0,0,0,0,1,0,4.4,0.0,29.719498,0.0,0.0,23.232127,0.0,0.0,2,5,3,0,0.4999999999999999,-0.8660254037844387,45.0,45.0,55.0,5000.0,6525.0,37142.0,31.169497,30.473665,29.836168,0.0,0.0,0.0,24.6904635,25.3029605,24.13525,0.0,0.0,0.0,0.0,0.0,45.0,,49.285714285714285,5.345224838249733,11337.5,6337.500000000106,40.0
23150.0,133.86,159.0,0,0,0,1,0,4.4,0.0,29.073668,0.0,0.0,24.1185865,0.0,0.0,3,5,4,0,0.4999999999999999,-0.8660254037844387,40.0,45.0,55.0,14075.0,4700.0,28213.0,29.719498,31.515335,28.76533,0.0,0.0,0.0,23.232127,25.831083,24.6550435,0.0,0.0,0.0,0.0,0.0,40.0,,47.142857142857146,5.669467095139578,10137.5,4654.987244880635,35.0
12500.0,133.78,159.0,0,0,0,1,0,4.4,0.0,30.00908,0.0,0.0,24.250874,0.0,0.0,4,5,5,1,0.4999999999999999,-0.8660254037844387,35.0,45.0,55.0,23150.0,2875.0,19284.0,29.073668,31.169497,29.917418,0.0,0.0,0.0,24.1185865,24.6904635,24.8915005,0.0,0.0,0.0,0.0,0.0,35.0,,44.285714285714285,6.074928962940645,14075.0,9075.000000000067,37.5
4500.0,133.78,159.0,0,0,0,1,0,4.4,0.0,30.179914,0.0,0.0,23.6310855,0.0,0.0,5,5,6,1,0.4999999999999999,-0.8660254037844387,37.5,40.0,45.0,12500.0,10275.0,10355.0,30.00908,29.719498,31.036165,0.0,0.0,0.0,24.250874,23.232127,24.619628,0.0,0.0,0.0,0.0,0.0,37.5,,41.785714285714285,4.2608405162332765,16575.0,5748.31497049362,45.0
2320.0,133.78,159.0,0,0,0,1,0,4.4,0.4,29.542418,0.9,0.9,23.2664995,1.9,1.9,6,5,0,0,0.4999999999999999,-0.8660254037844387,45.0,35.0,45.0,4500.0,17675.0,40952.5,30.179914,29.073668,30.473665,0.0,0.0,0.0,23.6310855,24.1185865,25.3029605,0.0,0.0,0.0,0.0,0.0,45.0,,41.785714285714285,4.2608405162332765,13383.333333333334,9356.325845829366,35.0
140.0,133.89,159.0,0,0,0,1,0,4.4,10.1,27.148668,15.4,15.4,18.990458500000003,21.3500015,21.3500015,7,5,1,0,0.4999999999999999,-0.8660254037844387,35.0,37.5,45.0,2320.0,11337.5,71550.0,29.542418,30.00908,31.515335,0.9,0.0,0.0,23.2664995,24.250874,25.831083,1.9,0.0,0.0,0.4,0.0,35.0,,40.357142857142854,4.66113617868043,6440.0,5360.111939129788,37.5
280.0,133.92,159.0,0,0,0,1,0,4.4,17.700003,25.00075,23.2,23.2,18.805043,6.55000065,6.55000065,8,5,2,0,0.4999999999999999,-0.8660254037844387,37.5,45.0,45.0,140.0,5000.0,35300.0,27.148668,30.179914,31.169497,15.4,0.0,0.0,18.990458500000003,23.6310855,24.6904635,21.3500015,0.0,0.0,10.1,0.4,37.5,,39.285714285714285,4.260840516233274,2320.0,2180.000000000444,40.0
11315.000000000002,133.94,159.0,0,0,0,1,0,4.4,5.6,26.502836,0.2,0.2,20.1133745,1.85000015,1.85000015,9,5,3,0,0.4999999999999999,-0.8660254037844387,40.0,35.0,40.0,280.0,14075.0,28828.0,25.00075,29.542418,29.719498,23.2,0.9,0.0,18.805043,23.2664995,23.232127,6.55000065,1.9,0.0,17.700003,10.1,40.0,,38.57142857142857,3.4931906550307374,913.3333333333334,1220.2185596586185,45.0
22350.0,133.91,159.0,0,0,0,1,0,4.4,1.3000001,26.627836,1.7,1.7,20.101917,9.95,9.95,10,5,4,0,0.4999999999999999,-0.8660254037844387,45.0,37.5,35.0,11315.000000000002,23150.0,22356.0,26.502836,27.148668,29.073668,0.2,15.4,0.0,20.1133745,18.990458500000003,24.1185865,1.85000015,21.3500015,0.0,5.6,17.700003,45.0,,39.285714285714285,4.260840516233274,3911.6666666666674,6411.856855337242,45.0
18112.5,133.91,159.0,0,0,0,1,0,4.4,10.200001,28.019499,4.2999997,4.2999997,20.74671,8.850000999999999,8.850000999999999,11,5,5,1,0.4999999999999999,-0.8660254037844387,45.0,40.0,37.5,22350.0,12500.0,29000.0,26.627836,25.00075,30.00908,1.7,23.2,0.0,20.101917,18.805043,24.250874,9.95,6.55000065,0.0,1.3000001,5.6,45.0,,40.714285714285715,4.260840516233274,11315.0,11035.000000000064,43.75
13875.0,133.91,159.0,0,0,0,1,0,4.4,22.100002,25.952835,8.300001,8.300001,20.229,4.6,4.6,12,5,6,1,0.4999999999999999,-0.8660254037844387,43.75,45.0,45.0,18112.5,4500.0,16500.0,28.019499,26.502836,30.179914,4.2999997,0.2,0.0,20.74671,20.1133745,23.6310855,8.850000999999999,1.85000015,0.0,10.200001,1.3000001,43.75,,41.607142857142854,4.1277948684744015,17259.166666666668,5566.771019481073,42.5
9637.5,133.91,159.0,0,0,0,1,0,4.4,6.0,27.74867,0.0,0.0,21.0706665,1.9,1.9,13,5,0,0,0.4999999999999999,-0.8660254037844387,42.5,45.0,35.0,13875.0,2320.0,9500.0,25.952835,26.627836,29.542418,8.300001,1.7,0.9,20.229,20.101917,23.2664995,4.6,9.95,1.9,22.100002,10.200001,42.5,,41.25,3.8864079387886945,18112.5,4237.500000000115,41.25
5400.0,133.96,159.0,0,0,0,1,0,4.4,1.0000001,29.165335,0.0,0.0,22.467543,0.2,0.2,14,5,1,0,0.4999999999999999,-0.8660254037844387,41.25,43.75,37.5,9637.5,140.0,2500.0,27.74867,28.019499,27.148668,0.0,4.2999997,15.4,21.0706665,20.74671,18.990458500000003,1.9,8.850000999999999,21.3500015,6.0,22.100002,41.25,,42.142857142857146,2.7683371319627237,13875.0,4237.500000000146,40.0
16262.500000000002,133.92,159.0,0,0,0,1,0,4.4,0.9,30.373665,0.2,0.2,23.472753500000003,0.8500000000000001,0.8500000000000001,15,5,2,0,0.4999999999999999,-0.8660254037844387,40.0,42.5,40.0,5400.0,280.0,36750.0,29.165335,25.952835,25.00075,0.0,8.300001,23.2,22.467543,20.229,18.805043,0.2,4.6,6.55000065,1.0000001,6.0,40.0,,42.5,2.1650635094641286,9637.5,4237.500000000179,38.33
27125.0,133.91,154.0,0,0,0,1,0,4.4,0.3,30.58825,0.0,0.0,24.636294,0.25,0.25,16,5,3,0,0.4999999999999999,-0.8660254037844387,38.33,41.25,45.0,16262.500000000002,11315.000000000002,16260.0,30.373665,27.74867,26.502836,0.2,0.0,0.2,23.472753500000003,21.0706665,20.1133745,0.8500000000000001,1.9,1.85000015,0.9,1.0000001,38.33,,42.261428571428574,2.5451092220952085,10433.333333333334,5474.804981306166,35.0
22700.0,133.91,154.0,0,0,0,1,0,4.4,0.0,30.679916,0.0,0.0,24.8852505,0.0,0.0,17,5,4,0,0.4999999999999999,-0.8660254037844387,35.0,40.0,45.0,27125.0,22350.0,23250.0,30.58825,29.165335,26.627836,0.0,0.0,1.7,24.636294,22.467543,20.101917,0.25,0.2,9.95,0.3,0.9,35.0,,40.83285714285715,3.4109710947964533,16262.5,10862.500000000051,37.0
18275.0,133.64,154.0,0,0,0,1,0,4.4,2.6000001,31.192415,1.3000001,1.3000001,24.9644175,7.9,7.9,18,5,5,1,0.4999999999999999,-0.8660254037844387,37.0,38.33,43.75,22700.0,18112.5,16000.0,30.679916,30.373665,28.019499,0.0,0.2,4.2999997,24.8852505,23.472753500000003,20.74671,0.0,0.8500000000000001,8.850000999999999,0.0,0.3,37.0,,39.690000000000005,3.1088904773267734,22029.166666666668,5462.233021698548,39.0
13850.0,133.64,154.0,0,0,0,1,0,4.4,5.7999997,29.72158,12.900001,12.900001,23.411294,3.65,3.65,19,5,6,1,0.4999999999999999,-0.8660254037844387,39.0,35.0,42.5,18275.0,13875.0,14666.67,31.192415,30.58825,25.952835,1.3000001,0.0,8.300001,24.9644175,24.636294,20.229,7.9,0.25,4.6,2.6000001,0.0,39.0,,39.011428571428574,2.541668930524595,22700.0,4425.000000000077,41.0
9425.0,133.64,154.0,0,0,0,1,0,4.4,3.0,29.121584,0.2,0.2,22.973793,3.90000015,3.90000015,20,5,0,0,0.4999999999999999,-0.8660254037844387,41.0,37.0,41.25,13850.0,9637.5,13333.33,29.72158,30.679916,27.74867,12.900001,0.0,0.0,23.411294,24.8852505,21.0706665,3.65,0.0,1.9,5.7999997,2.6000001,41.0,,38.797142857142866,2.2443760401360766,18275.0,4425.00000000011,43.0
5000.0,133.64,154.0,0,0,0,1,0,4.4,3.1000004,29.211166,0.0,0.0,22.7769165,2.1,2.1,21,5,1,0,0.4999999999999999,-0.8660254037844387,43.0,39.0,40.0,9425.0,5400.0,12000.0,29.121584,31.192415,29.165335,0.2,1.3000001,0.0,22.973793,24.9644175,22.467543,3.90000015,7.9,0.2,3.0,5.7999997,43.0,,39.047142857142866,2.6278426784855733,13850.0,4425.000000000143,45.0
7458.33,133.6,154.0,0,0,0,1,0,4.4,1.6,29.402832,0.0,0.0,22.7717095,2.69999985,2.69999985,22,5,2,0,0.4999999999999999,-0.8660254037844387,45.0,41.0,38.33,5000.0,16262.500000000002,12000.0,29.211166,29.72158,30.373665,0.0,12.900001,0.2,22.7769165,23.411294,23.472753500000003,2.1,3.65,0.8500000000000001,3.1000004,3.0,45.0,,39.761428571428574,3.4734825395262963,9425.0,4425.0000000001755,45.0
9916.67,133.56,154.0,0,0,0,1,0,4.4,1.4000001,29.617416,0.0,0.0,22.8217075,0.55,0.55,23,5,3,0,0.4999999999999999,-0.8660254037844387,45.0,43.0,35.0,7458.33,27125.0,10175.0,29.402832,29.121584,30.58825,0.0,0.2,0.0,22.7717095,22.973793,24.636294,2.69999985,3.90000015,0.25,1.6,3.1000004,45.0,,40.714285714285715,3.9036002917958115,7294.443333333334,2217.0476719355925,45.0
12375.0,133.56,154.0,0,0,0,1,0,4.4,3.7,31.448668,0.2,0.2,24.4144155,0.75,0.75,24,5,4,0,0.4999999999999999,-0.8660254037844387,45.0,45.0,37.0,9916.67,22700.0,8350.0,29.617416,29.211166,30.679916,0.0,0.0,0.0,22.8217075,22.7769165,24.8852505,0.55,2.1,0.0,1.4000001,1.6,45.0,,42.142857142857146,3.2366943748527772,7458.333333333333,2458.3350000020378,45.0
8250.0,133.26,154.0,0,0,0,1,0,4.4,7.4,32.894497,0.0,0.0,24.695671,2.4,2.4,25,5,5,1,0.4999999999999999,-0.8660254037844387,45.0,45.0,39.0,12375.0,18275.0,6525.0,31.448668,29.402832,31.192415,0.2,0.0,1.3000001,24.4144155,22.7717095,24.9644175,0.75,2.69999985,7.9,3.7,1.4000001,45.0,,43.285714285714285,2.4299715851785324,9916.666666666666,2458.335000002005,48.33
4125.0,133.26,154.0,0,0,0,1,0,4.4,1.6000001,32.67158,0.8,0.8,24.864418,2.3499999000000003,2.3499999000000003,26,5,6,1,0.4999999999999999,-0.8660254037844387,48.33,45.0,41.0,8250.0,13850.0,4700.0,32.894497,29.617416,29.72158,0.0,0.0,12.900001,24.695671,22.8217075,23.411294,2.4,0.55,3.65,7.4,3.7,48.33,,44.61857142857143,2.238693283828945,10180.556666666665,2075.1224975010123,51.67
5306.25,133.26,154.0,0,0,0,1,0,4.4,13.200001,31.73408,0.0,0.0,24.1685845,11.34999925,11.34999925,27,5,0,0,0.4999999999999999,-0.8660254037844387,51.67,45.0,43.0,4125.0,9425.0,2875.0,32.67158,31.448668,29.121584,0.8,0.2,0.2,24.864418,24.4144155,22.973793,2.3499999000000003,0.75,3.90000015,1.6000001,7.4,51.67,,46.142857142857146,2.899279877751899,8250.0,4125.000000000196,55.0
6487.5,133.32,154.0,0,0,0,1,0,4.4,5.9,31.736168,0.0,0.0,22.7508755,8.0499995,8.0499995,28,5,1,0,0.4999999999999999,-0.8660254037844387,55.0,48.33,45.0,5306.25,5000.0,10275.0,31.73408,32.894497,29.211166,0.0,0.0,0.0,24.1685845,24.695671,22.7769165,11.34999925,2.4,2.1,13.200001,1.6000001,55.0,,47.857142857142854,4.050410326070323,5893.75,2124.3289381594755,45.0
7668.75,133.39,154.0,0,0,0,1,0,4.4,0.70000005,33.629917,0.0,0.0,24.7998345,3.04999985,3.04999985,29,5,2,0,0.4999999999999999,-0.8660254037844387,45.0,51.67,45.0,6487.5,7458.33,17675.0,31.736168,32.67158,29.402832,0.0,0.8,0.0,22.7508755,24.864418,22.7717095,8.0499995,2.3499999000000003,2.69999985,5.9,13.200001,45.0,,47.857142857142854,4.050410326070323,5306.25,1181.250000000762,55.0
8850.0,133.66,154.0,0,0,0,1,0,4.4,0.0,32.80908,11.3,11.3,25.984209,0.800000025,0.800000025,30,5,3,0,0.4999999999999999,-0.8660254037844387,55.0,55.0,45.0,7668.75,9916.67,11337.5,33.629917,31.73408,29.617416,0.0,0.0,0.0,24.7998345,24.1685845,22.8217075,3.04999985,11.34999925,0.55,0.70000005,5.9,55.0,,49.285714285714285,4.60083998542026,6487.5,1181.250000000732,55.0
9900.0,133.62,153.0,0,0,0,1,0,4.4,0.5,31.225748,0.0,0.0,24.9342105,0.8,0.8,31,5,4,0,0.4999999999999999,-0.8660254037844387,55.0,45.0,45.0,8850.0,12375.0,5000.0,32.80908,31.736168,31.448668,11.3,0.0,0.2,25.984209,22.7508755,24.4144155,0.800000025,8.0499995,0.75,0.0,0.70000005,55.0,,50.714285714285715,4.600839985420262,7668.75,1181.250000000702,65.0
10950.0,133.85,153.0,0,0,1,0,0,4.17,1.8000001,31.534082,0.0,0.0,23.550876,2.10000005,2.10000005,1,6,5,1,1.2246467991473532e-16,-1.0,65.0,55.0,48.33,9900.0,8250.0,14075.0,31.225748,33.629917,32.894497,0.0,0.0,0.0,24.9342105,24.7998345,24.695671,0.8,3.04999985,2.4,0.5,0.0,65.0,,53.57142857142857,6.3415571919727265,8806.25,1116.2681969408566,65.0
12000.0,133.85,153.0,0,0,1,0,0,4.17,0.1,29.81325,4.8,4.8,24.0092095,1.6000001,1.6000001,2,6,6,1,1.2246467991473532e-16,-1.0,65.0,55.0,51.67,10950.0,4125.0,23150.0,31.534082,32.80908,32.67158,0.0,11.3,0.8,23.550876,25.984209,24.864418,2.10000005,0.800000025,2.3499999000000003,1.8000001,0.5,65.0,,55.95285714285715,7.126632477980319,9900.0,1050.0000000007267,75.0
8750.0,133.85,153.0,0,0,1,0,0,4.17,1.6,30.084082,2.9,2.9,23.198792500000003,2.44999995,2.44999995,3,6,0,0,1.2246467991473532e-16,-1.0,75.0,65.0,55.0,12000.0,5306.25,12500.0,29.81325,31.225748,31.73408,4.8,0.0,0.0,24.0092095,24.9342105,24.1685845,1.6000001,0.8,11.34999925,0.1,1.8000001,75.0,,59.285714285714285,9.759000729486024,10950.0,1050.0000000006971,55.0
8958.333333333334,133.34,153.0,0,0,1,0,0,4.17,3.8999999,29.92366,1.7,1.7,23.405045,5.44999975,5.44999975,4,6,1,0,1.2246467991473532e-16,-1.0,55.0,65.0,45.0,8750.0,6487.5,4500.0,30.084082,31.534082,31.736168,2.9,0.0,0.0,23.198792500000003,23.550876,22.7508755,2.44999995,2.10000005,8.0499995,1.6,0.1,55.0,,59.285714285714285,9.759000729486024,10566.666666666666,1658.563635600039,55.0
9166.666666666666,133.96,153.0,0,0,1,0,0,4.17,2.8000002,29.490334,22.7,22.7,22.455044,6.00000015,6.00000015,5,6,2,0,1.2246467991473532e-16,-1.0,55.0,75.0,55.0,8958.333333333334,7668.75,2320.0,29.92366,29.81325,33.629917,1.7,4.8,0.0,23.405045,24.0092095,24.7998345,5.44999975,1.6000001,3.04999985,3.8999999,1.6,55.0,,60.714285714285715,7.867957924695292,9902.77777777778,1819.2323879820865,50.0
9375.0,133.7,153.0,0,0,1,0,0,4.17,1.4000001,28.804916,31.8,31.8,23.317543,3.75,3.75,6,6,3,0,1.2246467991473532e-16,-1.0,50.0,55.0,55.0,9166.666666666666,8850.0,140.0,29.490334,30.084082,32.80908,22.7,2.9,11.3,22.455044,23.198792500000003,25.984209,6.00000015,2.44999995,0.800000025,2.8000002,3.8999999,50.0,,60.0,8.660254037845167,8958.333333333334,208.33333333712426,65.0
9583.333333333334,133.86,153.0,0,0,1,0,0,4.17,9.599999,29.13408,0.1,0.1,22.668587,5.10000025,5.10000025,7,6,4,0,1.2246467991473532e-16,-1.0,65.0,55.0,65.0,9375.0,9900.0,280.0,28.804916,29.92366,31.225748,31.8,1.7,0.0,23.317543,23.405045,24.9342105,3.75,5.44999975,0.8,1.4000001,2.8000002,65.0,,61.42857142857143,8.521681032464262,9166.666666666666,208.3333333370931,45.0
9791.666666666666,133.7,153.0,0,0,1,0,0,4.17,2.3,30.379915,0.1,0.1,23.6248365,2.69999985,2.69999985,8,6,5,1,1.2246467991473532e-16,-1.0,45.0,50.0,65.0,9583.333333333334,10950.0,11315.000000000002,29.13408,29.490334,31.534082,0.1,22.7,0.0,22.668587,22.455044,23.550876,5.10000025,6.00000015,2.10000005,9.599999,1.4000001,45.0,,58.57142857142857,10.293317295818413,9375.0,208.33333333706196,55.0
10000.0,133.7,153.0,0,0,1,0,0,4.17,0.2,30.904917,0.0,0.0,24.950875,0.1,0.1,9,6,6,1,1.2246467991473532e-16,-1.0,55.0,65.0,75.0,9791.666666666666,12000.0,22350.0,30.379915,28.804916,29.81325,0.1,31.8,4.8,23.6248365,23.317543,24.0092095,2.69999985,3.75,1.6000001,2.3,9.599999,55.0,,57.142857142857146,9.940297973880728,9583.333333333334,208.33333333702763,55.0
5000.0,133.7,153.0,0,0,1,0,0,4.17,0.0,31.346582,0.0,0.0,25.426918,0.0,0.0,10,6,0,0,1.2246467991473532e-16,-1.0,55.0,45.0,55.0,10000.0,8750.0,18112.5,30.904917,29.13408,30.084082,0.0,0.1,2.9,24.950875,22.668587,23.198792500000003,0.1,5.10000025,2.44999995,0.2,2.3,55.0,,54.285714285714285,6.074928962940674,9791.666666666666,208.33333333699488,55.0
4921.875,133.92,153.0,0,0,1,0,0,4.17,1.0,31.0195,0.4,0.4,24.9352495,4.1000002,4.1000002,11,6,1,0,1.2246467991473532e-16,-1.0,55.0,55.0,55.0,5000.0,8958.333333333334,13875.0,31.346582,30.379915,29.92366,0.0,0.1,1.7,25.426918,23.6248365,23.405045,0.0,2.69999985,5.44999975,0.0,0.2,55.0,,54.285714285714285,6.074928962940674,8263.888888888889,2828.5294242247733,55.0
4843.75,134.01,153.0,0,0,1,0,0,4.17,1.6000001,31.732,0.0,0.0,25.046712,2.24999985,2.24999985,12,6,2,0,1.2246467991473532e-16,-1.0,55.0,55.0,50.0,4921.875,9166.666666666666,9637.5,31.0195,30.904917,29.490334,0.4,0.0,22.7,24.9352495,24.950875,22.455044,4.1000002,0.1,6.00000015,1.0,0.0,55.0,,54.285714285714285,6.074928962940674,6640.625,2909.566320240309,43.33
4765.625,133.98,153.0,0,0,1,0,0,4.17,3.7,30.738245,3.6,3.6,24.6279605,8.5,8.5,13,6,3,0,1.2246467991473532e-16,-1.0,43.33,55.0,65.0,4843.75,9375.0,5400.0,31.732,31.346582,28.804916,0.0,0.0,31.8,25.046712,25.426918,23.317543,2.24999985,0.0,3.75,1.6000001,1.0,43.33,,53.332857142857144,7.265596360671575,4921.875,78.12500001179426,55.0
4687.5,133.98,153.0,0,0,1,0,0,4.17,3.6,29.109083,9.2,9.2,24.07275,11.7499999,11.7499999,14,6,4,0,1.2246467991473532e-16,-1.0,55.0,55.0,45.0,4765.625,9583.333333333334,16262.500000000002,30.738245,31.0195,29.13408,3.6,0.4,0.1,24.6279605,24.9352495,22.668587,8.5,4.1000002,5.10000025,3.7,1.6000001,55.0,,51.90428571428571,5.308872627163149,4843.75,78.125000011827,43.33
4609.375,134.0,153.0,0,0,1,0,0,4.17,1.7,29.225746,14.3,14.3,24.5789995,9.15,9.15,15,6,5,1,1.2246467991473532e-16,-1.0,43.33,43.33,55.0,4687.5,9791.666666666666,27125.0,29.109083,31.732,30.379915,9.2,0.0,0.1,24.07275,25.046712,23.6248365,11.7499999,2.24999985,2.69999985,3.6,3.7,43.33,,51.66571428571428,5.694376925655885,4765.625,78.12500001185974,45.0
4531.25,134.0,153.0,0,0,1,0,0,4.17,4.8999996,28.990332,1.4000001,1.4000001,23.9665015,13.3000009,13.3000009,16,6,6,1,1.2246467991473532e-16,-1.0,45.0,55.0,55.0,4609.375,10000.0,22700.0,29.225746,30.738245,30.904917,14.3,3.6,0.0,24.5789995,24.6279605,24.950875,9.15,8.5,0.1,1.7,3.6,45.0,,50.23714285714285,5.9663520800293695,4687.5,78.12500001189248,65.0
4453.125,134.0,153.0,0,0,1,0,0,4.17,8.2,30.454916,0.1,0.1,23.7321275,18.2000025,18.2000025,17,6,0,0,1.2246467991473532e-16,-1.0,65.0,43.33,55.0,4531.25,5000.0,18275.0,28.990332,29.109083,31.346582,1.4000001,9.2,0.0,23.9665015,24.07275,25.426918,13.3000009,11.7499999,0.0,4.8999996,1.7,65.0,,51.66571428571428,8.109208463516984,4609.375,78.12500001192522,35.0
4375.0,134.0,153.0,0,0,1,0,0,4.17,9.400001,29.427834,2.8999999,2.8999999,23.2539995,25.9000005,25.9000005,18,6,1,0,1.2246467991473532e-16,-1.0,35.0,45.0,55.0,4453.125,4921.875,13850.0,30.454916,29.225746,31.0195,0.1,14.3,0.4,23.7321275,24.5789995,24.9352495,18.2000025,9.15,4.1000002,8.2,4.8999996,35.0,,48.808571428571426,10.033620862832187,4531.25,78.12500001195797,55.0
4296.875,133.76,153.0,0,0,1,0,0,4.17,19.5,27.509085,30.399998,30.399998,22.5644185,30.7500035,30.7500035,19,6,2,0,1.2246467991473532e-16,-1.0,55.0,65.0,43.33,4375.0,4843.75,9425.0,29.427834,28.990332,31.732,2.8999999,1.4000001,0.0,23.2539995,23.9665015,25.046712,25.9000005,13.3000009,2.24999985,9.400001,8.2,55.0,,48.808571428571426,10.033620862832187,4453.125,78.1250000119907,55.0
4218.75,133.84,153.0,0,0,1,0,0,4.17,21.2,27.5445,1.4000001,1.4000001,23.143583,11.549999799999998,11.549999799999998,20,6,3,0,1.2246467991473532e-16,-1.0,55.0,35.0,55.0,4296.875,4765.625,5000.0,27.509085,30.454916,30.738245,30.399998,0.1,3.6,22.5644185,23.7321275,24.6279605,30.7500035,18.2000025,8.5,19.5,9.400001,55.0,,50.47571428571429,9.94069725445733,4375.0,78.12500001202345,55.0
4140.625,134.15,153.0,0,0,1,0,0,4.17,2.6,28.4695,0.6,0.6,23.067541,9.1500009,9.1500009,21,6,4,0,1.2246467991473532e-16,-1.0,55.0,55.0,43.33,4218.75,4687.5,7458.33,27.5445,29.427834,29.109083,1.4000001,2.8999999,9.2,23.143583,23.2539995,24.07275,11.549999799999998,25.9000005,11.7499999,21.2,19.5,55.0,,50.47571428571429,9.94069725445733,4296.875,78.12500001205619,56.67
4062.5,133.96,153.0,0,0,1,0,0,4.17,2.1999998,28.834085,2.8,2.8,23.335251,4.25,4.25,22,6,5,1,1.2246467991473532e-16,-1.0,56.67,55.0,45.0,4140.625,4609.375,9916.67,28.4695,27.509085,29.225746,0.6,30.399998,14.3,23.067541,22.5644185,24.5789995,9.1500009,30.7500035,9.15,2.6,21.2,56.67,,52.381428571428565,9.615876504635157,4218.75,78.12500001208893,65.0
3984.375,133.96,153.0,0,0,1,0,0,4.17,12.800001,30.16117,1.3000001,1.3000001,24.007126,3.00000005,3.00000005,23,6,6,1,1.2246467991473532e-16,-1.0,65.0,55.0,65.0,4062.5,4531.25,12375.0,28.834085,27.5445,28.990332,2.8,1.4000001,1.4000001,23.335251,23.143583,23.9665015,4.25,11.549999799999998,13.3000009,2.1999998,2.6,65.0,,55.238571428571426,10.019900911971515,4140.625,78.12500001212167,65.0
3906.25,133.96,153.0,0,0,1,0,0,4.17,1.2,30.26325,3.6,3.6,24.3623335,2.70000005,2.70000005,24,6,0,0,1.2246467991473532e-16,-1.0,65.0,56.67,35.0,3984.375,4453.125,8250.0,30.16117,28.4695,30.454916,1.3000001,0.6,0.1,24.007126,23.067541,23.7321275,3.00000005,9.1500009,18.2000025,12.800001,2.1999998,65.0,,55.238571428571426,10.019900911971515,4062.5,78.12500001215442,65.0
3828.125,133.84,153.0,0,0,1,0,0,4.17,6.7000003,28.952835,16.600002,16.600002,24.21025,6.24999875,6.24999875,25,6,1,0,1.2246467991473532e-16,-1.0,65.0,65.0,55.0,3906.25,4375.0,4125.0,30.26325,28.834085,29.427834,3.6,2.8,2.8999999,24.3623335,23.335251,23.2539995,2.70000005,4.25,25.9000005,1.2,12.800001,65.0,,59.52428571428571,5.155979884701027,3984.375,78.12500001218716,65.0
3750.0,133.8,153.0,0,0,1,0,0,4.17,79.89999,27.202833,47.5,47.5,23.367545,13.29999985,13.29999985,26,6,2,0,1.2246467991473532e-16,-1.0,65.0,65.0,55.0,3828.125,4296.875,5306.25,28.952835,30.16117,27.509085,16.600002,1.3000001,30.399998,24.21025,24.007126,22.5644185,6.24999875,3.00000005,30.7500035,6.7000003,1.2,65.0,,60.952857142857134,5.078276329248286,3906.25,78.1250000122199,66.67
3671.875,134.02,153.0,0,0,1,0,0,4.17,3.6000001,29.76533,1.7,1.7,23.749833,6.349999950000001,6.349999950000001,27,6,3,0,1.2246467991473532e-16,-1.0,66.67,65.0,55.0,3750.0,4218.75,6487.5,27.202833,30.26325,27.5445,47.5,3.6,1.4000001,23.367545,24.3623335,23.143583,13.29999985,2.70000005,11.549999799999998,79.89999,6.7000003,66.67,,62.62,4.699769497895211,3828.125,78.12500001225264,75.0
3593.75,133.84,153.0,0,0,1,0,0,4.17,13.5,29.154915,3.3,3.3,23.4456675,11.1999995,11.1999995,28,6,4,0,1.2246467991473532e-16,-1.0,75.0,65.0,56.67,3671.875,4140.625,7668.75,29.76533,28.952835,28.4695,1.7,16.600002,0.6,23.749833,24.21025,23.067541,6.349999950000001,6.24999875,9.1500009,3.6000001,79.89999,75.0,,65.47714285714287,5.332043742900388,3750.0,78.12500001228538,66.67
3515.625,133.72,153.0,0,0,1,0,0,4.17,13.4,28.752836,9.7,9.7,23.3383755,20.350001,20.350001,29,6,5,1,1.2246467991473532e-16,-1.0,66.67,66.67,65.0,3593.75,4062.5,8850.0,29.154915,27.202833,28.834085,3.3,47.5,2.8,23.4456675,23.367545,23.335251,11.1999995,13.29999985,4.25,13.5,3.6000001,66.67,,66.9057142857143,3.655032408170213,3671.875,78.12500001231813,65.0
3437.5,133.72,157.0,0,0,1,0,0,4.17,10.300002,28.336166,13.0,13.0,23.07692,23.200001,23.200001,30,6,6,1,1.2246467991473532e-16,-1.0,65.0,75.0,65.0,3515.625,3984.375,9900.0,28.752836,29.76533,30.16117,9.7,1.7,1.3000001,23.3383755,23.749833,24.007126,20.350001,6.349999950000001,3.00000005,13.4,13.5,65.0,,66.9057142857143,3.655032408170213,3593.75,78.12500001235087,75.0
3359.375,133.72,157.0,0,0,1,0,0,3.57,12.899999,27.607004,23.7,23.7,23.489418,9.00000015,9.00000015,1,7,0,0,-0.4999999999999997,-0.8660254037844388,75.0,66.67,65.0,3437.5,3906.25,10950.0,28.336166,29.154915,30.26325,13.0,3.3,3.6,23.07692,23.4456675,24.3623335,23.200001,11.1999995,2.70000005,10.300002,13.4,75.0,,68.33428571428571,4.614390017988055,3515.625,78.12500001238361,66.67
3281.25,133.81,157.0,0,0,1,0,0,3.57,72.00001,27.959085,44.399994,44.399994,23.209209,20.3500015,20.3500015,2,7,1,0,-0.4999999999999997,-0.8660254037844388,66.67,65.0,65.0,3359.375,3828.125,12000.0,27.607004,28.752836,28.952835,23.7,9.7,16.600002,23.489418,23.3383755,24.21025,9.00000015,20.350001,6.24999875,12.899999,10.300002,66.67,,68.57285714285715,4.4536416346105305,3437.5,78.12500001241635,65.0
3203.125,133.92,157.0,0,0,1,0,0,3.57,22.199999,28.373667,0.0,0.0,23.1914995,12.9000005,12.9000005,3,7,2,0,-0.4999999999999997,-0.8660254037844388,65.0,75.0,66.67,3281.25,3750.0,8750.0,27.959085,28.336166,27.202833,44.399994,13.0,47.5,23.209209,23.07692,23.367545,20.3500015,23.200001,13.29999985,72.00001,12.899999,65.0,,68.57285714285715,4.4536416346105305,3359.375,78.12500001244909,66.67
3125.0,133.96,157.0,0,0,1,0,0,3.57,34.999996,28.115335,8.099999,8.099999,23.186294,17.7999985,17.7999985,4,7,3,0,-0.4999999999999997,-0.8660254037844388,66.67,66.67,75.0,3203.125,3671.875,8958.333333333334,28.373667,27.607004,29.76533,0.0,23.7,1.7,23.1914995,23.489418,23.749833,12.9000005,9.00000015,6.349999950000001,22.199999,72.00001,66.67,,68.57285714285715,4.4536416346105305,3281.25,78.12500001248183,75.0
3046.875,133.9,157.0,0,0,1,0,0,3.57,40.5,26.436163,46.6,46.6,22.6446265,17.7499995,17.7499995,5,7,4,0,-0.4999999999999997,-0.8660254037844388,75.0,65.0,66.67,3125.0,3593.75,9166.666666666666,28.115335,27.959085,29.154915,8.099999,44.399994,3.3,23.186294,23.209209,23.4456675,17.7999985,20.3500015,11.1999995,34.999996,22.199999,75.0,,68.57285714285715,4.453641634610531,3203.125,78.12500001251458,76.67
2968.75,133.88,157.0,0,0,1,0,0,3.57,97.3,25.688253,27.800001,27.800001,21.739417000000003,99.2,99.2,6,7,5,1,-0.4999999999999997,-0.8660254037844388,76.67,66.67,65.0,3046.875,3515.625,9375.0,26.436163,28.373667,28.752836,46.6,0.0,9.7,22.6446265,23.1914995,23.3383755,17.7499995,12.9000005,20.350001,40.5,34.999996,76.67,,70.00142857142858,5.270463068117771,3125.0,78.12500001254732,76.67
2890.625,133.88,157.0,0,0,1,0,0,3.57,13.599999,27.146585,5.1,5.1,22.695669,1.7000001,1.7000001,7,7,6,1,-0.4999999999999997,-0.8660254037844388,76.67,75.0,75.0,2968.75,3437.5,9583.333333333334,25.688253,28.115335,28.336166,27.800001,8.099999,13.0,21.739417000000003,23.186294,23.07692,99.2,17.7999985,23.200001,97.3,40.5,76.67,,71.66857142857143,5.270463068117761,3046.875,78.12500001258006,95.0
2812.5,133.88,157.0,0,0,1,0,0,3.57,2.1,28.34658,1.0,1.0,23.20192,2.20000025,2.20000025,8,7,0,0,-0.4999999999999997,-0.8660254037844388,95.0,76.67,66.67,2890.625,3359.375,9791.666666666666,27.146585,26.436163,27.607004,5.1,46.6,23.7,22.695669,22.6446265,23.489418,1.7000001,17.7499995,9.00000015,13.599999,97.3,95.0,,74.52571428571427,10.350370133708944,2968.75,78.1250000126128,110.0
2734.375,133.9,157.0,0,0,1,0,0,3.57,5.9999995,27.95075,31.7,31.7,23.6050425,10.7500005,10.7500005,9,7,1,0,-0.4999999999999997,-0.8660254037844388,110.0,76.67,65.0,2812.5,3281.25,10000.0,28.34658,25.688253,27.959085,1.0,27.800001,44.399994,23.20192,21.739417000000003,23.209209,2.20000025,99.2,20.3500015,2.1,13.599999,110.0,,80.71571428571428,16.182711821718073,2890.625,78.12500001264554,110.0
2656.25,133.88,157.0,0,0,1,0,0,3.57,7.4999995,26.936167,34.200005,34.200005,23.1987925,14.400001,14.400001,10,7,2,0,-0.4999999999999997,-0.8660254037844388,110.0,95.0,66.67,2734.375,3203.125,5000.0,27.95075,27.146585,28.373667,31.7,5.1,0.0,23.6050425,22.695669,23.1914995,10.7500005,1.7000001,12.9000005,5.9999995,2.1,110.0,,87.14428571428572,17.76035365370785,2812.5,78.12500001267829,110.0
2578.125,133.94,157.0,0,0,1,0,0,3.57,32.199997,27.546585,19.599998,19.599998,23.1748325,41.25,41.25,11,7,3,0,-0.4999999999999997,-0.8660254037844388,110.0,110.0,75.0,2656.25,3125.0,4921.875,26.936167,28.34658,28.115335,34.200005,1.0,8.099999,23.1987925,23.20192,23.186294,14.400001,2.20000025,17.7999985,7.4999995,5.9999995,110.0,,93.3342857142857,16.9683802577453,2734.375,78.12500001271103,115.0
2500.0,134.0,157.0,0,0,1,0,0,3.57,120.59998,26.51325,41.6,41.6,22.3050425,47.949999,47.949999,12,7,4,0,-0.4999999999999997,-0.8660254037844388,115.0,110.0,76.67,2578.125,3046.875,4843.75,27.546585,27.95075,26.436163,19.599998,31.7,46.6,23.1748325,23.6050425,22.6446265,41.25,10.7500005,17.7499995,32.199997,7.4999995,115.0,,99.04857142857142,16.49364163202675,2656.25,78.12500001274377,110.0
2516.0714285714284,133.96,157.0,0,0,1,0,0,3.57,6.5,27.975752,11.3,11.3,23.4748345,3.0000001000000003,3.0000001000000003,13,7,5,1,-0.4999999999999997,-0.8660254037844388,110.0,110.0,76.67,2500.0,2968.75,4765.625,26.51325,26.936167,25.688253,41.6,34.200005,27.800001,22.3050425,23.1987925,21.739417000000003,47.949999,14.400001,99.2,120.59998,32.199997,110.0,,103.80999999999999,13.494913856709564,2578.125,78.12500001277651,120.0
2532.1428571428573,133.96,157.0,0,0,1,0,0,3.57,44.399994,28.921585,30.1,30.1,24.265457,8.85,8.85,14,7,6,1,-0.4999999999999997,-0.8660254037844388,120.0,115.0,95.0,2516.0714285714284,2890.625,4687.5,27.975752,27.546585,27.146585,11.3,19.599998,5.1,23.4748345,23.1748325,22.695669,3.0000001000000003,41.25,1.7000001,6.5,120.59998,120.0,,110.0,7.637626158260501,2531.3988095238096,41.25621605763124,115.0
2548.214285714286,133.96,160.0,0,0,1,0,0,3.57,12.200001,30.077835,2.6999996,2.6999996,24.4977515,14.649999,14.649999,15,7,0,0,-0.4999999999999997,-0.8660254037844388,115.0,110.0,110.0,2532.1428571428573,2812.5,4609.375,28.921585,26.51325,28.34658,30.1,41.6,1.0,24.265457,22.3050425,23.20192,8.85,47.949999,2.20000025,44.399994,6.5,115.0,,112.85714285714286,3.933978962348695,2516.071428571429,16.07142863366341,120.0
2564.285714285714,134.06,160.0,0,0,1,0,0,3.57,9.4,29.429914,6.2000003,6.2000003,23.770668,14.750001,14.750001,16,7,1,0,-0.4999999999999997,-0.8660254037844388,120.0,120.0,110.0,2548.214285714286,2734.375,4531.25,30.077835,27.975752,27.95075,2.6999996,11.3,31.7,24.4977515,23.4748345,23.6050425,14.649999,3.0000001000000003,10.7500005,12.200001,44.399994,120.0,,114.28571428571429,4.4986770542134735,2532.1428571428573,16.071428633630383,115.0
2580.3571428571427,134.04,160.0,0,0,1,0,0,3.57,34.7,28.99659,3.3,3.3,23.745669,21.3000015,21.3000015,17,7,2,0,-0.4999999999999997,-0.8660254037844388,115.0,115.0,110.0,2564.285714285714,2656.25,4453.125,29.429914,28.921585,26.936167,6.2000003,30.1,34.200005,23.770668,24.265457,23.1987925,14.750001,8.85,14.400001,9.4,12.200001,115.0,,115.0,4.0824829046400435,2548.214285714286,16.071428633597357,125.0
2596.428571428572,134.04,160.0,0,0,1,0,0,3.57,28.3,29.877832,6.7,6.7,23.9540025,4.5000001,4.5000001,18,7,3,0,-0.4999999999999997,-0.8660254037844388,125.0,120.0,115.0,2580.3571428571427,2578.125,4375.0,28.99659,30.077835,27.546585,3.3,2.6999996,19.599998,23.745669,24.4977515,23.1748325,21.3000015,14.649999,41.25,34.7,9.4,125.0,,117.14285714285714,4.879500364743831,2564.285714285714,16.071428633564615,110.0
2612.5,134.15,160.0,0,0,1,0,0,3.57,19.2,29.55075,17.1,17.1,23.887333,10.450001,10.450001,19,7,4,0,-0.4999999999999997,-0.8660254037844388,110.0,115.0,110.0,2596.428571428572,2500.0,4296.875,29.877832,29.429914,26.51325,6.7,6.2000003,41.6,23.9540025,23.770668,22.3050425,4.5000001,14.750001,47.949999,28.3,34.7,110.0,,116.42857142857143,5.563486402642895,2580.357142857143,16.07142863353227,116.67
2628.5714285714284,134.17,160.0,0,0,1,0,0,3.57,13.299999,30.088251,6.8999996,6.8999996,24.352959,6.5999998,6.5999998,20,7,5,1,-0.4999999999999997,-0.8660254037844388,116.67,125.0,120.0,2612.5,2516.0714285714284,4218.75,29.55075,28.99659,27.975752,17.1,3.3,11.3,23.887333,23.745669,23.4748345,10.450001,21.3000015,3.0000001000000003,19.2,28.3,116.67,,117.38142857142859,4.7974035636365135,2596.428571428572,16.071428633498847,90.0
2644.6428571428573,134.17,160.0,0,0,1,0,0,3.57,7.5,29.89033,0.2,0.2,23.621712,23.7999998,23.7999998,21,7,6,1,-0.4999999999999997,-0.8660254037844388,90.0,110.0,115.0,2628.5714285714284,2532.1428571428573,4140.625,30.088251,29.877832,28.921585,6.8999996,6.7,30.1,24.352959,23.9540025,24.265457,6.5999998,4.5000001,8.85,13.299999,19.2,90.0,,113.0957142857143,11.198249650642145,2612.5,16.071428633465025,95.0
2660.714285714286,134.17,160.0,0,0,1,0,0,3.57,9.1,29.669502,3.8999996,3.8999996,23.6675425,9.0500005,9.0500005,22,7,0,0,-0.4999999999999997,-0.8660254037844388,95.0,116.67,120.0,2644.6428571428573,2548.214285714286,4062.5,29.89033,29.55075,30.077835,0.2,17.1,2.6999996,23.621712,23.887333,24.4977515,23.7999998,10.450001,14.649999,7.5,13.299999,95.0,,110.23857142857143,13.032590467198998,2628.5714285714284,16.071428633432287,66.0
2676.785714285714,134.16,160.0,0,0,1,0,0,3.57,8.099999,28.906998,1.9000001,1.9000001,23.52796,10.050001,10.050001,23,7,1,0,-0.4999999999999997,-0.8660254037844388,66.0,90.0,115.0,2660.714285714286,2564.285714285714,3984.375,29.669502,30.088251,29.429914,3.8999996,6.8999996,6.2000003,23.6675425,24.352959,23.770668,9.0500005,6.5999998,14.750001,9.1,7.5,66.0,,102.52428571428572,20.266083207453804,2644.6428571428573,16.07142863339926,70.0
2692.8571428571427,134.21,160.0,0,0,1,0,0,3.57,35.100002,29.877832,0.4,0.4,23.6696245,15.69999965,15.69999965,24,7,2,0,-0.4999999999999997,-0.8660254037844388,70.0,95.0,125.0,2676.785714285714,2580.3571428571427,3906.25,28.906998,29.89033,28.99659,1.9000001,0.2,3.3,23.52796,23.621712,23.745669,10.050001,23.7999998,21.3000015,8.099999,9.1,70.0,,96.0957142857143,22.646503672122144,2660.714285714286,16.071428633366235,70.0
2708.928571428572,134.26,160.0,0,0,1,0,0,3.57,33.2,29.52575,3.7999997,3.7999997,23.9467085,16.5,16.5,25,7,3,0,-0.4999999999999997,-0.8660254037844388,70.0,66.0,110.0,2692.8571428571427,2596.428571428572,3828.125,29.877832,29.669502,29.877832,0.4,3.8999996,6.7,23.6696245,23.6675425,23.9540025,15.69999965,9.0500005,4.5000001,35.100002,8.099999,70.0,,88.23857142857143,20.37388232400479,2676.785714285714,16.071428633333493,75.0
2725.0,134.22,160.0,0,0,1,0,0,3.57,16.5,30.692413,1.9,1.9,24.720666,6.6500005,6.6500005,26,7,4,0,-0.4999999999999997,-0.8660254037844388,75.0,70.0,116.67,2708.928571428572,2612.5,3750.0,29.52575,28.906998,29.55075,3.7999997,1.9000001,17.1,23.9467085,23.52796,23.887333,16.5,10.050001,10.450001,33.2,35.100002,75.0,,83.23857142857142,18.336077759953515,2692.8571428571427,16.07142863330115,70.0
2533.333333333333,134.27,160.0,0,0,1,0,0,3.57,2.1000001,31.502832,3.4,3.4,25.4394175,7.899999999999999,7.899999999999999,27,7,5,1,-0.4999999999999997,-0.8660254037844388,70.0,70.0,90.0,2725.0,2628.5714285714284,3671.875,30.692413,29.877832,30.088251,1.9,0.4,6.8999996,24.720666,23.6696245,24.352959,6.6500005,15.69999965,6.5999998,16.5,33.2,70.0,,76.57142857142857,11.282097069504808,2708.9285714285716,16.071428633267725,65.0
2341.6666666666665,134.27,160.0,0,0,1,0,0,3.57,6.7000003,30.315332,0.9000001,0.9000001,24.8321245,31.15,31.15,28,7,6,1,-0.4999999999999997,-0.8660254037844388,65.0,75.0,95.0,2533.333333333333,2644.6428571428573,3593.75,31.502832,29.52575,29.89033,3.4,3.7999997,0.2,25.4394175,23.9467085,23.621712,7.899999999999999,16.5,23.7999998,2.1000001,16.5,65.0,,73.0,10.2306728354826,2655.7539682539687,106.32347622633235,75.0
2150.0,134.27,160.0,0,0,1,0,0,3.57,16.400002,30.48408,7.8,7.8,24.712332,41.199996,41.199996,29,7,0,0,-0.4999999999999997,-0.8660254037844388,75.0,70.0,66.0,2341.6666666666665,2660.714285714286,3515.625,30.315332,30.692413,29.669502,0.9000001,1.9,3.8999996,24.8321245,24.720666,23.6675425,31.15,6.6500005,9.0500005,6.7000003,2.1000001,75.0,,70.14285714285714,3.891382420538007,2533.3333333333335,191.66666667188244,75.0
1958.3333333333333,134.27,160.0,0,0,1,0,0,3.57,15.5,30.19867,15.7,15.7,24.556084,25.0500015,25.0500015,30,7,1,0,-0.4999999999999997,-0.8660254037844388,75.0,65.0,70.0,2150.0,2676.785714285714,3437.5,30.48408,31.502832,28.906998,7.8,3.4,1.9000001,24.712332,25.4394175,23.52796,41.199996,7.899999999999999,10.050001,16.400002,6.7000003,75.0,,71.42857142857143,3.7796447300942564,2341.6666666666665,191.66666667191518,75.0
1766.6666666666667,134.27,158.0,0,0,1,0,0,3.57,6.2,29.404917,14.8,14.8,24.383169,27.35,27.35,31,7,2,0,-0.4999999999999997,-0.8660254037844388,75.0,75.0,70.0,1958.3333333333333,2692.8571428571427,3359.375,30.19867,30.315332,29.877832,15.7,0.9000001,0.4,24.556084,24.8321245,23.6696245,25.0500015,31.15,15.69999965,15.5,16.400002,75.0,,72.14285714285714,3.933978962349116,2150.0,191.66666667194795,76.67
1575.0,134.26,158.0,0,0,1,0,0,4.09,18.800001,28.523668,19.2,19.2,23.9654585,9.8499995,9.8499995,1,8,3,0,-0.8660254037844385,-0.5000000000000004,76.67,75.0,75.0,1766.6666666666667,2708.928571428572,3281.25,29.404917,30.48408,29.52575,14.8,7.8,3.7999997,24.383169,24.712332,23.9467085,27.35,41.199996,16.5,6.2,15.5,76.67,,73.0957142857143,4.131278483082061,1958.3333333333333,191.66666667198092,75.0
2319.230769230769,134.26,158.0,0,0,1,0,0,4.09,15.099999,28.209084,0.3,0.3,23.0394165,16.349999500000003,16.349999500000003,2,8,4,0,-0.8660254037844385,-0.5000000000000004,75.0,75.0,70.0,1575.0,2725.0,3203.125,28.523668,30.19867,30.692413,19.2,15.7,1.9,23.9654585,24.556084,24.720666,9.8499995,25.0500015,6.6500005,18.800001,6.2,75.0,,73.09571428571428,4.131278483082061,1766.6666666666667,191.6666666720139,76.67
3063.4615384615386,134.31,158.0,0,0,1,0,0,4.09,4.5999994,27.87575,1.0,1.0,22.986294,7.4999995,7.4999995,3,8,5,1,-0.8660254037844385,-0.5000000000000004,76.67,76.67,65.0,2319.230769230769,2533.333333333333,3125.0,28.209084,29.404917,31.502832,0.3,14.8,3.4,23.0394165,24.383169,25.4394175,16.349999500000003,27.35,7.899999999999999,15.099999,18.800001,76.67,,74.04857142857142,4.066966226283315,1886.9658119658118,386.42434283993555,73.33
3807.692307692308,134.31,158.0,0,0,1,0,0,4.09,4.5,28.559084,1.1000001,1.1000001,23.126918,5.54999985,5.54999985,4,8,6,1,-0.8660254037844385,-0.5000000000000004,73.33,75.0,75.0,3063.4615384615386,2341.6666666666665,3046.875,27.87575,28.523668,30.315332,1.0,19.2,0.9000001,22.986294,23.9654585,24.8321245,7.4999995,9.8499995,31.15,4.5999994,15.099999,73.33,,75.23857142857142,1.1524094841081547,2319.230769230769,744.2307692321219,75.0
4551.923076923077,134.31,158.0,0,0,1,0,0,4.09,18.7,28.00492,26.599998,26.599998,23.226918,8.1999995,8.1999995,5,8,0,0,-0.8660254037844385,-0.5000000000000004,75.0,76.67,75.0,3807.692307692308,2150.0,2968.75,28.559084,28.209084,30.48408,1.1000001,0.3,7.8,23.126918,23.0394165,24.712332,5.54999985,16.349999500000003,41.199996,4.5,4.5999994,75.0,,75.23857142857142,1.1524094841081547,3063.4615384615386,744.2307692320888,66.67
5296.153846153846,134.46,158.0,0,0,1,0,0,4.09,85.10001,26.77992,31.8,31.8,22.319627,34.300003000000004,34.300003000000004,6,8,1,0,-0.8660254037844385,-0.5000000000000004,66.67,73.33,75.0,4551.923076923077,1958.3333333333333,2890.625,28.00492,27.87575,30.19867,26.599998,1.0,15.7,23.226918,22.986294,24.556084,8.1999995,7.4999995,25.0500015,18.7,4.5,66.67,,74.04857142857142,3.4500986873415376,3807.692307692308,744.2307692320554,65.0
6040.384615384615,134.63,158.0,0,0,1,0,0,4.09,34.000004,27.26742,23.3,23.3,22.535249,17.200001,17.200001,7,8,2,0,-0.8660254037844385,-0.5000000000000004,65.0,75.0,76.67,5296.153846153846,1766.6666666666667,2812.5,26.77992,28.559084,29.404917,31.8,1.1000001,14.8,22.319627,23.126918,24.383169,34.300003000000004,5.54999985,27.35,85.10001,18.7,65.0,,72.61999999999999,4.797652203597254,4551.923076923077,744.2307692320218,66.67
6784.615384615385,134.64,158.0,0,0,1,0,0,4.09,32.5,27.767418,8.9,8.9,22.9592115,10.15,10.15,8,8,3,0,-0.8660254037844385,-0.5000000000000004,66.67,66.67,75.0,6040.384615384615,1575.0,2734.375,27.26742,28.00492,28.523668,23.3,26.599998,19.2,22.535249,23.226918,23.9654585,17.200001,8.1999995,9.8499995,34.000004,85.10001,66.67,,71.19142857142857,4.8788503720032175,5296.153846153847,744.2307692319888,65.0
7528.846153846154,134.65,158.0,0,0,1,0,0,4.09,25.300001,27.64242,14.200001,14.200001,22.5623325,19.55,19.55,9,8,4,0,-0.8660254037844385,-0.5000000000000004,65.0,65.0,76.67,6784.615384615385,2319.230769230769,2656.25,27.767418,26.77992,28.209084,8.9,31.8,0.3,22.9592115,22.319627,23.0394165,10.15,34.300003000000004,16.349999500000003,32.5,34.000004,65.0,,69.76285714285714,5.0392119565336975,6040.384615384614,744.2307692319555,76.67
8273.076923076922,134.64,158.0,0,0,1,0,0,4.09,50.2,27.504921,10.5,10.5,22.702958,11.45,11.45,10,8,5,1,-0.8660254037844385,-0.5000000000000004,76.67,66.67,73.33,7528.846153846154,3063.4615384615386,2578.125,27.64242,27.26742,27.87575,14.200001,23.3,1.0,22.5623325,22.535249,22.986294,19.55,17.200001,7.4999995,25.300001,32.5,76.67,,69.76285714285714,5.0392119565336975,6784.615384615386,744.2307692319212,76.67
9017.307692307691,134.64,158.0,0,0,1,0,0,4.09,10.099999,27.115334,7.7999997,7.7999997,22.499835,7.699999999999999,7.699999999999999,11,8,6,1,-0.8660254037844385,-0.5000000000000004,76.67,65.0,75.0,8273.076923076922,3807.692307692308,2500.0,27.504921,27.767418,28.559084,10.5,8.9,1.1000001,22.702958,22.9592115,23.126918,11.45,10.15,5.54999985,50.2,25.300001,76.67,,70.24,5.564057272651708,7528.846153846153,744.2307692318857,75.0
9761.53846153846,134.64,158.0,0,0,1,0,0,4.09,40.2,27.429918,12.700001,12.700001,23.09775,10.19999975,10.19999975,12,8,0,0,-0.8660254037844385,-0.5000000000000004,75.0,76.67,66.67,9017.307692307691,4551.923076923077,2516.0714285714284,27.115334,27.64242,28.00492,7.7999997,14.200001,26.599998,22.499835,22.5623325,23.226918,7.699999999999999,19.55,8.1999995,10.099999,50.2,75.0,,70.24,5.564057272651708,8273.076923076922,744.2307692318506,96.67
10505.76923076923,134.66,158.0,0,0,1,0,0,4.09,21.6,27.86117,17.3,17.3,23.144627,29.15,29.15,13,8,1,0,-0.8660254037844385,-0.5000000000000004,96.67,76.67,65.0,9761.53846153846,5296.153846153846,2532.1428571428573,27.429918,27.504921,26.77992,12.700001,10.5,31.8,23.09775,22.702958,22.319627,10.19999975,11.45,34.300003000000004,40.2,10.099999,96.67,,74.5257142857143,11.12790015702769,9017.30769230769,744.2307692318162,95.0
11250.0,134.66,158.0,0,0,1,0,0,4.09,12.600001,28.263247,14.200001,14.200001,23.1050435,22.900002,22.900002,14,8,2,0,-0.8660254037844385,-0.5000000000000004,95.0,75.0,66.67,10505.76923076923,6040.384615384615,2548.214285714286,27.86117,27.115334,27.26742,17.3,7.7999997,23.3,23.144627,22.499835,22.535249,29.15,7.699999999999999,17.200001,21.6,40.2,95.0,,78.81142857142858,12.535726848454486,9761.53846153846,744.2307692317834,86.67
14166.666666666666,134.62,158.0,0,0,1,0,0,4.09,6.1,28.867416,2.5000002,2.5000002,24.0008765,10.05,10.05,15,8,3,0,-0.8660254037844385,-0.5000000000000004,86.67,96.67,65.0,11250.0,6784.615384615385,2564.285714285714,28.263247,27.429918,27.767418,14.200001,12.700001,8.9,23.1050435,23.09775,22.9592115,22.900002,10.19999975,10.15,12.600001,21.6,86.67,,81.66857142857143,11.54748663645309,10505.769230769229,744.2307692317507,95.0
17083.333333333332,134.62,155.0,0,0,1,0,0,4.09,3.8999996,28.854918,9.099999,9.099999,23.455043,5.699999699999999,5.699999699999999,16,8,4,0,-0.8660254037844385,-0.5000000000000004,95.0,95.0,76.67,14166.666666666666,7528.846153846154,2580.3571428571427,28.867416,27.86117,27.64242,2.5000002,17.3,14.200001,24.0008765,23.144627,22.5623325,10.05,29.15,19.55,6.1,12.600001,95.0,,85.9542857142857,9.758594258640793,11974.145299145299,1934.8985295738735,86.67
20000.0,134.61,155.0,0,0,1,0,0,4.09,11.3,29.48408,27.8,27.8,23.590458,14.7499995,14.7499995,17,8,5,1,-0.8660254037844385,-0.5000000000000004,86.67,86.67,76.67,17083.333333333332,8273.076923076922,2596.428571428572,28.854918,28.263247,27.504921,9.099999,14.200001,10.5,23.455043,23.1050435,22.702958,5.699999699999999,22.900002,11.45,3.8999996,6.1,86.67,,87.38285714285715,8.8638737097768,14166.666666666666,2916.666666666872,86.67
18333.33333333333,134.61,155.0,0,0,1,0,0,4.09,17.400002,28.586164,12.1,12.1,23.471709,8.7,8.7,18,8,6,1,-0.8660254037844385,-0.5000000000000004,86.67,95.0,75.0,20000.0,9017.307692307691,2612.5,29.48408,28.867416,27.115334,27.8,2.5000002,7.7999997,23.590458,24.0008765,22.499835,14.7499995,10.05,7.699999999999999,11.3,3.8999996,86.67,,88.81142857142856,7.559394659565199,17083.333333333332,2916.6666666668366,85.0
16666.666666666668,134.61,155.0,0,0,1,0,0,4.09,3.0,27.992416,19.800001,19.800001,22.921709,13.350001,13.350001,19,8,0,0,-0.8660254037844385,-0.5000000000000004,85.0,86.67,96.67,18333.33333333333,9761.53846153846,2628.5714285714284,28.586164,28.854918,27.429918,12.1,9.099999,12.700001,23.471709,23.455043,23.09775,8.7,5.699999699999999,10.19999975,17.400002,11.3,85.0,,90.24,5.039054144051433,18472.22222222222,1463.2852434520726,96.67
15000.0,134.5,155.0,0,0,1,0,0,4.09,7.4999995,27.619501,2.1000001,2.1000001,22.347749,10.50000095,10.50000095,20,8,1,0,-0.8660254037844385,-0.5000000000000004,96.67,86.67,95.0,16666.666666666668,10505.76923076923,2644.6428571428573,27.992416,29.48408,27.86117,19.800001,27.8,17.3,22.921709,23.590458,23.144627,13.350001,14.7499995,29.15,3.0,17.400002,96.67,,90.24000000000001,5.039054144051433,18333.333333333332,1666.6666666669353,95.0
13333.333333333334,134.38,155.0,0,0,1,0,0,4.09,2.4,27.713251,1.7,1.7,22.699833,11.30000035,11.30000035,21,8,2,0,-0.8660254037844385,-0.5000000000000004,95.0,85.0,86.67,15000.0,11250.0,2660.714285714286,27.619501,28.586164,28.263247,2.1000001,12.1,14.200001,22.347749,23.471709,23.1050435,10.50000095,8.7,22.900002,7.4999995,3.0,95.0,,90.24000000000001,5.039054144051433,16666.666666666664,1666.6666666669712,76.67
11666.666666666668,134.58,155.0,0,0,1,0,0,4.09,7.7000003,28.53408,4.9,4.9,22.95192,6.4999999,6.4999999,22,8,3,0,-0.8660254037844385,-0.5000000000000004,76.67,96.67,95.0,13333.333333333334,14166.666666666666,2676.785714285714,27.713251,27.992416,28.867416,1.7,19.800001,2.5000002,22.699833,22.921709,24.0008765,11.30000035,13.350001,10.05,2.4,7.4999995,76.67,,88.81142857142858,7.181767258300438,15000.0,1666.6666666670103,75.0
10000.0,134.63,155.0,0,0,1,0,0,4.09,5.9,28.032,6.3,6.3,23.2196235,9.7,9.7,23,8,4,0,-0.8660254037844385,-0.5000000000000004,75.0,95.0,86.67,11666.666666666668,17083.333333333332,2692.8571428571427,28.53408,27.619501,28.854918,4.9,2.1000001,9.099999,22.95192,22.347749,23.455043,6.4999999,10.50000095,5.699999699999999,7.7000003,2.4,75.0,,85.95428571428572,8.213616453068063,13333.333333333334,1666.666666667047,96.67
10666.666666666666,134.53,155.0,0,0,1,0,0,4.09,4.6000004,28.848665,6.899999,6.899999,23.3331705,6.4499998000000005,6.4499998000000005,24,8,5,1,-0.8660254037844385,-0.5000000000000004,96.67,76.67,86.67,10000.0,20000.0,2708.928571428572,28.032,27.713251,29.48408,6.3,1.7,27.8,23.2196235,22.699833,23.590458,9.7,11.30000035,14.7499995,5.9,7.7000003,96.67,,87.38285714285713,9.172509133794255,11666.666666666666,1666.6666666670867,70.0
11333.333333333334,134.53,155.0,0,0,1,0,0,4.09,0.8,28.515335,3.6999998,3.6999998,23.2310845,2.20000002,2.20000002,25,8,6,1,-0.8660254037844385,-0.5000000000000004,70.0,75.0,85.0,10666.666666666666,18333.33333333333,2725.0,28.848665,28.53408,28.586164,6.899999,4.9,12.1,23.3331705,22.95192,23.471709,6.4499998000000005,6.4999999,8.7,4.6000004,5.9,70.0,,85.00142857142858,11.304620631364093,10777.777777777776,838.8704928087368,75.0
12000.0,134.53,155.0,0,0,1,0,0,4.09,1.7,28.39242,2.5999997,2.5999997,22.7373375,9.75,9.75,26,8,0,0,-0.8660254037844385,-0.5000000000000004,75.0,96.67,96.67,11333.333333333334,16666.666666666668,2533.333333333333,28.515335,28.032,27.992416,3.6999998,6.3,19.800001,23.2310845,23.2196235,22.921709,2.20000002,9.7,13.350001,0.8,4.6000004,75.0,,83.57285714285715,11.919938079098348,10666.666666666666,666.6666666677742,66.67
10916.666666666666,134.55,155.0,0,0,1,0,0,4.09,1.2,28.202835,4.1,4.1,22.531084,4.8,4.8,27,8,1,0,-0.8660254037844385,-0.5000000000000004,66.67,70.0,95.0,12000.0,15000.0,2341.6666666666665,28.39242,28.848665,27.619501,2.5999997,6.899999,2.1000001,22.7373375,23.3331705,22.347749,9.75,6.4499998000000005,10.50000095,1.7,0.8,66.67,,79.28714285714285,11.818837667450152,11333.333333333334,666.6666666677377,65.0
9833.333333333334,134.59,155.0,0,0,1,0,0,4.09,1.9000001,28.834085,2.1000001,2.1000001,22.960251,3.25,3.25,28,8,2,0,-0.8660254037844385,-0.5000000000000004,65.0,75.0,76.67,10916.666666666666,13333.333333333334,2150.0,28.202835,28.515335,27.713251,4.1,3.6999998,1.7,22.531084,23.2310845,22.699833,4.8,2.20000002,11.30000035,1.2,1.7,65.0,,75.00142857142858,10.541716224239558,11416.666666666666,546.453210359801,60.0
8750.0,134.63,155.0,0,0,1,0,0,4.09,2.3999999,28.054918,7.7000003,7.7000003,22.9540015,8.04999935,8.04999935,29,8,3,0,-0.8660254037844385,-0.5000000000000004,60.0,66.67,75.0,9833.333333333334,11666.666666666668,1958.3333333333333,28.834085,28.39242,28.53408,2.1000001,2.5999997,4.9,22.960251,22.7373375,22.95192,3.25,9.75,6.4999999,1.9000001,1.2,60.0,,72.61999999999999,11.89766783869908,10916.666666666664,1083.3333333340065,65.0
10000.0,134.5,155.0,0,0,1,0,0,4.09,4.7999997,29.47158,0.2,0.2,24.1467095,2.75,2.75,30,8,4,0,-0.8660254037844385,-0.5000000000000004,65.0,65.0,96.67,8750.0,10000.0,1766.6666666666667,28.054918,28.202835,28.032,7.7000003,4.1,6.3,22.9540015,22.531084,23.2196235,8.04999935,4.8,9.7,2.3999999,1.9000001,65.0,,71.19142857142857,12.161697289128492,9833.33333333333,1083.333333334043,55.0
10666.666666666666,134.49,155.0,0,0,1,0,0,4.09,2.0,29.36117,3.2,3.2,24.1310845,5.2499995,5.2499995,31,8,5,1,-0.8660254037844385,-0.5000000000000004,55.0,60.0,70.0,10000.0,10666.666666666666,1575.0,29.47158,28.834085,28.848665,0.2,2.1000001,6.899999,24.1467095,22.960251,23.3331705,2.75,3.25,6.4499998000000005,4.7999997,2.3999999,55.0,,65.23857142857142,6.485759859291346,9527.777777777776,678.7106512717396,53.75
11333.333333333334,134.49,154.0,0,0,1,0,0,3.86,25.0,27.352839,20.400002,20.400002,22.048792,21.7999945,21.7999945,1,9,6,1,-1.0,-1.8369701987210294e-16,53.75,65.0,75.0,10666.666666666666,11333.333333333334,2319.230769230769,29.36117,28.054918,28.515335,3.2,7.7000003,3.6999998,24.1310845,22.9540015,23.2310845,5.2499995,8.04999935,2.20000002,2.0,4.7999997,53.75,,62.91714285714285,7.348280330086597,9805.555555555553,973.0155493417352,55.0
12000.0,134.49,154.0,0,0,1,0,0,3.86,1.7,28.83825,0.0,0.0,22.8560865,1.1,1.1,2,9,0,0,-1.0,-1.8369701987210294e-16,55.0,55.0,66.67,11333.333333333334,12000.0,3063.4615384615386,27.352839,29.47158,28.39242,20.400002,0.2,2.5999997,22.048792,24.1467095,22.7373375,21.7999945,2.75,9.75,25.0,2.0,55.0,,60.059999999999995,5.530614794036337,10666.666666666666,666.6666666677738,55.0
4500.0,134.58,154.0,0,0,1,0,0,3.86,17.400002,28.5945,11.100001,11.100001,22.878999,3.149999725,3.149999725,3,9,1,0,-1.0,-1.8369701987210294e-16,55.0,53.75,65.0,12000.0,10916.666666666666,3807.692307692308,28.83825,29.36117,28.202835,0.0,3.2,4.1,22.8560865,24.1310845,22.531084,1.1,5.2499995,4.8,1.7,25.0,55.0,,58.392857142857146,4.932581184620344,11333.333333333334,666.6666666677373,55.0
4200.0,134.66,154.0,0,0,1,0,0,3.86,3.9999995,27.067415,22.7,22.7,22.116501,3.1999999,3.1999999,4,9,2,0,-1.0,-1.8369701987210294e-16,55.0,55.0,60.0,4500.0,9833.333333333334,4551.923076923077,28.5945,27.352839,28.834085,11.100001,20.400002,2.1000001,22.878999,22.048792,22.960251,3.149999725,21.7999945,3.25,17.400002,1.7,55.0,,56.964285714285715,4.073360026412508,9277.777777777776,4151.081965160777,55.0
3900.0,134.65,154.0,0,0,1,0,0,3.86,29.800001,26.865335,14.899999,14.899999,21.992543,5.29999985,5.29999985,5,9,3,0,-1.0,-1.8369701987210294e-16,55.0,55.0,65.0,4200.0,8750.0,5296.153846153846,27.067415,28.83825,28.054918,22.7,0.0,7.7000003,22.116501,22.8560865,22.9540015,3.1999999,1.1,8.04999935,3.9999995,17.400002,55.0,,56.25,3.886407938788725,6899.999999999997,4419.275958797069,55.0
3600.0,134.68,154.0,0,0,1,0,0,3.86,21.3,27.821585,14.700001,14.700001,22.2123345,14.950001,14.950001,6,9,4,0,-1.0,-1.8369701987210294e-16,55.0,55.0,55.0,3900.0,10000.0,6040.384615384615,26.865335,28.5945,29.47158,14.899999,11.100001,0.2,21.992543,22.878999,24.1467095,5.29999985,3.149999725,2.75,29.800001,3.9999995,55.0,,54.82142857142857,0.4724555912755768,4199.999999999999,300.0000000032469,55.0
3300.0,134.62,154.0,0,0,1,0,0,3.86,1.1,29.179916,0.0,0.0,23.63421,1.7,1.7,7,9,5,1,-1.0,-1.8369701987210294e-16,55.0,55.0,53.75,3600.0,10666.666666666666,6784.615384615385,27.821585,27.067415,29.36117,14.700001,22.7,3.2,22.2123345,22.116501,24.1310845,14.950001,3.1999999,5.2499995,21.3,29.800001,55.0,,54.82142857142857,0.4724555912755768,3899.9999999999986,300.00000000328373,55.0
3000.0,134.62,154.0,0,0,1,0,0,3.86,0.6,28.854918,3.6000001,3.6000001,24.072752,0.3999999999999999,0.3999999999999999,8,9,6,1,-1.0,-1.8369701987210294e-16,55.0,55.0,55.0,3300.0,11333.333333333334,7528.846153846154,29.179916,26.865335,27.352839,0.0,14.899999,20.400002,23.63421,21.992543,22.048792,1.7,5.29999985,21.7999945,1.1,21.3,55.0,,55.0,0.0,3599.9999999999986,300.0000000033205,55.0
3012.422360248447,134.62,154.0,0,0,1,0,0,3.86,3.2,29.29242,0.8,0.8,23.409211,5.49999985,5.49999985,9,9,0,0,-1.0,-1.8369701987210294e-16,55.0,55.0,55.0,3000.0,12000.0,8273.076923076922,28.854918,27.821585,28.83825,3.6000001,14.700001,0.0,24.072752,22.2123345,22.8560865,0.3999999999999999,14.950001,1.1,0.6,1.1,55.0,,55.0,0.0,3299.9999999999986,300.00000000335734,55.0
3024.8447204968943,134.64,154.0,0,0,1,0,0,3.86,5.4,29.667418,0.1,0.1,23.6102535,2.10000005,2.10000005,10,9,1,0,-1.0,-1.8369701987210294e-16,55.0,55.0,55.0,3012.422360248447,4500.0,9017.307692307691,29.29242,29.179916,28.5945,0.8,0.0,11.100001,23.409211,23.63421,22.878999,5.49999985,1.7,3.149999725,3.2,0.6,55.0,,55.0,0.0,3104.1407867494813,169.732737920232,55.0
3037.267080745341,134.67,154.0,0,0,1,0,0,3.86,6.3999996,28.99867,4.8,4.8,23.3550395,9.750001,9.750001,11,9,2,0,-1.0,-1.8369701987210294e-16,55.0,55.0,55.0,3024.8447204968943,4200.0,9761.53846153846,29.667418,28.854918,27.067415,0.1,3.6000001,22.7,23.6102535,24.072752,22.116501,2.10000005,0.3999999999999999,3.1999999,5.4,3.2,55.0,,55.0,0.0,3012.422360248446,12.422360330376643,55.0
3049.6894409937886,134.67,154.0,0,0,1,0,0,3.86,5.4999995,29.284082,3.7,3.7,23.275873,3.1000002,3.1000002,12,9,3,0,-1.0,-1.8369701987210294e-16,55.0,55.0,55.0,3037.267080745341,3900.0,10505.76923076923,28.99867,29.29242,26.865335,4.8,0.8,14.899999,23.3550395,23.409211,21.992543,9.750001,5.49999985,5.29999985,6.3999996,5.4,55.0,,55.0,0.0,3024.844720496893,12.422360330340092,55.0
3062.111801242236,134.65,154.0,0,0,1,0,0,3.86,3.9999995,28.932001,3.4,3.4,23.455044,4.10000015,4.10000015,13,9,4,0,-1.0,-1.8369701987210294e-16,55.0,55.0,55.0,3049.6894409937886,3600.0,11250.0,29.284082,29.667418,27.821585,3.7,0.1,14.700001,23.275873,23.6102535,22.2123345,3.1000002,2.10000005,14.950001,5.4999995,6.3999996,55.0,,55.0,0.0,3037.26708074534,12.422360330303826,55.59
3074.534161490684,134.53,154.0,0,0,1,0,0,3.86,11.1,27.054922,16.2,16.2,22.267544,9.04999935,9.04999935,14,9,5,1,-1.0,-1.8369701987210294e-16,55.59,55.0,55.0,3062.111801242236,3300.0,14166.666666666666,28.932001,28.99867,29.179916,3.4,4.8,0.0,23.455044,23.3550395,23.63421,4.10000015,9.750001,1.7,3.9999995,5.4999995,55.59,,55.08428571428572,0.22299903910522972,3049.6894409937872,12.422360330267674,56.18
3086.9565217391305,134.53,154.0,0,0,1,0,0,3.86,7.9999995,27.688253,1.9000001,1.9000001,21.938375,11.4999997,11.4999997,15,9,6,1,-1.0,-1.8369701987210294e-16,56.18,55.0,55.0,3074.534161490684,3000.0,17083.333333333332,27.054922,29.284082,28.854918,16.2,3.7,3.6000001,22.267544,23.275873,24.072752,9.04999935,3.1000002,0.3999999999999999,11.1,3.9999995,56.18,,55.252857142857145,0.46420951757128864,3062.1118012422353,12.422360330230726,56.76
3099.3788819875776,134.53,154.0,0,0,1,0,0,3.86,1.2,27.361168,2.7,2.7,22.3300425,0.950000025,0.950000025,16,9,0,0,-1.0,-1.8369701987210294e-16,56.76,55.59,55.0,3086.9565217391305,3012.422360248447,20000.0,27.688253,28.932001,29.29242,1.9000001,3.4,0.8,21.938375,23.455044,23.409211,11.4999997,4.10000015,5.49999985,7.9999995,11.1,56.76,,55.50428571428572,0.7139060896050723,3074.5341614906824,12.422360330193607,57.35
3111.801242236025,134.53,154.0,0,0,1,0,0,3.86,2.5,28.159086,0.0,0.0,22.660251,6.2000005,6.2000005,17,9,1,0,-1.0,-1.8369701987210294e-16,57.35,56.18,55.0,3099.3788819875776,3024.8447204968943,18333.33333333333,27.361168,27.054922,29.667418,2.7,16.2,0.1,22.3300425,22.267544,23.6102535,0.950000025,9.04999935,2.10000005,1.2,7.9999995,57.35,,55.839999999999996,0.9505612377327292,3086.9565217391296,12.422360330156772,57.94
3124.223602484472,134.31,154.0,0,0,1,0,0,3.86,1.3,29.088251,0.0,0.0,23.572752,0.7,0.7,18,9,2,0,-1.0,-1.8369701987210294e-16,57.94,56.76,55.0,3111.801242236025,3037.267080745341,16666.666666666668,28.159086,27.688253,28.99867,0.0,1.9000001,4.8,22.660251,21.938375,23.3550395,6.2000005,11.4999997,9.750001,2.5,1.2,57.94,,56.26,1.1468071619413551,3099.3788819875767,12.42236033012022,58.53
3136.645962732919,134.31,154.0,0,0,1,0,0,3.86,0.70000005,29.361162,0.0,0.0,23.9644165,1.2,1.2,19,9,3,0,-1.0,-1.8369701987210294e-16,58.53,57.35,55.0,3124.223602484472,3049.6894409937886,15000.0,29.088251,27.361168,29.284082,0.0,2.7,3.7,23.572752,22.3300425,23.275873,0.7,0.950000025,3.1000002,1.3,2.5,58.53,,56.76428571428572,1.2699193825233819,3111.801242236024,12.422360330083386,59.12
3149.0683229813667,134.2,154.0,0,0,1,0,0,3.86,0.70000005,29.013252,0.0,0.0,24.1571275,4.7499998,4.7499998,20,9,4,0,-1.0,-1.8369701987210294e-16,59.12,57.94,55.59,3136.645962732919,3062.111801242236,13333.333333333334,29.361162,28.159086,28.932001,0.0,0.0,3.4,23.9644165,22.660251,23.455044,1.2,6.2000005,4.10000015,0.70000005,1.3,59.12,,57.35285714285715,1.2706916002203223,3124.223602484471,12.422360330046551,59.71
3161.490683229814,134.01,154.0,0,0,1,0,0,3.86,2.5999997,29.556997,0.0,0.0,23.0664995,9.35000035,9.35000035,21,9,5,1,-1.0,-1.8369701987210294e-16,59.71,58.53,56.18,3149.0683229813667,3074.534161490684,11666.666666666668,29.013252,29.088251,27.054922,0.0,0.0,16.2,24.1571275,23.572752,22.267544,4.7499998,0.7,9.04999935,0.70000005,0.70000005,59.71,,57.94142857142857,1.2722346294588551,3136.645962732918,12.422360330010001,60.29
3173.913043478261,134.01,154.0,0,0,1,0,0,3.86,0.0,29.859085,0.0,0.0,25.224835,0.0,0.0,22,9,6,1,-1.0,-1.8369701987210294e-16,60.29,59.12,56.76,3161.490683229814,3086.9565217391305,10000.0,29.556997,29.361162,27.688253,0.0,0.0,1.9000001,23.0664995,23.9644165,21.938375,9.35000035,1.2,11.4999997,2.5999997,0.70000005,60.29,,58.528571428571425,1.2722346294588613,3149.0683229813653,12.42236032997345,60.88
3186.335403726708,134.01,154.0,0,0,1,0,0,3.86,1.5,30.82575,0.0,0.0,25.299835,0.7,0.7,23,9,0,0,-1.0,-1.8369701987210294e-16,60.88,59.71,57.35,3173.913043478261,3099.3788819875776,10666.666666666666,29.859085,29.013252,27.361168,0.0,0.0,2.7,25.224835,24.1571275,22.3300425,0.0,4.7499998,0.950000025,0.0,2.5999997,60.88,,59.11714285714286,1.27069160022034,3161.490683229813,12.422360329936902,61.47
3198.7577639751557,133.99,154.0,0,0,1,0,0,3.86,0.6,29.065336,8.4,8.4,23.749835,1.250000025,1.250000025,24,9,1,0,-1.0,-1.8369701987210294e-16,61.47,60.29,57.94,3186.335403726708,3111.801242236025,11333.333333333334,30.82575,29.556997,28.159086,0.0,0.0,0.0,25.299835,23.0664995,22.660251,0.7,9.35000035,6.2000005,1.5,0.0,61.47,,59.705714285714286,1.2699193825234067,3173.9130434782596,12.422360329900634,62.06
3211.1801242236024,134.18,154.0,1,0,1,0,0,3.86,7.8,26.748663,9.300001,9.300001,21.815458,12.7,12.7,25,9,2,0,-1.0,-1.8369701987210294e-16,62.06,60.88,58.53,3198.7577639751557,3124.223602484472,12000.0,29.065336,29.859085,29.088251,8.4,0.0,0.0,23.749835,25.224835,23.572752,1.250000025,0.0,0.7,0.6,1.5,62.06,,60.294285714285714,1.2699193825234103,3186.335403726707,12.422360329864484,62.65
3223.6024844720496,134.06,154.0,1,0,1,0,0,3.86,34.5,25.117416,43.399998,43.399998,21.241503,27.799999,27.799999,26,9,3,0,-1.0,-1.8369701987210294e-16,62.65,61.47,59.12,3211.1801242236024,3136.645962732919,10916.666666666666,26.748663,30.82575,29.361162,9.300001,0.0,0.0,21.815458,25.299835,23.9644165,12.7,0.7,1.2,7.8,0.6,62.65,,60.88285714285714,1.2706916002203508,3198.7577639751544,12.422360329827649,63.24
3236.0248447204967,134.14,154.0,1,0,1,0,0,3.86,181.7,24.240334,49.600002,49.600002,19.861292,127.9,127.9,27,9,4,0,-1.0,-1.8369701987210294e-16,63.24,62.06,59.71,3223.6024844720496,3149.0683229813667,9833.333333333334,25.117416,29.065336,29.013252,43.399998,8.4,0.0,21.241503,23.749835,24.1571275,27.799999,1.250000025,4.7499998,34.5,7.8,63.24,,61.471428571428575,1.2722346294588818,3211.1801242236015,12.422360329790813,63.82
3248.447204968944,134.23,154.0,1,0,1,0,0,3.86,125.7,24.0945,68.79999,68.79999,19.1435835,87.849995,87.849995,28,9,5,1,-1.0,-1.8369701987210294e-16,63.82,62.65,60.29,3236.0248447204967,3161.490683229814,8750.0,24.240334,26.748663,29.556997,49.600002,9.300001,0.0,19.861292,21.815458,23.0664995,127.9,12.7,9.35000035,181.7,34.5,63.82,,62.05857142857143,1.272234629458888,3223.6024844720487,12.422360329754662,64.41
3260.8695652173915,134.23,154.0,1,0,1,0,0,3.86,1.7,26.596588,6.899999,6.899999,21.462334,1.5499998,1.5499998,29,9,6,1,-1.0,-1.8369701987210294e-16,64.41,63.24,60.88,3248.447204968944,3173.913043478261,10000.0,24.0945,25.117416,29.859085,68.79999,43.399998,0.0,19.1435835,21.241503,25.224835,87.849995,27.799999,0.0,125.7,181.7,64.41,,62.64714285714285,1.2706916002203656,3236.0248447204954,12.422360329718396,65.0
3273.291925465838,134.23,154.0,1,0,1,0,0,3.86,0.6,27.234085,0.0,0.0,22.2029605,0.4,0.4,30,9,0,0,-1.0,-1.8369701987210294e-16,65.0,63.82,61.47,3260.8695652173915,3186.335403726708,10666.666666666666,26.596588,24.240334,30.82575,6.899999,49.600002,0.0,21.462334,19.861292,25.299835,1.5499998,127.9,0.7,1.7,125.7,65.0,,63.23571428571428,1.269919382523436,3248.447204968943,12.422360329682244,65.59
3285.714285714286,134.38,154.0,1,1,0,0,0,4.82,0.90000004,27.484085,0.0,0.0,22.5092085,0.7000000000000001,0.7000000000000001,1,10,1,0,-0.8660254037844386,0.5000000000000001,65.59,64.41,62.06,3273.291925465838,3198.7577639751557,11333.333333333334,27.234085,24.0945,29.065336,0.0,68.79999,8.4,22.2029605,19.1435835,23.749835,0.4,87.849995,1.250000025,0.6,1.7,65.59,,63.82428571428572,1.2699193825234432,3260.86956521739,12.422360329645409,66.18
3298.136645962733,134.42,154.0,1,1,0,0,0,4.82,17.7,27.571585,0.6,0.6,22.231084,4.449999549999999,4.449999549999999,2,10,2,0,-0.8660254037844386,0.5000000000000001,66.18,65.0,62.65,3285.714285714286,3211.1801242236024,12000.0,27.484085,26.596588,26.748663,0.0,6.899999,9.300001,22.5092085,21.462334,21.815458,0.7000000000000001,1.5499998,12.7,0.90000004,0.6,66.18,,64.41285714285715,1.2706916002203916,3273.2919254658373,12.422360329608857,66.76
3310.55900621118,134.42,154.0,1,1,0,0,0,4.82,25.800003,26.756998,9.400001,9.400001,21.6456685,7.499999750000001,7.499999750000001,3,10,3,0,-0.8660254037844386,0.5000000000000001,66.76,65.59,63.24,3298.136645962733,3223.6024844720496,4500.0,27.571585,27.234085,25.117416,0.6,0.0,43.399998,22.231084,22.2029605,21.241503,4.449999549999999,0.4,27.799999,17.7,0.90000004,66.76,,65.0,1.2699212574067553,3285.7142857142844,12.422360329572818,67.35
3322.981366459627,134.66,154.0,1,1,0,0,0,4.82,1.6,26.6445,2.2,2.2,21.227959,1.60000005,1.60000005,4,10,4,0,-0.8660254037844386,0.5000000000000001,67.35,66.18,63.82,3310.55900621118,3236.0248447204967,4200.0,26.756998,27.484085,24.240334,9.400001,0.0,49.600002,21.6456685,22.5092085,19.861292,7.499999750000001,0.7000000000000001,127.9,25.800003,17.7,67.35,,65.58714285714287,1.2706916002204232,3298.1366459627316,12.422360329536268,67.94
3335.4037267080744,134.66,154.0,1,1,0,0,0,4.82,4.2,26.638254,0.0,0.0,20.9790005,2.10000005,2.10000005,5,10,5,1,-0.8660254037844386,0.5000000000000001,67.94,66.76,64.41,3322.981366459627,3248.447204968944,3900.0,26.6445,27.571585,24.0945,2.2,0.6,68.79999,21.227959,22.231084,19.1435835,1.60000005,4.449999549999999,87.849995,1.6,25.800003,67.94,,66.17571428571429,1.2699193825235042,3310.5590062111787,12.42236032950023,68.53
3347.826086956522,134.66,154.0,1,1,0,0,0,4.82,1.0,26.325752,0.2,0.2,21.0612915,1.00000005,1.00000005,6,10,6,1,-0.8660254037844386,0.5000000000000001,68.53,67.35,65.0,3335.4037267080744,3260.8695652173915,3600.0,26.638254,26.756998,26.596588,0.0,9.400001,6.899999,20.9790005,21.6456685,21.462334,2.10000005,7.499999750000001,1.5499998,4.2,1.6,68.53,,66.76428571428572,1.2699193825235238,3322.981366459626,12.42236032946419,69.12
3360.248447204969,134.66,154.0,1,1,0,0,0,4.82,0.2,26.779917,0.4,0.4,20.9706675,0.2,0.2,7,10,0,0,-0.8660254037844386,0.5000000000000001,69.12,67.94,65.59,3347.826086956522,3273.291925465838,3300.0,26.325752,26.6445,27.234085,0.2,2.2,0.0,21.0612915,21.227959,22.2029605,1.00000005,1.60000005,0.4,1.0,4.2,69.12,,67.35285714285715,1.27069160022048,3335.4037267080735,12.422360329428438,69.71
3372.6708074534163,134.67,154.0,1,1,0,0,0,4.82,0.90000004,26.686167,0.90000004,0.90000004,21.05817,0.1,0.1,8,10,1,0,-0.8660254037844386,0.5000000000000001,69.71,68.53,66.18,3360.248447204969,3285.714285714286,3000.0,26.779917,26.638254,27.484085,0.4,0.0,0.0,20.9706675,20.9790005,22.5092085,0.2,2.10000005,0.7000000000000001,0.2,1.0,69.71,,67.94142857142857,1.2722346294590268,3347.82608695652,12.422360329392683,70.29
3385.0931677018634,134.65,154.0,1,1,0,0,0,4.82,1.0,26.534082,1.9000001,1.9000001,20.708168,0.25,0.25,9,10,2,0,-0.8660254037844386,0.5000000000000001,70.29,69.12,66.76,3372.6708074534163,3298.136645962733,3012.422360248447,26.686167,26.325752,27.571585,0.90000004,0.2,0.6,21.05817,21.0612915,22.231084,0.1,1.00000005,4.449999549999999,0.90000004,0.2,70.29,,68.52857142857142,1.2722346294590496,3360.2484472049678,12.422360329356929,70.88
3397.5155279503106,134.65,154.0,1,1,0,0,0,4.82,1.3000001,26.61325,0.2,0.2,20.731085,0.05,0.05,10,10,3,0,-0.8660254037844386,0.5000000000000001,70.88,69.71,67.35,3385.0931677018634,3310.55900621118,3024.8447204968943,26.534082,26.779917,26.756998,1.9000001,0.4,9.400001,20.708168,20.9706675,21.6456685,0.25,0.2,7.499999750000001,1.0,0.90000004,70.88,,69.11714285714285,1.270691600220542,3372.670807453415,12.42236032932146,71.47
3409.9378881987577,134.66,154.0,1,1,0,0,0,4.82,0.3,26.31325,0.0,0.0,21.006084,0.0,0.0,11,10,4,0,-0.8660254037844386,0.5000000000000001,71.47,70.29,67.94,3397.5155279503106,3322.981366459627,3037.267080745341,26.61325,26.686167,26.6445,0.2,0.90000004,2.2,20.731085,21.05817,21.227959,0.05,0.1,1.60000005,1.3000001,1.0,71.47,,69.7057142857143,1.2699193825236212,3385.093167701862,12.42236032928599,72.06
3422.360248447205,134.8,154.0,1,1,0,0,0,4.82,0.0,25.52575,0.0,0.0,20.0946235,0.0,0.0,12,10,5,1,-0.8660254037844386,0.5000000000000001,72.06,70.88,68.53,3409.9378881987577,3335.4037267080744,3049.6894409937886,26.31325,26.534082,26.638254,0.0,1.9000001,0.0,21.006084,20.708168,20.9790005,0.0,0.25,2.10000005,0.3,1.3000001,72.06,,70.2942857142857,1.2699193825236408,3397.515527950309,12.42236032925052,72.65
3434.782608695652,134.8,154.0,1,1,0,0,0,4.82,0.1,25.065338,0.3,0.3,19.736292,0.15,0.15,13,10,6,1,-0.8660254037844386,0.5000000000000001,72.65,71.47,69.12,3422.360248447205,3347.826086956522,3062.111801242236,25.52575,26.61325,26.325752,0.0,0.2,0.2,20.0946235,20.731085,21.0612915,0.0,0.05,1.00000005,0.0,0.3,72.65,,70.88285714285715,1.270691600220597,3409.9378881987564,12.42236032921505,73.24
3447.204968944099,134.8,154.0,1,1,0,0,0,4.82,2.0,25.190332,0.1,0.1,19.458167,0.90000005,0.90000005,14,10,0,0,-0.8660254037844386,0.5000000000000001,73.24,72.06,69.71,3434.782608695652,3360.248447204969,3074.534161490684,25.065338,26.31325,26.779917,0.3,0.0,0.4,19.736292,21.006084,20.9706675,0.15,0.0,0.2,0.1,0.0,73.24,,71.47142857142858,1.2722346294591438,3422.3602484472035,12.422360329179579,73.82
3459.6273291925468,134.8,154.0,1,1,0,0,0,4.82,1.8000001,24.954918,0.0,0.0,19.029001,1.8999999,1.8999999,15,10,1,0,-0.8660254037844386,0.5000000000000001,73.82,72.65,70.29,3447.204968944099,3372.6708074534163,3086.9565217391305,25.190332,25.52575,26.686167,0.1,0.0,0.90000004,19.458167,20.0946235,21.05817,0.90000005,0.0,0.1,2.0,0.1,73.82,,72.05857142857143,1.2722346294591595,3434.7826086956507,12.422360329144109,74.41
3472.049689440994,134.77,154.0,1,1,0,0,0,4.82,1.9000001,24.640333,0.0,0.0,18.4373335,0.65000002,0.65000002,16,10,2,0,-0.8660254037844386,0.5000000000000001,74.41,73.24,70.88,3459.6273291925468,3385.0931677018634,3099.3788819875776,24.954918,25.065338,26.534082,0.0,0.3,1.9000001,19.029001,19.736292,20.708168,1.8999999,0.15,0.25,1.8000001,2.0,74.41,,72.64714285714285,1.270691600220652,3447.204968944098,12.422360329108923,75.0
3484.472049689441,134.7,154.0,1,1,0,0,0,4.82,2.1999998,24.19867,0.0,0.0,18.6540005,0.8500000000000001,0.8500000000000001,17,10,3,0,-0.8660254037844386,0.5000000000000001,75.0,73.82,71.47,3472.049689440994,3397.5155279503106,3111.801242236025,24.640333,25.190332,26.61325,0.0,0.1,0.2,18.4373335,19.458167,20.731085,0.65000002,0.90000005,0.05,1.9000001,1.8000001,75.0,,73.23571428571428,1.2699193825237314,3459.627329192545,12.422360329073737,75.59
3496.894409937888,134.82,154.0,1,1,0,0,0,4.82,0.6,24.479918,0.0,0.0,18.8008765,0.85000005,0.85000005,18,10,4,0,-0.8660254037844386,0.5000000000000001,75.59,74.41,72.06,3484.472049689441,3409.9378881987577,3124.223602484472,24.19867,24.954918,26.31325,0.0,0.0,0.0,18.6540005,19.029001,21.006084,0.8500000000000001,1.8999999,0.0,2.1999998,1.9000001,75.59,,73.82428571428571,1.269919382523751,3472.049689440993,12.42236032903855,76.18
3509.316770186336,134.81,154.0,1,1,0,0,0,4.82,0.4,24.486168,2.7,2.7,18.2144165,4.15,4.15,19,10,5,1,-0.8660254037844386,0.5000000000000001,76.18,75.0,72.65,3496.894409937888,3422.360248447205,3136.645962732919,24.479918,24.640333,25.52575,0.0,0.0,0.0,18.8008765,18.4373335,20.0946235,0.85000005,0.65000002,0.0,0.6,2.1999998,76.18,,74.41285714285713,1.2706916002207072,3484.47204968944,12.422360329003649,76.76
3521.7391304347825,134.81,154.0,1,1,0,0,0,4.82,0.70000005,23.665335,2.6,2.6,18.171709,2.0500001,2.0500001,20,10,6,1,-0.8660254037844386,0.5000000000000001,76.76,75.59,73.24,3509.316770186336,3434.782608695652,3149.0683229813667,24.486168,24.19867,25.065338,2.7,0.0,0.3,18.2144165,18.6540005,19.736292,4.15,0.8500000000000001,0.15,0.4,0.6,76.76,,75.0,1.26992125740708,3496.8944099378873,12.42236032896886,77.35
3534.16149068323,134.81,154.0,1,1,0,0,0,4.82,5.7,24.444502,0.0,0.0,18.7456665,0.35,0.35,21,10,0,0,-0.8660254037844386,0.5000000000000001,77.35,76.18,73.82,3521.7391304347825,3447.204968944099,3161.490683229814,23.665335,24.479918,25.190332,2.6,0.0,0.1,18.171709,18.8008765,19.458167,2.0500001,0.85000005,0.90000005,0.70000005,0.4,77.35,,75.58714285714287,1.270691600220753,3509.3167701863345,12.42236032893339,77.94
3546.5838509316773,134.82,154.0,1,1,0,0,0,4.82,1.7,24.561167,0.0,0.0,19.6748355,0.1,0.1,22,10,1,0,-0.8660254037844386,0.5000000000000001,77.94,76.76,74.41,3534.16149068323,3459.6273291925468,3173.913043478261,24.444502,24.486168,24.954918,0.0,2.7,0.0,18.7456665,18.2144165,19.029001,0.35,4.15,1.8999999,5.7,0.70000005,77.94,,76.17571428571429,1.269919382523843,3521.7391304347816,12.422360328898206,78.53
3559.0062111801244,134.83,154.0,1,1,0,0,0,4.82,3.1,25.50908,0.0,0.0,19.968584,0.0,0.0,23,10,2,0,-0.8660254037844386,0.5000000000000001,78.53,77.35,75.0,3546.5838509316773,3472.049689440994,3186.335403726708,24.561167,23.665335,24.640333,0.0,2.6,0.0,19.6748355,18.171709,18.4373335,0.1,2.0500001,0.65000002,1.7,5.7,78.53,,76.76428571428572,1.2699193825238697,3534.1614906832287,12.42236032886353,79.12
3571.428571428572,134.84,154.0,1,1,0,0,0,4.82,0.1,25.402832,0.0,0.0,19.8112925,0.40000005,0.40000005,24,10,3,0,-0.8660254037844386,0.5000000000000001,79.12,77.94,75.59,3559.0062111801244,3484.472049689441,3198.7577639751557,25.50908,24.444502,24.19867,0.0,0.0,0.0,19.968584,18.7456665,18.6540005,0.0,0.35,0.8500000000000001,3.1,1.7,79.12,,77.35285714285715,1.270691600220831,3546.5838509316764,12.422360328828345,79.71
3583.8509316770187,134.83,154.0,1,1,0,0,0,4.82,1.7,23.229918,0.0,0.0,18.5977495,0.5,0.5,25,10,4,0,-0.8660254037844386,0.5000000000000001,79.71,78.53,76.18,3571.428571428572,3496.894409937888,3211.1801242236024,25.402832,24.561167,24.479918,0.0,0.0,0.0,19.8112925,19.6748355,18.8008765,0.40000005,0.1,0.85000005,0.1,3.1,79.71,,77.94142857142857,1.2722346294593774,3559.0062111801235,12.422360328793955,80.29
3596.273291925466,134.84,154.0,1,1,0,0,0,4.82,0.5,24.261168,0.0,0.0,18.967541,0.0,0.0,26,10,5,1,-0.8660254037844386,0.5000000000000001,80.29,79.12,76.76,3583.8509316770187,3509.316770186336,3223.6024844720496,23.229918,25.50908,24.486168,0.0,0.0,2.7,18.5977495,19.968584,18.2144165,0.5,0.0,4.15,1.7,0.1,80.29,,78.52857142857144,1.2722346294594005,3571.4285714285706,12.42236032875928,80.88
3608.695652173913,134.84,154.0,1,1,0,0,0,4.82,1.6,25.048668,0.0,0.0,19.4894155,0.2,0.2,27,10,6,1,-0.8660254037844386,0.5000000000000001,80.88,79.71,77.35,3596.273291925466,3521.7391304347825,3236.0248447204967,24.261168,25.402832,23.665335,0.0,0.0,2.6,18.967541,19.8112925,18.171709,0.0,0.40000005,2.0500001,0.5,1.7,80.88,,79.11714285714285,1.2706916002208928,3583.850931677018,12.422360328724604,81.47
3621.11801242236,134.84,154.0,1,1,0,0,0,4.82,0.0,25.490328,0.0,0.0,19.449836,0.0,0.0,28,10,0,0,-0.8660254037844386,0.5000000000000001,81.47,80.29,77.94,3608.695652173913,3534.16149068323,3248.447204968944,25.048668,23.229918,24.444502,0.0,0.0,0.0,19.4894155,18.5977495,18.7456665,0.2,0.5,0.35,1.6,0.5,81.47,,79.70571428571428,1.2699193825239725,3596.2732919254645,12.422360328690214,82.06
3633.5403726708073,134.83,154.0,1,1,0,0,0,4.82,0.0,25.586168,0.0,0.0,19.5862935,0.0,0.0,29,10,1,0,-0.8660254037844386,0.5000000000000001,82.06,80.88,78.53,3621.11801242236,3546.5838509316773,3260.8695652173915,25.490328,24.261168,24.561167,0.0,0.0,0.0,19.449836,18.967541,19.6748355,0.0,0.0,0.1,0.0,1.6,82.06,,80.29428571428572,1.2699193825239918,3608.695652173912,12.42236032865554,82.65
3645.9627329192544,134.83,154.0,1,1,0,0,0,4.82,1.3000001,25.740334,0.0,0.0,19.705041,1.4000001,1.4000001,30,10,2,0,-0.8660254037844386,0.5000000000000001,82.65,81.47,79.12,3633.5403726708073,3559.0062111801244,3273.291925465838,25.586168,25.048668,25.50908,0.0,0.0,0.0,19.5862935,19.4894155,19.968584,0.0,0.2,0.0,0.0,0.0,82.65,,80.88285714285715,1.270691600220948,3621.118012422359,12.422360328620865,83.24
3658.385093167702,134.83,154.0,1,1,0,0,0,4.82,0.2,24.94867,0.0,0.0,19.411292,1.5,1.5,31,10,3,0,-0.8660254037844386,0.5000000000000001,83.24,82.06,79.71,3645.9627329192544,3571.428571428572,3285.714285714286,25.740334,25.490328,25.402832,0.0,0.0,0.0,19.705041,19.449836,19.8112925,1.4000001,0.0,0.40000005,1.3000001,0.0,83.24,,81.47142857142856,1.2722346294594942,3633.5403726708064,12.422360328586189,83.82
3670.807453416149,134.83,154.0,1,1,0,0,0,5.6,0.90000004,25.465338,0.0,0.0,19.293586,2.1,2.1,1,11,4,0,-0.5000000000000004,0.8660254037844384,83.82,82.65,80.29,3658.385093167702,3583.8509316770187,3298.136645962733,24.94867,25.586168,23.229918,0.0,0.0,0.0,19.411292,19.5862935,18.5977495,1.5,0.0,0.5,0.2,1.3000001,83.82,,82.05857142857143,1.2722346294595102,3645.9627329192535,12.422360328551799,84.41
3683.229813664596,134.83,154.0,1,1,0,0,0,5.6,1.5000001,25.002832,0.5,0.5,19.1623345,1.15,1.15,2,11,5,1,-0.5000000000000004,0.8660254037844384,84.41,83.24,80.88,3670.807453416149,3596.273291925466,3310.55900621118,25.465338,25.740334,24.261168,0.0,0.0,0.0,19.293586,19.705041,18.967541,2.1,1.4000001,0.0,0.90000004,0.2,84.41,,82.64714285714285,1.270691600221003,3658.3850931677007,12.422360328517408,85.0
3695.652173913044,134.83,154.0,1,1,0,0,0,5.6,3.4,24.836166,0.0,0.0,18.8862925,1.20000005,1.20000005,3,11,6,1,-0.5000000000000004,0.8660254037844384,85.0,83.82,81.47,3683.229813664596,3608.695652173913,3322.981366459627,25.002832,24.94867,25.048668,0.5,0.0,0.0,19.1623345,19.411292,19.4894155,1.15,1.5,0.2,1.5000001,0.90000004,85.0,,83.23571428571428,1.2699193825240824,3670.807453416148,12.422360328482734,85.59
3708.07453416149,134.83,154.0,1,1,0,0,0,5.6,10.400001,24.273666,0.0,0.0,17.3748335,15.050000999999998,15.050000999999998,4,11,0,0,-0.5000000000000004,0.8660254037844384,85.59,84.41,82.06,3695.652173913044,3621.11801242236,3335.4037267080744,24.836166,25.465338,25.490328,0.0,0.0,0.0,18.8862925,19.293586,19.449836,1.20000005,2.1,0.0,3.4,1.5000001,85.59,,83.82428571428571,1.269919382524102,3683.229813664595,12.422360328448912,86.18
3720.496894409938,134.89,154.0,1,1,0,0,0,5.6,0.6,23.78617,0.0,0.0,17.94567,4.75,4.75,5,11,1,0,-0.5000000000000004,0.8660254037844384,86.18,85.0,82.65,3708.07453416149,3633.5403726708073,3347.826086956522,24.273666,25.002832,25.586168,0.0,0.5,0.0,17.3748335,19.1623345,19.5862935,15.050000999999998,1.15,0.0,10.400001,3.4,86.18,,84.41285714285713,1.270691600221058,3695.652173913042,12.422360328414522,86.76
3732.9192546583854,134.88,154.0,1,1,0,0,0,5.6,0.0,23.511171,0.0,0.0,17.725876,0.0,0.0,6,11,2,0,-0.5000000000000004,0.8660254037844384,86.76,85.59,83.24,3720.496894409938,3645.9627329192544,3360.248447204969,23.78617,24.836166,25.740334,0.0,0.0,0.0,17.94567,18.8862925,19.705041,4.75,1.20000005,1.4000001,0.6,10.400001,86.76,,85.0,1.2699212574074312,3708.0745341614893,12.422360328380131,87.35
3745.341614906833,135.16,154.0,1,1,0,0,0,5.6,0.0,23.492418,0.0,0.0,17.573794,0.0,0.0,7,11,3,0,-0.5000000000000004,0.8660254037844384,87.35,86.18,83.82,3732.9192546583854,3658.385093167702,3372.6708074534163,23.511171,24.273666,24.94867,0.0,0.0,0.0,17.725876,17.3748335,19.411292,0.0,15.050000999999998,1.5,0.0,0.6,87.35,,85.58714285714287,1.270691600221104,3720.4968944099364,12.422360328346594,87.94
3757.76397515528,135.3,154.0,1,1,0,0,0,5.6,0.3,23.58825,0.0,0.0,17.4227515,0.0,0.0,8,11,4,0,-0.5000000000000004,0.8660254037844384,87.94,86.76,84.41,3745.341614906833,3670.807453416149,3385.0931677018634,23.492418,23.78617,25.465338,0.0,0.0,0.0,17.573794,17.94567,19.293586,0.0,4.75,2.1,0.0,0.0,87.94,,86.17571428571429,1.2699193825241941,3732.919254658384,12.4223603283126,88.53
3770.186335403727,135.31,154.0,1,1,0,0,0,5.6,0.4,23.256998,0.0,0.0,17.424835,0.0,0.0,9,11,5,1,-0.5000000000000004,0.8660254037844384,88.53,87.35,85.0,3757.76397515528,3683.229813664596,3397.5155279503106,23.58825,23.511171,25.002832,0.0,0.0,0.5,17.4227515,17.725876,19.1623345,0.0,0.0,1.15,0.3,0.0,88.53,,86.7642857142857,1.2699193825242208,3745.341614906831,12.422360328278096,89.12
3782.608695652174,135.31,154.0,1,1,0,0,0,5.6,0.70000005,23.650751,0.0,0.0,17.845668,1.15,1.15,10,11,6,1,-0.5000000000000004,0.8660254037844384,89.12,87.94,85.59,3770.186335403727,3695.652173913044,3409.9378881987577,23.256998,23.492418,24.836166,0.0,0.0,0.0,17.424835,17.573794,18.8862925,0.0,0.0,1.20000005,0.4,0.3,89.12,,87.35285714285715,1.2706916002211819,3757.7639751552783,12.422360328243421,89.71
3795.031055900621,135.31,154.0,1,1,0,0,0,5.6,0.8,23.277834,0.0,0.0,17.83421,0.05,0.05,11,11,0,0,-0.5000000000000004,0.8660254037844384,89.71,88.53,86.18,3782.608695652174,3708.07453416149,3422.360248447205,23.650751,23.58825,24.273666,0.0,0.0,0.0,17.845668,17.4227515,17.3748335,1.15,0.0,15.050000999999998,0.70000005,0.4,89.71,,87.94142857142857,1.272234629459728,3770.1863354037255,12.42236032820903,90.29
3807.453416149068,135.34,154.0,1,1,0,0,0,5.6,0.0,22.634085,0.0,0.0,16.9362905,0.0,0.0,12,11,1,0,-0.5000000000000004,0.8660254037844384,90.29,89.12,86.76,3795.031055900621,3720.496894409938,3434.782608695652,23.277834,23.256998,23.78617,0.0,0.0,0.0,17.83421,17.424835,17.94567,0.05,0.0,4.75,0.8,0.70000005,90.29,,88.52857142857144,1.2722346294597509,3782.6086956521726,12.422360328174639,90.88
3819.875776397515,135.34,154.0,1,1,0,0,0,5.6,0.2,21.965332,0.0,0.0,16.362335,0.0,0.0,13,11,2,0,-0.5000000000000004,0.8660254037844384,90.88,89.71,87.35,3807.453416149068,3732.9192546583854,3447.204968944099,22.634085,23.650751,23.511171,0.0,0.0,0.0,16.9362905,17.845668,17.725876,0.0,1.15,0.0,0.0,0.8,90.88,,89.11714285714285,1.2706916002212438,3795.03105590062,12.42236032813985,91.47
3832.2981366459626,135.31,154.0,1,1,0,0,0,5.6,0.1,21.961168,0.0,0.0,16.637334,0.0,0.0,14,11,3,0,-0.5000000000000004,0.8660254037844384,91.47,90.29,87.94,3819.875776397515,3745.341614906833,3459.6273291925468,21.965332,23.277834,23.492418,0.0,0.0,0.0,16.362335,17.83421,17.573794,0.0,0.05,0.0,0.2,0.0,91.47,,89.70571428571428,1.2699193825243236,3807.453416149067,12.42236032810546,92.06
3844.7204968944097,135.34,154.0,1,1,0,0,0,5.6,0.0,20.952833,0.0,0.0,16.531085,0.0,0.0,15,11,4,0,-0.5000000000000004,0.8660254037844384,92.06,90.88,88.53,3832.2981366459626,3757.76397515528,3472.049689440994,21.961168,22.634085,23.58825,0.0,0.0,0.0,16.637334,16.9362905,17.4227515,0.0,0.0,0.0,0.1,0.2,92.06,,90.29428571428572,1.269919382524343,3819.875776397514,12.422360328071354,92.65
3857.142857142857,135.34,154.0,0,1,0,0,0,5.6,0.0,19.831999,0.0,0.0,16.245667,0.0,0.0,16,11,5,1,-0.5000000000000004,0.8660254037844384,92.65,91.47,89.12,3844.7204968944097,3770.186335403727,3484.472049689441,20.952833,21.965332,23.256998,0.0,0.0,0.0,16.531085,16.362335,17.424835,0.0,0.0,0.0,0.0,0.1,92.65,,90.88285714285713,1.270691600221299,3832.298136645961,12.422360328036566,93.24
3869.565217391305,135.34,154.0,0,1,0,0,0,5.6,0.0,19.686167,0.0,0.0,15.6737925,0.0,0.0,17,11,6,1,-0.5000000000000004,0.8660254037844384,93.24,92.06,89.71,3857.142857142857,3782.608695652174,3496.894409937888,19.831999,21.961168,23.650751,0.0,0.0,0.0,16.245667,16.637334,17.845668,0.0,0.0,1.15,0.0,0.0,93.24,,91.47142857142856,1.2722346294598448,3844.7204968944084,12.42236032800138,93.82
3881.987577639752,135.34,154.0,0,1,0,0,0,5.6,0.0,20.38825,0.0,0.0,15.033169,0.0,0.0,18,11,0,0,-0.5000000000000004,0.8660254037844384,93.82,92.65,90.29,3869.565217391305,3795.031055900621,3509.316770186336,19.686167,20.952833,23.277834,0.0,0.0,0.0,15.6737925,16.531085,17.83421,0.0,0.0,0.05,0.0,0.0,93.82,,92.05857142857143,1.2722346294598605,3857.1428571428555,12.422360327967274,94.41
3894.409937888199,135.32,154.0,0,1,0,0,0,5.6,0.2,20.259085,0.0,0.0,14.874833,0.0,0.0,19,11,1,0,-0.5000000000000004,0.8660254037844384,94.41,93.24,90.88,3881.987577639752,3807.453416149068,3521.7391304347825,20.38825,19.831999,22.634085,0.0,0.0,0.0,15.033169,16.245667,16.9362905,0.0,0.0,0.0,0.0,0.0,94.41,,92.64714285714285,1.2706916002213537,3869.5652173913036,12.422360327933166,95.0
3906.832298136646,135.37,154.0,0,1,0,0,0,5.6,1.3000001,19.694502,0.0,0.0,14.754002,0.0,0.0,20,11,2,0,-0.5000000000000004,0.8660254037844384,95.0,93.82,91.47,3894.409937888199,3819.875776397515,3534.16149068323,20.259085,19.686167,21.965332,0.0,0.0,0.0,14.874833,15.6737925,16.362335,0.0,0.0,0.0,0.2,0.0,95.0,,93.2357142857143,1.2699193825244337,3881.9875776397507,12.422360327898778,94.55
3919.254658385093,135.37,154.0,0,1,0,0,0,5.6,0.6,19.336166,0.0,0.0,14.371709,0.0,0.0,21,11,3,0,-0.5000000000000004,0.8660254037844384,94.55,94.41,92.06,3906.832298136646,3832.2981366459626,3546.5838509316773,19.694502,20.38825,21.961168,0.0,0.0,0.0,14.754002,15.033169,16.637334,0.0,0.0,0.0,1.3000001,0.2,94.55,,93.67571428571429,1.0747535708762603,3894.409937888198,12.422360327864954,94.09
3931.6770186335407,135.5,154.0,0,1,0,0,0,5.6,0.3,19.119501,0.0,0.0,14.64254175,0.0,0.0,22,11,4,0,-0.5000000000000004,0.8660254037844384,94.09,95.0,92.65,3919.254658385093,3844.7204968944097,3559.0062111801244,19.336166,20.259085,20.952833,0.0,0.0,0.0,14.371709,14.874833,16.531085,0.0,0.0,0.0,0.6,1.3000001,94.09,,93.96571428571428,0.8065328499889491,3906.832298136645,12.422360327831132,93.64
3944.099378881988,135.42,154.0,0,1,0,0,0,5.6,0.0,18.546585,0.0,0.0,13.997751,0.0,0.0,23,11,5,1,-0.5000000000000004,0.8660254037844384,93.64,94.55,93.24,3931.6770186335407,3857.142857142857,3571.428571428572,19.119501,19.694502,19.831999,0.0,0.0,0.0,14.64254175,14.754002,16.245667,0.0,0.0,0.0,0.3,0.6,93.64,,94.10714285714286,0.5969286469418943,3919.254658385092,12.422360327797309,93.18
3956.521739130435,135.42,154.0,0,1,0,0,0,5.6,0.0,18.459082,0.0,0.0,13.9946255,0.25,0.25,24,11,6,1,-0.5000000000000004,0.8660254037844384,93.18,94.09,93.82,3944.099378881988,3869.565217391305,3583.8509316770187,18.546585,19.336166,19.686167,0.0,0.0,0.0,13.997751,14.371709,15.6737925,0.0,0.0,0.0,0.0,0.3,93.18,,94.09857142857142,0.611703320570535,3931.6770186335393,12.422360327763487,92.73
3968.944099378882,135.42,154.0,0,1,0,0,0,5.6,0.1,18.486168,0.0,0.0,13.97795875,0.3,0.3,25,11,0,0,-0.5000000000000004,0.8660254037844384,92.73,93.64,94.41,3956.521739130435,3881.987577639752,3596.273291925466,18.459082,19.119501,20.38825,0.0,0.0,0.0,13.9946255,14.64254175,15.033169,0.25,0.0,0.0,0.0,0.0,92.73,,93.94285714285715,0.8031959969645391,3944.099378881987,12.422360327729663,92.27
3981.366459627329,135.17,154.0,0,1,0,0,0,5.6,0.5,19.119501,0.0,0.0,13.4175425,0.05,0.05,26,11,1,0,-0.5000000000000004,0.8660254037844384,92.27,93.18,95.0,3968.944099378882,3894.409937888199,3608.695652173913,18.486168,18.546585,20.259085,0.0,0.0,0.0,13.97795875,13.997751,14.874833,0.3,0.0,0.0,0.1,0.0,92.27,,93.63714285714285,0.9829159727768365,3956.5217391304336,12.422360327696126,91.82
3993.788819875776,135.23,154.0,0,1,0,0,0,5.6,0.6,18.607,0.0,0.0,13.060251,0.55,0.55,27,11,2,0,-0.5000000000000004,0.8660254037844384,91.82,92.73,94.55,3981.366459627329,3906.832298136646,3621.11801242236,19.119501,18.459082,19.694502,0.0,0.0,0.0,13.4175425,13.9946255,14.754002,0.05,0.25,0.0,0.5,0.1,91.82,,93.18285714285715,0.9829159727768171,3968.9440993788808,12.422360327662304,91.36
4006.211180124224,135.43,154.0,0,1,0,0,0,5.6,0.4,18.532,0.0,0.0,13.2133765,0.0,0.0,28,11,3,0,-0.5000000000000004,0.8660254037844384,91.36,92.27,94.09,3993.788819875776,3919.254658385093,3633.5403726708073,18.607,18.486168,19.336166,0.0,0.0,0.0,13.060251,13.97795875,14.371709,0.55,0.3,0.0,0.6,0.5,91.36,,92.72714285714287,0.9829159727767975,3981.366459627328,12.42236032762848,90.91
4018.633540372671,135.48,154.0,0,1,0,0,0,5.6,0.0,18.523666,0.0,0.0,13.5800425,0.0,0.0,29,11,4,0,-0.5000000000000004,0.8660254037844384,90.91,91.82,93.64,4006.211180124224,3931.6770186335407,3645.9627329192544,18.532,19.119501,19.119501,0.0,0.0,0.0,13.2133765,13.4175425,14.64254175,0.0,0.05,0.0,0.4,0.6,90.91,,92.27285714285713,0.9829159727767781,3993.788819875775,12.422360327595056,90.45
4031.055900621118,135.48,154.0,0,1,0,0,0,5.6,0.0,17.896584,0.0,0.0,13.8373355,0.0,0.0,30,11,5,1,-0.5000000000000004,0.8660254037844384,90.45,91.36,93.18,4018.633540372671,3944.099378881988,3658.385093167702,18.523666,18.607,18.546585,0.0,0.0,0.0,13.5800425,13.060251,13.997751,0.0,0.55,0.0,0.0,0.4,90.45,,91.81714285714285,0.9829159727767586,4006.2111801242227,12.422360327560552,90.0
4043.478260869565,135.48,154.0,0,0,0,0,1,6.05,0.0,17.277834,0.0,0.0,13.642544,0.0,0.0,1,12,6,1,-2.4492935982947064e-16,1.0,90.0,90.91,92.73,4031.055900621118,3956.521739130435,3670.807453416149,17.896584,18.532,18.459082,0.0,0.0,0.0,13.8373355,13.2133765,13.9946255,0.0,0.0,0.25,0.0,0.0,90.0,,91.36285714285715,0.9829159727767391,4018.63354037267,12.422360327525366,89.55
4055.900621118012,135.48,154.0,0,0,0,0,1,6.05,0.0,16.88825,0.0,0.0,13.796708,0.0,0.0,2,12,0,0,-2.4492935982947064e-16,1.0,89.55,90.45,92.27,4043.478260869565,3968.944099378882,3683.229813664596,17.277834,18.523666,18.486168,0.0,0.0,0.0,13.642544,13.5800425,13.97795875,0.0,0.0,0.3,0.0,0.0,89.55,,90.90857142857143,0.980602341623122,4031.0559006211165,12.422360327490976,89.09
4068.32298136646,135.82,154.0,0,0,0,0,1,6.05,0.0,17.223667,0.0,0.0,13.8060855,0.0,0.0,3,12,1,0,-2.4492935982947064e-16,1.0,89.09,90.0,91.82,4055.900621118012,3981.366459627329,3695.652173913044,16.88825,17.896584,19.119501,0.0,0.0,0.0,13.796708,13.8373355,13.4175425,0.0,0.0,0.05,0.0,0.0,89.09,,90.45428571428572,0.9813741580615432,4043.478260869564,12.422360327456586,88.64
4080.745341614907,135.8,154.0,0,0,0,0,1,6.05,0.0,17.073668,0.0,0.0,13.502959,0.0,0.0,4,12,2,0,-2.4492935982947064e-16,1.0,88.64,89.55,91.36,4068.32298136646,3993.788819875776,3708.07453416149,17.223667,17.277834,18.607,0.0,0.0,0.0,13.8060855,13.642544,13.060251,0.0,0.0,0.55,0.0,0.0,88.64,,90.0,0.9798299172215573,4055.9006211180113,12.42236032742248,88.18
4093.167701863354,135.89,154.0,0,0,0,0,1,6.05,0.0,16.923666,0.0,0.0,13.276918,0.0,0.0,5,12,3,0,-2.4492935982947064e-16,1.0,88.18,89.09,90.91,4080.745341614907,4006.211180124224,3720.496894409938,17.073668,16.88825,18.532,0.0,0.0,0.0,13.502959,13.796708,13.2133765,0.0,0.0,0.0,0.0,0.0,88.18,,89.54571428571428,0.9813741580615113,4068.3229813664584,12.42236032738809,87.73
4105.590062111802,135.88,154.0,0,0,0,0,1,6.05,0.0,15.869499,0.0,0.0,12.699834,0.0,0.0,6,12,4,0,-2.4492935982947064e-16,1.0,87.73,88.64,90.45,4093.167701863354,4018.633540372671,3732.9192546583854,16.923666,17.223667,18.523666,0.0,0.0,0.0,13.276918,13.8060855,13.5800425,0.0,0.0,0.0,0.0,0.0,87.73,,89.09142857142857,0.9806023416230564,4080.745341614906,12.422360327353699,87.27
4118.012422360249,135.81,154.0,0,0,0,0,1,6.05,0.0,15.4695015,0.0,0.0,12.6394175,0.0,0.0,7,12,5,1,-2.4492935982947064e-16,1.0,87.27,88.18,90.0,4105.590062111802,4031.055900621118,3745.341614906833,15.869499,17.073668,17.896584,0.0,0.0,0.0,12.699834,13.502959,13.8373355,0.0,0.0,0.0,0.0,0.0,87.27,,88.63714285714285,0.9829159727766348,4093.1677018633527,12.422360327320161,86.82
4130.434782608696,135.81,154.0,0,0,0,0,1,6.05,0.90000004,16.175749,0.0,0.0,12.031085,0.0,0.0,8,12,6,1,-2.4492935982947064e-16,1.0,86.82,87.73,89.55,4118.012422360249,4043.478260869565,3757.76397515528,15.4695015,16.923666,17.277834,0.0,0.0,0.0,12.6394175,13.276918,13.642544,0.0,0.0,0.0,0.0,0.0,86.82,,88.18285714285715,0.9829159727766154,4105.590062111801,12.422360327286167,86.36
4142.857142857143,135.81,154.0,0,0,0,0,1,6.05,2.0,16.525751,0.7,0.7,10.93733275,0.99999995,0.99999995,9,12,0,0,-2.4492935982947064e-16,1.0,86.36,87.27,89.09,4130.434782608696,4055.900621118012,3770.186335403727,16.175749,15.869499,16.88825,0.0,0.0,0.0,12.031085,12.699834,13.796708,0.0,0.0,0.0,0.90000004,0.0,86.36,,87.72714285714287,0.9829159727765959,4118.012422360248,12.422360327251551,85.91
4155.27950310559,135.88,154.0,0,0,0,0,1,6.05,0.0,15.331998,0.0,0.0,10.488375,0.0,0.0,10,12,1,0,-2.4492935982947064e-16,1.0,85.91,86.82,88.64,4142.857142857143,4068.32298136646,3782.608695652174,16.525751,15.4695015,17.223667,0.7,0.0,0.0,10.93733275,12.6394175,13.8060855,0.99999995,0.0,0.0,2.0,0.90000004,85.91,,87.27285714285713,0.9829159727765765,4130.434782608695,12.422360327217673,85.45
4167.701863354037,136.07,154.0,0,0,0,0,1,6.05,0.0,13.794498,0.0,0.0,11.080041,0.0,0.0,11,12,2,0,-2.4492935982947064e-16,1.0,85.45,86.36,88.18,4155.27950310559,4080.745341614907,3795.031055900621,15.331998,16.175749,17.073668,0.0,0.0,0.0,10.488375,12.031085,13.502959,0.0,0.0,0.0,0.0,2.0,85.45,,86.81714285714285,0.982915972776557,4142.857142857141,12.422360327183794,85.0
4180.124223602485,136.04,154.0,0,0,0,0,1,6.05,0.0,13.28825,0.0,0.0,11.73316675,0.0,0.0,12,12,3,0,-2.4492935982947064e-16,1.0,85.0,85.91,87.73,4167.701863354037,4093.167701863354,3807.453416149068,13.794498,16.525751,16.923666,0.0,0.7,0.0,11.080041,10.93733275,13.276918,0.0,0.99999995,0.0,0.0,0.0,85.0,,86.36285714285715,0.9829159727765375,4155.279503105589,12.422360327149914,84.55
4192.546583850932,136.08,154.0,0,0,0,0,1,6.05,0.0,13.740333,0.0,0.0,12.1675415,0.0,0.0,13,12,4,0,-2.4492935982947064e-16,1.0,84.55,85.45,87.27,4180.124223602485,4105.590062111802,3819.875776397515,13.28825,15.331998,15.869499,0.0,0.0,0.0,11.73316675,10.488375,12.699834,0.0,0.0,0.0,0.0,0.0,84.55,,85.90857142857143,0.9806023416229199,4167.7018633540365,12.422360327116035,84.09
4204.968944099379,135.97,154.0,0,0,0,0,1,6.05,0.0,14.186166,0.0,0.0,11.04879125,0.0,0.0,14,12,5,1,-2.4492935982947064e-16,1.0,84.09,85.0,86.82,4192.546583850932,4118.012422360249,3832.2981366459626,13.740333,13.794498,15.4695015,0.0,0.0,0.0,12.1675415,11.080041,12.6394175,0.0,0.0,0.0,0.0,0.0,84.09,,85.45428571428572,0.9813741580613412,4180.124223602484,12.422360327082156,83.64
4217.391304347826,135.97,154.0,0,0,0,0,1,6.05,0.0,14.971583,0.0,0.0,11.9133755,0.0,0.0,15,12,6,1,-2.4492935982947064e-16,1.0,83.64,84.55,86.36,4204.968944099379,4130.434782608696,3844.7204968944097,14.186166,13.28825,16.175749,0.0,0.0,0.0,11.04879125,11.73316675,12.031085,0.0,0.0,0.0,0.0,0.0,83.64,,85.0,0.9798299172213549,4192.54658385093,12.422360327048278,83.18
4229.813664596273,135.97,154.0,0,0,0,0,1,6.05,0.0,15.484082,0.0,0.0,13.63525,0.0,0.0,16,12,0,0,-2.4492935982947064e-16,1.0,83.18,84.09,85.91,4217.391304347826,4142.857142857143,3857.142857142857,14.971583,13.740333,16.525751,0.0,0.0,0.7,11.9133755,12.1675415,10.93733275,0.0,0.0,0.99999995,0.0,0.0,83.18,,84.54571428571428,0.9813741580613093,4204.968944099378,12.422360327014399,82.73
4242.23602484472,136.09,154.0,0,0,0,0,1,6.05,0.0,16.000751,0.0,0.0,13.2498345,0.0,0.0,17,12,1,0,-2.4492935982947064e-16,1.0,82.73,83.64,85.45,4229.813664596273,4155.27950310559,3869.565217391305,15.484082,14.186166,15.331998,0.0,0.0,0.0,13.63525,11.04879125,10.488375,0.0,0.0,0.0,0.0,0.0,82.73,,84.09142857142857,0.9806023416228543,4217.391304347825,12.42236032698052,82.27
4254.658385093167,136.14,154.0,0,0,0,0,1,6.05,0.0,16.12575,0.0,0.0,12.7206675,0.0,0.0,18,12,2,0,-2.4492935982947064e-16,1.0,82.27,83.18,85.0,4242.23602484472,4167.701863354037,3881.987577639752,16.000751,14.971583,13.794498,0.0,0.0,0.0,13.2498345,11.9133755,11.080041,0.0,0.0,0.0,0.0,0.0,82.27,,83.63714285714286,0.9829159727764332,4229.813664596272,12.422360326946642,81.82
4267.080745341615,136.23,154.0,0,0,0,0,1,6.05,0.0,15.8695,0.0,0.0,12.0029595,0.0,0.0,19,12,3,0,-2.4492935982947064e-16,1.0,81.82,82.73,84.55,4254.658385093167,4180.124223602485,3894.409937888199,16.12575,15.484082,13.28825,0.0,0.0,0.0,12.7206675,13.63525,11.73316675,0.0,0.0,0.0,0.0,0.0,81.82,,83.18285714285715,0.9829159727764137,4242.2360248447185,12.422360326912763,81.36
4279.503105590062,136.42,154.0,0,0,0,0,1,6.05,0.0,16.03617,0.0,0.0,12.473793,0.0,0.0,20,12,4,0,-2.4492935982947064e-16,1.0,81.36,82.27,84.09,4267.080745341615,4192.546583850932,3906.832298136646,15.8695,16.000751,13.740333,0.0,0.0,0.0,12.0029595,13.2498345,12.1675415,0.0,0.0,0.0,0.0,0.0,81.36,,82.72714285714287,0.9829159727763942,4254.6583850931665,12.422360326878884,80.91
4291.925465838509,136.33,154.0,0,0,0,0,1,6.05,0.0,16.134085,0.0,0.0,11.182124,0.0,0.0,21,12,5,1,-2.4492935982947064e-16,1.0,80.91,81.82,83.64,4279.503105590062,4204.968944099379,3919.254658385093,16.03617,16.12575,14.186166,0.0,0.0,0.0,12.473793,12.7206675,11.04879125,0.0,0.0,0.0,0.0,0.0,80.91,,82.27285714285713,0.9829159727763748,4267.080745341614,12.422360326845006,80.45
4304.347826086956,136.33,154.0,0,0,0,0,1,6.05,0.0,15.379917,0.0,0.0,10.6873325,0.0,0.0,22,12,6,1,-2.4492935982947064e-16,1.0,80.45,81.36,83.18,4291.925465838509,4217.391304347826,3931.6770186335407,16.134085,15.8695,14.971583,0.0,0.0,0.0,11.182124,12.0029595,11.9133755,0.0,0.0,0.0,0.0,0.0,80.45,,81.81714285714285,0.9829159727763553,4279.503105590061,12.422360326811127,80.0
4316.770186335404,136.33,154.0,0,0,0,0,1,6.05,0.0,15.30075,0.0,0.0,11.3019165,0.0,0.0,23,12,0,0,-2.4492935982947064e-16,1.0,80.0,80.91,82.73,4304.347826086956,4229.813664596273,3944.099378881988,15.379917,16.03617,15.484082,0.0,0.0,0.0,10.6873325,12.473793,13.63525,0.0,0.0,0.0,0.0,0.0,80.0,,81.36285714285714,0.9829159727763359,4291.925465838507,12.422360326777248,79.55
4329.192546583851,136.5,154.0,0,0,0,0,1,6.05,1.4,15.534081,0.0,0.0,11.70504075,0.0,0.0,24,12,1,0,-2.4492935982947064e-16,1.0,79.55,80.45,82.27,4316.770186335404,4242.23602484472,3956.521739130435,15.30075,16.134085,16.000751,0.0,0.0,0.0,11.3019165,11.182124,13.2498345,0.0,0.0,0.0,0.0,0.0,79.55,,80.90857142857142,0.9806023416227178,4304.347826086955,12.422360326743938,79.09
4341.614906832298,136.63,154.0,0,0,0,0,1,6.05,0.2,16.096582,0.0,0.0,12.6779585,0.1,0.1,25,12,2,0,-2.4492935982947064e-16,1.0,79.09,80.0,81.82,4329.192546583851,4254.658385093167,3968.944099378882,15.534081,15.379917,16.12575,0.0,0.0,0.0,11.70504075,10.6873325,12.7206675,0.0,0.0,0.0,1.4,0.0,79.09,,80.4542857142857,0.9813741580611391,4316.770186335402,12.422360326710628,78.64
4354.037267080746,136.63,154.0,0,0,0,0,1,6.05,0.0,15.119502,0.0,0.0,11.85399975,0.0,0.0,26,12,3,0,-2.4492935982947064e-16,1.0,78.64,79.55,81.36,4341.614906832298,4267.080745341615,3981.366459627329,16.096582,15.30075,15.8695,0.0,0.0,0.0,12.6779585,11.3019165,12.0029595,0.1,0.0,0.0,0.2,1.4,78.64,,80.0,0.9798299172211528,4329.19254658385,12.422360326677317,78.18
4366.459627329193,136.73,154.0,0,0,0,0,1,6.05,0.0,15.446586,0.0,0.0,12.5602505,0.0,0.0,27,12,4,0,-2.4492935982947064e-16,1.0,78.18,79.09,80.91,4354.037267080746,4279.503105590062,3993.788819875776,15.119502,15.534081,16.03617,0.0,0.0,0.0,11.85399975,11.70504075,12.473793,0.0,0.0,0.0,0.0,0.2,78.18,,79.54571428571428,0.9813741580611074,4341.614906832297,12.422360326644576,77.73
4378.88198757764,137.16,154.0,0,0,0,0,1,6.05,3.6000001,16.294498,0.3,0.3,12.3779585,1.0,1.0,28,12,5,1,-2.4492935982947064e-16,1.0,77.73,78.64,80.45,4366.459627329193,4291.925465838509,4006.211180124224,15.446586,16.096582,16.134085,0.0,0.0,0.0,12.5602505,12.6779585,11.182124,0.0,0.1,0.0,0.0,0.0,77.73,,79.09142857142857,0.9806023416226521,4354.037267080745,12.422360326611834,77.27
4391.304347826087,137.16,154.0,0,0,0,0,1,6.05,1.2,17.746584,1.9,1.9,12.895668,0.15,0.15,29,12,6,1,-2.4492935982947064e-16,1.0,77.27,78.18,80.0,4378.88198757764,4304.347826086956,4018.633540372671,16.294498,15.119502,15.379917,0.3,0.0,0.0,12.3779585,11.85399975,10.6873325,1.0,0.0,0.0,3.6000001,0.0,77.27,,78.63714285714286,0.9829159727762316,4366.459627329191,12.422360326579092,76.82
4403.726708074534,137.16,154.0,0,0,0,0,1,6.05,0.0,15.990334,0.0,0.0,11.210249,0.0,0.0,30,12,0,0,-2.4492935982947064e-16,1.0,76.82,77.73,79.55,4391.304347826087,4316.770186335404,4031.055900621118,17.746584,15.446586,15.30075,1.9,0.0,0.0,12.895668,12.5602505,11.3019165,0.15,0.0,0.0,1.2,3.6000001,76.82,,78.18285714285715,0.9829159727762121,4378.881987577639,12.42236032654635,76.36
4416.149068322981,137.16,154.0,0,0,0,0,1,6.05,0.0,15.194501,0.0,0.0,11.1331655,0.0,0.0,31,12,1,0,-2.4492935982947064e-16,1.0,76.36,77.27,79.09,4403.726708074534,4329.192546583851,4043.478260869565,15.990334,16.294498,15.534081,0.0,0.3,0.0,11.210249,12.3779585,11.70504075,0.0,1.0,0.0,0.0,1.2,76.36,,77.72714285714287,0.9829159727761926,4391.304347826085,12.422360326513608,75.91
4428.571428571428,137.29,154.0,0,0,0,0,1,5.41,0.0,12.784084,0.0,0.0,11.423792,0.0,0.0,1,1,2,0,0.4999999999999999,0.8660254037844387,75.91,76.82,78.64,4416.149068322981,4341.614906832298,4055.900621118012,15.194501,17.746584,16.096582,0.0,1.9,0.0,11.1331655,12.895668,12.6779585,0.0,0.15,0.1,0.0,0.0,75.91,,77.27285714285713,0.9829159727761732,4403.726708074533,12.422360326480867,75.45
4440.993788819876,137.34,154.0,0,0,0,0,1,5.41,0.0,12.579918,0.0,0.0,12.0956665,0.0,0.0,2,1,3,0,0.4999999999999999,0.8660254037844387,75.45,76.36,78.18,4428.571428571428,4354.037267080746,4068.32298136646,12.784084,15.990334,15.119502,0.0,0.0,0.0,11.423792,11.210249,11.85399975,0.0,0.0,0.0,0.0,0.0,75.45,,76.81714285714285,0.9829159727761536,4416.1490683229795,12.422360326448125,75.0
4453.416149068323,137.51,154.0,0,0,0,0,1,5.41,0.0,13.332001,0.0,0.0,12.861291,0.0,0.0,3,1,4,0,0.4999999999999999,0.8660254037844387,75.0,75.91,77.73,4440.993788819876,4366.459627329193,4080.745341614907,12.579918,15.194501,15.446586,0.0,0.0,0.0,12.0956665,11.1331655,12.5602505,0.0,0.0,0.0,0.0,0.0,75.0,,76.36285714285714,0.9829159727761342,4428.5714285714275,12.422360326415383,74.55
4465.838509316771,137.54,154.0,0,0,0,0,1,5.41,0.0,14.431999,0.0,0.0,12.99879225,0.0,0.0,4,1,5,1,0.4999999999999999,0.8660254037844387,74.55,75.45,77.27,4453.416149068323,4378.88198757764,4093.167701863354,13.332001,12.784084,16.294498,0.0,0.0,0.3,12.861291,11.423792,12.3779585,0.0,0.0,1.0,0.0,0.0,74.55,,75.90857142857142,0.9806023416225156,4440.993788819874,12.422360326382643,74.09
4478.260869565218,137.54,154.0,0,0,0,0,1,5.41,0.0,15.08825,0.0,0.0,13.054001,0.0,0.0,5,1,6,1,0.4999999999999999,0.8660254037844387,74.09,75.0,76.82,4465.838509316771,4391.304347826087,4105.590062111802,14.431999,12.579918,17.746584,0.0,0.0,1.9,12.99879225,12.0956665,12.895668,0.0,0.0,0.15,0.0,0.0,74.09,,75.4542857142857,0.9813741580609372,4453.416149068322,12.42236032635047,73.64
4490.683229813665,137.54,154.0,0,0,0,0,1,5.41,0.0,17.679916,0.0,0.0,13.2456675,0.0,0.0,6,1,0,0,0.4999999999999999,0.8660254037844387,73.64,74.55,76.36,4478.260869565218,4403.726708074534,4118.012422360249,15.08825,13.332001,15.990334,0.0,0.0,0.0,13.054001,12.861291,11.210249,0.0,0.0,0.0,0.0,0.0,73.64,,75.0,0.9798299172209504,4465.83850931677,12.422360326318296,73.18
4503.105590062112,137.63,154.0,0,0,0,0,1,5.41,3.3000002,16.054916,1.3,1.3,10.486292,3.5,3.5,7,1,1,0,0.4999999999999999,0.8660254037844387,73.18,74.09,75.91,4490.683229813665,4416.149068322981,4130.434782608696,17.679916,14.431999,15.194501,0.0,0.0,0.0,13.2456675,12.99879225,11.1331655,0.0,0.0,0.0,0.0,0.0,73.18,,74.54571428571428,0.9813741580609054,4478.260869565217,12.422360326286123,72.73
4515.527950310559,137.45,154.0,0,0,0,0,1,5.41,0.0,14.684085,0.1,0.1,8.95295775,0.0,0.0,8,1,2,0,0.4999999999999999,0.8660254037844387,72.73,73.64,75.45,4503.105590062112,4428.571428571428,4142.857142857143,16.054916,15.08825,12.784084,1.3,0.0,0.0,10.486292,13.054001,11.423792,3.5,0.0,0.0,3.3000002,0.0,72.73,,74.09142857142857,0.98060234162245,4490.683229813664,12.422360326254518,72.27
4527.950310559007,137.66,154.0,0,0,0,0,1,5.41,0.0,14.329918,0.0,0.0,9.26962525,0.0,0.0,9,1,3,0,0.4999999999999999,0.8660254037844387,72.27,73.18,75.0,4515.527950310559,4440.993788819876,4155.27950310559,14.684085,17.679916,12.579918,0.1,0.0,0.0,8.95295775,13.2456675,12.0956665,0.0,0.0,0.0,0.0,3.3000002,72.27,,73.63714285714286,0.9829159727760298,4503.10559006211,12.422360326222913,71.82
4540.372670807454,137.66,154.0,0,0,0,0,1,5.41,0.0,14.090335,0.0,0.0,10.043584,0.0,0.0,10,1,4,0,0.4999999999999999,0.8660254037844387,71.82,72.73,74.55,4527.950310559007,4453.416149068323,4167.701863354037,14.329918,16.054916,13.332001,0.0,1.3,0.0,9.26962525,10.486292,12.861291,0.0,3.5,0.0,0.0,0.0,71.82,,73.18285714285715,0.9829159727760104,4515.5279503105585,12.422360326191535,71.36
4552.795031055901,137.85,154.0,0,0,0,0,1,5.41,0.0,15.394501,0.0,0.0,11.59358375,0.0,0.0,11,1,5,1,0.4999999999999999,0.8660254037844387,71.36,72.27,74.09,4540.372670807454,4465.838509316771,4180.124223602485,14.090335,14.684085,14.431999,0.0,0.1,0.0,10.043584,8.95295775,12.99879225,0.0,0.0,0.0,0.0,0.0,71.36,,72.72714285714287,0.982915972775991,4527.950310559006,12.422360326158794,70.91
4565.217391304348,137.85,154.0,0,0,0,0,1,5.41,0.9,17.311167,0.0,0.0,12.208166,0.0,0.0,12,1,6,1,0.4999999999999999,0.8660254037844387,70.91,71.82,73.64,4552.795031055901,4478.260869565218,4192.546583850932,15.394501,14.329918,15.08825,0.0,0.0,0.0,11.59358375,9.26962525,13.054001,0.0,0.0,0.0,0.0,0.0,70.91,,72.27285714285713,0.9829159727759715,4540.372670807453,12.422360326126052,70.45
4577.639751552795,137.85,154.0,0,0,0,0,1,5.41,0.3,16.396585,0.0,0.0,11.1810835,0.0,0.0,13,1,0,0,0.4999999999999999,0.8660254037844387,70.45,71.36,73.18,4565.217391304348,4490.683229813665,4204.968944099379,17.311167,14.090335,17.679916,0.0,0.0,0.0,12.208166,10.043584,13.2456675,0.0,0.0,0.0,0.9,0.0,70.45,,71.81714285714285,0.982915972775952,4552.7950310559,12.422360326094676,70.0
4590.062111801242,138.83,154.0,0,0,0,0,1,5.41,0.0,14.684086,0.0,0.0,10.4883745,0.0,0.0,14,1,1,0,0.4999999999999999,0.8660254037844387,70.0,70.91,72.73,4577.639751552795,4503.105590062112,4217.391304347826,16.396585,15.394501,16.054916,0.0,0.0,1.3,11.1810835,11.59358375,10.486292,0.0,0.0,3.5,0.3,0.9,70.0,,71.36285714285714,0.9829159727759326,4565.217391304347,12.422360326063071,69.55
4602.484472049689,138.92,154.0,0,0,0,0,1,5.41,0.0,14.400749,0.0,0.0,11.627959,0.0,0.0,15,1,2,0,0.4999999999999999,0.8660254037844387,69.55,70.45,72.27,4590.062111801242,4515.527950310559,4229.813664596273,14.684086,17.311167,14.684085,0.0,0.0,0.1,10.4883745,12.208166,8.95295775,0.0,0.0,0.0,0.0,0.3,69.55,,70.90857142857142,0.9806023416223135,4577.639751552794,12.422360326031466,69.09
4614.906832298137,138.49,154.0,0,0,0,0,1,5.41,0.0,14.284084,0.0,0.0,12.5144175,0.0,0.0,16,1,3,0,0.4999999999999999,0.8660254037844387,69.09,70.0,71.82,4602.484472049689,4527.950310559007,4242.23602484472,14.400749,16.396585,14.329918,0.0,0.0,0.0,11.627959,11.1810835,9.26962525,0.0,0.0,0.0,0.0,0.0,69.09,,70.4542857142857,0.9813741580607352,4590.062111801241,12.422360325999861,68.64
4627.329192546584,138.79,154.0,0,0,0,0,1,5.41,0.0,14.7445,0.0,0.0,12.7956675,0.0,0.0,17,1,4,0,0.4999999999999999,0.8660254037844387,68.64,69.55,71.36,4614.906832298137,4540.372670807454,4254.658385093167,14.284084,14.684086,14.090335,0.0,0.0,0.0,12.5144175,10.4883745,10.043584,0.0,0.0,0.0,0.0,0.0,68.64,,70.0,0.9798299172207481,4602.4844720496885,12.422360325968256,68.18
4639.751552795031,138.88,154.0,0,0,0,0,1,5.41,0.0,14.450751,0.0,0.0,12.399833999999998,0.0,0.0,18,1,5,1,0.4999999999999999,0.8660254037844387,68.18,69.09,70.91,4627.329192546584,4552.795031055901,4267.080745341615,14.7445,14.400749,15.394501,0.0,0.0,0.0,12.7956675,11.627959,11.59358375,0.0,0.0,0.0,0.0,0.0,68.18,,69.54571428571428,0.9813741580607034,4614.906832298136,12.422360325936653,67.73
4652.173913043478,138.88,154.0,0,0,0,0,1,5.41,0.0,14.046582,0.0,0.0,13.4717085,0.0,0.0,19,1,6,1,0.4999999999999999,0.8660254037844387,67.73,68.64,70.45,4639.751552795031,4565.217391304348,4279.503105590062,14.450751,14.284084,17.311167,0.0,0.0,0.0,12.399833999999998,12.5144175,12.208166,0.0,0.0,0.0,0.0,0.0,67.73,,69.09142857142857,0.9806023416222479,4627.329192546583,12.422360325905048,67.27
4664.596273291925,138.88,154.0,0,0,0,0,1,5.41,0.0,14.034084,0.0,0.0,14.2633755,0.0,0.0,20,1,0,0,0.4999999999999999,0.8660254037844387,67.27,68.18,70.0,4652.173913043478,4577.639751552795,4291.925465838509,14.046582,14.7445,16.396585,0.0,0.0,0.0,13.4717085,12.7956675,11.1810835,0.0,0.0,0.0,0.0,0.0,67.27,,68.63714285714286,0.9829159727758282,4639.75155279503,12.422360325873443,66.82
4677.018633540372,138.82,154.0,0,0,0,0,1,5.41,0.0,14.013249,0.0,0.0,14.8727505,0.0,0.0,21,1,1,0,0.4999999999999999,0.8660254037844387,66.82,67.73,69.55,4664.596273291925,4590.062111801242,4304.347826086956,14.034084,14.450751,14.684086,0.0,0.0,0.0,14.2633755,12.399833999999998,10.4883745,0.0,0.0,0.0,0.0,0.0,66.82,,68.18285714285715,0.9829159727758088,4652.173913043477,12.422360325841838,66.36
4689.44099378882,138.83,154.0,0,0,0,0,1,5.41,0.0,14.4590845,0.0,0.0,15.218584,0.0,0.0,22,1,2,0,0.4999999999999999,0.8660254037844387,66.36,67.27,69.09,4677.018633540372,4602.484472049689,4316.770186335404,14.013249,14.046582,14.400749,0.0,0.0,0.0,14.8727505,13.4717085,11.627959,0.0,0.0,0.0,0.0,0.0,66.36,,67.72714285714287,0.9829159727757892,4664.596273291924,12.422360325810235,65.91
