Supply_Volume,USD_TO_NPR,Diesel,is_festival,Season_Autumn,Season_Monsoon,Season_Spring,Season_Winter,Inflation,Kathmandu_Rainfall_MM,Sarlahi_Temperature,Sarlahi_Rainfall_MM,Hilly_Temperature,Hilly_Rainfall_MM,day,month,day_of_week,is_weekend,month_sin,month_cos,Average_Price
8000.0,119.24,119.0,0,0,0,0,1,6.03,0.0,13.361168,0.0,10.19358325,0.0,1,1,5,1,0.4999999999999999,0.8660254037844387,115.0
8000.0,119.24,119.0,0,0,0,0,1,6.03,0.0,12.967416,0.0,10.6810825,0.0,2,1,6,1,0.4999999999999999,0.8660254037844387,115.0
22375.0,119.24,119.0,0,0,0,0,1,6.03,0.0,12.807,0.0,11.019625,0.0,3,1,0,0,0.4999999999999999,0.8660254037844387,95.0
8000.0,119.12,119.0,0,0,0,0,1,6.03,0.0,12.7611685,0.0,10.98420875,0.0,4,1,1,0,0.4999999999999999,0.8660254037844387,96.67
32500.0,119.59,119.0,0,0,0,0,1,6.03,0.0,13.6778345,0.0,11.43420875,0.0,5,1,2,0,0.4999999999999999,0.8660254037844387,86.67
11250.0,119.28,119.0,0,0,0,0,1,6.03,1.8000001,15.384083,1.7,12.5352515,1.3500001,6,1,3,0,0.4999999999999999,0.8660254037844387,96.67
32500.0,119.49,119.0,0,0,0,0,1,6.03,0.6,15.800751,0.1,13.4362905,0.05,7,1,4,0,0.4999999999999999,0.8660254037844387,96.67
33500.0,119.2,119.0,0,0,0,0,1,6.03,1.5,16.029917,0.0,13.702959,0.80000005,8,1,5,1,0.4999999999999999,0.8660254037844387,76.67
34500.0,119.2,119.0,0,0,0,0,1,6.03,0.0,16.115335,0.0,13.621709,0.0,9,1,6,1,0.4999999999999999,0.8660254037844387,75.0
14000.0,119.2,119.0,0,0,0,0,1,6.03,5.2,16.696585,0.0,13.1685835,0.3,10,1,0,0,0.4999999999999999,0.8660254037844387,76.67
25000.0,118.77,119.0,0,0,0,0,1,6.03,0.4,17.129915,0.1,12.1206665,0.4,11,1,1,0,0.4999999999999999,0.8660254037844387,76.67
12000.0,118.56,119.0,0,0,0,0,1,6.03,2.8000002,15.204919,3.0,10.4050405,3.45000005,12,1,2,0,0.4999999999999999,0.8660254037844387,76.67
12000.0,118.56,119.0,0,0,0,0,1,6.03,4.2000003,14.6945,0.9,9.1112915,2.4499998,13,1,3,0,0.4999999999999999,0.8660254037844387,76.67
11812.5,118.52,119.0,0,0,0,0,1,6.03,0.0,13.8965845,0.0,9.4206665,0.0,14,1,4,0,0.4999999999999999,0.8660254037844387,76.67
11625.0,118.95,119.0,0,0,0,0,1,6.03,0.0,12.627834,0.0,9.1998335,0.0,15,1,5,1,0.4999999999999999,0.8660254037844387,76.67
11437.5,118.95,119.0,0,0,0,0,1,6.03,0.0,12.609082,0.0,10.1737915,0.0,16,1,6,1,0.4999999999999999,0.8660254037844387,66.67
11250.0,118.95,119.0,0,0,0,0,1,6.03,0.0,12.384083,0.0,11.21233325,0.0,17,1,0,0,0.4999999999999999,0.8660254037844387,66.67
22500.0,119.09,119.0,0,0,0,0,1,6.03,0.0,11.821584,0.0,11.2842085,0.0,18,1,1,0,0.4999999999999999,0.8660254037844387,66.67
24250.0,119.62,122.0,0,0,0,0,1,6.03,0.0,12.238251,0.0,10.647748750000002,0.0,19,1,2,0,0.4999999999999999,0.8660254037844387,66.67
10625.0,119.39,122.0,0,0,0,0,1,6.03,1.5000001,13.136166,0.5,9.860249,0.50000002,20,1,3,0,0.4999999999999999,0.8660254037844387,55.0
23250.0,119.51,122.0,0,0,0,0,1,6.03,6.8999996,14.71325,0.0,8.786291,2.24999985,21,1,4,0,0.4999999999999999,0.8660254037844387,56.67
17625.0,119.37,122.0,0,0,0,0,1,6.03,0.90000004,14.248665,0.0,9.22795775,0.55,22,1,5,1,0.4999999999999999,0.8660254037844387,56.67
12000.0,119.37,122.0,0,0,0,0,1,6.03,4.2999997,14.9799185,0.0,10.38941675,1.8,23,1,6,1,0.4999999999999999,0.8660254037844387,56.67
16625.0,119.37,122.0,0,0,0,0,1,6.03,1.9,14.836167,0.0,9.673792,2.4,24,1,0,0,0.4999999999999999,0.8660254037844387,56.67
16312.5,119.6,122.0,0,0,0,0,1,6.03,4.5,14.959084,0.4,9.6342085,0.50000005,25,1,1,0,0.4999999999999999,0.8660254037844387,55.0
16000.0,119.95,122.0,0,0,0,0,1,6.03,0.90000004,13.111167,0.1,8.351916750000001,0.4499999999999999,26,1,2,0,0.4999999999999999,0.8660254037844387,56.67
10000.0,119.95,122.0,0,0,0,0,1,6.03,1.7,11.952834,0.0,7.4904588,0.1,27,1,3,0,0.4999999999999999,0.8660254037844387,55.0
14416.666666666668,120.42,122.0,0,0,0,0,1,6.03,0.2,11.554917,0.0,6.454000199999999,0.1,28,1,4,0,0.4999999999999999,0.8660254037844387,56.67
18833.333333333336,120.37,122.0,0,0,0,0,1,6.03,0.0,11.859084,0.0,7.5977491,0.0,29,1,5,1,0.4999999999999999,0.8660254037844387,66.67
23250.0,120.37,122.0,0,0,0,0,1,6.03,0.4,11.952834,0.0,8.17899935,0.0,30,1,6,1,0.4999999999999999,0.8660254037844387,65.0
18000.0,120.37,122.0,0,0,0,0,1,6.03,0.0,13.7445,0.0,9.56962575,0.0,31,1,0,0,0.4999999999999999,0.8660254037844387,66.67
25500.0,119.68,122.0,0,0,0,0,1,6.23,0.6,12.907001,0.3,8.6081675,1.0999999,1,2,1,0,0.8660254037844386,0.5000000000000001,69.17
33000.0,119.97,122.0,0,0,0,0,1,6.23,0.0,13.727834,0.0,8.3915005,0.1,2,2,2,0,0.8660254037844386,0.5000000000000001,71.67
40500.0,120.05,122.0,0,0,0,0,1,6.23,3.3000002,15.223667,3.3,9.86025,0.7,3,2,3,0,0.8660254037844386,0.5000000000000001,74.17
48000.0,120.08,122.0,0,0,0,0,1,6.23,22.900003,14.613252,28.8,8.06754205,26.8500035,4,2,4,0,0.8660254037844386,0.5000000000000001,76.67
5000.0,119.82,122.0,0,0,0,0,1,6.23,4.0999994,13.661167,8.6,6.958168049999999,9.650001,5,2,5,1,0.8660254037844386,0.5000000000000001,76.67
27200.0,119.82,122.0,0,0,0,0,1,6.23,0.0,12.779916,0.0,7.77275,0.0,6,2,6,1,0.8660254037844386,0.5000000000000001,75.0
12000.0,119.82,122.0,0,0,0,0,1,6.23,0.0,13.757,0.0,8.940458,0.0,7,2,0,0,0.8660254037844386,0.5000000000000001,76.67
36000.0,119.82,122.0,0,0,0,0,1,6.23,0.0,13.436168,0.0,8.982125,0.45000002,8,2,1,0,0.8660254037844386,0.5000000000000001,76.67
58450.0,119.9,122.0,0,0,0,0,1,6.23,0.1,14.761167,0.0,10.352958,2.1,9,2,2,0,0.8660254037844386,0.5000000000000001,86.67
11250.0,120.0,122.0,0,0,0,0,1,6.23,0.5,15.3695,0.0,10.831082,0.35,10,2,3,0,0.8660254037844386,0.5000000000000001,76.67
12125.0,120.21,122.0,0,0,0,0,1,6.23,0.70000005,14.1945,0.0,9.32587475,1.70000005,11,2,4,0,0.8660254037844386,0.5000000000000001,76.67
19166.666666666668,120.92,122.0,0,0,0,0,1,6.23,0.0,14.3965845,0.0,9.246709,0.0,12,2,5,1,0.8660254037844386,0.5000000000000001,76.67
26208.333333333336,120.92,122.0,0,0,0,0,1,6.23,0.0,14.513251,0.0,10.06649975,0.05,13,2,6,1,0.8660254037844386,0.5000000000000001,65.0
33250.0,120.92,122.0,0,0,0,0,1,6.23,0.0,15.154916,0.0,11.0581675,0.0,14,2,0,0,0.8660254037844386,0.5000000000000001,76.67
85375.0,121.28,122.0,0,0,0,0,1,6.23,1.1,15.179916,0.0,11.37275,0.4,15,2,1,0,0.8660254037844386,0.5000000000000001,76.67
55250.0,120.84,122.0,0,0,0,0,1,6.23,0.3,15.827832,0.0,11.737334,0.75,16,2,2,0,0.8660254037844386,0.5000000000000001,76.67
11250.0,120.42,122.0,0,0,0,0,1,6.23,0.0,16.117416,0.0,11.7487915,0.0,17,2,3,0,0.8660254037844386,0.5000000000000001,76.67
66250.0,120.48,122.0,0,0,0,0,1,6.23,0.0,16.504915,0.0,12.12066575,0.0,18,2,4,0,0.8660254037844386,0.5000000000000001,76.67
36750.0,119.76,128.0,0,0,0,0,1,6.23,0.0,15.819501,0.0,11.91441625,0.25,19,2,5,1,0.8660254037844386,0.5000000000000001,76.67
48955.0,119.76,128.0,0,0,0,0,1,6.23,2.6999998,15.082002,0.4,9.5529575,1.799999975,20,2,6,1,0.8660254037844386,0.5000000000000001,75.0
65500.0,119.76,128.0,0,0,0,0,1,6.23,7.6,15.252833,0.0,9.501917,0.4,21,2,0,0,0.8660254037844386,0.5000000000000001,75.0
67375.0,119.52,128.0,0,0,0,0,1,6.23,0.70000005,16.473667,0.0,10.093583,0.1,22,2,1,0,0.8660254037844386,0.5000000000000001,65.0
54000.0,120.11,128.0,0,0,0,0,1,6.23,0.2,17.398668,0.0,12.4050415,0.0,23,2,2,0,0.8660254037844386,0.5000000000000001,65.0
89200.0,119.6,128.0,0,0,0,0,1,6.23,0.2,19.323668,0.0,13.508166,1.70000005,24,2,3,0,0.8660254037844386,0.5000000000000001,65.0
44750.0,121.35,128.0,0,0,0,0,1,6.23,5.4,18.256998,3.8,12.04879175,1.000000075,25,2,4,0,0.8660254037844386,0.5000000000000001,65.0
64875.0,120.77,128.0,0,0,0,0,1,6.23,0.3,18.302834,0.0,12.711291,1.0,26,2,5,1,0.8660254037844386,0.5000000000000001,60.0
85000.0,120.77,128.0,0,0,0,0,1,6.23,0.4,18.275751,0.0,13.918585,0.1,27,2,6,1,0.8660254037844386,0.5000000000000001,55.0
41050.0,120.77,128.0,0,0,0,0,1,6.23,0.0,18.698668,0.0,13.7675425,0.0,28,2,0,0,0.8660254037844386,0.5000000000000001,66.67
86640.0,120.85,128.0,0,0,0,1,0,7.14,0.1,18.550749,0.0,14.541501,0.1,1,3,1,0,1.0,6.123233995736766e-17,66.67
62800.0,120.85,128.0,0,0,0,1,0,7.14,0.4,18.648666,0.0,14.4842095,1.69999995,2,3,2,0,1.0,6.123233995736766e-17,56.67
23750.0,121.43,133.0,0,0,0,1,0,7.14,3.8000002,19.434084,0.0,15.140459,0.0,3,3,3,0,1.0,6.123233995736766e-17,56.67
35600.0,121.76,133.0,0,0,0,1,0,7.14,0.0,20.063248,0.0,15.4737915,0.0,4,3,4,0,1.0,6.123233995736766e-17,60.84
47450.0,122.16,133.0,1,0,0,1,0,7.14,0.0,19.25492,0.0,15.0633755,0.05,5,3,5,1,1.0,6.123233995736766e-17,65.0
65425.0,122.16,133.0,1,0,0,1,0,7.14,0.0,20.536167,0.0,16.437334,0.0,6,3,6,1,1.0,6.123233995736766e-17,65.0
84650.0,122.16,133.0,1,0,0,1,0,7.14,0.0,21.792418,0.0,18.0717115,0.0,7,3,0,0,1.0,6.123233995736766e-17,65.0
42975.0,123.44,133.0,1,0,0,1,0,7.14,0.0,21.919502,0.0,18.7331655,0.0,8,3,1,0,1.0,6.123233995736766e-17,55.0
81950.0,123.36,133.0,1,0,0,1,0,7.14,0.0,22.894499,0.0,18.6654605,0.0,9,3,2,0,1.0,6.123233995736766e-17,56.67
65700.0,122.8,133.0,1,0,0,1,0,7.14,0.0,23.16117,0.0,18.4540005,0.0,10,3,3,0,1.0,6.123233995736766e-17,56.67
47500.0,122.4,133.0,1,0,0,1,0,7.14,1.7,22.686167,0.0,18.044625,0.05,11,3,4,0,1.0,6.123233995736766e-17,46.67
69250.0,122.85,133.0,1,0,0,1,0,7.14,0.0,23.134087,0.0,18.651917,0.0,12,3,5,1,1.0,6.123233995736766e-17,46.67
88375.0,122.85,133.0,1,0,0,1,0,7.14,0.0,23.667418,0.0,19.126918000000003,0.0,13,3,6,1,1.0,6.123233995736766e-17,45.0
35506.0,122.85,133.0,1,0,0,1,0,7.14,0.0,23.738253,0.0,20.0092085,0.0,14,3,0,0,1.0,6.123233995736766e-17,56.67
56500.0,122.8,133.0,1,0,0,1,0,7.14,0.0,24.132002,0.0,20.699836,0.0,15,3,1,0,1.0,6.123233995736766e-17,61.0
93695.0,122.88,138.0,1,0,0,1,0,7.14,2.1,25.62992,0.0,20.334209,1.65000005,16,3,2,0,1.0,6.123233995736766e-17,55.0
107243.0,122.33,138.0,1,0,0,1,0,7.14,0.0,27.14033,0.0,21.2904595,0.0,17,3,3,0,1.0,6.123233995736766e-17,65.0
93260.0,121.58,138.0,1,0,0,1,0,7.14,0.1,28.23825,0.0,22.2998335,0.0,18,3,4,0,1.0,6.123233995736766e-17,65.0
97000.0,121.58,138.0,1,0,0,1,0,7.14,0.0,27.932001,0.0,22.480041,0.0,19,3,5,1,1.0,6.123233995736766e-17,57.5
50625.0,121.58,138.0,1,0,0,1,0,7.14,0.0,27.271582,0.0,22.396711,0.0,20,3,6,1,1.0,6.123233995736766e-17,60.0
55575.0,121.58,138.0,1,0,0,1,0,7.14,0.0,27.069502,0.4,21.7425425,0.15,21,3,0,0,1.0,6.123233995736766e-17,65.0
97350.0,122.09,138.0,1,0,0,1,0,7.14,0.2,27.540335,0.0,20.91442,3.24999985,22,3,1,0,1.0,6.123233995736766e-17,65.0
132595.0,122.19,138.0,1,0,0,1,0,7.14,11.4,26.979918,0.0,19.260252,4.75,23,3,2,0,1.0,6.123233995736766e-17,70.0
159257.5,122.39,138.0,1,0,0,1,0,7.14,2.6000001,26.188253,0.1,18.8185845,7.75000055,24,3,3,0,1.0,6.123233995736766e-17,67.5
185920.0,122.49,138.0,1,0,0,1,0,7.14,0.0,26.42367,0.0,20.694625,0.0,25,3,4,0,1.0,6.123233995736766e-17,65.0
85960.0,122.22,138.0,0,0,0,1,0,7.14,0.0,25.569498,0.0,20.6362945,0.0,26,3,5,1,1.0,6.123233995736766e-17,65.0
59825.0,122.22,138.0,0,0,0,1,0,7.14,0.0,26.13617,0.0,21.1883755,0.0,27,3,6,1,1.0,6.123233995736766e-17,65.0
52662.5,122.22,138.0,0,0,0,1,0,7.14,0.70000005,27.752836,0.0,21.107125,0.05,28,3,0,0,1.0,6.123233995736766e-17,60.0
45500.0,122.16,138.0,0,0,0,1,0,7.14,0.1,27.419502,0.1,20.630043,0.85000005,29,3,1,0,1.0,6.123233995736766e-17,55.0
76280.0,121.88,138.0,0,0,0,1,0,7.14,6.7999997,27.432001,0.2,18.7487925,12.7,30,3,2,0,1.0,6.123233995736766e-17,55.0
107060.0,121.76,138.0,0,0,0,1,0,7.14,12.000001,26.065332,3.3000002,18.307127,19.0999995,31,3,3,0,1.0,6.123233995736766e-17,55.0
110200.0,121.57,138.0,0,0,0,1,0,7.61,1.5000002,27.111168,0.0,19.9915,5.3999996,1,4,4,0,0.8660254037844387,-0.4999999999999998,56.67
106650.0,121.57,138.0,0,0,0,1,0,7.61,13.900002,27.734085,0.8,19.849836,10.8,2,4,5,1,0.8660254037844387,-0.4999999999999998,56.67
141475.0,121.57,138.0,0,0,0,1,0,7.61,0.1,26.929918,1.5,20.164418,4.14999975,3,4,6,1,0.8660254037844387,-0.4999999999999998,55.0
105025.0,121.57,138.0,0,0,0,1,0,7.61,0.0,27.606997,0.0,21.181086,0.350000025,4,4,0,0,0.8660254037844387,-0.4999999999999998,55.0
72750.0,121.18,143.0,0,0,0,1,0,7.61,1.4000001,28.834082,0.0,21.879001,0.45000002,5,4,1,0,0.8660254037844387,-0.4999999999999998,55.0
80900.0,120.88,143.0,0,0,0,1,0,7.61,0.0,28.819502,0.0,22.0654595,0.15,6,4,2,0,0.8660254037844387,-0.4999999999999998,65.0
125650.0,121.52,143.0,0,0,0,1,0,7.61,2.5,27.434082,0.6,20.232127,4.39999975,7,4,3,0,0.8660254037844387,-0.4999999999999998,65.0
78285.0,121.84,143.0,0,0,0,1,0,7.61,5.9,28.175749,0.1,20.02796,2.7499999,8,4,4,0,0.8660254037844387,-0.4999999999999998,65.0
72385.0,121.74,143.0,0,0,0,1,0,7.61,3.6999998,27.979918,0.0,19.5925425,12.6500005,9,4,5,1,0.8660254037844387,-0.4999999999999998,65.0
79875.0,121.74,143.0,0,0,0,1,0,7.61,1.2,26.021584,2.9,19.4050425,3.0499997,10,4,6,1,0.8660254037844387,-0.4999999999999998,75.0
121975.0,121.74,143.0,0,0,0,1,0,7.61,0.2,27.052835,0.1,21.117543,0.1,11,4,0,0,0.8660254037844387,-0.4999999999999998,75.0
57350.0,121.83,143.0,0,0,0,1,0,7.61,1.7000002,28.161165,0.0,20.275875,5.8000001,12,4,1,0,0.8660254037844387,-0.4999999999999998,75.0
82450.0,122.12,143.0,1,0,0,1,0,7.61,5.4000006,28.517418,0.0,20.7435855,7.25,13,4,2,0,0.8660254037844387,-0.4999999999999998,55.0
107950.0,122.19,143.0,1,0,0,1,0,7.61,0.0,28.467415,0.0,22.312335,0.05,14,4,3,0,0.8660254037844387,-0.4999999999999998,66.67
93750.0,122.19,143.0,0,0,0,1,0,7.61,0.0,27.542418,0.0,22.544626,0.2,15,4,4,0,0.8660254037844387,-0.4999999999999998,56.67
77935.0,122.19,143.0,0,0,0,1,0,7.61,0.0,27.479914,0.0,22.7550435,0.0,16,4,5,1,0.8660254037844387,-0.4999999999999998,56.67
40075.0,122.19,143.0,0,0,0,1,0,7.61,0.0,28.261168,0.0,22.9998335,0.0,17,4,6,1,0.8660254037844387,-0.4999999999999998,55.0
76885.0,122.19,143.0,0,0,0,1,0,7.61,0.0,29.72783,0.0,23.0977515,0.0,18,4,0,0,0.8660254037844387,-0.4999999999999998,55.0
64475.0,122.32,143.0,0,0,0,1,0,7.61,1.4,29.671587,0.7,21.5987925,3.0,19,4,1,0,0.8660254037844387,-0.4999999999999998,56.67
48450.0,122.72,143.0,0,0,0,1,0,7.61,12.3,28.034082,0.0,19.9987945,16.599999,20,4,2,0,0.8660254037844387,-0.4999999999999998,56.67
46575.0,122.24,143.0,0,0,0,1,0,7.61,3.2999997,28.461166,0.0,20.350876,3.6499998,21,4,3,0,0.8660254037844387,-0.4999999999999998,55.0
59156.0,122.14,143.0,0,0,0,1,0,7.61,1.0,28.211168,1.0000001,20.6362925,2.55,22,4,4,0,0.8660254037844387,-0.4999999999999998,56.67
48750.0,122.68,143.0,0,0,0,1,0,7.61,0.0,28.732,0.0,22.4665,0.0,23,4,5,1,0.8660254037844387,-0.4999999999999998,56.67
47700.0,122.68,143.0,0,0,0,1,0,7.61,0.0,27.892416,0.0,23.3269185,0.0,24,4,6,1,0.8660254037844387,-0.4999999999999998,55.0
39500.0,122.68,143.0,0,0,0,1,0,7.61,0.0,28.082,0.0,23.484209,0.1,25,4,0,0,0.8660254037844387,-0.4999999999999998,65.0
16500.0,123.01,143.0,0,0,0,1,0,7.61,0.5,29.002832,0.0,23.247752,0.05,26,4,1,0,0.8660254037844387,-0.4999999999999998,56.67
22200.0,122.84,143.0,0,0,0,1,0,7.61,0.0,29.279913,0.4,23.239418,0.0,27,4,2,0,0.8660254037844387,-0.4999999999999998,55.0
27050.0,122.76,143.0,0,0,0,1,0,7.61,0.0,30.332,0.0,22.8081665,1.7,28,4,3,0,0.8660254037844387,-0.4999999999999998,66.67
49650.0,122.68,143.0,0,0,0,1,0,7.61,6.0,28.973665,6.7,21.879004,2.2000001,29,4,4,0,0.8660254037844387,-0.4999999999999998,66.67
8450.0,122.59,143.0,0,0,0,1,0,7.61,17.7,27.729914,0.5,19.9040005,8.24999985,30,4,5,1,0.8660254037844387,-0.4999999999999998,66.67
40175.0,122.59,143.0,0,0,0,1,0,7.04,30.799997,26.550749,9.3,19.3394165,13.500001,1,5,6,1,0.4999999999999999,-0.8660254037844387,66.67
35700.0,122.59,143.0,0,0,0,1,0,7.04,13.0,26.05075,10.3,19.7685855,9.8000005,2,5,0,0,0.4999999999999999,-0.8660254037844387,66.67
42375.0,122.73,143.0,0,0,0,1,0,7.04,2.0,26.30075,0.0,20.6373345,1.94999985,3,5,1,0,0.4999999999999999,-0.8660254037844387,85.0
33470.0,122.73,143.0,0,0,0,1,0,7.04,18.300001,26.471582,2.0,19.3123345,18.05,4,5,2,0,0.4999999999999999,-0.8660254037844387,76.67
18125.0,122.57,143.0,0,0,0,1,0,7.04,14.700001,26.319502,2.1,18.965458,14.650000250000002,5,5,3,0,0.4999999999999999,-0.8660254037844387,76.67
29450.0,122.32,143.0,0,0,0,1,0,7.04,30.800001,27.15908,0.5,19.460249,7.5999995,6,5,4,0,0.4999999999999999,-0.8660254037844387,66.67
28250.0,123.37,143.0,0,0,0,1,0,7.04,11.6,27.00075,0.8,20.0029595,6.6999995000000006,7,5,5,1,0.4999999999999999,-0.8660254037844387,66.67
31000.0,123.37,143.0,0,0,0,1,0,7.04,5.7,27.615332,0.6,20.527958,2.3499999000000003,8,5,6,1,0.4999999999999999,-0.8660254037844387,65.0
48675.0,123.37,143.0,0,0,0,1,0,7.04,0.2,28.277834,0.0,21.343586,0.25,9,5,0,0,0.4999999999999999,-0.8660254037844387,75.0
16250.0,124.25,143.0,0,0,0,1,0,7.04,5.4,28.694502,0.0,21.9362915,4.249999949999999,10,5,1,0,0.4999999999999999,-0.8660254037844387,76.67
22000.0,124.04,143.0,0,0,0,1,0,7.04,6.2999997,29.077835,0.0,22.0206665,0.95000005,11,5,2,0,0.4999999999999999,-0.8660254037844387,66.67
11250.0,123.89,143.0,0,0,0,1,0,7.04,4.4,29.231997,2.4,22.299835,1.05000005,12,5,3,0,0.4999999999999999,-0.8660254037844387,65.0
12958.33,124.17,143.0,0,0,0,1,0,7.04,7.7,28.563253,1.1,21.804001,6.4999995,13,5,4,0,0.4999999999999999,-0.8660254037844387,73.61
14666.67,124.23,143.0,0,0,0,1,0,7.04,5.0,26.859085,19.800001,22.304,2.4,14,5,5,1,0.4999999999999999,-0.8660254037844387,82.22
16375.0,124.23,143.0,0,0,0,1,0,7.04,26.9,29.261164,5.7,21.991502,8.8500005,15,5,6,1,0.4999999999999999,-0.8660254037844387,90.84
18083.33,124.23,143.0,0,0,0,1,0,7.04,6.9,28.798662,4.3,21.959209,15.4500015,16,5,0,0,0.4999999999999999,-0.8660254037844387,99.45
19791.67,124.23,143.0,0,0,0,1,0,7.04,0.3,28.944498,0.0,23.2571255,1.55,17,5,1,0,0.4999999999999999,-0.8660254037844387,108.06
21500.0,124.41,143.0,0,0,0,1,0,7.04,1.0,29.879913,0.0,22.6623345,2.0999999000000003,18,5,2,0,0.4999999999999999,-0.8660254037844387,116.67
4400.0,124.44,143.0,0,0,0,1,0,7.04,2.2,29.117414,0.8000001,22.474833,2.15,19,5,3,0,0.4999999999999999,-0.8660254037844387,115.0
2200.0,124.67,143.0,0,0,0,1,0,7.04,15.6,28.940332,1.2,21.4956685,31.250002,20,5,4,0,0.4999999999999999,-0.8660254037844387,115.0
11600.0,124.38,143.0,0,0,0,1,0,7.04,8.199999,27.16742,14.0,20.463377,20.1500005,21,5,5,1,0.4999999999999999,-0.8660254037844387,115.0
21000.0,124.38,163.0,0,0,0,1,0,7.04,1.9,26.427834,7.7000003,20.369624,1.75000005,22,5,6,1,0.4999999999999999,-0.8660254037844387,95.0
11900.0,124.38,163.0,0,0,0,1,0,7.04,13.4,26.9945,3.0,19.864420000000003,6.89999985,23,5,0,0,0.4999999999999999,-0.8660254037844387,125.0
11500.0,124.33,163.0,0,0,0,1,0,7.04,10.8,27.69242,0.0,21.1185835,0.25,24,5,1,0,0.4999999999999999,-0.8660254037844387,115.0
11400.0,124.44,163.0,0,0,0,1,0,7.04,0.8,26.846586,0.0,20.114417,1.55000005,25,5,2,0,0.4999999999999999,-0.8660254037844387,105.0
11300.0,124.35,163.0,0,0,0,1,0,7.04,2.5,27.446589,0.0,20.530041500000003,3.10000005,26,5,3,0,0.4999999999999999,-0.8660254037844387,108.89
11200.0,124.43,163.0,0,0,0,1,0,7.04,1.6,29.309082,0.2,21.6915015,2.2999999,27,5,4,0,0.4999999999999999,-0.8660254037844387,112.78
11100.0,124.41,163.0,0,0,0,1,0,7.04,1.6000001,29.3445,21.0,20.982127,6.7500005,28,5,5,1,0.4999999999999999,-0.8660254037844387,116.67
11000.0,124.41,163.0,0,0,0,1,0,7.04,18.5,27.448668,12.6,21.260249,9.1,29,5,6,1,0.4999999999999999,-0.8660254037844387,125.0
2400.0,124.41,163.0,0,0,0,1,0,7.04,20.500002,27.102835,13.0,21.562336,4.3499997,30,5,0,0,0.4999999999999999,-0.8660254037844387,115.0
1875.0,124.37,163.0,0,0,0,1,0,7.04,1.6000001,29.05908,0.6,22.3008755,2.15000005,31,5,1,0,0.4999999999999999,-0.8660254037844387,140.0
3726.0,124.53,163.0,0,0,1,0,0,6.71,4.8,29.690338,0.1,22.336295,4.449999999999999,1,6,2,0,1.2246467991473532e-16,-1.0,150.0
3766.74,124.34,163.0,0,0,1,0,0,6.71,2.6999998,29.421585,7.7999997,22.5706675,9.05000005,2,6,3,0,1.2246467991473532e-16,-1.0,147.11
3807.47,124.48,163.0,0,0,1,0,0,6.71,2.5,29.313248,3.3999999,22.772752,1.60000005,3,6,4,0,1.2246467991473532e-16,-1.0,144.21
3848.21,124.5,163.0,0,0,1,0,0,6.71,0.5,30.000753,0.6,22.888376,7.1,4,6,5,1,1.2246467991473532e-16,-1.0,141.32
3888.95,124.5,163.0,0,0,1,0,0,6.71,2.9,29.965332,0.0,22.539417,11.05,5,6,6,1,1.2246467991473532e-16,-1.0,138.42
3929.68,124.5,163.0,0,0,1,0,0,6.71,2.0,29.357,1.3,22.2071255,8.7500005,6,6,0,0,1.2246467991473532e-16,-1.0,135.53
3970.42,124.52,163.0,0,0,1,0,0,6.71,7.499998,29.5195,0.4,22.755043,18.6500005,7,6,1,0,1.2246467991473532e-16,-1.0,132.63
4011.16,124.64,163.0,0,0,1,0,0,6.71,6.4,29.619501,18.0,22.486291,17.600001,8,6,2,0,1.2246467991473532e-16,-1.0,129.74
4051.89,124.68,163.0,0,0,1,0,0,6.71,16.800001,28.7195,5.7,22.301917,19.8,9,6,3,0,1.2246467991473532e-16,-1.0,126.84
4092.63,124.73,163.0,0,0,1,0,0,6.71,6.199999,29.721588,3.3,22.967542,18.750002,10,6,4,0,1.2246467991473532e-16,-1.0,123.95
4133.37,124.84,163.0,0,0,1,0,0,6.71,3.8,29.242416,8.7,22.9675425,9.85,11,6,5,1,1.2246467991473532e-16,-1.0,121.05
4174.11,124.84,163.0,0,0,1,0,0,6.71,3.8,27.657,37.1,22.8060835,4.05000045,12,6,6,1,1.2246467991473532e-16,-1.0,118.16
4214.84,124.84,163.0,0,0,1,0,0,6.71,4.2,29.292414,2.0,23.0081665,6.7000005,13,6,0,0,1.2246467991473532e-16,-1.0,115.26
4255.58,125.16,163.0,0,0,1,0,0,6.71,8.8,29.042414,0.3,22.982122500000003,18.5,14,6,1,0,1.2246467991473532e-16,-1.0,112.37
4296.32,125.08,163.0,0,0,1,0,0,6.71,17.800001,28.461166,17.8,22.3685845,22.0,15,6,2,0,1.2246467991473532e-16,-1.0,109.47
4337.05,125.21,163.0,0,0,1,0,0,6.71,17.1,28.082,14.099999,22.3081695,25.6000005,16,6,3,0,1.2246467991473532e-16,-1.0,106.58
4377.79,125.22,163.0,0,0,1,0,0,6.71,21.9,27.700752,15.700003,22.2008765,15.400001500000002,17,6,4,0,1.2246467991473532e-16,-1.0,103.68
4418.53,125.22,163.0,0,0,1,0,0,6.71,6.5999994,27.702833,21.1,22.317542,16.2500015,18,6,5,1,1.2246467991473532e-16,-1.0,100.79
4459.26,125.22,163.0,0,0,1,0,0,6.71,4.2000003,27.475748,17.5,22.4362935,8.79999995,19,6,6,1,1.2246467991473532e-16,-1.0,97.89
4500.0,125.22,163.0,0,0,1,0,0,6.71,3.8999999,27.065332,7.3999996,22.207126,6.39999935,20,6,0,0,1.2246467991473532e-16,-1.0,95.0
14450.0,125.07,163.0,0,0,1,0,0,6.71,2.4,27.327833,3.1999996,22.161294,3.19999995,21,6,1,0,1.2246467991473532e-16,-1.0,86.67
12041.67,125.22,163.0,0,0,1,0,0,6.71,2.9,28.213247,3.2,22.763376,7.55,22,6,2,0,1.2246467991473532e-16,-1.0,86.39
9633.33,125.72,163.0,0,0,1,0,0,6.71,6.4,28.61325,10.5,23.0321245,8.99999985,23,6,3,0,1.2246467991473532e-16,-1.0,86.11
7225.0,125.59,163.0,0,0,1,0,0,6.71,34.899998,28.242418,27.0,23.202959,14.0,24,6,4,0,1.2246467991473532e-16,-1.0,85.84
4816.67,125.66,163.0,0,0,1,0,0,6.71,15.099999,28.692413,1.4000001,22.748791,10.25,25,6,5,1,1.2246467991473532e-16,-1.0,85.56
2408.33,125.66,163.0,0,0,1,0,0,6.71,9.4,28.657,3.9999998,22.916501500000003,16.0000015,26,6,6,1,1.2246467991473532e-16,-1.0,85.28
1983.33,125.66,163.0,0,0,1,0,0,6.71,13.900001,27.36117,40.599995,22.9175415,15.4999997,27,6,0,0,1.2246467991473532e-16,-1.0,85.0
1558.33,125.65,163.0,0,0,1,0,0,6.71,44.7,25.990334,86.8,22.5862915,54.4,28,6,1,0,1.2246467991473532e-16,-1.0,88.89
3116.67,126.34,163.0,0,0,1,0,0,6.71,90.00001,24.977837,123.40001,21.4269175,89.64999,29,6,2,0,1.2246467991473532e-16,-1.0,92.78
4675.0,126.65,163.0,0,0,1,0,0,6.71,9.799999,26.486168,28.500002,22.5748345,4.5000005,30,6,3,0,1.2246467991473532e-16,-1.0,96.67
5500.0,126.66,163.0,0,0,1,0,0,6.71,4.2,27.971582,20.0,23.1248335,6.99999985,1,7,4,0,-0.4999999999999997,-0.8660254037844388,96.67
2500.0,126.78,163.0,0,0,1,0,0,6.71,14.700001,28.00492,1.0000001,22.9425415,12.4500005,2,7,5,1,-0.4999999999999997,-0.8660254037844388,96.67
9425.0,126.78,163.0,0,0,1,0,0,6.71,20.0,29.07367,5.7000003,23.210251,13.1000005,3,7,6,1,-0.4999999999999997,-0.8660254037844388,95.0
22500.0,126.78,172.0,0,0,1,0,0,6.71,7.3999996,29.717417,0.6,24.081084,5.69999945,4,7,0,0,-0.4999999999999997,-0.8660254037844388,85.0
2750.0,126.63,172.0,0,0,1,0,0,6.71,21.9,30.248663,0.8,24.106084000000003,21.2500005,5,7,1,0,-0.4999999999999997,-0.8660254037844388,75.0
5150.0,127.3,172.0,0,0,1,0,0,6.71,6.6,30.359085,0.9,23.8581675,8.10000035,6,7,2,0,-0.4999999999999997,-0.8660254037844388,86.67
1825.0,127.19,172.0,0,0,1,0,0,6.71,3.9999995,29.986166,0.0,24.1519195,5.0999999,7,7,3,0,-0.4999999999999997,-0.8660254037844388,76.67
25750.0,126.99,172.0,0,0,1,0,0,6.71,19.800003,29.513247,3.7,23.5321255,16.85,8,7,4,0,-0.4999999999999997,-0.8660254037844388,66.67
7750.0,127.11,172.0,0,0,1,0,0,6.71,19.2,28.902834,10.800001,23.193587,12.700000200000002,9,7,5,1,-0.4999999999999997,-0.8660254037844388,66.67
3350.0,127.11,172.0,0,0,1,0,0,6.71,13.100001,29.763254,4.5,23.6383755,5.0499996,10,7,6,1,-0.4999999999999997,-0.8660254037844388,60.0
2455.5566666666664,127.11,172.0,0,0,1,0,0,6.71,20.1,30.098665,0.2,23.812335,9.25,11,7,0,0,-0.4999999999999997,-0.8660254037844388,65.0
1561.1133333333332,127.41,172.0,0,0,1,0,0,6.71,7.2,30.402832,0.0,23.486293,9.3000005,12,7,1,0,-0.4999999999999997,-0.8660254037844388,65.0
666.67,127.66,172.0,0,0,1,0,0,6.71,2.3,30.623667,0.0,23.97796,2.75000015,13,7,2,0,-0.4999999999999997,-0.8660254037844388,61.67
1333.33,127.72,172.0,0,0,1,0,0,6.71,0.6,30.54242,0.70000005,24.267544,8.050000149999999,14,7,3,0,-0.4999999999999997,-0.8660254037844388,58.33
2000.0,128.11,172.0,0,0,1,0,0,6.71,4.8999996,30.7945,1.4000001,24.7217085,7.550000499999999,15,7,4,0,-0.4999999999999997,-0.8660254037844388,55.0
1800.0,128.11,172.0,0,0,1,0,0,6.71,5.4,30.531998,1.1,24.1217105,6.99999985,16,7,5,1,-0.4999999999999997,-0.8660254037844388,56.0
1600.0,128.11,172.0,0,0,1,0,0,6.71,11.200002,31.054916,0.1,24.39879,6.250000549999999,17,7,6,1,-0.4999999999999997,-0.8660254037844388,57.0
1400.0,128.11,172.0,0,0,1,0,0,6.71,24.900003,30.361168,0.6,23.586293,13.9,18,7,0,0,-0.4999999999999997,-0.8660254037844388,58.0
1200.0,128.26,172.0,0,0,1,0,0,6.71,32.0,29.457,2.4,23.176918,18.3999995,19,7,1,0,-0.4999999999999997,-0.8660254037844388,59.0
1000.0,128.21,172.0,0,0,1,0,0,6.71,34.0,28.119501,31.500006,22.8779575,8.5,20,7,2,0,-0.4999999999999997,-0.8660254037844388,60.0
800.0,128.29,172.0,0,0,1,0,0,6.71,20.299997,27.175749,25.6,22.575876,10.550001,21,7,3,0,-0.4999999999999997,-0.8660254037844388,61.0
600.0,128.22,172.0,0,0,1,0,0,6.71,15.900002,28.648666,18.2,23.098793,17.8500005,22,7,4,0,-0.4999999999999997,-0.8660254037844388,62.0
400.0,128.08,172.0,0,0,1,0,0,6.71,7.399999,29.396582,4.9,23.4592105,18.949999,23,7,5,1,-0.4999999999999997,-0.8660254037844388,63.0
200.0,128.08,172.0,0,0,1,0,0,6.71,32.699997,26.784086,11.8,22.701919,12.3999995,24,7,6,1,-0.4999999999999997,-0.8660254037844388,64.0
2725.0,128.08,172.0,0,0,1,0,0,6.71,11.600002,28.096582,1.1,22.4612915,16.400001500000002,25,7,0,0,-0.4999999999999997,-0.8660254037844388,65.0
5250.0,127.88,172.0,0,0,1,0,0,6.71,25.100002,26.796585,20.800001,22.264418,16.1499995,26,7,1,0,-0.4999999999999997,-0.8660254037844388,66.67
3339.285,127.96,172.0,0,0,1,0,0,6.71,15.200001,27.329918,21.400003,22.6696265,15.250000150000002,27,7,2,0,-0.4999999999999997,-0.8660254037844388,67.5
1428.57,128.14,172.0,0,0,1,0,0,6.71,12.200001,27.461166,9.7,22.582127,2.9999999,28,7,3,0,-0.4999999999999997,-0.8660254037844388,63.93
2857.14,127.92,172.0,0,0,1,0,0,6.71,30.100002,26.998665,13.1,22.458168,7.300000499999999,29,7,4,0,-0.4999999999999997,-0.8660254037844388,60.36
4285.71,127.11,172.0,0,0,1,0,0,6.71,25.300001,26.990334,17.600002,22.568585,9.8,30,7,5,1,-0.4999999999999997,-0.8660254037844388,56.79
5714.29,127.11,172.0,0,0,1,0,0,6.71,49.000004,26.179922,34.9,22.0175435,18.500001,31,7,6,1,-0.4999999999999997,-0.8660254037844388,53.21
7142.86,127.11,172.0,0,0,1,0,0,8.26,30.400002,26.079912,37.90001,22.0290005,49.549998,1,8,0,0,-0.8660254037844385,-0.5000000000000004,49.64
8571.43,126.74,172.0,0,0,1,0,0,8.26,34.100002,26.407003,9.6,22.015461,27.5999995,2,8,1,0,-0.8660254037844385,-0.5000000000000004,46.07
10000.0,126.25,172.0,0,0,1,0,0,8.26,13.500001,27.477837,30.199999,22.6425425,17.95,3,8,2,0,-0.8660254037844385,-0.5000000000000004,42.5
7500.0,126.96,172.0,0,0,1,0,0,8.26,9.900001,28.113253,17.9,22.8446265,5.9,4,8,3,0,-0.8660254037844385,-0.5000000000000004,42.5
5000.0,127.45,172.0,0,0,1,0,0,8.26,12.699999,28.863249,25.9,23.373792,13.0500006,5,8,4,0,-0.8660254037844385,-0.5000000000000004,47.5
750.0,127.08,172.0,0,0,1,0,0,8.26,18.5,28.02992,42.4,23.119625,24.55,6,8,5,1,-0.8660254037844385,-0.5000000000000004,57.5
6050.0,127.08,172.0,0,0,1,0,0,8.26,14.100001,28.800749,5.5,23.7665005,7.4999995,7,8,6,1,-0.8660254037844385,-0.5000000000000004,55.0
11350.0,127.08,172.0,0,0,1,0,0,8.26,1.7,29.006996,5.2000003,24.154002,13.3999995,8,8,0,0,-0.8660254037844385,-0.5000000000000004,57.5
6000.0,127.76,172.0,0,0,1,0,0,8.26,2.5,29.819502,0.1,24.2685835,13.6499995,9,8,1,0,-0.8660254037844385,-0.5000000000000004,60.0
12125.0,127.76,172.0,0,0,1,0,0,8.26,5.3,29.552832,0.0,23.4467095,28.0500015,10,8,2,0,-0.8660254037844385,-0.5000000000000004,57.5
18250.0,127.54,172.0,0,0,1,0,0,8.26,9.100001,29.636168,0.0,23.4519195,18.35,11,8,3,0,-0.8660254037844385,-0.5000000000000004,65.0
15216.666666666666,127.72,172.0,0,0,1,0,0,8.26,2.0,29.1695,0.2,23.506083500000003,2.45,12,8,4,0,-0.8660254037844385,-0.5000000000000004,67.0
12183.333333333332,127.76,172.0,0,0,1,0,0,8.26,23.9,29.961166,0.0,23.4373355,28.950000000000003,13,8,5,1,-0.8660254037844385,-0.5000000000000004,53.0
9150.0,127.76,172.0,0,0,1,0,0,8.26,12.600001,29.01325,6.4,22.8300425,13.5999995,14,8,6,1,-0.8660254037844385,-0.5000000000000004,51.67
13875.0,127.76,172.0,0,0,1,0,0,8.26,5.0,29.148664,0.0,23.354002,2.2,15,8,0,0,-0.8660254037844385,-0.5000000000000004,55.0
10962.5,127.76,172.0,0,0,1,0,0,8.26,3.3999999,29.154915,1.5000001,23.1915015,4.0499996,16,8,1,0,-0.8660254037844385,-0.5000000000000004,52.5
8050.0,127.76,172.0,0,0,1,0,0,8.26,2.5,29.20075,0.9000001,23.54775,2.3500001,17,8,2,0,-0.8660254037844385,-0.5000000000000004,52.5
16750.0,127.42,172.0,0,0,1,0,0,8.26,10.1,29.61325,0.0,23.7685825,7.25,18,8,3,0,-0.8660254037844385,-0.5000000000000004,53.75
12750.0,127.78,172.0,0,0,1,0,0,8.26,4.3,28.084085,22.1,22.9342115,26.1000025,19,8,4,0,-0.8660254037844385,-0.5000000000000004,47.5
8750.0,127.95,172.0,0,0,1,0,0,8.26,4.4,29.265337,0.1,23.473792000000003,3.3,20,8,5,1,-0.8660254037844385,-0.5000000000000004,48.33
4750.0,127.95,172.0,0,0,1,0,0,8.26,5.5,29.438248,0.0,23.08525,5.95,21,8,6,1,-0.8660254037844385,-0.5000000000000004,47.67
4000.0,127.95,172.0,0,0,1,0,0,8.26,2.2,29.225748,7.0,23.251919,2.4999999500000003,22,8,0,0,-0.8660254037844385,-0.5000000000000004,47.5
3250.0,128.1,172.0,0,0,1,0,0,8.26,18.0,28.317415,5.3,23.3102495,9.199999,23,8,1,0,-0.8660254037844385,-0.5000000000000004,42.5
14625.0,128.09,172.0,0,0,1,0,0,8.26,1.7,28.231997,7.5,23.449836,6.7999995,24,8,2,0,-0.8660254037844385,-0.5000000000000004,47.5
24775.0,128.0,172.0,0,0,1,0,0,8.26,4.2,28.902832,0.2,23.510252,2.7999999,25,8,3,0,-0.8660254037844385,-0.5000000000000004,47.5
1075.0,128.12,172.0,0,0,1,0,0,8.26,7.4999995,29.77575,0.6,23.157126,7.1499998,26,8,4,0,-0.8660254037844385,-0.5000000000000004,57.5
4000.0,128.09,172.0,0,0,1,0,0,8.26,16.0,28.640335,10.400001,23.0821265,21.1500005,27,8,5,1,-0.8660254037844385,-0.5000000000000004,65.0
2791.666666666667,128.09,172.0,0,0,1,0,0,8.26,18.100002,26.400751,20.500002,21.877961,20.350001,28,8,6,1,-0.8660254037844385,-0.5000000000000004,65.0
1583.3333333333337,128.09,172.0,0,0,1,0,0,8.26,14.4,27.119497,31.7,22.6790015,2.30000015,29,8,0,0,-0.8660254037844385,-0.5000000000000004,68.33
375.0,128.25,172.0,0,0,1,0,0,8.26,1.9000001,27.517416,6.299999,22.906083,3.0999998,30,8,1,0,-0.8660254037844385,-0.5000000000000004,62.5
9775.0,127.43,172.0,0,0,1,0,0,8.26,11.600001,26.965338,10.0,22.296708,12.650001,31,8,2,0,-0.8660254037844385,-0.5000000000000004,62.5
22000.0,127.43,178.0,0,0,1,0,0,8.64,29.800003,26.38825,22.000002,21.548794,45.149999,1,9,3,0,-1.0,-1.8369701987210294e-16,58.33
14666.67,127.6,178.0,0,0,1,0,0,8.64,1.8000002,26.815344,2.9,22.3508765,7.5000005,2,9,4,0,-1.0,-1.8369701987210294e-16,57.22
7333.33,127.98,178.0,0,0,1,0,0,8.64,6.8999996,26.644503,13.4,22.4487925,6.949999999999999,3,9,5,1,-1.0,-1.8369701987210294e-16,56.11
3941.665,127.98,178.0,0,0,1,0,0,8.64,3.0,26.927834,10.000002,22.3112945,4.89999945,4,9,6,1,-1.0,-1.8369701987210294e-16,55.0
550.0,127.98,178.0,0,0,1,0,0,8.64,2.2,27.215332,1.8,22.475876,3.8499998,5,9,0,0,-1.0,-1.8369701987210294e-16,56.67
1100.0,128.06,178.0,0,0,1,0,0,8.64,12.700002,26.807001,2.8,22.34567,7.550000199999999,6,9,1,0,-1.0,-1.8369701987210294e-16,58.33
2675.0,128.04,178.0,0,0,1,0,0,8.64,13.2,27.065332,13.599999,22.32275,5.0,7,9,2,0,-1.0,-1.8369701987210294e-16,53.33
4250.0,128.15,178.0,0,0,1,0,0,8.64,3.1,27.886164,17.800001,22.3144185,4.75,8,9,3,0,-1.0,-1.8369701987210294e-16,57.5
6400.0,127.84,178.0,0,0,1,0,0,8.64,12.900001,27.961166,5.5,22.2644195,4.89999975,9,9,4,0,-1.0,-1.8369701987210294e-16,52.5
13675.0,127.64,178.0,0,0,1,0,0,8.64,6.0999994,28.654917,0.0,21.723793,31.6499995,10,9,5,1,-1.0,-1.8369701987210294e-16,52.5
12000.0,127.64,178.0,0,0,1,0,0,8.64,5.1000004,28.444504,0.8,22.459209,5.9499999500000005,11,9,6,1,-1.0,-1.8369701987210294e-16,52.5
1500.0,127.64,178.0,0,0,1,0,0,8.64,9.699999,27.263252,1.2,21.766499,14.3500015,12,9,0,0,-1.0,-1.8369701987210294e-16,53.33
2375.0,127.54,178.0,0,0,1,0,0,8.64,3.3000002,26.829916,1.0,21.70921,5.949999999999999,13,9,1,0,-1.0,-1.8369701987210294e-16,53.33
2500.0,126.94,178.0,0,0,1,0,0,8.64,14.3,26.432,10.4,21.6019175,8.5,14,9,2,0,-1.0,-1.8369701987210294e-16,47.5
4625.0,127.41,178.0,0,0,1,0,0,8.64,12.700001,25.996588,12.999999,21.543585,4.199999849999999,15,9,3,0,-1.0,-1.8369701987210294e-16,52.33
500.0,127.82,178.0,0,0,1,0,0,8.64,12.6,26.1445,29.300003,21.382127,11.0000005,16,9,4,0,-1.0,-1.8369701987210294e-16,65.0
5400.0,127.89,178.0,0,0,1,0,0,8.64,15.299999,25.86325,26.500002,21.2529595,7.3,17,9,5,1,-1.0,-1.8369701987210294e-16,65.0
5000.0,127.89,178.0,0,0,1,0,0,8.64,4.0,27.41117,13.100002,22.0362915,2.89999985,18,9,6,1,-1.0,-1.8369701987210294e-16,65.0
5000.0,127.89,178.0,0,0,1,0,0,8.64,6.3,27.20492,4.0,22.768584,4.35000015,19,9,0,0,-1.0,-1.8369701987210294e-16,65.0
8125.0,127.94,178.0,0,0,1,0,0,8.64,0.70000005,27.811167,5.3999996,22.937334,4.9499998000000005,20,9,1,0,-1.0,-1.8369701987210294e-16,47.5
11250.0,127.91,178.0,0,0,1,0,0,8.64,3.3,28.45075,0.5,22.3456675,5.85000005,21,9,2,0,-1.0,-1.8369701987210294e-16,48.33
6875.0,128.27,178.0,0,0,1,0,0,8.64,7.3,27.600748,9.8,22.197752,2.9999999500000003,22,9,3,0,-1.0,-1.8369701987210294e-16,48.33
2500.0,129.68,178.0,0,0,1,0,0,8.64,15.6,27.13408,8.299999,21.968584,3.4499999,23,9,4,0,-1.0,-1.8369701987210294e-16,47.6
4525.0,129.89,178.0,0,0,1,0,0,8.64,12.9,26.002838,15.700001,21.5696265,2.1500000000000004,24,9,5,1,-1.0,-1.8369701987210294e-16,53.33
11500.0,129.89,178.0,1,0,1,0,0,8.64,12.0,26.3445,1.5000001,21.4123345,3.3499999000000003,25,9,6,1,-1.0,-1.8369701987210294e-16,55.0
250.0,129.89,178.0,1,0,1,0,0,8.64,4.1,25.650747,1.8000002,21.194626,4.25,26,9,0,0,-1.0,-1.8369701987210294e-16,55.0
12000.0,130.9,178.0,1,0,1,0,0,8.64,6.7000003,26.040335,1.2,20.807126,2.75,27,9,1,0,-1.0,-1.8369701987210294e-16,55.0
1750.0,130.84,178.0,1,0,1,0,0,8.64,0.9000001,26.915337,0.0,21.2029595,0.75,28,9,2,0,-1.0,-1.8369701987210294e-16,48.33
3500.0,131.41,178.0,1,0,1,0,0,8.64,0.4,26.802832,6.2,21.2102515,1.55000005,29,9,3,0,-1.0,-1.8369701987210294e-16,55.0
11000.0,131.28,178.0,1,0,1,0,0,8.64,22.4,26.60283,10.2,21.233167,4.499999750000001,30,9,4,0,-1.0,-1.8369701987210294e-16,43.33
8025.0,130.45,178.0,1,1,0,0,0,8.5,8.200001,27.381998,1.2,21.571709,3.1,1,10,5,1,-0.8660254037844386,0.5000000000000001,49.0
5050.0,130.45,178.0,1,1,0,0,0,8.5,3.3,28.475752,0.0,22.6237905,0.25,2,10,6,1,-0.8660254037844386,0.5000000000000001,55.0
4559.375,130.45,178.0,1,1,0,0,0,8.5,1.9000001,28.088255,2.5,22.29671,2.20000005,3,10,0,0,-0.8660254037844386,0.5000000000000001,60.0
4068.75,131.3,178.0,1,1,0,0,0,8.5,15.299999,25.538252,18.199999,20.517543,12.85,4,10,1,0,-0.8660254037844386,0.5000000000000001,58.33
3578.125,130.74,178.0,1,1,0,0,0,8.5,29.900003,26.12992,12.300001,20.3362925,31.650001000000003,5,10,2,0,-0.8660254037844386,0.5000000000000001,42.5
3087.5,130.74,178.0,1,1,0,0,0,8.5,31.199999,26.23825,19.199999,19.918585,27.8999975,6,10,3,0,-0.8660254037844386,0.5000000000000001,47.5
2596.875,131.32,178.0,1,1,0,0,0,8.5,4.9999995,26.473665,0.0,20.737335,0.45,7,10,4,0,-0.8660254037844386,0.5000000000000001,47.5
2106.25,132.02,178.0,1,1,0,0,0,8.5,3.1,26.367418,1.0,21.189419,0.6,8,10,5,1,-0.8660254037844386,0.5000000000000001,47.5
1615.625,132.02,178.0,1,1,0,0,0,8.5,1.4000001,26.975754,3.5,21.361295,4.5,9,10,6,1,-0.8660254037844386,0.5000000000000001,47.67
1125.0,132.02,178.0,1,1,0,0,0,8.5,1.7,25.72367,6.7999997,20.9696265,3.8499997,10,10,0,0,-0.8660254037844386,0.5000000000000001,42.5
4083.3333333333335,132.02,178.0,1,1,0,0,0,8.5,0.1,25.82992,0.0,20.6696285,2.4,11,10,1,0,-0.8660254037844386,0.5000000000000001,41.67
7041.666666666667,132.01,178.0,1,1,0,0,0,8.5,2.4,24.959084,0.2,19.801918,3.95,12,10,2,0,-0.8660254037844386,0.5000000000000001,65.0
10000.0,132.01,178.0,1,1,0,0,0,8.5,2.2,25.084085,0.0,19.567543,1.0,13,10,3,0,-0.8660254037844386,0.5000000000000001,75.0
8900.0,132.06,178.0,1,1,0,0,0,8.5,2.0,24.56742,0.0,19.070667,0.05,14,10,4,0,-0.8660254037844386,0.5000000000000001,65.0
3750.0,132.07,178.0,1,1,0,0,0,8.5,0.4,24.002832,0.0,19.133167,0.0,15,10,5,1,-0.8660254037844386,0.5000000000000001,70.0
2925.0,132.07,178.0,1,1,0,0,0,8.5,0.0,23.327833,0.0,18.899834,0.0,16,10,6,1,-0.8660254037844386,0.5000000000000001,65.0
2100.0,132.07,178.0,1,1,0,0,0,8.5,0.0,22.715332,0.0,19.31025,0.0,17,10,0,0,-0.8660254037844386,0.5000000000000001,65.0
1275.0,132.07,178.0,1,1,0,0,0,8.5,0.0,22.354918,0.0,18.307125,0.0,18,10,1,0,-0.8660254037844386,0.5000000000000001,65.0
625.0,132.08,178.0,1,1,0,0,0,8.5,0.0,23.186167,0.0,17.739418,0.0,19,10,2,0,-0.8660254037844386,0.5000000000000001,65.0
1575.0,133.14,178.0,1,1,0,0,0,8.5,0.7,23.100752,0.0,17.668585,0.0,20,10,3,0,-0.8660254037844386,0.5000000000000001,65.0
2525.0,132.72,178.0,1,1,0,0,0,8.5,0.0,22.63617,0.0,18.027959,0.0,21,10,4,0,-0.8660254037844386,0.5000000000000001,65.0
4037.5,132.59,178.0,1,1,0,0,0,8.5,0.0,22.798668,0.0,18.3019185,0.0,22,10,5,1,-0.8660254037844386,0.5000000000000001,65.0
5550.0,132.59,178.0,1,1,0,0,0,8.5,0.0,23.31117,0.0,19.096708,0.0,23,10,6,1,-0.8660254037844386,0.5000000000000001,65.0
5750.0,132.59,178.0,1,1,0,0,0,8.5,0.0,24.36325,0.0,18.7144185,0.45,24,10,0,0,-0.8660254037844386,0.5000000000000001,65.0
5950.0,132.59,178.0,1,1,0,0,0,8.5,0.3,23.382002,0.0,17.8862925,0.3,25,10,1,0,-0.8660254037844386,0.5000000000000001,75.0
6150.0,132.67,178.0,1,1,0,0,0,8.5,0.1,22.719498,0.0,17.543584000000003,1.2,26,10,2,0,-0.8660254037844386,0.5000000000000001,75.0
6350.0,132.67,178.0,1,1,0,0,0,8.5,2.2,22.054916,0.0,17.247749,0.2,27,10,3,0,-0.8660254037844386,0.5000000000000001,80.0
6550.0,132.29,178.0,1,1,0,0,0,8.5,0.70000005,22.163252,0.0,17.3789995,0.0,28,10,4,0,-0.8660254037844386,0.5000000000000001,85.0
6750.0,132.26,178.0,1,1,0,0,0,8.5,1.0,21.986166,0.0,18.076917,0.0,29,10,5,1,-0.8660254037844386,0.5000000000000001,75.0
4875.0,132.26,178.0,1,1,0,0,0,8.5,0.0,21.72367,0.0,17.98421,0.0,30,10,6,1,-0.8660254037844386,0.5000000000000001,95.0
3000.0,132.26,178.0,1,1,0,0,0,8.5,0.0,21.934084,0.0,18.1675435,0.0,31,10,0,0,-0.8660254037844386,0.5000000000000001,95.0
4200.0,132.76,178.0,1,1,0,0,0,8.08,0.0,22.081999,0.0,17.8342095,0.0,1,11,1,0,-0.5000000000000004,0.8660254037844384,95.0
13600.0,132.62,178.0,1,1,0,0,0,8.08,0.0,21.304918,0.0,17.133167999999998,0.0,2,11,2,0,-0.5000000000000004,0.8660254037844384,76.67
2000.0,132.76,178.0,1,1,0,0,0,8.08,0.0,21.659082,0.0,16.486293,0.0,3,11,3,0,-0.5000000000000004,0.8660254037844384,76.67
6000.0,132.92,178.0,1,1,0,0,0,8.08,0.0,22.554916,0.0,17.2112935,0.0,4,11,4,0,-0.5000000000000004,0.8660254037844384,76.67
10000.0,132.21,178.0,1,1,0,0,0,8.08,0.2,22.179916,0.0,17.8727505,0.05,5,11,5,1,-0.5000000000000004,0.8660254037844384,65.0
3750.0,132.21,178.0,1,1,0,0,0,8.08,1.7,22.117416,0.0,17.331085,0.05,6,11,6,1,-0.5000000000000004,0.8660254037844384,75.0
2500.0,132.21,178.0,1,1,0,0,0,8.08,0.0,21.915335,0.0,17.068583500000003,0.0,7,11,0,0,-0.5000000000000004,0.8660254037844384,76.67
7350.0,131.38,178.0,1,1,0,0,0,8.08,0.0,21.66117,0.0,16.942545,0.0,8,11,1,0,-0.5000000000000004,0.8660254037844384,65.0
7350.0,131.38,178.0,1,1,0,0,0,8.08,3.1999998,21.607004,0.0,16.532124,0.2,9,11,2,0,-0.5000000000000004,0.8660254037844384,60.0
16750.0,130.6,178.0,1,1,0,0,0,8.08,0.8000001,21.432001,0.0,16.423795,0.15,10,11,3,0,-0.5000000000000004,0.8660254037844384,60.0
5000.0,131.2,178.0,1,1,0,0,0,8.08,0.4,21.215336,0.8,15.8352505,0.3,11,11,4,0,-0.5000000000000004,0.8660254037844384,55.0
4500.0,129.58,178.0,1,1,0,0,0,8.08,0.0,20.204918,0.0,15.4696255,0.0,12,11,5,1,-0.5000000000000004,0.8660254037844384,55.0
4000.0,129.58,178.0,1,1,0,0,0,8.08,0.0,19.613249,0.0,14.683166,0.0,13,11,6,1,-0.5000000000000004,0.8660254037844384,55.0
2600.0,129.58,178.0,1,1,0,0,0,8.08,0.0,19.53825,0.0,15.20504125,0.0,14,11,0,0,-0.5000000000000004,0.8660254037844384,55.0
500.0,130.32,178.0,1,1,0,0,0,8.08,0.0,19.440332,0.0,15.446709,0.0,15,11,1,0,-0.5000000000000004,0.8660254037844384,55.0
4800.0,130.06,178.0,0,1,0,0,0,8.08,0.2,19.709082,0.0,15.426917499999998,0.1,16,11,2,0,-0.5000000000000004,0.8660254037844384,55.0
3275.0,130.38,178.0,0,1,0,0,0,8.08,0.0,19.423668,0.0,14.58421,0.2,17,11,3,0,-0.5000000000000004,0.8660254037844384,55.0
1750.0,130.95,178.0,0,1,0,0,0,8.08,0.0,18.819502,0.0,14.561292,0.0,18,11,4,0,-0.5000000000000004,0.8660254037844384,55.0
2812.5,131.0,178.0,0,1,0,0,0,8.08,0.0,18.507002,0.0,15.870667999999998,0.0,19,11,5,1,-0.5000000000000004,0.8660254037844384,55.0
3875.0,131.0,178.0,0,1,0,0,0,8.08,0.0,18.4945,0.0,16.148792999999998,0.0,20,11,6,1,-0.5000000000000004,0.8660254037844384,55.0
4937.5,131.0,178.0,0,1,0,0,0,8.08,0.0,18.309084,0.0,15.6258755,0.0,21,11,0,0,-0.5000000000000004,0.8660254037844384,55.0
6000.0,131.25,178.0,0,1,0,0,0,8.08,0.0,18.08825,0.0,15.377959,0.0,22,11,1,0,-0.5000000000000004,0.8660254037844384,55.0
2000.0,130.97,178.0,0,1,0,0,0,8.08,0.0,18.111166,0.0,14.799835,0.0,23,11,2,0,-0.5000000000000004,0.8660254037844384,55.0
5000.0,131.26,178.0,0,1,0,0,0,8.08,0.0,18.009085,0.0,14.856084,0.0,24,11,3,0,-0.5000000000000004,0.8660254037844384,55.0
2875.0,130.92,178.0,0,1,0,0,0,8.08,0.0,18.619501,0.0,16.2696255,0.0,25,11,4,0,-0.5000000000000004,0.8660254037844384,55.0
750.0,131.0,178.0,0,1,0,0,0,8.08,0.0,19.1695,0.0,16.2623355,0.0,26,11,5,1,-0.5000000000000004,0.8660254037844384,45.0
4000.0,131.0,178.0,0,1,0,0,0,8.08,0.0,19.396582,0.0,15.2008765,0.0,27,11,6,1,-0.5000000000000004,0.8660254037844384,55.0
1075.0,131.0,178.0,0,1,0,0,0,8.08,0.0,19.186167,0.0,14.9185845,0.0,28,11,0,0,-0.5000000000000004,0.8660254037844384,45.0
2412.5,130.98,178.0,0,1,0,0,0,8.08,0.0,19.427834,0.0,15.1602505,0.0,29,11,1,0,-0.5000000000000004,0.8660254037844384,45.0
3750.0,131.06,178.0,0,1,0,0,0,8.08,0.0,18.790333,0.0,15.169626,0.0,30,11,2,0,-0.5000000000000004,0.8660254037844384,46.0
18550.0,130.58,178.0,0,0,0,0,1,7.38,0.0,17.148668,0.0,14.694624,0.0,1,12,3,0,-2.4492935982947064e-16,1.0,55.0
10650.0,130.25,178.0,0,0,0,0,1,7.38,0.0,16.813253,0.0,14.7467075,0.0,2,12,4,0,-2.4492935982947064e-16,1.0,45.0
2750.0,130.42,178.0,0,0,0,0,1,7.38,0.0,17.0445,0.0,14.820666,0.0,3,12,5,1,-2.4492935982947064e-16,1.0,65.0
7025.0,130.42,178.0,0,0,0,0,1,7.38,0.0,17.69242,0.0,14.718584,0.0,4,12,6,1,-2.4492935982947064e-16,1.0,65.0
14250.0,130.42,178.0,0,0,0,0,1,7.38,0.0,17.546583,0.0,14.4133755,0.0,5,12,0,0,-2.4492935982947064e-16,1.0,45.0
13175.0,131.17,178.0,0,0,0,0,1,7.38,0.0,16.7195,0.0,14.0737925,0.0,6,12,1,0,-2.4492935982947064e-16,1.0,55.0
12100.0,132.49,178.0,0,0,0,0,1,7.38,0.0,16.290335,0.0,13.719626,0.0,7,12,2,0,-2.4492935982947064e-16,1.0,45.0
11125.0,132.26,178.0,0,0,0,0,1,7.38,0.0,16.465334,0.0,14.049833,0.0,8,12,3,0,-2.4492935982947064e-16,1.0,45.0
12666.666666666666,132.18,178.0,0,0,0,0,1,7.38,0.0,16.952837,0.0,14.0227515,0.0,9,12,4,0,-2.4492935982947064e-16,1.0,55.0
14208.333333333332,131.94,178.0,0,0,0,0,1,7.38,0.0,17.515335,0.0,14.55920775,0.0,10,12,5,1,-2.4492935982947064e-16,1.0,55.0
15750.0,131.94,178.0,0,0,0,0,1,7.38,0.0,16.150751,0.0,14.6123345,0.0,11,12,6,1,-2.4492935982947064e-16,1.0,55.0
2300.0,131.94,178.0,0,0,0,0,1,7.38,0.0,17.282,0.0,14.324835,0.0,12,12,0,0,-2.4492935982947064e-16,1.0,45.0
3000.0,132.36,178.0,0,0,0,0,1,7.38,0.0,17.619501,0.0,14.0352505,0.0,13,12,1,0,-2.4492935982947064e-16,1.0,45.0
13225.0,132.8,178.0,0,0,0,0,1,7.38,0.0,17.571585,0.0,12.87379125,0.0,14,12,2,0,-2.4492935982947064e-16,1.0,55.0
23450.0,132.24,178.0,0,0,0,0,1,7.38,0.0,16.490335,0.0,12.67066675,0.0,15,12,3,0,-2.4492935982947064e-16,1.0,55.0
6475.0,132.72,175.0,0,0,0,0,1,7.38,0.0,16.484083,0.0,13.148793,0.05,16,12,4,0,-2.4492935982947064e-16,1.0,55.0
7481.25,132.9,175.0,0,0,0,0,1,7.38,1.9000001,17.379917,0.0,13.7685845,0.0,17,12,5,1,-2.4492935982947064e-16,1.0,45.0
8487.5,132.9,175.0,0,0,0,0,1,7.38,0.2,17.507,0.0,14.4279605,0.0,18,12,6,1,-2.4492935982947064e-16,1.0,45.0
9493.75,132.9,175.0,0,0,0,0,1,7.38,0.0,17.321583,0.0,14.306085,0.0,19,12,0,0,-2.4492935982947064e-16,1.0,35.0
10500.0,132.64,175.0,0,0,0,0,1,7.38,0.0,17.200752,0.0,13.226917,0.0,20,12,1,0,-2.4492935982947064e-16,1.0,36.67
8375.0,132.72,175.0,0,0,0,0,1,7.38,0.0,16.765333,0.0,13.005043,0.0,21,12,2,0,-2.4492935982947064e-16,1.0,35.0
6250.0,132.8,175.0,0,0,0,0,1,7.38,0.0,15.352836,0.0,13.029001,0.0,22,12,3,0,-2.4492935982947064e-16,1.0,35.0
4125.0,132.73,175.0,0,0,0,0,1,7.38,0.0,14.609084,0.0,12.1914995,0.0,23,12,4,0,-2.4492935982947064e-16,1.0,34.0
2000.0,132.88,175.0,0,0,0,0,1,7.38,0.0,14.298668,0.0,12.3300425,0.0,24,12,5,1,-2.4492935982947064e-16,1.0,35.0
1350.0,132.88,175.0,0,0,0,0,1,7.38,0.0,14.954918,0.0,12.4394155,0.0,25,12,6,1,-2.4492935982947064e-16,1.0,35.0
4000.0,132.88,175.0,0,0,0,0,1,7.38,0.0,15.111167,0.0,11.978999,0.0,26,12,0,0,-2.4492935982947064e-16,1.0,36.67
15500.0,132.55,175.0,0,0,0,0,1,7.38,0.0,13.825749,0.0,11.230042,0.0,27,12,1,0,-2.4492935982947064e-16,1.0,50.0
10500.0,132.86,175.0,0,0,0,0,1,7.38,0.0,13.0424185,0.0,9.827959,0.0,28,12,2,0,-2.4492935982947064e-16,1.0,55.0
5375.0,132.88,175.0,0,0,0,0,1,7.38,0.0,13.336166,0.0,9.3279575,0.0,29,12,3,0,-2.4492935982947064e-16,1.0,45.0
250.0,132.78,175.0,0,0,0,0,1,7.38,0.1,14.377833,0.0,10.838375,0.0,30,12,4,0,-2.4492935982947064e-16,1.0,45.0
4500.0,132.66,175.0,0,0,0,0,1,7.38,0.2,14.3445015,0.0,11.1289995,0.05,31,12,5,1,-2.4492935982947064e-16,1.0,45.0
10000.0,132.66,175.0,0,0,0,0,1,7.26,0.2,14.490333,0.0,10.854,0.15,1,1,6,1,0.4999999999999999,0.8660254037844387,45.0
10375.0,132.66,175.0,0,0,0,0,1,7.26,0.0,13.015334,0.0,10.83524925,0.0,2,1,0,0,0.4999999999999999,0.8660254037844387,46.67
30650.0,132.69,175.0,0,0,0,0,1,7.26,0.0,12.413251,0.0,10.658166,0.0,3,1,1,0,0.4999999999999999,0.8660254037844387,45.0
22975.0,132.92,175.0,0,0,0,0,1,7.26,0.0,11.973667,0.0,10.5612925,0.0,4,1,2,0,0.4999999999999999,0.8660254037844387,55.0
48750.0,132.79,175.0,0,0,0,0,1,7.26,0.0,10.990333,0.0,10.93525,0.0,5,1,3,0,0.4999999999999999,0.8660254037844387,46.67
51275.0,132.4,175.0,0,0,0,0,1,7.26,0.0,11.417417,0.0,12.46649925,0.0,6,1,4,0,0.4999999999999999,0.8660254037844387,36.67
47750.0,132.66,175.0,0,0,0,0,1,7.26,0.0,11.029918,0.0,13.6727505,0.0,7,1,5,1,0.4999999999999999,0.8660254037844387,45.0
60500.0,132.66,172.0,0,0,0,0,1,7.26,0.0,10.431999,0.0,13.533166,0.0,8,1,6,1,0.4999999999999999,0.8660254037844387,45.0
61150.0,132.66,172.0,0,0,0,0,1,7.26,0.0,10.300751,0.0,13.4456675,0.0,9,1,0,0,0.4999999999999999,0.8660254037844387,45.0
45750.0,132.08,172.0,0,0,0,0,1,7.26,0.0,10.671584,0.0,13.1165015,0.0,10,1,1,0,0.4999999999999999,0.8660254037844387,45.0
49250.0,131.16,172.0,0,0,0,0,1,7.26,0.0,10.669501,0.0,12.34358425,0.0,11,1,2,0,0.4999999999999999,0.8660254037844387,46.67
52750.0,130.83,172.0,0,0,0,0,1,7.26,0.0,11.209084,0.0,12.498791,0.0,12,1,3,0,0.4999999999999999,0.8660254037844387,46.67
66050.0,130.79,172.0,0,0,0,0,1,7.26,0.0,11.821584,0.0,12.4477505,0.0,13,1,4,0,0.4999999999999999,0.8660254037844387,46.67
66050.0,130.43,172.0,0,0,0,0,1,7.26,0.0,13.504918,0.0,12.345666,0.0,14,1,5,1,0.4999999999999999,0.8660254037844387,45.0
21000.0,130.43,172.0,0,0,0,0,1,7.26,0.0,13.452835,0.0,10.967542,0.0,15,1,6,1,0.4999999999999999,0.8660254037844387,45.0
32500.0,130.43,172.0,0,0,0,0,1,7.26,0.0,12.144501,0.0,9.678999999999998,0.05,16,1,0,0,0.4999999999999999,0.8660254037844387,45.0
55500.0,130.89,172.0,0,0,0,0,1,7.26,0.0,11.727836,0.0,8.939416999999999,0.0,17,1,1,0,0.4999999999999999,0.8660254037844387,45.0
76250.0,131.12,172.0,0,0,0,0,1,7.26,0.0,12.569499,0.0,8.6415,0.0,18,1,2,0,0.4999999999999999,0.8660254037844387,45.0
59500.0,130.29,172.0,0,0,0,0,1,7.26,0.0,12.669499,0.0,9.3467075,0.0,19,1,3,0,0.4999999999999999,0.8660254037844387,56.67
79425.0,130.48,172.0,0,0,0,0,1,7.26,0.0,13.419502,0.0,11.8654585,0.0,20,1,4,0,0.4999999999999999,0.8660254037844387,56.67
79425.0,130.1,172.0,0,0,0,0,1,7.26,0.0,14.888249,0.0,13.485251,0.0,21,1,5,1,0.4999999999999999,0.8660254037844387,56.67
59250.0,130.1,172.0,0,0,0,0,1,7.26,0.0,14.046582,0.0,13.2290005,0.0,22,1,6,1,0.4999999999999999,0.8660254037844387,56.67
114550.0,130.1,172.0,0,0,0,0,1,7.26,0.0,14.9695015,0.0,13.7821255,0.0,23,1,0,0,0.4999999999999999,0.8660254037844387,55.0
46250.0,130.53,172.0,0,0,0,0,1,7.26,0.0,16.081999,0.0,14.5258765,0.0,24,1,1,0,0.4999999999999999,0.8660254037844387,56.67
53900.0,131.06,172.0,0,0,0,0,1,7.26,0.0,17.004915,0.0,15.1081655,0.0,25,1,2,0,0.4999999999999999,0.8660254037844387,56.67
11250.0,130.85,172.0,0,0,0,0,1,7.26,0.0,16.075748,0.0,16.096708999999997,0.0,26,1,3,0,0.4999999999999999,0.8660254037844387,55.0
32750.0,130.85,172.0,0,0,0,0,1,7.26,0.0,16.717417,0.0,16.3842085,0.0,27,1,4,0,0.4999999999999999,0.8660254037844387,55.0
45100.0,130.74,172.0,0,0,0,0,1,7.26,0.0,14.627833,0.0,14.3290005,0.0,28,1,5,1,0.4999999999999999,0.8660254037844387,56.0
97400.0,130.74,172.0,0,0,0,0,1,7.26,0.0,15.227834,0.0,14.29150025,0.0,29,1,6,1,0.4999999999999999,0.8660254037844387,55.0
34250.0,130.74,172.0,0,0,0,0,1,7.26,0.0,17.498669,0.0,16.126917,0.0,30,1,0,0,0.4999999999999999,0.8660254037844387,45.0
42500.0,130.7,172.0,0,0,0,0,1,7.26,0.0,17.792418,0.0,17.163375000000002,0.0,31,1,1,0,0.4999999999999999,0.8660254037844387,45.0
62000.0,131.38,172.0,0,0,0,0,1,7.88,0.0,16.273668,0.0,14.6071255,0.0,1,2,2,0,0.8660254037844386,0.5000000000000001,45.0
29000.0,131.38,172.0,0,0,0,0,1,7.88,0.0,14.286168,0.0,13.80191775,0.0,2,2,3,0,0.8660254037844386,0.5000000000000001,45.0
21000.0,131.78,172.0,0,0,0,0,1,7.88,0.0,15.227837,0.0,13.795669,0.0,3,2,4,0,0.8660254037844386,0.5000000000000001,46.67
5000.0,131.23,172.0,0,0,0,0,1,7.88,0.70000005,15.050754,0.0,13.70087525,0.0,4,2,5,1,0.8660254037844386,0.5000000000000001,46.0
7000.0,131.23,172.0,0,0,0,0,1,7.88,0.0,16.232,0.0,12.9550415,0.0,5,2,6,1,0.8660254037844386,0.5000000000000001,45.0
13787.5,131.23,175.0,0,0,0,0,1,7.88,0.2,15.894501,0.0,13.073793,0.0,6,2,0,0,0.8660254037844386,0.5000000000000001,46.67
20575.0,132.67,175.0,0,0,0,0,1,7.88,0.4,16.790335,0.0,12.915459,0.0,7,2,1,0,0.8660254037844386,0.5000000000000001,46.67
5950.0,132.63,175.0,0,0,0,0,1,7.88,0.0,16.567417,0.0,13.1842085,0.0,8,2,2,0,0.8660254037844386,0.5000000000000001,45.0
12000.0,132.3,175.0,0,0,0,0,1,7.88,0.1,16.746584,0.0,12.505043,0.15,9,2,3,0,0.8660254037844386,0.5000000000000001,46.67
4000.0,132.32,175.0,0,0,0,0,1,7.88,0.0,16.84867,0.0,13.627959,0.0,10,2,4,0,0.8660254037844386,0.5000000000000001,46.67
9000.0,132.3,175.0,0,0,0,0,1,7.88,0.0,17.361166,0.0,15.674833,0.0,11,2,5,1,0.8660254037844386,0.5000000000000001,45.0
14000.0,132.3,175.0,0,0,0,0,1,7.88,0.0,18.742416,0.0,13.9612925,0.0,12,2,6,1,0.8660254037844386,0.5000000000000001,45.0
12000.0,132.3,175.0,0,0,0,0,1,7.88,0.0,15.713252,0.0,12.36649925,0.0,13,2,0,0,0.8660254037844386,0.5000000000000001,56.67
12000.0,132.66,175.0,0,0,0,0,1,7.88,0.0,15.673667,0.0,12.5717095,0.0,14,2,1,0,0.8660254037844386,0.5000000000000001,55.0
22000.0,132.72,175.0,0,0,0,0,1,7.88,0.0,16.379917,0.0,14.449834,0.0,15,2,2,0,0.8660254037844386,0.5000000000000001,56.67
14250.0,132.79,175.0,0,0,0,0,1,7.88,0.0,18.619501,0.0,15.9685835,0.0,16,2,3,0,0.8660254037844386,0.5000000000000001,56.67
8125.0,132.66,175.0,0,0,0,0,1,7.88,0.0,20.465334,0.0,16.735250999999998,0.0,17,2,4,0,0.8660254037844386,0.5000000000000001,45.0
2000.0,132.84,175.0,0,0,0,0,1,7.88,0.0,21.006998,0.0,16.619625,0.0,18,2,5,1,0.8660254037844386,0.5000000000000001,41.0
625.0,132.84,175.0,0,0,0,0,1,7.88,0.0,21.196585,0.0,16.947750499999998,0.0,19,2,6,1,0.8660254037844386,0.5000000000000001,37.67
18125.0,132.84,175.0,0,0,0,0,1,7.88,0.0,20.890333,0.0,16.630043,0.0,20,2,0,0,0.8660254037844386,0.5000000000000001,42.0
13000.0,132.66,175.0,0,0,0,0,1,7.88,0.0,21.265335,0.0,17.065458999999997,0.0,21,2,1,0,0.8660254037844386,0.5000000000000001,38.33
42000.0,132.77,175.0,0,0,0,0,1,7.88,0.1,21.546583,0.0,17.017542,0.4,22,2,2,0,0.8660254037844386,0.5000000000000001,55.0
6550.0,132.87,175.0,0,0,0,0,1,7.88,0.0,20.025747,0.0,16.893585,0.60000002,23,2,3,0,0.8660254037844386,0.5000000000000001,55.0
31800.0,132.68,175.0,0,0,0,0,1,7.88,0.0,20.144499,0.0,16.4904595,0.05,24,2,4,0,0.8660254037844386,0.5000000000000001,55.0
24875.0,132.71,175.0,0,0,0,0,1,7.88,1.1000001,20.92992,0.0,15.27379225,2.95000005,25,2,5,1,0.8660254037844386,0.5000000000000001,55.0
46000.0,132.71,175.0,0,0,0,0,1,7.88,3.8,20.902832,1.6,13.342543,7.1000000000000005,26,2,6,1,0.8660254037844386,0.5000000000000001,55.0
7000.0,132.71,175.0,0,0,0,0,1,7.88,4.7000003,20.821585,0.0,13.797749,4.54999985,27,2,0,0,0.8660254037844386,0.5000000000000001,55.0
18000.0,132.84,175.0,0,0,0,0,1,7.88,1.1,20.734085,0.0,15.2904585,0.75,28,2,1,0,0.8660254037844386,0.5000000000000001,56.67
19475.0,132.57,175.0,0,0,0,1,0,7.44,0.2,22.009085,0.0,16.302958,0.05,1,3,2,0,1.0,6.123233995736766e-17,55.0
32060.0,132.31,175.0,0,0,0,1,0,7.44,0.3,22.411165,0.0,16.440458999999997,3.05,2,3,3,0,1.0,6.123233995736766e-17,55.0
14000.0,132.46,175.0,0,0,0,1,0,7.44,0.2,22.994501,0.0,17.010251,0.35,3,3,4,0,1.0,6.123233995736766e-17,45.0
32212.5,131.45,175.0,0,0,0,1,0,7.44,0.3,23.875748,0.0,16.9852505,4.1,4,3,5,1,1.0,6.123233995736766e-17,45.0
50425.0,131.45,175.0,1,0,0,1,0,7.44,0.2,23.8945,0.0,17.844625999999998,2.8000000000000003,5,3,6,1,1.0,6.123233995736766e-17,45.0
12000.0,131.45,175.0,1,0,0,1,0,7.44,0.0,22.413252,0.0,17.965457999999998,0.15,6,3,0,0,1.0,6.123233995736766e-17,46.67
6000.0,131.36,175.0,1,0,0,1,0,7.44,0.3,21.713251,0.0,17.686292,0.0,7,3,1,0,1.0,6.123233995736766e-17,56.67
4000.0,131.36,175.0,1,0,0,1,0,7.44,2.0,18.70075,4.0,15.522752,1.7,8,3,2,0,1.0,6.123233995736766e-17,56.67
2750.0,131.6,175.0,1,0,0,1,0,7.44,7.1,20.692417,0.0,16.1425425,0.84999995,9,3,3,0,1.0,6.123233995736766e-17,65.0
2250.0,131.47,175.0,1,0,0,1,0,7.44,0.2,21.192415,0.0,17.236292,0.0,10,3,4,0,1.0,6.123233995736766e-17,65.0
1750.0,131.57,175.0,1,0,0,1,0,7.44,0.4,21.507002,0.0,17.527957999999998,0.4,11,3,5,1,1.0,6.123233995736766e-17,65.0
3500.0,131.57,175.0,1,0,0,1,0,7.44,0.0,22.902838,0.0,18.170668,0.0,12,3,6,1,1.0,6.123233995736766e-17,65.0
19750.0,131.57,175.0,1,0,0,1,0,7.44,6.2999997,23.059088,0.0,17.780041500000003,1.7000001,13,3,0,0,1.0,6.123233995736766e-17,66.67
23625.0,131.7,175.0,1,0,0,1,0,7.44,1.4000001,22.207,1.1,16.3727515,4.0,14,3,1,0,1.0,6.123233995736766e-17,36.67
19600.0,132.29,175.0,1,0,0,1,0,7.44,3.5,22.748665,0.0,17.094625999999998,1.45,15,3,2,0,1.0,6.123233995736766e-17,55.0
65000.0,132.46,175.0,1,0,0,1,0,7.44,0.8000001,23.134085,0.0,17.611291,0.400000025,16,3,3,0,1.0,6.123233995736766e-17,45.0
49250.0,132.68,175.0,1,0,0,1,0,7.44,1.1,21.829916,1.3,16.307125,3.35000005,17,3,4,0,1.0,6.123233995736766e-17,46.67
28825.0,132.39,175.0,1,0,0,1,0,7.44,9.800001,22.540335,0.0,16.071709499999997,6.9,18,3,5,1,1.0,6.123233995736766e-17,46.67
53925.0,132.39,175.0,1,0,0,1,0,7.44,14.300001,21.257,7.2,15.4019165,5.10000005,19,3,6,1,1.0,6.123233995736766e-17,45.0
75050.0,132.39,175.0,1,0,0,1,0,7.44,12.3,20.032,8.999999,14.4165,7.4000003,20,3,0,0,1.0,6.123233995736766e-17,56.67
23275.0,132.52,175.0,1,0,0,1,0,7.44,16.400003,20.1695,5.3999996,14.3727515,10.600001,21,3,1,0,1.0,6.123233995736766e-17,56.67
97600.0,132.56,175.0,1,0,0,1,0,7.44,2.6,20.984083,0.0,15.085251,1.05000005,22,3,2,0,1.0,6.123233995736766e-17,56.67
101050.0,132.56,175.0,1,0,0,1,0,7.44,0.8000001,21.252832,0.0,15.787334,7.549999,23,3,3,0,1.0,6.123233995736766e-17,56.67
56125.0,131.93,175.0,1,0,0,1,0,7.44,6.3,21.982,0.0,16.2092085,2.1,24,3,4,0,1.0,6.123233995736766e-17,45.0
14000.0,132.28,175.0,1,0,0,1,0,7.44,0.5,23.494505,0.1,17.517542,0.7000000000000001,25,3,5,1,1.0,6.123233995736766e-17,46.67
102075.0,132.28,175.0,0,0,0,1,0,7.44,0.0,24.465338,0.0,18.606086,0.0,26,3,6,1,1.0,6.123233995736766e-17,45.0
89900.0,132.28,175.0,0,0,0,1,0,7.44,0.1,23.602835,0.0,18.00296,0.0,27,3,0,0,1.0,6.123233995736766e-17,45.0
97000.0,132.1,175.0,0,0,0,1,0,7.44,0.0,23.1695,0.0,18.4310835,0.0,28,3,1,0,1.0,6.123233995736766e-17,45.0
37550.0,131.81,175.0,0,0,0,1,0,7.44,0.4,23.134085,0.0,18.710251,0.0,29,3,2,0,1.0,6.123233995736766e-17,55.0
97100.0,132.05,175.0,0,0,0,1,0,7.44,0.0,24.188248,0.0,19.125876,0.0,30,3,3,0,1.0,6.123233995736766e-17,45.0
88800.0,132.05,175.0,0,0,0,1,0,7.44,7.9999995,22.779915,8.1,16.577958,2.85000005,31,3,4,0,1.0,6.123233995736766e-17,45.0
17800.0,131.77,175.0,0,0,0,1,0,7.76,8.1,21.467415,0.4,15.047751,2.5,1,4,5,1,0.8660254037844387,-0.4999999999999998,45.0
52500.0,131.77,175.0,0,0,0,1,0,7.76,13.300001,20.99033,0.9,14.544626,8.3000005,2,4,6,1,0.8660254037844387,-0.4999999999999998,55.0
73400.0,131.77,165.0,0,0,0,1,0,7.76,0.6,22.471586,0.0,16.8737925,4.1500002,3,4,0,0,0.8660254037844387,-0.4999999999999998,65.0
58500.0,132.04,165.0,0,0,0,1,0,7.76,0.8,23.727835,0.9,17.406084,3.85,4,4,1,0,0.8660254037844387,-0.4999999999999998,65.0
40800.0,132.04,165.0,0,0,0,1,0,7.76,0.1,23.796585,0.0,18.695668,0.55,5,4,2,0,0.8660254037844387,-0.4999999999999998,65.0
27250.0,131.51,165.0,0,0,0,1,0,7.76,0.0,23.8945,0.0,19.362333,0.0,6,4,3,0,0.8660254037844387,-0.4999999999999998,65.0
19000.0,131.32,165.0,0,0,0,1,0,7.76,0.0,24.465332,0.0,19.802958500000003,0.0,7,4,4,0,0.8660254037844387,-0.4999999999999998,65.0
10625.0,131.32,165.0,0,0,0,1,0,7.76,0.0,24.636168,0.0,20.3769165,0.0,8,4,5,1,0.8660254037844387,-0.4999999999999998,55.0
29250.0,131.32,165.0,0,0,0,1,0,7.76,0.0,25.938248,0.0,20.9592095,0.15,9,4,6,1,0.8660254037844387,-0.4999999999999998,55.0
47250.0,131.32,165.0,0,0,0,1,0,7.76,0.0,25.813253,0.0,20.948793,0.0,10,4,0,0,0.8660254037844387,-0.4999999999999998,55.0
25100.0,131.48,165.0,0,0,0,1,0,7.76,0.0,25.007004,0.0,21.771708,0.0,11,4,1,0,0.8660254037844387,-0.4999999999999998,55.0
55250.0,131.71,165.0,0,0,0,1,0,7.76,0.0,25.400751,0.0,22.4717075,0.0,12,4,2,0,0.8660254037844387,-0.4999999999999998,55.0
11250.0,131.63,165.0,1,0,0,1,0,7.76,0.0,26.186165,0.0,23.064416,0.0,13,4,3,0,0.8660254037844387,-0.4999999999999998,55.0
27450.0,131.27,165.0,1,0,0,1,0,7.76,0.0,27.654917,0.0,23.7279625,0.0,14,4,4,0,0.8660254037844387,-0.4999999999999998,55.0
24480.0,131.27,165.0,0,0,0,1,0,7.76,0.8,28.409082,0.0,24.3467105,0.0,15,4,5,1,0.8660254037844387,-0.4999999999999998,55.0
8550.0,131.27,165.0,0,0,0,1,0,7.76,0.0,28.48408,0.0,24.991504,0.0,16,4,6,1,0.8660254037844387,-0.4999999999999998,55.0
15275.0,131.27,165.0,0,0,0,1,0,7.76,0.0,28.469498,0.0,25.063378,0.0,17,4,0,0,0.8660254037844387,-0.4999999999999998,45.0
11250.0,131.46,165.0,0,0,0,1,0,7.76,0.0,29.802834,0.0,25.764418,0.0,18,4,1,0,0.8660254037844387,-0.4999999999999998,55.0
16590.0,131.57,165.0,0,0,0,1,0,7.76,0.0,29.79033,0.0,25.5894185,0.15,19,4,2,0,0.8660254037844387,-0.4999999999999998,55.0
17720.0,131.87,165.0,0,0,0,1,0,7.76,0.1,28.596582,0.0,24.5008755,0.0,20,4,3,0,0.8660254037844387,-0.4999999999999998,55.0
34050.0,131.74,165.0,0,0,0,1,0,7.76,0.1,27.846582,2.6,21.9102485,0.95,21,4,4,0,0.8660254037844387,-0.4999999999999998,55.0
21365.0,131.65,165.0,0,0,0,1,0,7.76,0.8000001,27.498667,0.0,21.426918,0.2,22,4,5,1,0.8660254037844387,-0.4999999999999998,55.0
15000.0,131.65,165.0,0,0,0,1,0,7.76,3.6999998,26.917418,0.0,20.8487935,0.79999995,23,4,6,1,0.8660254037844387,-0.4999999999999998,55.0
27830.0,131.65,165.0,0,0,0,1,0,7.76,0.3,24.319502,0.6,17.82796,3.20000005,24,4,0,0,0.8660254037844387,-0.4999999999999998,55.0
24250.0,131.36,165.0,0,0,0,1,0,7.76,2.6,25.940332,0.0,19.047751,0.3,25,4,1,0,0.8660254037844387,-0.4999999999999998,55.0
56575.0,131.37,165.0,0,0,0,1,0,7.76,0.4,27.488249,0.0,20.5039995,0.8500000000000001,26,4,2,0,0.8660254037844387,-0.4999999999999998,55.0
28000.0,131.13,165.0,0,0,0,1,0,7.76,0.1,27.092417,0.0,20.9342085,0.05,27,4,3,0,0.8660254037844387,-0.4999999999999998,55.0
30750.0,131.25,165.0,0,0,0,1,0,7.76,0.0,27.56325,0.0,21.164417,0.0,28,4,4,0,0.8660254037844387,-0.4999999999999998,55.0
20837.5,131.23,165.0,0,0,0,1,0,7.76,2.0,27.479918,0.5,20.9508765,1.650000025,29,4,5,1,0.8660254037844387,-0.4999999999999998,55.0
10925.0,131.23,165.0,0,0,0,1,0,7.76,2.6,25.52575,5.9,19.145668,2.1999999,30,4,6,1,0.8660254037844387,-0.4999999999999998,55.0
10592.5,131.23,165.0,0,0,0,1,0,7.41,6.7000003,24.3945,0.4,17.565458999999997,2.4499999,1,5,0,0,0.4999999999999999,-0.8660254037844387,45.0
10260.0,131.23,165.0,0,0,0,1,0,7.41,13.4,24.992416,0.4,17.839418000000002,3.09999985,2,5,1,0,0.4999999999999999,-0.8660254037844387,55.0
28300.0,131.32,165.0,0,0,0,1,0,7.41,6.0,26.831999,0.0,19.2321265,5.49999985,3,5,2,0,0.4999999999999999,-0.8660254037844387,55.0
32200.0,131.22,165.0,0,0,0,1,0,7.41,11.9,26.24659,6.1,18.7217085,4.4500005,4,5,3,0,0.4999999999999999,-0.8660254037844387,55.0
12000.0,131.19,165.0,0,0,0,1,0,7.41,0.4,27.55075,0.0,20.205042,0.0,5,5,4,0,0.4999999999999999,-0.8660254037844387,55.0
12262.5,131.19,165.0,0,0,0,1,0,7.41,0.1,29.042414,0.0,21.7644175,0.25,6,5,5,1,0.4999999999999999,-0.8660254037844387,55.0
12525.0,131.19,165.0,0,0,0,1,0,7.41,0.4,30.28408,0.0,22.1987925,1.69999985,7,5,6,1,0.4999999999999999,-0.8660254037844387,55.0
20000.0,131.19,165.0,0,0,0,1,0,7.41,0.1,30.33825,0.0,23.362336,0.0,8,5,0,0,0.4999999999999999,-0.8660254037844387,55.0
11250.0,131.18,165.0,0,0,0,1,0,7.41,0.0,29.982004,0.0,23.488376,0.0,9,5,1,0,0.4999999999999999,-0.8660254037844387,55.0
11250.0,131.57,165.0,0,0,0,1,0,7.41,0.0,29.698664,0.0,23.7831675,0.0,10,5,2,0,0.4999999999999999,-0.8660254037844387,56.67
11250.0,131.48,165.0,0,0,0,1,0,7.41,0.0,29.22367,0.0,23.8404605,0.0,11,5,3,0,0.4999999999999999,-0.8660254037844387,55.0
11250.0,131.65,165.0,0,0,0,1,0,7.41,0.1,30.454918,0.0,23.9123325,0.0,12,5,4,0,0.4999999999999999,-0.8660254037844387,55.0
10625.0,131.77,165.0,0,0,0,1,0,7.41,0.70000005,31.709078,0.0,23.965459000000003,0.0,13,5,5,1,0.4999999999999999,-0.8660254037844387,55.0
39950.0,131.77,165.0,0,0,0,1,0,7.41,11.2,31.996588,0.0,22.855042500000003,3.5499997,14,5,6,1,0.4999999999999999,-0.8660254037844387,55.0
41300.0,131.77,165.0,0,0,0,1,0,7.41,2.0,30.184082,0.0,21.273793,7.85,15,5,0,0,0.4999999999999999,-0.8660254037844387,55.0
2625.0,131.98,155.0,0,0,0,1,0,7.41,17.5,29.29658,1.6,20.476917,17.65,16,5,1,0,0.4999999999999999,-0.8660254037844387,55.0
2500.0,131.84,155.0,0,0,0,1,0,7.41,10.099999,28.404917,6.1000004,20.693583,22.2999975,17,5,2,0,0.4999999999999999,-0.8660254037844387,55.0
13887.5,132.12,155.0,0,0,0,1,0,7.41,7.4999995,27.975748,1.2,20.7071265,22.300003,18,5,3,0,0.4999999999999999,-0.8660254037844387,55.0
25275.0,132.47,155.0,0,0,0,1,0,7.41,0.6,28.31117,0.0,21.669626,5.8500005,19,5,4,0,0.4999999999999999,-0.8660254037844387,55.0
5125.0,132.56,155.0,0,0,0,1,0,7.41,0.70000005,28.95492,0.0,21.439418,7.6,20,5,5,1,0.4999999999999999,-0.8660254037844387,55.0
2625.0,132.56,155.0,0,0,0,1,0,7.41,1.2,29.1445,1.6,21.7915025,0.55,21,5,6,1,0.4999999999999999,-0.8660254037844387,55.0
13000.0,132.56,155.0,0,0,0,1,0,7.41,1.4,30.23617,0.3,22.734209,0.8500000000000001,22,5,0,0,0.4999999999999999,-0.8660254037844387,55.0
6575.0,132.83,155.0,0,0,0,1,0,7.41,4.4,26.396585,7.5999994,21.4019185,2.8499997500000003,23,5,1,0,0.4999999999999999,-0.8660254037844387,45.0
2625.0,132.79,155.0,0,0,0,1,0,7.41,8.1,28.18825,0.2,21.5571275,9.75,24,5,2,0,0.4999999999999999,-0.8660254037844387,45.0
1250.0,132.56,155.0,0,0,0,1,0,7.41,17.000002,28.119501,2.6000001,20.1748335,14.0000005,25,5,3,0,0.4999999999999999,-0.8660254037844387,45.0
18125.0,132.69,155.0,0,0,0,1,0,7.41,4.8,26.079916,17.300001,20.2623345,1.10000005,26,5,4,0,0.4999999999999999,-0.8660254037844387,45.0
5000.0,132.43,155.0,0,0,0,1,0,7.41,2.8999999,26.309082,7.1000004,19.562335,6.05,27,5,5,1,0.4999999999999999,-0.8660254037844387,45.0
2800.0,132.43,155.0,0,0,0,1,0,7.41,1.4000002,27.194498,1.3000001,20.4383775,1.35000005,28,5,6,1,0.4999999999999999,-0.8660254037844387,45.0
9000.0,132.43,155.0,0,0,0,1,0,7.41,1.3000001,29.27575,0.0,22.1727505,0.65000005,29,5,0,0,0.4999999999999999,-0.8660254037844387,45.0
5975.0,132.51,155.0,0,0,0,1,0,7.41,1.6000001,31.204916,0.0,23.9175425,0.0,30,5,1,0,0.4999999999999999,-0.8660254037844387,38.75
2950.0,132.64,155.0,0,0,0,1,0,7.41,0.1,32.381996,0.0,25.219627,0.0,31,5,2,0,0.4999999999999999,-0.8660254037844387,32.5
10325.0,132.66,155.0,0,0,1,0,0,6.83,0.0,32.42158,0.0,25.6019175,0.0,1,6,3,0,1.2246467991473532e-16,-1.0,27.5
1425.0,132.16,155.0,0,0,1,0,0,6.83,0.0,32.440334,0.0,25.442543,0.0,2,6,4,0,1.2246467991473532e-16,-1.0,27.5
2787.5,132.0,155.0,0,0,1,0,0,6.83,0.4,32.352833,0.0,25.5925425,0.0,3,6,5,1,1.2246467991473532e-16,-1.0,27.5
4150.0,132.0,155.0,0,0,1,0,0,6.83,0.0,32.040333,0.0,25.345666,0.0,4,6,6,1,1.2246467991473532e-16,-1.0,27.67
14950.0,132.0,155.0,0,0,1,0,0,6.83,0.0,32.79658,0.0,25.114416,0.05,5,6,0,0,1.2246467991473532e-16,-1.0,27.5
10575.0,132.58,155.0,0,0,1,0,0,6.83,3.3999999,33.492416,0.0,25.2717075,0.2,6,6,1,0,1.2246467991473532e-16,-1.0,25.0
6200.0,132.48,155.0,0,0,1,0,0,6.83,0.3,34.107,0.0,25.5477515,0.3,7,6,2,0,1.2246467991473532e-16,-1.0,22.5
6425.0,132.38,155.0,0,0,1,0,0,6.83,0.2,34.727833,0.0,26.4196255,0.1,8,6,3,0,1.2246467991473532e-16,-1.0,30.63
6650.0,132.41,155.0,0,0,1,0,0,6.83,0.2,34.68408,0.0,26.819626,0.0,9,6,4,0,1.2246467991473532e-16,-1.0,38.75
6875.0,132.25,155.0,0,0,1,0,0,6.83,1.4,33.340332,0.9,25.837337,0.3,10,6,5,1,1.2246467991473532e-16,-1.0,46.88
7100.0,132.25,155.0,0,0,1,0,0,6.83,1.8,31.327833,2.6999998,24.677959,3.3499998,11,6,6,1,1.2246467991473532e-16,-1.0,55.0
7450.0,132.25,155.0,0,0,1,0,0,6.83,4.2999997,29.36534,2.6999998,23.565459,11.3,12,6,0,0,1.2246467991473532e-16,-1.0,55.0
2500.0,132.2,155.0,0,0,1,0,0,6.83,5.7,28.827833,11.9,23.305044,14.1,13,6,1,0,1.2246467991473532e-16,-1.0,35.0
1875.0,132.1,155.0,0,0,1,0,0,6.83,44.89999,29.907003,0.6,22.1092085,70.549997,14,6,2,0,1.2246467991473532e-16,-1.0,35.0
2000.0,131.66,155.0,0,0,1,0,0,6.83,17.300001,31.529917,0.0,23.1373345,27.1000005,15,6,3,0,1.2246467991473532e-16,-1.0,35.0
2125.0,131.79,155.0,0,0,1,0,0,6.83,1.4000001,31.938248,0.0,24.0550435,6.2,16,6,4,0,1.2246467991473532e-16,-1.0,35.0
1416.67,131.4,155.0,0,0,1,0,0,6.83,2.3,32.0695,0.0,24.9831665,14.95,17,6,5,1,1.2246467991473532e-16,-1.0,34.53
708.33,131.4,155.0,0,0,1,0,0,6.83,1.9000002,30.902832,3.8,23.6956665,19.6000015,18,6,6,1,1.2246467991473532e-16,-1.0,34.07
1229.165,131.4,155.0,0,0,1,0,0,6.83,1.4000001,30.338247,13.700001,23.680044,11.1,19,6,0,0,1.2246467991473532e-16,-1.0,33.6
1750.0,131.4,155.0,0,0,1,0,0,6.83,5.5,29.609083,1.0,24.0331685,7.0499998,20,6,1,0,1.2246467991473532e-16,-1.0,40.0
2250.0,131.7,155.0,0,0,1,0,0,6.83,9.700002,29.79033,10.799999,24.226918,10.30000165,21,6,2,0,1.2246467991473532e-16,-1.0,39.0
5125.0,131.57,155.0,0,0,1,0,0,6.83,5.2000003,28.813248,56.0,24.220668,11.649999,22,6,3,0,1.2246467991473532e-16,-1.0,37.5
5362.5,131.43,155.0,0,0,1,0,0,6.83,9.2,29.104914,26.099998,24.3008765,27.9999965,23,6,4,0,1.2246467991473532e-16,-1.0,45.0
5600.0,131.56,155.0,0,0,1,0,0,6.83,27.200005,29.513252,3.8,23.838375,24.300002,24,6,5,1,1.2246467991473532e-16,-1.0,45.0
375.0,131.56,155.0,0,0,1,0,0,6.83,24.100002,30.16742,7.3,23.708168,23.849999,25,6,6,1,1.2246467991473532e-16,-1.0,45.0
6150.0,131.56,155.0,0,0,1,0,0,6.83,3.7,30.677834,0.0,23.739418,8.3,26,6,0,0,1.2246467991473532e-16,-1.0,45.0
4662.5,131.57,155.0,0,0,1,0,0,6.83,11.500002,29.792418,0.1,23.2508765,14.85,27,6,1,0,1.2246467991473532e-16,-1.0,45.0
3175.0,131.55,155.0,0,0,1,0,0,6.83,26.200003,29.004915,1.8000002,22.929001,19.2499995,28,6,2,0,1.2246467991473532e-16,-1.0,50.0
2962.5,131.6,155.0,0,0,1,0,0,6.83,7.8999996,27.484085,13.800001,22.7842075,13.1500005,29,6,3,0,1.2246467991473532e-16,-1.0,65.0
2750.0,131.6,155.0,0,0,1,0,0,6.83,30.1,26.850754,22.199999,22.256083500000003,37.7499985,30,6,4,0,1.2246467991473532e-16,-1.0,55.0
2537.5,131.57,155.0,0,0,1,0,0,7.44,31.300003,26.881998,22.900002,22.310252,17.2500025,1,7,5,1,-0.4999999999999997,-0.8660254037844388,55.0
2325.0,131.57,155.0,0,0,1,0,0,7.44,24.5,27.792418,28.400002,23.0196245,8.14999985,2,7,6,1,-0.4999999999999997,-0.8660254037844388,55.0
2112.5,131.57,150.0,0,0,1,0,0,7.44,29.700003,27.111168,25.6,23.1019175,9.6,3,7,0,0,-0.4999999999999997,-0.8660254037844388,65.0
1900.0,131.44,150.0,0,0,1,0,0,7.44,38.100006,28.50908,15.200002,22.7717105,16.349999500000003,4,7,1,0,-0.4999999999999997,-0.8660254037844388,75.0
1687.5,131.54,150.0,0,0,1,0,0,7.44,9.799999,27.832,22.0,22.5196245,6.79999985,5,7,2,0,-0.4999999999999997,-0.8660254037844388,84.0
1475.0,131.87,150.0,0,0,1,0,0,7.44,26.9,29.369497,2.6,23.4144175,4.7499995,6,7,3,0,-0.4999999999999997,-0.8660254037844388,85.0
1262.5,132.32,150.0,0,0,1,0,0,7.44,28.200003,29.323671,0.5,23.530045,9.55,7,7,4,0,-0.4999999999999997,-0.8660254037844388,95.0
1050.0,132.69,150.0,0,0,1,0,0,7.44,21.3,29.223665,5.3000007,23.464418,8.300001,8,7,5,1,-0.4999999999999997,-0.8660254037844388,95.0
1160.0,132.69,150.0,0,0,1,0,0,7.44,14.400001,29.982,0.8000001,23.869627,4.8499999,9,7,6,1,-0.4999999999999997,-0.8660254037844388,95.0
1270.0,132.69,150.0,0,0,1,0,0,7.44,22.100002,29.26533,3.9,24.0654605,2.9499999,10,7,0,0,-0.4999999999999997,-0.8660254037844388,95.0
1380.0,132.41,150.0,0,0,1,0,0,7.44,18.499998,29.10283,2.8999999,23.8394145,7.100000250000001,11,7,1,0,-0.4999999999999997,-0.8660254037844388,95.0
1490.0,132.09,150.0,0,0,1,0,0,7.44,26.000002,28.184082,22.900003,23.2758765,8.9499995,12,7,2,0,-0.4999999999999997,-0.8660254037844388,85.0
1600.0,131.9,150.0,0,0,1,0,0,7.44,3.6,27.467415,17.6,22.936292,11.65,13,7,3,0,-0.4999999999999997,-0.8660254037844388,95.0
1567.0454545454545,131.62,150.0,0,0,1,0,0,7.44,26.4,27.157003,36.8,23.007126,17.44999865,14,7,4,0,-0.4999999999999997,-0.8660254037844388,75.0
1534.090909090909,131.77,150.0,0,0,1,0,0,7.44,11.5,28.521584,20.800001,23.4435845,7.4,15,7,5,1,-0.4999999999999997,-0.8660254037844388,75.0
1501.1363636363635,131.77,146.0,0,0,1,0,0,7.44,39.499992,29.586166,0.9,23.382126,12.25,16,7,6,1,-0.4999999999999997,-0.8660254037844388,75.0
1468.1818181818182,131.77,146.0,0,0,1,0,0,7.44,44.3,29.248665,0.90000004,23.1258755,15.400001,17,7,0,0,-0.4999999999999997,-0.8660254037844388,85.0
1435.2272727272727,131.57,146.0,0,0,1,0,0,7.44,10.7,29.123667,0.0,22.921709,8.200001,18,7,1,0,-0.4999999999999997,-0.8660254037844388,86.0
1402.2727272727273,131.56,146.0,0,0,1,0,0,7.44,3.3999999,30.771582,0.0,24.032125,1.79999995,19,7,2,0,-0.4999999999999997,-0.8660254037844388,85.0
1369.3181818181818,131.66,146.0,0,0,1,0,0,7.44,2.7999997,30.711166,2.3,24.744627,2.7999997,20,7,3,0,-0.4999999999999997,-0.8660254037844388,85.0
1336.3636363636365,131.48,146.0,0,0,1,0,0,7.44,35.1,30.350748,1.1,23.909209,18.749999,21,7,4,0,-0.4999999999999997,-0.8660254037844388,85.0
1303.409090909091,131.42,146.0,0,0,1,0,0,7.44,1.3000001,30.242422,3.8999999,24.027958,9.94999885,22,7,5,1,-0.4999999999999997,-0.8660254037844388,86.67
1270.4545454545455,131.42,146.0,0,0,1,0,0,7.44,36.2,30.107002,9.6,23.5269195,12.399999,23,7,6,1,-0.4999999999999997,-0.8660254037844388,85.0
1237.5,131.42,146.0,0,0,1,0,0,7.44,4.6000004,29.150751,10.8,22.949833,4.54999995,24,7,0,0,-0.4999999999999997,-0.8660254037844388,96.67
1204.5454545454545,131.21,146.0,0,0,1,0,0,7.44,13.2,28.234083,21.900002,22.54775,14.5000008,25,7,1,0,-0.4999999999999997,-0.8660254037844388,110.0
1171.590909090909,131.3,146.0,0,0,1,0,0,7.44,4.5999994,29.829916,0.6,23.466502,1.99999995,26,7,2,0,-0.4999999999999997,-0.8660254037844388,100.0
1138.6363636363635,131.5,146.0,0,0,1,0,0,7.44,11.599999,29.394503,2.0,23.580042,2.5999999000000003,27,7,3,0,-0.4999999999999997,-0.8660254037844388,93.33
1105.6818181818182,131.4,146.0,0,0,1,0,0,7.44,8.1,29.636168,1.8000001,23.4133765,10.150001,28,7,4,0,-0.4999999999999997,-0.8660254037844388,106.67
1072.7272727272727,131.9,146.0,0,0,1,0,0,7.44,6.8999996,28.80075,7.5,22.905042,13.850001,29,7,5,1,-0.4999999999999997,-0.8660254037844388,106.0
1039.7727272727273,131.9,146.0,0,0,1,0,0,7.44,7.6,28.221586,19.3,23.107126,8.0499995,30,7,6,1,-0.4999999999999997,-0.8660254037844388,105.0
1006.818181818182,131.9,146.0,0,0,1,0,0,7.44,8.0,29.561167,3.5,23.8092115,8.649999999999999,31,7,0,0,-0.4999999999999997,-0.8660254037844388,130.0
973.8636363636364,131.9,153.0,0,0,1,0,0,7.52,13.8,30.163252,7.1,24.4883765,8.1499995,1,8,1,0,-0.8660254037844385,-0.5000000000000004,130.0
940.909090909091,131.92,153.0,0,0,1,0,0,7.52,3.1000001,29.98408,1.1,24.7675415,3.7000002,2,8,2,0,-0.8660254037844385,-0.5000000000000004,146.0
907.9545454545456,132.44,153.0,0,0,1,0,0,7.52,5.0999994,29.784079,1.0,23.892542,18.5000005,3,8,3,0,-0.8660254037844385,-0.5000000000000004,170.0
875.0,132.66,153.0,0,0,1,0,0,7.52,8.700002,29.11741,2.0,23.306087,11.60000005,4,8,4,0,-0.8660254037844385,-0.5000000000000004,170.0
978.125,132.85,153.0,0,0,1,0,0,7.52,37.899998,28.48825,2.0,23.176919,5.44999925,5,8,5,1,-0.8660254037844385,-0.5000000000000004,170.0
1081.25,132.85,153.0,0,0,1,0,0,7.52,9.200001,28.448668,11.200001,23.257128,12.85,6,8,6,1,-0.8660254037844385,-0.5000000000000004,168.33
1184.375,132.85,153.0,0,0,1,0,0,7.52,26.4,26.834084,24.000002,22.619625,17.800001,7,8,0,0,-0.8660254037844385,-0.5000000000000004,160.0
1287.5,132.7,153.0,0,0,1,0,0,7.52,51.699993,26.475748,42.6,22.331085,15.300001000000002,8,8,1,0,-0.8660254037844385,-0.5000000000000004,170.0
1390.625,132.83,153.0,0,0,1,0,0,7.52,4.4999995,27.725752,3.8,23.5144185,6.000000249999999,9,8,2,0,-0.8660254037844385,-0.5000000000000004,170.0
1493.75,132.81,153.0,0,0,1,0,0,7.52,7.9,28.027832,7.2,23.430044,7.05,10,8,3,0,-0.8660254037844385,-0.5000000000000004,170.0
1596.875,132.65,153.0,0,0,1,0,0,7.52,7.1,27.836166,8.0,23.541499,2.9500001,11,8,4,0,-0.8660254037844385,-0.5000000000000004,150.0
1700.0,132.86,153.0,0,0,1,0,0,7.52,36.300003,27.669504,3.2,23.1415005,25.550000000000004,12,8,5,1,-0.8660254037844385,-0.5000000000000004,140.0
1803.125,132.86,153.0,0,0,1,0,0,7.52,66.899994,27.623665,1.6000001,21.9925425,32.1500015,13,8,6,1,-0.8660254037844385,-0.5000000000000004,140.0
1906.25,132.86,153.0,0,0,1,0,0,7.52,3.1000001,27.865332,0.6,23.1852515,1.0,14,8,0,0,-0.8660254037844385,-0.5000000000000004,170.0
2009.375,133.03,153.0,0,0,1,0,0,7.52,0.5,29.092415,0.0,23.526917,1.05,15,8,1,0,-0.8660254037844385,-0.5000000000000004,150.0
2112.5,133.03,167.0,0,0,1,0,0,7.52,2.5000002,29.734083,0.8,23.673794,6.1499998,16,8,2,0,-0.8660254037844385,-0.5000000000000004,145.0
2215.625,133.03,167.0,0,0,1,0,0,7.52,6.0,29.090338,13.000003,23.6331685,7.0500005,17,8,3,0,-0.8660254037844385,-0.5000000000000004,137.5
2318.75,133.34,167.0,0,0,1,0,0,7.52,12.699999,29.202835,3.3,24.181085,10.9999995,18,8,4,0,-0.8660254037844385,-0.5000000000000004,142.5
2421.875,133.27,167.0,0,0,1,0,0,7.52,3.8000002,29.665335,0.70000005,23.766501,10.6500005,19,8,5,1,-0.8660254037844385,-0.5000000000000004,147.5
2525.0,133.27,167.0,0,0,1,0,0,7.52,17.2,29.569502,1.6000001,23.432128,14.2500005,20,8,6,1,-0.8660254037844385,-0.5000000000000004,150.0
2762.5,133.27,167.0,0,0,1,0,0,7.52,13.399999,27.575752,15.2,22.6331695,18.6000015,21,8,0,0,-0.8660254037844385,-0.5000000000000004,125.0
3000.0,133.28,167.0,0,0,1,0,0,7.52,15.400001,28.238253,3.0,23.0748335,5.85,22,8,1,0,-0.8660254037844385,-0.5000000000000004,120.0
2525.0,133.0,167.0,0,0,1,0,0,7.52,17.199999,27.00075,18.3,22.6185825,9.350001,23,8,2,0,-0.8660254037844385,-0.5000000000000004,110.0
5000.0,132.6,167.0,0,0,1,0,0,7.52,73.200005,26.567421,24.800003,22.517542,21.1499988,24,8,3,0,-0.8660254037844385,-0.5000000000000004,100.0
4083.3333333333335,132.42,167.0,0,0,1,0,0,7.52,51.3,26.323668,22.1,22.1717075,22.0,25,8,4,0,-0.8660254037844385,-0.5000000000000004,85.0
3166.666666666667,132.54,167.0,0,0,1,0,0,7.52,59.1,26.021584,59.599995,22.140462,30.1999985,26,8,5,1,-0.8660254037844385,-0.5000000000000004,85.0
2250.0,132.54,167.0,0,0,1,0,0,7.52,7.2,27.159082,23.7,22.0998345,9.85000115,27,8,6,1,-0.8660254037844385,-0.5000000000000004,75.0
2312.5,132.54,167.0,0,0,1,0,0,7.52,3.5999997,27.584082,4.7999997,22.2258765,5.05,28,8,0,0,-0.8660254037844385,-0.5000000000000004,75.0
2375.0,132.52,167.0,0,0,1,0,0,7.52,12.400001,27.419502,13.8,22.451916,2.89999975,29,8,1,0,-0.8660254037844385,-0.5000000000000004,75.0
2437.5,132.64,167.0,0,0,1,0,0,7.52,3.1,28.684084,0.4,23.076917,2.55,30,8,2,0,-0.8660254037844385,-0.5000000000000004,75.0
2500.0,132.68,167.0,0,0,1,0,0,7.52,0.90000004,29.344503,0.5,23.215459000000003,4.1499996,31,8,3,0,-0.8660254037844385,-0.5000000000000004,85.0
7600.0,132.76,170.0,0,0,1,0,0,8.19,4.1,29.286163,5.7999997,23.4237945,5.6999999,1,9,4,0,-1.0,-1.8369701987210294e-16,95.0
24350.0,132.65,170.0,0,0,1,0,0,8.19,3.2,28.213251,9.000001,23.513377,7.6,2,9,5,1,-1.0,-1.8369701987210294e-16,95.0
7300.0,132.65,170.0,0,0,1,0,0,8.19,2.7000003,29.471586,0.0,23.887335,1.3,3,9,6,1,-1.0,-1.8369701987210294e-16,75.0
19000.0,132.65,170.0,0,0,1,0,0,8.19,0.70000005,28.834085,7.6,23.991503,1.15000005,4,9,0,0,-1.0,-1.8369701987210294e-16,65.0
7500.0,132.7,170.0,0,0,1,0,0,8.19,0.1,28.898666,0.0,23.5998345,1.60000012,5,9,1,0,-1.0,-1.8369701987210294e-16,60.0
4750.0,133.17,170.0,0,0,1,0,0,8.19,0.70000005,29.944502,0.0,24.528999,0.5,6,9,2,0,-1.0,-1.8369701987210294e-16,55.0
7375.0,133.32,170.0,0,0,1,0,0,8.19,5.3,29.184084,5.1,23.894629,4.5999999,7,9,3,0,-1.0,-1.8369701987210294e-16,50.0
10000.0,133.44,170.0,0,0,1,0,0,8.19,9.4,27.92367,10.700001,22.643585,9.7,8,9,4,0,-1.0,-1.8369701987210294e-16,45.0
5000.0,133.02,170.0,0,0,1,0,0,8.19,22.199999,27.163254,12.4,22.2352515,6.7,9,9,5,1,-1.0,-1.8369701987210294e-16,45.0
3500.0,133.02,170.0,0,0,1,0,0,8.19,9.8,29.159082,0.3,22.736292,3.8000001,10,9,6,1,-1.0,-1.8369701987210294e-16,45.0
2000.0,133.02,170.0,0,0,1,0,0,8.19,0.5,29.086166,0.2,23.2654605,2.45000015,11,9,0,0,-1.0,-1.8369701987210294e-16,51.67
4000.0,133.16,170.0,0,0,1,0,0,8.19,5.5000005,28.586166,14.0,23.222752,8.550001,12,9,1,0,-1.0,-1.8369701987210294e-16,58.33
6000.0,132.98,170.0,0,0,1,0,0,8.19,6.7,29.736168,0.70000005,23.4769195,6.0,13,9,2,0,-1.0,-1.8369701987210294e-16,65.0
5515.625,133.08,170.0,0,0,1,0,0,8.19,1.1000001,29.767416,0.6,23.838375,4.75,14,9,3,0,-1.0,-1.8369701987210294e-16,65.0
5031.25,133.16,170.0,0,0,1,0,0,8.19,1.8000001,29.479918,0.4,23.490459,4.04999995,15,9,4,0,-1.0,-1.8369701987210294e-16,65.0
10062.5,133.4,170.0,0,0,1,0,0,8.19,1.9000001,29.648666,0.7,23.102959,1.0,16,9,5,1,-1.0,-1.8369701987210294e-16,65.0
15093.75,133.4,170.0,0,0,1,0,0,8.19,4.7999997,29.279917,1.3,22.98421,2.6,17,9,6,1,-1.0,-1.8369701987210294e-16,65.0
20125.0,133.4,170.0,0,0,1,0,0,8.19,5.8,28.917414,11.499999,23.3675455,4.59999985,18,9,0,0,-1.0,-1.8369701987210294e-16,65.0
13950.0,133.54,170.0,0,0,1,0,0,8.19,2.2999997,28.248665,2.0,23.0227515,1.75,19,9,1,0,-1.0,-1.8369701987210294e-16,75.0
12250.0,133.54,170.0,0,0,1,0,0,8.19,4.6,28.317413,3.5,22.3060835,12.15000015,20,9,2,0,-1.0,-1.8369701987210294e-16,50.0
43375.0,133.22,170.0,0,0,1,0,0,8.19,21.1,27.657003,0.8000001,22.0769175,5.749999799999999,21,9,3,0,-1.0,-1.8369701987210294e-16,50.0
43187.5,133.25,170.0,0,0,1,0,0,8.19,15.100002,27.538254,0.4,21.5862905,13.65,22,9,4,0,-1.0,-1.8369701987210294e-16,49.81
43000.0,133.0,170.0,0,0,1,0,0,8.19,1.3000001,26.06742,6.7,21.3425445,0.8,23,9,5,1,-1.0,-1.8369701987210294e-16,49.62
42812.5,133.0,170.0,0,0,1,0,0,8.19,1.0,26.125753,0.8,21.681085000000003,2.15000005,24,9,6,1,-1.0,-1.8369701987210294e-16,49.42
42625.0,133.0,170.0,1,0,1,0,0,8.19,11.0,26.552835,0.3,21.3456665,2.45000005,25,9,0,0,-1.0,-1.8369701987210294e-16,49.23
42437.5,133.34,170.0,1,0,1,0,0,8.19,6.1,27.069506,7.6,21.755042,3.0000001000000003,26,9,1,0,-1.0,-1.8369701987210294e-16,49.04
42250.0,133.48,170.0,1,0,1,0,0,8.19,0.90000004,27.682,2.1,22.2769195,1.05000015,27,9,2,0,-1.0,-1.8369701987210294e-16,48.85
42062.5,133.46,170.0,1,0,1,0,0,8.19,1.1,28.446585,0.0,22.93942,1.45,28,9,3,0,-1.0,-1.8369701987210294e-16,48.65
41875.0,133.4,170.0,1,0,1,0,0,8.19,4.2000003,29.350754,0.0,23.1498335,2.39999995,29,9,4,0,-1.0,-1.8369701987210294e-16,48.46
41687.5,133.17,170.0,1,0,1,0,0,8.19,3.6,28.190338,0.0,23.348794,1.7,30,9,5,1,-1.0,-1.8369701987210294e-16,48.27
41500.0,133.17,170.0,1,1,0,0,0,7.5,0.1,28.077833,0.4,22.8946285,0.350000025,1,10,6,1,-0.8660254037844386,0.5000000000000001,48.08
41312.5,133.17,170.0,1,1,0,0,0,7.5,11.5,27.7695,3.6999998,21.977960000000003,2.6499999,2,10,0,0,-0.8660254037844386,0.5000000000000001,47.88
41125.0,133.17,170.0,1,1,0,0,0,7.5,3.1999998,26.952835,4.9999995,22.157128,1.3000001,3,10,1,0,-0.8660254037844386,0.5000000000000001,47.69
40937.5,133.44,170.0,1,1,0,0,0,7.5,10.3,26.559082,2.3,20.6779595,9.1,4,10,2,0,-0.8660254037844386,0.5000000000000001,47.5
40750.0,133.49,170.0,1,1,0,0,0,7.5,0.4,26.902832,0.6,21.5529595,2.1000002,5,10,3,0,-0.8660254037844386,0.5000000000000001,47.31
40562.5,133.51,170.0,1,1,0,0,0,7.5,2.1999998,27.13825,1.7,21.379002,4.0000001,6,10,4,0,-0.8660254037844386,0.5000000000000001,47.12
40375.0,133.5,170.0,1,1,0,0,0,7.5,1.0,26.496582,1.3000001,21.4654575,1.7000001,7,10,5,1,-0.8660254037844386,0.5000000000000001,46.92
40187.5,133.5,170.0,1,1,0,0,0,7.5,2.8000002,26.977835,1.0,21.033169,7.14999975,8,10,6,1,-0.8660254037844386,0.5000000000000001,46.73
40000.0,133.5,170.0,1,1,0,0,0,7.5,1.2000002,26.923666,2.4,20.6071245,2.15000002,9,10,0,0,-0.8660254037844386,0.5000000000000001,46.54
39812.5,133.53,170.0,1,1,0,0,0,7.5,2.2000003,26.47783,3.1,21.024832,2.25,10,10,1,0,-0.8660254037844386,0.5000000000000001,46.35
39625.0,133.5,170.0,1,1,0,0,0,7.5,1.6,25.884085,1.4000002,19.7258755,3.2,11,10,2,0,-0.8660254037844386,0.5000000000000001,46.15
39437.5,133.41,170.0,1,1,0,0,0,7.5,1.8000001,26.275751,0.5,19.7665,2.40000005,12,10,3,0,-0.8660254037844386,0.5000000000000001,45.96
39250.0,133.5,170.0,1,1,0,0,0,7.5,0.6,25.332003,0.0,19.764418,2.6,13,10,4,0,-0.8660254037844386,0.5000000000000001,45.77
39062.5,133.53,170.0,1,1,0,0,0,7.5,1.4000001,24.521585,0.0,18.950877,3.799999750000001,14,10,5,1,-0.8660254037844386,0.5000000000000001,45.58
38875.0,133.53,170.0,1,1,0,0,0,7.5,0.4,24.725748,0.5,18.4102505,1.25000005,15,10,6,1,-0.8660254037844386,0.5000000000000001,45.38
38687.5,133.53,170.0,1,1,0,0,0,7.5,8.5,24.709085,9.1,18.301917000000003,3.5500000000000003,16,10,0,0,-0.8660254037844386,0.5000000000000001,45.19
38500.0,133.55,170.0,1,1,0,0,0,7.5,2.1999998,23.94658,1.3,18.4362935,0.85,17,10,1,0,-0.8660254037844386,0.5000000000000001,45.0
500.0,133.52,170.0,1,1,0,0,0,7.5,2.4,23.671585,0.0,18.210251,0.65,18,10,2,0,-0.8660254037844386,0.5000000000000001,45.0
15000.0,133.52,170.0,1,1,0,0,0,7.5,1.6000001,23.54033,0.3,17.673794,0.3,19,10,3,0,-0.8660254037844386,0.5000000000000001,45.0
11012.5,133.5,170.0,1,1,0,0,0,7.5,0.4,23.290335,0.0,17.380043,0.2,20,10,4,0,-0.8660254037844386,0.5000000000000001,45.0
7025.0,133.3,170.0,1,1,0,0,0,7.5,1.8000002,22.646585,0.0,17.699832999999998,0.05,21,10,5,1,-0.8660254037844386,0.5000000000000001,60.0
14050.0,133.3,170.0,1,1,0,0,0,7.5,0.0,23.01742,0.0,18.0560845,0.0,22,10,6,1,-0.8660254037844386,0.5000000000000001,75.0
5500.0,133.3,170.0,1,1,0,0,0,7.5,0.1,23.100752,0.0,18.2769165,0.0,23,10,0,0,-0.8660254037844386,0.5000000000000001,75.0
2525.0,133.42,170.0,1,1,0,0,0,7.5,0.4,23.561167,0.0,18.609209,0.4,24,10,1,0,-0.8660254037844386,0.5000000000000001,75.0
3400.0,133.42,169.25,1,1,0,0,0,7.5,0.2,23.607,0.0,18.4904575,0.35,25,10,2,0,-0.8660254037844386,0.5000000000000001,73.75
4275.0,133.4,168.5,1,1,0,0,0,7.5,0.3,23.38617,0.1,17.830044,0.5,26,10,3,0,-0.8660254037844386,0.5000000000000001,72.5
5150.0,133.48,167.75,1,1,0,0,0,7.5,4.5,23.832,0.8,17.2665005,0.05,27,10,4,0,-0.8660254037844386,0.5000000000000001,71.25
6025.0,133.5,167.0,1,1,0,0,0,7.5,0.5,23.494501,0.0,17.0217095,0.0,28,10,5,1,-0.8660254037844386,0.5000000000000001,70.0
6900.0,133.5,166.25,1,1,0,0,0,7.5,0.70000005,22.796585,0.0,18.085249,0.0,29,10,6,1,-0.8660254037844386,0.5000000000000001,68.75
7775.0,133.5,165.5,1,1,0,0,0,7.5,0.0,22.629915,0.0,18.4852515,0.05,30,10,0,0,-0.8660254037844386,0.5000000000000001,67.5
8650.0,133.51,164.75,1,1,0,0,0,7.5,0.1,24.134085,0.0,18.730043,0.0,31,10,1,0,-0.8660254037844386,0.5000000000000001,66.25
9525.0,133.51,164.0,1,1,0,0,0,5.38,0.0,23.848665,0.0,18.2946255,0.0,1,11,2,0,-0.5000000000000004,0.8660254037844384,65.0
4250.0,133.57,164.0,1,1,0,0,0,5.38,0.2,23.659082,0.0,18.1248345,0.0,2,11,3,0,-0.5000000000000004,0.8660254037844384,65.0
12125.0,133.5,164.0,1,1,0,0,0,5.38,0.4,23.0445,0.0,17.250877,0.8,3,11,4,0,-0.5000000000000004,0.8660254037844384,65.0
20000.0,133.56,164.0,1,1,0,0,0,5.38,0.4,22.88617,0.0,16.1685845,0.25,4,11,5,1,-0.5000000000000004,0.8660254037844384,65.0
12000.0,133.56,164.0,1,1,0,0,0,5.38,0.3,21.979918,0.0,16.1873345,0.05,5,11,6,1,-0.5000000000000004,0.8660254037844384,65.0
11750.0,133.56,164.0,1,1,0,0,0,5.38,1.2,21.5195,0.0,16.506083,0.550000025,6,11,0,0,-0.5000000000000004,0.8660254037844384,65.0
11500.0,133.45,164.0,1,1,0,0,0,5.38,0.1,21.617418,0.0,16.626918500000002,0.15,7,11,1,0,-0.5000000000000004,0.8660254037844384,65.0
11250.0,133.52,164.0,1,1,0,0,0,5.38,0.0,21.136168,0.0,16.489417500000002,0.0,8,11,2,0,-0.5000000000000004,0.8660254037844384,65.0
11000.0,133.54,164.0,1,1,0,0,0,5.38,0.0,20.911165,0.0,15.861294,0.0,9,11,3,0,-0.5000000000000004,0.8660254037844384,65.0
10666.666666666666,133.56,164.0,1,1,0,0,0,5.38,0.1,21.496584,0.0,16.111292,0.0,10,11,4,0,-0.5000000000000004,0.8660254037844384,65.0
10333.333333333334,133.65,164.0,1,1,0,0,0,5.38,0.1,21.509087,0.0,16.2717095,0.6,11,11,5,1,-0.5000000000000004,0.8660254037844384,45.0
10000.0,133.65,164.0,1,1,0,0,0,5.38,0.0,20.917418,0.0,16.1404575,0.0,12,11,6,1,-0.5000000000000004,0.8660254037844384,55.0
7626.25,133.65,164.0,1,1,0,0,0,5.38,0.2,20.85075,0.0,16.719625,0.0,13,11,0,0,-0.5000000000000004,0.8660254037844384,55.0
5252.5,133.64,164.0,1,1,0,0,0,5.38,0.0,20.721584,0.0,16.9394175,0.0,14,11,1,0,-0.5000000000000004,0.8660254037844384,65.0
2878.75,133.64,164.0,1,1,0,0,0,5.38,0.0,21.40075,0.0,16.88525,0.0,15,11,2,0,-0.5000000000000004,0.8660254037844384,65.0
505.0,133.34,164.0,0,1,0,0,0,5.38,0.1,22.361168,0.0,16.7227505,0.0,16,11,3,0,-0.5000000000000004,0.8660254037844384,65.0
1010.0,133.48,164.0,0,1,0,0,0,5.38,0.0,22.782,0.0,17.1831685,0.0,17,11,4,0,-0.5000000000000004,0.8660254037844384,65.0
1515.0,133.54,164.0,0,1,0,0,0,5.38,0.0,22.052835,0.0,16.285251000000002,0.1,18,11,5,1,-0.5000000000000004,0.8660254037844384,65.0
2020.0,133.54,164.0,0,1,0,0,0,5.38,0.0,21.807001,0.0,16.268583,0.0,19,11,6,1,-0.5000000000000004,0.8660254037844384,65.0
2525.0,133.54,164.0,0,1,0,0,0,5.38,0.0,20.732,0.0,16.286292,0.0,20,11,0,0,-0.5000000000000004,0.8660254037844384,65.0
1683.33,133.65,164.0,0,1,0,0,0,5.38,0.0,20.196585,0.0,15.513375,0.0,21,11,1,0,-0.5000000000000004,0.8660254037844384,71.67
841.67,133.68,164.0,0,1,0,0,0,5.38,0.0,20.096584,0.0,14.615459,0.3,22,11,2,0,-0.5000000000000004,0.8660254037844384,78.33
1989.2885714285712,133.62,164.0,0,1,0,0,0,5.38,0.3,20.113249,0.0,14.7362925,0.15,23,11,3,0,-0.5000000000000004,0.8660254037844384,85.0
3136.907142857143,133.66,164.0,0,1,0,0,0,5.38,2.1,19.986168,0.0,15.531084,1.000000075,24,11,4,0,-0.5000000000000004,0.8660254037844384,85.0
4284.5257142857145,133.7,164.0,0,1,0,0,0,5.38,1.4000001,20.434084,0.0,15.517542,0.05,25,11,5,1,-0.5000000000000004,0.8660254037844384,85.0
5432.144285714286,133.7,164.0,0,1,0,0,0,5.38,0.0,20.675749,0.0,16.3425415,0.0,26,11,6,1,-0.5000000000000004,0.8660254037844384,85.0
6579.762857142858,133.7,164.0,0,1,0,0,0,5.38,0.1,20.615334,0.0,16.585251,0.0,27,11,0,0,-0.5000000000000004,0.8660254037844384,85.0
7727.381428571429,133.7,164.0,0,1,0,0,0,5.38,0.2,21.359083,0.0,16.395667,0.05,28,11,1,0,-0.5000000000000004,0.8660254037844384,85.0
8875.0,133.64,164.0,0,1,0,0,0,5.38,0.1,20.590334,0.0,15.97796,0.1,29,11,2,0,-0.5000000000000004,0.8660254037844384,85.0
7645.833333333333,133.63,160.0,0,1,0,0,0,5.38,0.0,19.692415,0.0,14.8956665,0.0,30,11,3,0,-0.5000000000000004,0.8660254037844384,85.0
6416.666666666666,133.74,160.0,0,0,0,0,1,4.95,0.1,20.582,0.0,15.734209,0.05,1,12,4,0,-2.4492935982947064e-16,1.0,85.0
5187.5,133.57,160.0,0,0,0,0,1,4.95,0.0,20.459085,0.0,15.154001,0.0,2,12,5,1,-2.4492935982947064e-16,1.0,76.67
3958.333333333333,133.57,160.0,0,0,0,0,1,4.95,0.0,19.432001,0.0,15.445666,0.0,3,12,6,1,-2.4492935982947064e-16,1.0,75.0
2729.166666666667,133.57,160.0,0,0,0,0,1,4.95,0.0,19.644503,0.0,14.6446255,0.1,4,12,0,0,-2.4492935982947064e-16,1.0,75.0
1500.0,133.69,160.0,0,0,0,0,1,4.95,0.0,18.596582,0.0,15.2352505,0.0,5,12,1,0,-2.4492935982947064e-16,1.0,65.0
3000.0,133.72,160.0,0,0,0,0,1,4.95,0.0,20.402834,0.0,14.744626,0.0,6,12,2,0,-2.4492935982947064e-16,1.0,66.67
2965.909090909091,133.63,160.0,0,0,0,0,1,4.95,0.2,18.813253,1.2,13.6967065,0.2,7,12,3,0,-2.4492935982947064e-16,1.0,55.0
2931.818181818182,133.67,160.0,0,0,0,0,1,4.95,0.0,18.954918,0.0,13.731083,0.0,8,12,4,0,-2.4492935982947064e-16,1.0,65.0
2897.7272727272725,133.72,160.0,0,0,0,0,1,4.95,0.0,17.702833,0.0,13.20295775,0.0,9,12,5,1,-2.4492935982947064e-16,1.0,66.67
2863.6363636363635,133.72,160.0,0,0,0,0,1,4.95,0.1,16.371584,0.0,12.255042,0.0,10,12,6,1,-2.4492935982947064e-16,1.0,65.0
2829.5454545454545,133.72,160.0,0,0,0,0,1,4.95,0.4,16.079918,0.0,12.267543,0.0,11,12,0,0,-2.4492935982947064e-16,1.0,65.0
2795.454545454545,133.74,160.0,0,0,0,0,1,4.95,1.5,16.519499,0.0,12.481084,0.0,12,12,1,0,-2.4492935982947064e-16,1.0,55.0
2761.3636363636365,133.73,160.0,0,0,0,0,1,4.95,1.4000001,15.7924185,0.0,11.0519175,0.400000025,13,12,2,0,-2.4492935982947064e-16,1.0,63.33
2727.272727272727,133.75,160.0,0,0,0,0,1,4.95,0.0,15.623668,0.0,11.09045825,0.0,14,12,3,0,-2.4492935982947064e-16,1.0,50.0
2693.181818181818,133.64,157.0,0,0,0,0,1,4.95,0.0,14.852833,0.0,11.4779575,0.0,15,12,4,0,-2.4492935982947064e-16,1.0,53.33
2659.090909090909,133.11,157.0,0,0,0,0,1,4.95,0.0,15.121583,0.0,11.9831665,0.0,16,12,5,1,-2.4492935982947064e-16,1.0,55.0
2625.0,133.11,157.0,0,0,0,0,1,4.95,0.0,15.221583,0.0,12.8977505,0.0,17,12,6,1,-2.4492935982947064e-16,1.0,55.0
3167.857142857143,133.11,157.0,0,0,0,0,1,4.95,0.0,15.215333,0.0,11.820666,0.0,18,12,0,0,-2.4492935982947064e-16,1.0,65.0
3710.714285714286,133.2,157.0,0,0,0,0,1,4.95,0.0,15.319501,0.0,11.5758745,0.0,19,12,1,0,-2.4492935982947064e-16,1.0,65.0
4253.571428571428,133.4,157.0,0,0,0,0,1,4.95,0.0,15.832001,0.0,12.724833,0.0,20,12,2,0,-2.4492935982947064e-16,1.0,65.0
4796.428571428572,133.38,157.0,0,0,0,0,1,4.95,0.0,15.41325,0.0,13.92170875,0.0,21,12,3,0,-2.4492935982947064e-16,1.0,65.0
5339.285714285714,133.55,157.0,0,0,0,0,1,4.95,0.0,16.127834,0.0,13.480042999999998,0.0,22,12,4,0,-2.4492935982947064e-16,1.0,55.0
5882.142857142857,133.33,157.0,0,0,0,0,1,4.95,0.0,17.607,0.0,13.62379275,0.0,23,12,5,1,-2.4492935982947064e-16,1.0,55.0
6425.0,133.33,157.0,0,0,0,0,1,4.95,0.0,17.592419,0.0,12.997751,0.0,24,12,6,1,-2.4492935982947064e-16,1.0,55.0
5950.0,133.33,157.0,0,0,0,0,1,4.95,0.0,17.81325,0.0,12.543583,0.0,25,12,0,0,-2.4492935982947064e-16,1.0,55.0
5475.0,133.33,157.0,0,0,0,0,1,4.95,0.0,17.109085,0.0,12.869624,0.0,26,12,1,0,-2.4492935982947064e-16,1.0,65.0
5000.0,133.42,157.0,0,0,0,0,1,4.95,0.0,16.952837,0.0,13.010251,0.0,27,12,2,0,-2.4492935982947064e-16,1.0,55.0
4000.0,133.66,157.0,0,0,0,0,1,4.95,0.70000005,17.263252,0.0,12.988375,0.15,28,12,3,0,-2.4492935982947064e-16,1.0,55.0
3000.0,133.37,157.0,0,0,0,0,1,4.95,0.0,17.002834,0.0,12.724834,0.0,29,12,4,0,-2.4492935982947064e-16,1.0,55.0
5000.0,133.44,157.0,0,0,0,0,1,4.95,0.2,15.7403345,0.0,13.0477505,0.0,30,12,5,1,-2.4492935982947064e-16,1.0,55.0
9000.0,133.44,157.0,0,0,0,0,1,4.95,0.0,14.636167,0.0,12.482125,0.0,31,12,6,1,-2.4492935982947064e-16,1.0,55.0
7000.0,133.44,157.0,0,0,0,0,1,5.26,0.0,13.731999,0.0,11.7060835,0.0,1,1,0,0,0.4999999999999999,0.8660254037844387,55.0
5000.0,133.49,157.0,0,0,0,0,1,5.26,0.2,13.679916,0.0,11.0519175,0.05,2,1,1,0,0.4999999999999999,0.8660254037844387,45.0
5000.0,133.62,157.0,0,0,0,0,1,5.26,0.0,13.963252,0.0,10.9342085,0.0,3,1,2,0,0.4999999999999999,0.8660254037844387,65.0
5000.0,133.55,157.0,0,0,0,0,1,5.26,0.1,13.911168,0.0,11.0133735,0.0,4,1,3,0,0.4999999999999999,0.8660254037844387,55.0
5000.0,133.48,157.0,0,0,0,0,1,5.26,0.0,14.36325,0.0,11.212334,0.0,5,1,4,0,0.4999999999999999,0.8660254037844387,55.0
5000.0,133.35,157.0,0,0,0,0,1,5.26,0.4,15.588249,0.0,11.41025,0.0,6,1,5,1,0.4999999999999999,0.8660254037844387,55.0
5000.0,133.35,157.0,0,0,0,0,1,5.26,0.0,15.617417,0.0,11.382125,0.0,7,1,6,1,0.4999999999999999,0.8660254037844387,55.0
5000.0,133.35,157.0,0,0,0,0,1,5.26,0.0,15.0945015,0.0,11.64879075,0.0,8,1,0,0,0.4999999999999999,0.8660254037844387,45.0
5000.0,133.33,157.0,0,0,0,0,1,5.26,0.0,14.273667,0.0,12.831084,0.0,9,1,1,0,0.4999999999999999,0.8660254037844387,45.0
5000.0,133.29,157.0,0,0,0,0,1,5.26,0.0,13.534085,0.0,12.1654585,0.0,10,1,2,0,0.4999999999999999,0.8660254037844387,45.0
2987.5,133.16,157.0,0,0,0,0,1,5.26,0.0,13.779918,0.0,10.3998335,0.0,11,1,3,0,0.4999999999999999,0.8660254037844387,45.0
975.0,133.15,157.0,0,0,0,0,1,5.26,0.0,12.181999,0.0,11.149834,0.0,12,1,4,0,0.4999999999999999,0.8660254037844387,45.0
1812.5,132.98,157.0,0,0,0,0,1,5.26,0.0,12.107001,0.0,12.6706685,0.0,13,1,5,1,0.4999999999999999,0.8660254037844387,45.0
2650.0,132.98,157.0,0,0,0,0,1,5.26,0.0,12.684082,0.0,12.53004225,0.0,14,1,6,1,0.4999999999999999,0.8660254037844387,45.0
3487.5,132.98,156.0,0,0,0,0,1,5.26,0.2,13.171584,0.0,11.9800415,0.0,15,1,0,0,0.4999999999999999,0.8660254037844387,45.0
4325.0,132.92,156.0,0,0,0,0,1,5.26,2.3000002,13.265335,0.0,11.261292,0.0,16,1,1,0,0.4999999999999999,0.8660254037844387,45.0
5162.5,133.22,156.0,0,0,0,0,1,5.26,5.8,13.0195,0.0,9.9133745,0.3,17,1,2,0,0.4999999999999999,0.8660254037844387,45.0
6000.0,133.33,156.0,0,0,0,0,1,5.26,0.5,13.267418,0.0,9.3935835,0.15,18,1,3,0,0.4999999999999999,0.8660254037844387,45.0
4250.0,133.3,156.0,0,0,0,0,1,5.26,0.0,13.677834,0.0,8.57587475,0.0,19,1,4,0,0.4999999999999999,0.8660254037844387,55.0
2500.0,133.21,156.0,0,0,0,0,1,5.26,0.0,12.629917,0.0,10.0071245,0.0,20,1,5,1,0.4999999999999999,0.8660254037844387,55.0
10000.0,133.21,156.0,0,0,0,0,1,5.26,0.0,10.813251,0.0,8.7529575,0.0,21,1,6,1,0.4999999999999999,0.8660254037844387,55.0
12000.0,133.21,156.0,0,0,0,0,1,5.26,0.0,10.959084,0.0,8.640457999999999,0.0,22,1,0,0,0.4999999999999999,0.8660254037844387,55.0
11468.75,133.21,156.0,0,0,0,0,1,5.26,0.70000005,11.55075,0.0,10.2185835,0.0,23,1,1,0,0.4999999999999999,0.8660254037844387,55.0
10937.5,133.35,156.0,0,0,0,0,1,5.26,2.0,11.604917,0.0,9.8164995,0.0,24,1,2,0,0.4999999999999999,0.8660254037844387,55.0
10406.25,133.3,156.0,0,0,0,0,1,5.26,0.1,11.673667,0.0,9.61754125,0.0,25,1,3,0,0.4999999999999999,0.8660254037844387,55.0
9875.0,133.29,156.0,0,0,0,0,1,5.26,0.0,12.227833,0.0,9.54670925,0.0,26,1,4,0,0.4999999999999999,0.8660254037844387,55.0
9583.333333333334,133.29,156.0,0,0,0,0,1,5.26,0.0,11.477834,0.0,9.04775,0.0,27,1,5,1,0.4999999999999999,0.8660254037844387,55.0
9291.666666666666,133.29,156.0,0,0,0,0,1,5.26,0.0,12.719501,0.0,9.9956655,0.0,28,1,6,1,0.4999999999999999,0.8660254037844387,65.0
9000.0,133.29,156.0,0,0,0,0,1,5.26,0.1,13.421584,0.0,10.8133745,0.0,29,1,0,0,0.4999999999999999,0.8660254037844387,65.0
13800.0,133.32,156.0,0,0,0,0,1,5.26,1.0,14.098667,0.0,10.615458,0.0,30,1,1,0,0.4999999999999999,0.8660254037844387,65.0
12533.333333333334,133.28,158.0,0,0,0,0,1,5.26,0.0,14.848667,0.0,10.474833,0.0,31,1,2,0,0.4999999999999999,0.8660254037844387,65.0
11266.666666666668,133.18,158.0,0,0,0,0,1,5.01,0.2,15.963249,0.0,10.27274925,0.45000005,1,2,3,0,0.8660254037844386,0.5000000000000001,55.0
10000.0,133.05,158.0,0,0,0,0,1,5.01,0.0,15.35075,0.0,10.829,0.0,2,2,4,0,0.8660254037844386,0.5000000000000001,65.0
2856.0,132.98,158.0,0,0,0,0,1,5.01,0.0,13.898666,0.0,10.4175425,0.0,3,2,5,1,0.8660254037844386,0.5000000000000001,65.0
16450.0,132.98,158.0,0,0,0,0,1,5.01,3.2,15.338252,0.0,9.6633755,1.850000025,4,2,6,1,0.8660254037844386,0.5000000000000001,65.0
24950.0,132.98,158.0,0,0,0,0,1,5.01,0.0,15.663251,0.0,11.6831675,0.0,5,2,0,0,0.8660254037844386,0.5000000000000001,65.0
15475.0,133.2,158.0,0,0,0,0,1,5.01,0.0,14.925751,0.0,11.416498,0.0,6,2,1,0,0.8660254037844386,0.5000000000000001,65.0
6000.0,133.2,158.0,0,0,0,0,1,5.01,0.0,14.146584,0.0,10.736292,0.0,7,2,2,0,0.8660254037844386,0.5000000000000001,70.0
12000.0,133.06,158.0,0,0,0,0,1,5.01,0.0,13.077834,0.0,10.77066675,0.0,8,2,3,0,0.8660254037844386,0.5000000000000001,75.0
17250.0,133.04,158.0,0,0,0,0,1,5.01,0.0,13.979919,0.0,10.4227505,0.0,9,2,4,0,0.8660254037844386,0.5000000000000001,65.0
24725.0,133.16,158.0,0,0,0,0,1,5.01,0.2,14.81742,0.0,12.9904585,0.0,10,2,5,1,0.8660254037844386,0.5000000000000001,65.0
12600.0,133.16,158.0,0,0,0,0,1,5.01,0.1,15.686165,0.0,13.259209,0.0,11,2,6,1,0.8660254037844386,0.5000000000000001,65.0
22000.0,133.16,158.0,0,0,0,0,1,5.01,0.0,15.923664,0.0,13.3862915,0.0,12,2,0,0,0.8660254037844386,0.5000000000000001,65.0
2250.0,133.11,158.0,0,0,0,0,1,5.01,0.0,16.37575,0.0,13.96754175,0.0,13,2,1,0,0.8660254037844386,0.5000000000000001,65.0
3670.0,133.11,158.0,0,0,0,0,1,5.01,1.0,16.6195,0.2,13.334208,0.15,14,2,2,0,0.8660254037844386,0.5000000000000001,55.0
5090.0,133.16,160.0,0,0,0,0,1,5.01,0.0,17.456999,0.0,13.59879175,0.0,15,2,3,0,0.8660254037844386,0.5000000000000001,65.0
6645.0,133.18,160.0,0,0,0,0,1,5.01,0.0,17.734083,0.0,13.9008745,0.0,16,2,4,0,0.8660254037844386,0.5000000000000001,65.0
8200.0,133.13,160.0,0,0,0,0,1,5.01,0.0,17.5945,0.0,13.584208,0.0,17,2,5,1,0.8660254037844386,0.5000000000000001,55.0
7683.333333333333,133.13,160.0,0,0,0,0,1,5.01,0.0,17.47992,0.0,13.6779595,0.0,18,2,6,1,0.8660254037844386,0.5000000000000001,55.0
7166.666666666667,133.13,160.0,0,0,0,0,1,5.01,0.1,17.73617,0.0,14.389417,0.0,19,2,0,0,0.8660254037844386,0.5000000000000001,55.0
6650.0,133.13,160.0,0,0,0,0,1,5.01,0.0,19.325752,0.0,15.763376,0.5,20,2,1,0,0.8660254037844386,0.5000000000000001,55.0
4944.333333333333,133.05,160.0,0,0,0,0,1,5.01,0.0,19.496584,0.2,13.864417,0.25,21,2,2,0,0.8660254037844386,0.5000000000000001,55.0
3238.6666666666665,133.06,160.0,0,0,0,0,1,5.01,0.7,18.621584,0.0,12.9081665,1.95,22,2,3,0,0.8660254037844386,0.5000000000000001,55.0
1533.0,132.85,160.0,0,0,0,0,1,5.01,0.0,17.875751,0.0,11.76962475,0.05,23,2,4,0,0.8660254037844386,0.5000000000000001,55.0
1491.0,133.01,160.0,0,0,0,0,1,5.01,1.1,16.929918,0.0,11.808166,0.0,24,2,5,1,0.8660254037844386,0.5000000000000001,55.0
1449.0,133.01,160.0,0,0,0,0,1,5.01,0.0,16.4695,0.0,12.545666,0.0,25,2,6,1,0.8660254037844386,0.5000000000000001,55.0
1407.0,133.01,160.0,0,0,0,0,1,5.01,0.0,16.240335,0.0,13.32483375,0.0,26,2,0,0,0.8660254037844386,0.5000000000000001,55.0
1365.0,132.93,160.0,0,0,0,0,1,5.01,0.0,16.650751,0.0,14.24045825,0.0,27,2,1,0,0.8660254037844386,0.5000000000000001,55.0
7000.0,132.94,160.0,0,0,0,0,1,5.01,0.0,18.12992,0.0,14.5539985,0.0,28,2,2,0,0.8660254037844386,0.5000000000000001,55.0
4387.5,132.98,160.0,0,0,0,0,1,5.01,0.0,18.715332,0.0,14.66025,0.0,29,2,3,0,0.8660254037844386,0.5000000000000001,55.0
1775.0,132.97,160.0,0,0,0,1,0,4.82,0.0,19.088251,0.0,14.895668,0.0,1,3,4,0,1.0,6.123233995736766e-17,55.0
1139.5,132.95,160.0,0,0,0,1,0,4.82,0.8,20.80075,0.0,15.590458,0.8,2,3,5,1,1.0,6.123233995736766e-17,55.0
504.0,132.95,160.0,0,0,0,1,0,4.82,6.1000004,19.798666,0.8000001,14.8977505,2.89999995,3,3,6,1,1.0,6.123233995736766e-17,55.0
1008.0,132.95,160.0,0,0,0,1,0,4.82,1.4,21.165335,2.4,15.698792,0.05,4,3,0,0,1.0,6.123233995736766e-17,55.0
5000.0,132.93,160.0,1,0,0,1,0,4.82,0.0,20.62992,0.0,15.24671,0.0,5,3,1,0,1.0,6.123233995736766e-17,55.0
2600.0,132.94,160.0,1,0,0,1,0,4.82,0.0,18.846584,0.0,15.818586,0.0,6,3,2,0,1.0,6.123233995736766e-17,55.0
200.0,132.82,160.0,1,0,0,1,0,4.82,0.1,18.371584,0.0,16.013377,0.0,7,3,3,0,1.0,6.123233995736766e-17,65.0
980.0,132.76,160.0,1,0,0,1,0,4.82,0.0,19.490335,0.0,15.3279595,0.0,8,3,4,0,1.0,6.123233995736766e-17,65.0
1760.0,132.76,160.0,1,0,0,1,0,4.82,0.0,19.071583,0.0,15.39879225,0.0,9,3,5,1,1.0,6.123233995736766e-17,55.0
2540.0,132.76,160.0,1,0,0,1,0,4.82,0.0,19.782001,0.0,16.159208500000002,0.0,10,3,6,1,1.0,6.123233995736766e-17,55.0
3320.0,132.76,160.0,1,0,0,1,0,4.82,0.0,21.66117,0.0,17.435250000000003,0.0,11,3,0,0,1.0,6.123233995736766e-17,55.0
4100.0,132.72,160.0,1,0,0,1,0,4.82,0.0,21.790335,0.0,17.817545000000003,0.0,12,3,1,0,1.0,6.123233995736766e-17,55.0
7750.0,132.74,160.0,1,0,0,1,0,4.82,0.6,22.542414,0.0,17.868585500000002,0.0,13,3,2,0,1.0,6.123233995736766e-17,55.0
3465.0,132.89,160.0,1,0,0,1,0,4.82,0.0,22.194502,0.0,17.8967095,0.0,14,3,3,0,1.0,6.123233995736766e-17,65.0
3622.5,132.82,158.0,1,0,0,1,0,4.82,0.0,23.171585,0.0,18.1342085,0.0,15,3,4,0,1.0,6.123233995736766e-17,55.0
3780.0,132.91,158.0,1,0,0,1,0,4.82,0.0,22.865334,0.0,18.074833,0.0,16,3,5,1,1.0,6.123233995736766e-17,55.0
3937.5,132.91,158.0,1,0,0,1,0,4.82,0.0,22.782003,0.0,18.0810855,0.0,17,3,6,1,1.0,6.123233995736766e-17,55.0
4095.0,132.91,158.0,1,0,0,1,0,4.82,0.0,22.75492,0.0,18.059208,0.0,18,3,0,0,1.0,6.123233995736766e-17,55.0
5000.0,132.96,158.0,1,0,0,1,0,4.82,0.0,24.850754,0.0,18.1935855,0.0,19,3,1,0,1.0,6.123233995736766e-17,55.0
10.0,133.16,158.0,1,0,0,1,0,4.82,6.0,19.963251,12.3,14.6529585,8.09999975,20,3,2,0,1.0,6.123233995736766e-17,55.0
1841.67,133.36,158.0,1,0,0,1,0,4.82,6.1,20.240334,14.6,14.616502,4.699999999999999,21,3,3,0,1.0,6.123233995736766e-17,56.67
3673.33,133.34,158.0,1,0,0,1,0,4.82,0.2,20.913252,0.0,15.045668,5.25,22,3,4,0,1.0,6.123233995736766e-17,58.33
5505.0,133.79,158.0,1,0,0,1,0,4.82,12.1,20.946587,3.7,15.9290015,6.7499992,23,3,5,1,1.0,6.123233995736766e-17,60.0
7336.67,133.79,158.0,1,0,0,1,0,4.82,1.7,22.932,0.0,16.838375,2.00000005,24,3,6,1,1.0,6.123233995736766e-17,61.67
9168.33,133.79,158.0,1,0,0,1,0,4.82,0.9,23.386168,0.0,16.697750499999998,1.7000000000000002,25,3,0,0,1.0,6.123233995736766e-17,63.33
11000.0,133.79,158.0,0,0,0,1,0,4.82,1.0000001,23.802835,4.2000003,17.6623335,1.4,26,3,1,0,1.0,6.123233995736766e-17,65.0
16000.0,133.56,158.0,0,0,0,1,0,4.82,9.6,23.996584,0.0,17.313375,3.6999998,27,3,2,0,1.0,6.123233995736766e-17,55.0
24437.5,133.7,158.0,0,0,0,1,0,4.82,4.1,24.194502,0.1,17.9915,1.6500001,28,3,3,0,1.0,6.123233995736766e-17,65.0
32875.0,133.75,158.0,0,0,0,1,0,4.82,2.1000001,25.167418,0.0,18.8800425,1.55,29,3,4,0,1.0,6.123233995736766e-17,75.0
5735.0,133.75,158.0,0,0,0,1,0,4.82,1.2,25.94867,0.0,19.723792,5.5,30,3,5,1,1.0,6.123233995736766e-17,76.67
55000.0,133.75,158.0,0,0,0,1,0,4.82,0.1,25.867416,0.0,20.130042000000003,1.45,31,3,6,1,1.0,6.123233995736766e-17,75.0
46071.0,133.75,158.0,0,0,0,1,0,4.61,0.0,25.738253,0.0,20.545668,0.0,1,4,0,0,0.8660254037844387,-0.4999999999999998,73.0
37142.0,133.75,158.0,0,0,0,1,0,4.61,0.0,24.513254,0.0,20.8394175,0.0,2,4,1,0,0.8660254037844387,-0.4999999999999998,71.0
28213.0,133.72,158.0,0,0,0,1,0,4.61,0.0,24.704916,0.0,21.245669,0.0,3,4,2,0,0.8660254037844387,-0.4999999999999998,69.0
19284.0,133.8,158.0,0,0,0,1,0,4.61,0.0,26.138247,0.0,22.194626,0.0,4,4,3,0,0.8660254037844387,-0.4999999999999998,67.0
10355.0,133.81,158.0,0,0,0,1,0,4.61,0.0,27.111168,0.0,22.023792,0.0,5,4,4,0,0.8660254037844387,-0.4999999999999998,65.0
40952.5,133.58,158.0,0,0,0,1,0,4.61,0.1,26.365335,0.0,21.6925425,0.0,6,4,5,1,0.8660254037844387,-0.4999999999999998,69.38
71550.0,133.58,158.0,0,0,0,1,0,4.61,0.1,26.038252,0.0,21.111293,0.0,7,4,6,1,0.8660254037844387,-0.4999999999999998,73.75
35300.0,133.58,158.0,0,0,0,1,0,4.61,0.0,24.82575,0.0,20.9279595,0.0,8,4,0,0,0.8660254037844387,-0.4999999999999998,75.0
28828.0,133.61,158.0,0,0,0,1,0,4.61,2.0,25.411165,0.0,20.431086,0.05,9,4,1,0,0.8660254037844387,-0.4999999999999998,75.0
22356.0,133.61,158.0,0,0,0,1,0,4.61,0.0,25.492416,0.0,20.80296,0.0,10,4,2,0,0.8660254037844387,-0.4999999999999998,66.67
29000.0,133.4,158.0,0,0,0,1,0,4.61,1.7,26.690338,0.1,20.7467085,0.35,11,4,3,0,0.8660254037844387,-0.4999999999999998,65.0
16500.0,133.4,158.0,0,0,0,1,0,4.61,0.0,26.554916,0.0,20.3883785,0.1,12,4,4,0,0.8660254037844387,-0.4999999999999998,65.0
9500.0,133.77,158.0,1,0,0,1,0,4.61,0.4,27.842417,0.0,21.3987925,0.0,13,4,5,1,0.8660254037844387,-0.4999999999999998,70.0
2500.0,133.77,158.0,1,0,0,1,0,4.61,0.0,28.104912,0.0,21.896708500000003,0.0,14,4,6,1,0.8660254037844387,-0.4999999999999998,75.0
36750.0,133.77,158.0,0,0,0,1,0,4.61,0.0,28.794504,0.0,23.08525,0.05,15,4,0,0,0.8660254037844387,-0.4999999999999998,65.0
16260.0,133.83,161.0,0,0,0,1,0,4.61,4.0,28.365334,0.0,23.346712,0.35,16,4,1,0,0.8660254037844387,-0.4999999999999998,65.0
23250.0,133.96,161.0,0,0,0,1,0,4.61,0.2,28.017416,0.0,22.733167,0.6,17,4,2,0,0.8660254037844387,-0.4999999999999998,65.0
16000.0,133.96,161.0,0,0,0,1,0,4.61,1.1,27.532,0.0,22.6769175,0.50000002,18,4,3,0,0.8660254037844387,-0.4999999999999998,65.0
14666.67,133.97,161.0,0,0,0,1,0,4.61,0.0,28.532,0.0,23.2237925,0.0,19,4,4,0,0.8660254037844387,-0.4999999999999998,65.0
13333.33,133.86,161.0,0,0,0,1,0,4.61,0.0,30.196585,0.0,24.516503,0.0,20,4,5,1,0.8660254037844387,-0.4999999999999998,65.0
12000.0,133.86,161.0,0,0,0,1,0,4.61,0.0,30.57575,0.0,24.4435845,0.0,21,4,6,1,0.8660254037844387,-0.4999999999999998,65.0
12000.0,133.86,161.0,0,0,0,1,0,4.61,0.0,30.590334,0.0,24.537334,0.0,22,4,0,0,0.8660254037844387,-0.4999999999999998,55.0
10175.0,133.69,161.0,0,0,0,1,0,4.61,0.0,30.796583,0.0,23.4946255,0.0,23,4,1,0,0.8660254037844387,-0.4999999999999998,55.0
8350.0,133.66,161.0,0,0,0,1,0,4.61,0.0,30.779915,0.0,23.439417,0.0,24,4,2,0,0.8660254037844387,-0.4999999999999998,55.0
6525.0,133.62,161.0,0,0,0,1,0,4.61,0.0,29.836168,0.0,24.13525,0.0,25,4,3,0,0.8660254037844387,-0.4999999999999998,55.0
4700.0,133.61,161.0,0,0,0,1,0,4.61,0.0,28.76533,0.0,24.6550435,0.0,26,4,4,0,0.8660254037844387,-0.4999999999999998,55.0
2875.0,133.65,161.0,0,0,0,1,0,4.61,0.0,29.917418,0.0,24.8915005,0.0,27,4,5,1,0.8660254037844387,-0.4999999999999998,55.0
10275.0,133.65,161.0,0,0,0,1,0,4.61,0.0,31.036165,0.0,24.619628,0.0,28,4,6,1,0.8660254037844387,-0.4999999999999998,45.0
17675.0,133.65,161.0,0,0,0,1,0,4.61,0.0,30.473665,0.0,25.3029605,0.0,29,4,0,0,0.8660254037844387,-0.4999999999999998,45.0
11337.5,133.86,159.0,0,0,0,1,0,4.61,0.0,31.515335,0.0,25.831083,0.0,30,4,1,0,0.8660254037844387,-0.4999999999999998,45.0
5000.0,133.79,159.0,0,0,0,1,0,4.4,0.0,31.169497,0.0,24.6904635,0.0,1,5,2,0,0.4999999999999999,-0.8660254037844387,45.0
14075.0,133.79,159.0,0,0,0,1,0,4.4,0.0,29.719498,0.0,23.232127,0.0,2,5,3,0,0.4999999999999999,-0.8660254037844387,40.0
23150.0,133.86,159.0,0,0,0,1,0,4.4,0.0,29.073668,0.0,24.1185865,0.0,3,5,4,0,0.4999999999999999,-0.8660254037844387,35.0
12500.0,133.78,159.0,0,0,0,1,0,4.4,0.0,30.00908,0.0,24.250874,0.0,4,5,5,1,0.4999999999999999,-0.8660254037844387,37.5
4500.0,133.78,159.0,0,0,0,1,0,4.4,0.0,30.179914,0.0,23.6310855,0.0,5,5,6,1,0.4999999999999999,-0.8660254037844387,45.0
2320.0,133.78,159.0,0,0,0,1,0,4.4,0.4,29.542418,0.9,23.2664995,1.9,6,5,0,0,0.4999999999999999,-0.8660254037844387,35.0
140.0,133.89,159.0,0,0,0,1,0,4.4,10.1,27.148668,15.4,18.990458500000003,21.3500015,7,5,1,0,0.4999999999999999,-0.8660254037844387,37.5
280.0,133.92,159.0,0,0,0,1,0,4.4,17.700003,25.00075,23.2,18.805043,6.55000065,8,5,2,0,0.4999999999999999,-0.8660254037844387,40.0
11315.000000000002,133.94,159.0,0,0,0,1,0,4.4,5.6,26.502836,0.2,20.1133745,1.85000015,9,5,3,0,0.4999999999999999,-0.8660254037844387,45.0
22350.0,133.91,159.0,0,0,0,1,0,4.4,1.3000001,26.627836,1.7,20.101917,9.95,10,5,4,0,0.4999999999999999,-0.8660254037844387,45.0
18112.5,133.91,159.0,0,0,0,1,0,4.4,10.200001,28.019499,4.2999997,20.74671,8.850000999999999,11,5,5,1,0.4999999999999999,-0.8660254037844387,43.75
13875.0,133.91,159.0,0,0,0,1,0,4.4,22.100002,25.952835,8.300001,20.229,4.6,12,5,6,1,0.4999999999999999,-0.8660254037844387,42.5
9637.5,133.91,159.0,0,0,0,1,0,4.4,6.0,27.74867,0.0,21.0706665,1.9,13,5,0,0,0.4999999999999999,-0.8660254037844387,41.25
5400.0,133.96,159.0,0,0,0,1,0,4.4,1.0000001,29.165335,0.0,22.467543,0.2,14,5,1,0,0.4999999999999999,-0.8660254037844387,40.0
16262.500000000002,133.92,159.0,0,0,0,1,0,4.4,0.9,30.373665,0.2,23.472753500000003,0.8500000000000001,15,5,2,0,0.4999999999999999,-0.8660254037844387,38.33
27125.0,133.91,154.0,0,0,0,1,0,4.4,0.3,30.58825,0.0,24.636294,0.25,16,5,3,0,0.4999999999999999,-0.8660254037844387,35.0
22700.0,133.91,154.0,0,0,0,1,0,4.4,0.0,30.679916,0.0,24.8852505,0.0,17,5,4,0,0.4999999999999999,-0.8660254037844387,37.0
18275.0,133.64,154.0,0,0,0,1,0,4.4,2.6000001,31.192415,1.3000001,24.9644175,7.9,18,5,5,1,0.4999999999999999,-0.8660254037844387,39.0
13850.0,133.64,154.0,0,0,0,1,0,4.4,5.7999997,29.72158,12.900001,23.411294,3.65,19,5,6,1,0.4999999999999999,-0.8660254037844387,41.0
9425.0,133.64,154.0,0,0,0,1,0,4.4,3.0,29.121584,0.2,22.973793,3.90000015,20,5,0,0,0.4999999999999999,-0.8660254037844387,43.0
5000.0,133.64,154.0,0,0,0,1,0,4.4,3.1000004,29.211166,0.0,22.7769165,2.1,21,5,1,0,0.4999999999999999,-0.8660254037844387,45.0
7458.33,133.6,154.0,0,0,0,1,0,4.4,1.6,29.402832,0.0,22.7717095,2.69999985,22,5,2,0,0.4999999999999999,-0.8660254037844387,45.0
9916.67,133.56,154.0,0,0,0,1,0,4.4,1.4000001,29.617416,0.0,22.8217075,0.55,23,5,3,0,0.4999999999999999,-0.8660254037844387,45.0
12375.0,133.56,154.0,0,0,0,1,0,4.4,3.7,31.448668,0.2,24.4144155,0.75,24,5,4,0,0.4999999999999999,-0.8660254037844387,45.0
8250.0,133.26,154.0,0,0,0,1,0,4.4,7.4,32.894497,0.0,24.695671,2.4,25,5,5,1,0.4999999999999999,-0.8660254037844387,48.33
4125.0,133.26,154.0,0,0,0,1,0,4.4,1.6000001,32.67158,0.8,24.864418,2.3499999000000003,26,5,6,1,0.4999999999999999,-0.8660254037844387,51.67
5306.25,133.26,154.0,0,0,0,1,0,4.4,13.200001,31.73408,0.0,24.1685845,11.34999925,27,5,0,0,0.4999999999999999,-0.8660254037844387,55.0
6487.5,133.32,154.0,0,0,0,1,0,4.4,5.9,31.736168,0.0,22.7508755,8.0499995,28,5,1,0,0.4999999999999999,-0.8660254037844387,45.0
7668.75,133.39,154.0,0,0,0,1,0,4.4,0.70000005,33.629917,0.0,24.7998345,3.04999985,29,5,2,0,0.4999999999999999,-0.8660254037844387,55.0
8850.0,133.66,154.0,0,0,0,1,0,4.4,0.0,32.80908,11.3,25.984209,0.800000025,30,5,3,0,0.4999999999999999,-0.8660254037844387,55.0
9900.0,133.62,153.0,0,0,0,1,0,4.4,0.5,31.225748,0.0,24.9342105,0.8,31,5,4,0,0.4999999999999999,-0.8660254037844387,65.0
10950.0,133.85,153.0,0,0,1,0,0,4.17,1.8000001,31.534082,0.0,23.550876,2.10000005,1,6,5,1,1.2246467991473532e-16,-1.0,65.0
12000.0,133.85,153.0,0,0,1,0,0,4.17,0.1,29.81325,4.8,24.0092095,1.6000001,2,6,6,1,1.2246467991473532e-16,-1.0,75.0
8750.0,133.85,153.0,0,0,1,0,0,4.17,1.6,30.084082,2.9,23.198792500000003,2.44999995,3,6,0,0,1.2246467991473532e-16,-1.0,55.0
8958.333333333334,133.34,153.0,0,0,1,0,0,4.17,3.8999999,29.92366,1.7,23.405045,5.44999975,4,6,1,0,1.2246467991473532e-16,-1.0,55.0
9166.666666666666,133.96,153.0,0,0,1,0,0,4.17,2.8000002,29.490334,22.7,22.455044,6.00000015,5,6,2,0,1.2246467991473532e-16,-1.0,50.0
9375.0,133.7,153.0,0,0,1,0,0,4.17,1.4000001,28.804916,31.8,23.317543,3.75,6,6,3,0,1.2246467991473532e-16,-1.0,65.0
9583.333333333334,133.86,153.0,0,0,1,0,0,4.17,9.599999,29.13408,0.1,22.668587,5.10000025,7,6,4,0,1.2246467991473532e-16,-1.0,45.0
9791.666666666666,133.7,153.0,0,0,1,0,0,4.17,2.3,30.379915,0.1,23.6248365,2.69999985,8,6,5,1,1.2246467991473532e-16,-1.0,55.0
10000.0,133.7,153.0,0,0,1,0,0,4.17,0.2,30.904917,0.0,24.950875,0.1,9,6,6,1,1.2246467991473532e-16,-1.0,55.0
5000.0,133.7,153.0,0,0,1,0,0,4.17,0.0,31.346582,0.0,25.426918,0.0,10,6,0,0,1.2246467991473532e-16,-1.0,55.0
4921.875,133.92,153.0,0,0,1,0,0,4.17,1.0,31.0195,0.4,24.9352495,4.1000002,11,6,1,0,1.2246467991473532e-16,-1.0,55.0
4843.75,134.01,153.0,0,0,1,0,0,4.17,1.6000001,31.732,0.0,25.046712,2.24999985,12,6,2,0,1.2246467991473532e-16,-1.0,43.33
4765.625,133.98,153.0,0,0,1,0,0,4.17,3.7,30.738245,3.6,24.6279605,8.5,13,6,3,0,1.2246467991473532e-16,-1.0,55.0
4687.5,133.98,153.0,0,0,1,0,0,4.17,3.6,29.109083,9.2,24.07275,11.7499999,14,6,4,0,1.2246467991473532e-16,-1.0,43.33
4609.375,134.0,153.0,0,0,1,0,0,4.17,1.7,29.225746,14.3,24.5789995,9.15,15,6,5,1,1.2246467991473532e-16,-1.0,45.0
4531.25,134.0,153.0,0,0,1,0,0,4.17,4.8999996,28.990332,1.4000001,23.9665015,13.3000009,16,6,6,1,1.2246467991473532e-16,-1.0,65.0
4453.125,134.0,153.0,0,0,1,0,0,4.17,8.2,30.454916,0.1,23.7321275,18.2000025,17,6,0,0,1.2246467991473532e-16,-1.0,35.0
4375.0,134.0,153.0,0,0,1,0,0,4.17,9.400001,29.427834,2.8999999,23.2539995,25.9000005,18,6,1,0,1.2246467991473532e-16,-1.0,55.0
4296.875,133.76,153.0,0,0,1,0,0,4.17,19.5,27.509085,30.399998,22.5644185,30.7500035,19,6,2,0,1.2246467991473532e-16,-1.0,55.0
4218.75,133.84,153.0,0,0,1,0,0,4.17,21.2,27.5445,1.4000001,23.143583,11.549999799999998,20,6,3,0,1.2246467991473532e-16,-1.0,55.0
4140.625,134.15,153.0,0,0,1,0,0,4.17,2.6,28.4695,0.6,23.067541,9.1500009,21,6,4,0,1.2246467991473532e-16,-1.0,56.67
4062.5,133.96,153.0,0,0,1,0,0,4.17,2.1999998,28.834085,2.8,23.335251,4.25,22,6,5,1,1.2246467991473532e-16,-1.0,65.0
3984.375,133.96,153.0,0,0,1,0,0,4.17,12.800001,30.16117,1.3000001,24.007126,3.00000005,23,6,6,1,1.2246467991473532e-16,-1.0,65.0
3906.25,133.96,153.0,0,0,1,0,0,4.17,1.2,30.26325,3.6,24.3623335,2.70000005,24,6,0,0,1.2246467991473532e-16,-1.0,65.0
3828.125,133.84,153.0,0,0,1,0,0,4.17,6.7000003,28.952835,16.600002,24.21025,6.24999875,25,6,1,0,1.2246467991473532e-16,-1.0,65.0
3750.0,133.8,153.0,0,0,1,0,0,4.17,79.89999,27.202833,47.5,23.367545,13.29999985,26,6,2,0,1.2246467991473532e-16,-1.0,66.67
3671.875,134.02,153.0,0,0,1,0,0,4.17,3.6000001,29.76533,1.7,23.749833,6.349999950000001,27,6,3,0,1.2246467991473532e-16,-1.0,75.0
3593.75,133.84,153.0,0,0,1,0,0,4.17,13.5,29.154915,3.3,23.4456675,11.1999995,28,6,4,0,1.2246467991473532e-16,-1.0,66.67
3515.625,133.72,153.0,0,0,1,0,0,4.17,13.4,28.752836,9.7,23.3383755,20.350001,29,6,5,1,1.2246467991473532e-16,-1.0,65.0
3437.5,133.72,157.0,0,0,1,0,0,4.17,10.300002,28.336166,13.0,23.07692,23.200001,30,6,6,1,1.2246467991473532e-16,-1.0,75.0
3359.375,133.72,157.0,0,0,1,0,0,3.57,12.899999,27.607004,23.7,23.489418,9.00000015,1,7,0,0,-0.4999999999999997,-0.8660254037844388,66.67
3281.25,133.81,157.0,0,0,1,0,0,3.57,72.00001,27.959085,44.399994,23.209209,20.3500015,2,7,1,0,-0.4999999999999997,-0.8660254037844388,65.0
3203.125,133.92,157.0,0,0,1,0,0,3.57,22.199999,28.373667,0.0,23.1914995,12.9000005,3,7,2,0,-0.4999999999999997,-0.8660254037844388,66.67
3125.0,133.96,157.0,0,0,1,0,0,3.57,34.999996,28.115335,8.099999,23.186294,17.7999985,4,7,3,0,-0.4999999999999997,-0.8660254037844388,75.0
3046.875,133.9,157.0,0,0,1,0,0,3.57,40.5,26.436163,46.6,22.6446265,17.7499995,5,7,4,0,-0.4999999999999997,-0.8660254037844388,76.67
2968.75,133.88,157.0,0,0,1,0,0,3.57,97.3,25.688253,27.800001,21.739417000000003,99.2,6,7,5,1,-0.4999999999999997,-0.8660254037844388,76.67
2890.625,133.88,157.0,0,0,1,0,0,3.57,13.599999,27.146585,5.1,22.695669,1.7000001,7,7,6,1,-0.4999999999999997,-0.8660254037844388,95.0
2812.5,133.88,157.0,0,0,1,0,0,3.57,2.1,28.34658,1.0,23.20192,2.20000025,8,7,0,0,-0.4999999999999997,-0.8660254037844388,110.0
2734.375,133.9,157.0,0,0,1,0,0,3.57,5.9999995,27.95075,31.7,23.6050425,10.7500005,9,7,1,0,-0.4999999999999997,-0.8660254037844388,110.0
2656.25,133.88,157.0,0,0,1,0,0,3.57,7.4999995,26.936167,34.200005,23.1987925,14.400001,10,7,2,0,-0.4999999999999997,-0.8660254037844388,110.0
2578.125,133.94,157.0,0,0,1,0,0,3.57,32.199997,27.546585,19.599998,23.1748325,41.25,11,7,3,0,-0.4999999999999997,-0.8660254037844388,115.0
2500.0,134.0,157.0,0,0,1,0,0,3.57,120.59998,26.51325,41.6,22.3050425,47.949999,12,7,4,0,-0.4999999999999997,-0.8660254037844388,110.0
2516.0714285714284,133.96,157.0,0,0,1,0,0,3.57,6.5,27.975752,11.3,23.4748345,3.0000001000000003,13,7,5,1,-0.4999999999999997,-0.8660254037844388,120.0
2532.1428571428573,133.96,157.0,0,0,1,0,0,3.57,44.399994,28.921585,30.1,24.265457,8.85,14,7,6,1,-0.4999999999999997,-0.8660254037844388,115.0
2548.214285714286,133.96,160.0,0,0,1,0,0,3.57,12.200001,30.077835,2.6999996,24.4977515,14.649999,15,7,0,0,-0.4999999999999997,-0.8660254037844388,120.0
2564.285714285714,134.06,160.0,0,0,1,0,0,3.57,9.4,29.429914,6.2000003,23.770668,14.750001,16,7,1,0,-0.4999999999999997,-0.8660254037844388,115.0
2580.3571428571427,134.04,160.0,0,0,1,0,0,3.57,34.7,28.99659,3.3,23.745669,21.3000015,17,7,2,0,-0.4999999999999997,-0.8660254037844388,125.0
2596.428571428572,134.04,160.0,0,0,1,0,0,3.57,28.3,29.877832,6.7,23.9540025,4.5000001,18,7,3,0,-0.4999999999999997,-0.8660254037844388,110.0
2612.5,134.15,160.0,0,0,1,0,0,3.57,19.2,29.55075,17.1,23.887333,10.450001,19,7,4,0,-0.4999999999999997,-0.8660254037844388,116.67
2628.5714285714284,134.17,160.0,0,0,1,0,0,3.57,13.299999,30.088251,6.8999996,24.352959,6.5999998,20,7,5,1,-0.4999999999999997,-0.8660254037844388,90.0
2644.6428571428573,134.17,160.0,0,0,1,0,0,3.57,7.5,29.89033,0.2,23.621712,23.7999998,21,7,6,1,-0.4999999999999997,-0.8660254037844388,95.0
2660.714285714286,134.17,160.0,0,0,1,0,0,3.57,9.1,29.669502,3.8999996,23.6675425,9.0500005,22,7,0,0,-0.4999999999999997,-0.8660254037844388,66.0
2676.785714285714,134.16,160.0,0,0,1,0,0,3.57,8.099999,28.906998,1.9000001,23.52796,10.050001,23,7,1,0,-0.4999999999999997,-0.8660254037844388,70.0
2692.8571428571427,134.21,160.0,0,0,1,0,0,3.57,35.100002,29.877832,0.4,23.6696245,15.69999965,24,7,2,0,-0.4999999999999997,-0.8660254037844388,70.0
2708.928571428572,134.26,160.0,0,0,1,0,0,3.57,33.2,29.52575,3.7999997,23.9467085,16.5,25,7,3,0,-0.4999999999999997,-0.8660254037844388,75.0
2725.0,134.22,160.0,0,0,1,0,0,3.57,16.5,30.692413,1.9,24.720666,6.6500005,26,7,4,0,-0.4999999999999997,-0.8660254037844388,70.0
2533.333333333333,134.27,160.0,0,0,1,0,0,3.57,2.1000001,31.502832,3.4,25.4394175,7.899999999999999,27,7,5,1,-0.4999999999999997,-0.8660254037844388,65.0
2341.6666666666665,134.27,160.0,0,0,1,0,0,3.57,6.7000003,30.315332,0.9000001,24.8321245,31.15,28,7,6,1,-0.4999999999999997,-0.8660254037844388,75.0
2150.0,134.27,160.0,0,0,1,0,0,3.57,16.400002,30.48408,7.8,24.712332,41.199996,29,7,0,0,-0.4999999999999997,-0.8660254037844388,75.0
1958.3333333333333,134.27,160.0,0,0,1,0,0,3.57,15.5,30.19867,15.7,24.556084,25.0500015,30,7,1,0,-0.4999999999999997,-0.8660254037844388,75.0
1766.6666666666667,134.27,158.0,0,0,1,0,0,3.57,6.2,29.404917,14.8,24.383169,27.35,31,7,2,0,-0.4999999999999997,-0.8660254037844388,76.67
1575.0,134.26,158.0,0,0,1,0,0,4.09,18.800001,28.523668,19.2,23.9654585,9.8499995,1,8,3,0,-0.8660254037844385,-0.5000000000000004,75.0
2319.230769230769,134.26,158.0,0,0,1,0,0,4.09,15.099999,28.209084,0.3,23.0394165,16.349999500000003,2,8,4,0,-0.8660254037844385,-0.5000000000000004,76.67
3063.4615384615386,134.31,158.0,0,0,1,0,0,4.09,4.5999994,27.87575,1.0,22.986294,7.4999995,3,8,5,1,-0.8660254037844385,-0.5000000000000004,73.33
3807.692307692308,134.31,158.0,0,0,1,0,0,4.09,4.5,28.559084,1.1000001,23.126918,5.54999985,4,8,6,1,-0.8660254037844385,-0.5000000000000004,75.0
4551.923076923077,134.31,158.0,0,0,1,0,0,4.09,18.7,28.00492,26.599998,23.226918,8.1999995,5,8,0,0,-0.8660254037844385,-0.5000000000000004,66.67
5296.153846153846,134.46,158.0,0,0,1,0,0,4.09,85.10001,26.77992,31.8,22.319627,34.300003000000004,6,8,1,0,-0.8660254037844385,-0.5000000000000004,65.0
6040.384615384615,134.63,158.0,0,0,1,0,0,4.09,34.000004,27.26742,23.3,22.535249,17.200001,7,8,2,0,-0.8660254037844385,-0.5000000000000004,66.67
6784.615384615385,134.64,158.0,0,0,1,0,0,4.09,32.5,27.767418,8.9,22.9592115,10.15,8,8,3,0,-0.8660254037844385,-0.5000000000000004,65.0
7528.846153846154,134.65,158.0,0,0,1,0,0,4.09,25.300001,27.64242,14.200001,22.5623325,19.55,9,8,4,0,-0.8660254037844385,-0.5000000000000004,76.67
8273.076923076922,134.64,158.0,0,0,1,0,0,4.09,50.2,27.504921,10.5,22.702958,11.45,10,8,5,1,-0.8660254037844385,-0.5000000000000004,76.67
9017.307692307691,134.64,158.0,0,0,1,0,0,4.09,10.099999,27.115334,7.7999997,22.499835,7.699999999999999,11,8,6,1,-0.8660254037844385,-0.5000000000000004,75.0
9761.53846153846,134.64,158.0,0,0,1,0,0,4.09,40.2,27.429918,12.700001,23.09775,10.19999975,12,8,0,0,-0.8660254037844385,-0.5000000000000004,96.67
10505.76923076923,134.66,158.0,0,0,1,0,0,4.09,21.6,27.86117,17.3,23.144627,29.15,13,8,1,0,-0.8660254037844385,-0.5000000000000004,95.0
11250.0,134.66,158.0,0,0,1,0,0,4.09,12.600001,28.263247,14.200001,23.1050435,22.900002,14,8,2,0,-0.8660254037844385,-0.5000000000000004,86.67
14166.666666666666,134.62,158.0,0,0,1,0,0,4.09,6.1,28.867416,2.5000002,24.0008765,10.05,15,8,3,0,-0.8660254037844385,-0.5000000000000004,95.0
17083.333333333332,134.62,155.0,0,0,1,0,0,4.09,3.8999996,28.854918,9.099999,23.455043,5.699999699999999,16,8,4,0,-0.8660254037844385,-0.5000000000000004,86.67
20000.0,134.61,155.0,0,0,1,0,0,4.09,11.3,29.48408,27.8,23.590458,14.7499995,17,8,5,1,-0.8660254037844385,-0.5000000000000004,86.67
18333.33333333333,134.61,155.0,0,0,1,0,0,4.09,17.400002,28.586164,12.1,23.471709,8.7,18,8,6,1,-0.8660254037844385,-0.5000000000000004,85.0
16666.666666666668,134.61,155.0,0,0,1,0,0,4.09,3.0,27.992416,19.800001,22.921709,13.350001,19,8,0,0,-0.8660254037844385,-0.5000000000000004,96.67
15000.0,134.5,155.0,0,0,1,0,0,4.09,7.4999995,27.619501,2.1000001,22.347749,10.50000095,20,8,1,0,-0.8660254037844385,-0.5000000000000004,95.0
13333.333333333334,134.38,155.0,0,0,1,0,0,4.09,2.4,27.713251,1.7,22.699833,11.30000035,21,8,2,0,-0.8660254037844385,-0.5000000000000004,76.67
11666.666666666668,134.58,155.0,0,0,1,0,0,4.09,7.7000003,28.53408,4.9,22.95192,6.4999999,22,8,3,0,-0.8660254037844385,-0.5000000000000004,75.0
10000.0,134.63,155.0,0,0,1,0,0,4.09,5.9,28.032,6.3,23.2196235,9.7,23,8,4,0,-0.8660254037844385,-0.5000000000000004,96.67
10666.666666666666,134.53,155.0,0,0,1,0,0,4.09,4.6000004,28.848665,6.899999,23.3331705,6.4499998000000005,24,8,5,1,-0.8660254037844385,-0.5000000000000004,70.0
11333.333333333334,134.53,155.0,0,0,1,0,0,4.09,0.8,28.515335,3.6999998,23.2310845,2.20000002,25,8,6,1,-0.8660254037844385,-0.5000000000000004,75.0
12000.0,134.53,155.0,0,0,1,0,0,4.09,1.7,28.39242,2.5999997,22.7373375,9.75,26,8,0,0,-0.8660254037844385,-0.5000000000000004,66.67
10916.666666666666,134.55,155.0,0,0,1,0,0,4.09,1.2,28.202835,4.1,22.531084,4.8,27,8,1,0,-0.8660254037844385,-0.5000000000000004,65.0
9833.333333333334,134.59,155.0,0,0,1,0,0,4.09,1.9000001,28.834085,2.1000001,22.960251,3.25,28,8,2,0,-0.8660254037844385,-0.5000000000000004,60.0
8750.0,134.63,155.0,0,0,1,0,0,4.09,2.3999999,28.054918,7.7000003,22.9540015,8.04999935,29,8,3,0,-0.8660254037844385,-0.5000000000000004,65.0
10000.0,134.5,155.0,0,0,1,0,0,4.09,4.7999997,29.47158,0.2,24.1467095,2.75,30,8,4,0,-0.8660254037844385,-0.5000000000000004,55.0
10666.666666666666,134.49,155.0,0,0,1,0,0,4.09,2.0,29.36117,3.2,24.1310845,5.2499995,31,8,5,1,-0.8660254037844385,-0.5000000000000004,53.75
11333.333333333334,134.49,154.0,0,0,1,0,0,3.86,25.0,27.352839,20.400002,22.048792,21.7999945,1,9,6,1,-1.0,-1.8369701987210294e-16,55.0
12000.0,134.49,154.0,0,0,1,0,0,3.86,1.7,28.83825,0.0,22.8560865,1.1,2,9,0,0,-1.0,-1.8369701987210294e-16,55.0
4500.0,134.58,154.0,0,0,1,0,0,3.86,17.400002,28.5945,11.100001,22.878999,3.149999725,3,9,1,0,-1.0,-1.8369701987210294e-16,55.0
4200.0,134.66,154.0,0,0,1,0,0,3.86,3.9999995,27.067415,22.7,22.116501,3.1999999,4,9,2,0,-1.0,-1.8369701987210294e-16,55.0
3900.0,134.65,154.0,0,0,1,0,0,3.86,29.800001,26.865335,14.899999,21.992543,5.29999985,5,9,3,0,-1.0,-1.8369701987210294e-16,55.0
3600.0,134.68,154.0,0,0,1,0,0,3.86,21.3,27.821585,14.700001,22.2123345,14.950001,6,9,4,0,-1.0,-1.8369701987210294e-16,55.0
3300.0,134.62,154.0,0,0,1,0,0,3.86,1.1,29.179916,0.0,23.63421,1.7,7,9,5,1,-1.0,-1.8369701987210294e-16,55.0
3000.0,134.62,154.0,0,0,1,0,0,3.86,0.6,28.854918,3.6000001,24.072752,0.3999999999999999,8,9,6,1,-1.0,-1.8369701987210294e-16,55.0
3012.422360248447,134.62,154.0,0,0,1,0,0,3.86,3.2,29.29242,0.8,23.409211,5.49999985,9,9,0,0,-1.0,-1.8369701987210294e-16,55.0
3024.8447204968943,134.64,154.0,0,0,1,0,0,3.86,5.4,29.667418,0.1,23.6102535,2.10000005,10,9,1,0,-1.0,-1.8369701987210294e-16,55.0
3037.267080745341,134.67,154.0,0,0,1,0,0,3.86,6.3999996,28.99867,4.8,23.3550395,9.750001,11,9,2,0,-1.0,-1.8369701987210294e-16,55.0
3049.6894409937886,134.67,154.0,0,0,1,0,0,3.86,5.4999995,29.284082,3.7,23.275873,3.1000002,12,9,3,0,-1.0,-1.8369701987210294e-16,55.0
3062.111801242236,134.65,154.0,0,0,1,0,0,3.86,3.9999995,28.932001,3.4,23.455044,4.10000015,13,9,4,0,-1.0,-1.8369701987210294e-16,55.59
3074.534161490684,134.53,154.0,0,0,1,0,0,3.86,11.1,27.054922,16.2,22.267544,9.04999935,14,9,5,1,-1.0,-1.8369701987210294e-16,56.18
3086.9565217391305,134.53,154.0,0,0,1,0,0,3.86,7.9999995,27.688253,1.9000001,21.938375,11.4999997,15,9,6,1,-1.0,-1.8369701987210294e-16,56.76
3099.3788819875776,134.53,154.0,0,0,1,0,0,3.86,1.2,27.361168,2.7,22.3300425,0.950000025,16,9,0,0,-1.0,-1.8369701987210294e-16,57.35
3111.801242236025,134.53,154.0,0,0,1,0,0,3.86,2.5,28.159086,0.0,22.660251,6.2000005,17,9,1,0,-1.0,-1.8369701987210294e-16,57.94
3124.223602484472,134.31,154.0,0,0,1,0,0,3.86,1.3,29.088251,0.0,23.572752,0.7,18,9,2,0,-1.0,-1.8369701987210294e-16,58.53
3136.645962732919,134.31,154.0,0,0,1,0,0,3.86,0.70000005,29.361162,0.0,23.9644165,1.2,19,9,3,0,-1.0,-1.8369701987210294e-16,59.12
3149.0683229813667,134.2,154.0,0,0,1,0,0,3.86,0.70000005,29.013252,0.0,24.1571275,4.7499998,20,9,4,0,-1.0,-1.8369701987210294e-16,59.71
3161.490683229814,134.01,154.0,0,0,1,0,0,3.86,2.5999997,29.556997,0.0,23.0664995,9.35000035,21,9,5,1,-1.0,-1.8369701987210294e-16,60.29
3173.913043478261,134.01,154.0,0,0,1,0,0,3.86,0.0,29.859085,0.0,25.224835,0.0,22,9,6,1,-1.0,-1.8369701987210294e-16,60.88
3186.335403726708,134.01,154.0,0,0,1,0,0,3.86,1.5,30.82575,0.0,25.299835,0.7,23,9,0,0,-1.0,-1.8369701987210294e-16,61.47
3198.7577639751557,133.99,154.0,0,0,1,0,0,3.86,0.6,29.065336,8.4,23.749835,1.250000025,24,9,1,0,-1.0,-1.8369701987210294e-16,62.06
3211.1801242236024,134.18,154.0,1,0,1,0,0,3.86,7.8,26.748663,9.300001,21.815458,12.7,25,9,2,0,-1.0,-1.8369701987210294e-16,62.65
3223.6024844720496,134.06,154.0,1,0,1,0,0,3.86,34.5,25.117416,43.399998,21.241503,27.799999,26,9,3,0,-1.0,-1.8369701987210294e-16,63.24
3236.0248447204967,134.14,154.0,1,0,1,0,0,3.86,181.7,24.240334,49.600002,19.861292,127.9,27,9,4,0,-1.0,-1.8369701987210294e-16,63.82
3248.447204968944,134.23,154.0,1,0,1,0,0,3.86,125.7,24.0945,68.79999,19.1435835,87.849995,28,9,5,1,-1.0,-1.8369701987210294e-16,64.41
3260.8695652173915,134.23,154.0,1,0,1,0,0,3.86,1.7,26.596588,6.899999,21.462334,1.5499998,29,9,6,1,-1.0,-1.8369701987210294e-16,65.0
3273.291925465838,134.23,154.0,1,0,1,0,0,3.86,0.6,27.234085,0.0,22.2029605,0.4,30,9,0,0,-1.0,-1.8369701987210294e-16,65.59
3285.714285714286,134.38,154.0,1,1,0,0,0,4.82,0.90000004,27.484085,0.0,22.5092085,0.7000000000000001,1,10,1,0,-0.8660254037844386,0.5000000000000001,66.18
3298.136645962733,134.42,154.0,1,1,0,0,0,4.82,17.7,27.571585,0.6,22.231084,4.449999549999999,2,10,2,0,-0.8660254037844386,0.5000000000000001,66.76
3310.55900621118,134.42,154.0,1,1,0,0,0,4.82,25.800003,26.756998,9.400001,21.6456685,7.499999750000001,3,10,3,0,-0.8660254037844386,0.5000000000000001,67.35
3322.981366459627,134.66,154.0,1,1,0,0,0,4.82,1.6,26.6445,2.2,21.227959,1.60000005,4,10,4,0,-0.8660254037844386,0.5000000000000001,67.94
3335.4037267080744,134.66,154.0,1,1,0,0,0,4.82,4.2,26.638254,0.0,20.9790005,2.10000005,5,10,5,1,-0.8660254037844386,0.5000000000000001,68.53
3347.826086956522,134.66,154.0,1,1,0,0,0,4.82,1.0,26.325752,0.2,21.0612915,1.00000005,6,10,6,1,-0.8660254037844386,0.5000000000000001,69.12
3360.248447204969,134.66,154.0,1,1,0,0,0,4.82,0.2,26.779917,0.4,20.9706675,0.2,7,10,0,0,-0.8660254037844386,0.5000000000000001,69.71
3372.6708074534163,134.67,154.0,1,1,0,0,0,4.82,0.90000004,26.686167,0.90000004,21.05817,0.1,8,10,1,0,-0.8660254037844386,0.5000000000000001,70.29
3385.0931677018634,134.65,154.0,1,1,0,0,0,4.82,1.0,26.534082,1.9000001,20.708168,0.25,9,10,2,0,-0.8660254037844386,0.5000000000000001,70.88
3397.5155279503106,134.65,154.0,1,1,0,0,0,4.82,1.3000001,26.61325,0.2,20.731085,0.05,10,10,3,0,-0.8660254037844386,0.5000000000000001,71.47
3409.9378881987577,134.66,154.0,1,1,0,0,0,4.82,0.3,26.31325,0.0,21.006084,0.0,11,10,4,0,-0.8660254037844386,0.5000000000000001,72.06
3422.360248447205,134.8,154.0,1,1,0,0,0,4.82,0.0,25.52575,0.0,20.0946235,0.0,12,10,5,1,-0.8660254037844386,0.5000000000000001,72.65
3434.782608695652,134.8,154.0,1,1,0,0,0,4.82,0.1,25.065338,0.3,19.736292,0.15,13,10,6,1,-0.8660254037844386,0.5000000000000001,73.24
3447.204968944099,134.8,154.0,1,1,0,0,0,4.82,2.0,25.190332,0.1,19.458167,0.90000005,14,10,0,0,-0.8660254037844386,0.5000000000000001,73.82
3459.6273291925468,134.8,154.0,1,1,0,0,0,4.82,1.8000001,24.954918,0.0,19.029001,1.8999999,15,10,1,0,-0.8660254037844386,0.5000000000000001,74.41
3472.049689440994,134.77,154.0,1,1,0,0,0,4.82,1.9000001,24.640333,0.0,18.4373335,0.65000002,16,10,2,0,-0.8660254037844386,0.5000000000000001,75.0
3484.472049689441,134.7,154.0,1,1,0,0,0,4.82,2.1999998,24.19867,0.0,18.6540005,0.8500000000000001,17,10,3,0,-0.8660254037844386,0.5000000000000001,75.59
3496.894409937888,134.82,154.0,1,1,0,0,0,4.82,0.6,24.479918,0.0,18.8008765,0.85000005,18,10,4,0,-0.8660254037844386,0.5000000000000001,76.18
3509.316770186336,134.81,154.0,1,1,0,0,0,4.82,0.4,24.486168,2.7,18.2144165,4.15,19,10,5,1,-0.8660254037844386,0.5000000000000001,76.76
3521.7391304347825,134.81,154.0,1,1,0,0,0,4.82,0.70000005,23.665335,2.6,18.171709,2.0500001,20,10,6,1,-0.8660254037844386,0.5000000000000001,77.35
3534.16149068323,134.81,154.0,1,1,0,0,0,4.82,5.7,24.444502,0.0,18.7456665,0.35,21,10,0,0,-0.8660254037844386,0.5000000000000001,77.94
3546.5838509316773,134.82,154.0,1,1,0,0,0,4.82,1.7,24.561167,0.0,19.6748355,0.1,22,10,1,0,-0.8660254037844386,0.5000000000000001,78.53
3559.0062111801244,134.83,154.0,1,1,0,0,0,4.82,3.1,25.50908,0.0,19.968584,0.0,23,10,2,0,-0.8660254037844386,0.5000000000000001,79.12
3571.428571428572,134.84,154.0,1,1,0,0,0,4.82,0.1,25.402832,0.0,19.8112925,0.40000005,24,10,3,0,-0.8660254037844386,0.5000000000000001,79.71
3583.8509316770187,134.83,154.0,1,1,0,0,0,4.82,1.7,23.229918,0.0,18.5977495,0.5,25,10,4,0,-0.8660254037844386,0.5000000000000001,80.29
3596.273291925466,134.84,154.0,1,1,0,0,0,4.82,0.5,24.261168,0.0,18.967541,0.0,26,10,5,1,-0.8660254037844386,0.5000000000000001,80.88
3608.695652173913,134.84,154.0,1,1,0,0,0,4.82,1.6,25.048668,0.0,19.4894155,0.2,27,10,6,1,-0.8660254037844386,0.5000000000000001,81.47
3621.11801242236,134.84,154.0,1,1,0,0,0,4.82,0.0,25.490328,0.0,19.449836,0.0,28,10,0,0,-0.8660254037844386,0.5000000000000001,82.06
3633.5403726708073,134.83,154.0,1,1,0,0,0,4.82,0.0,25.586168,0.0,19.5862935,0.0,29,10,1,0,-0.8660254037844386,0.5000000000000001,82.65
3645.9627329192544,134.83,154.0,1,1,0,0,0,4.82,1.3000001,25.740334,0.0,19.705041,1.4000001,30,10,2,0,-0.8660254037844386,0.5000000000000001,83.24
3658.385093167702,134.83,154.0,1,1,0,0,0,4.82,0.2,24.94867,0.0,19.411292,1.5,31,10,3,0,-0.8660254037844386,0.5000000000000001,83.82
3670.807453416149,134.83,154.0,1,1,0,0,0,5.6,0.90000004,25.465338,0.0,19.293586,2.1,1,11,4,0,-0.5000000000000004,0.8660254037844384,84.41
3683.229813664596,134.83,154.0,1,1,0,0,0,5.6,1.5000001,25.002832,0.5,19.1623345,1.15,2,11,5,1,-0.5000000000000004,0.8660254037844384,85.0
3695.652173913044,134.83,154.0,1,1,0,0,0,5.6,3.4,24.836166,0.0,18.8862925,1.20000005,3,11,6,1,-0.5000000000000004,0.8660254037844384,85.59
3708.07453416149,134.83,154.0,1,1,0,0,0,5.6,10.400001,24.273666,0.0,17.3748335,15.050000999999998,4,11,0,0,-0.5000000000000004,0.8660254037844384,86.18
3720.496894409938,134.89,154.0,1,1,0,0,0,5.6,0.6,23.78617,0.0,17.94567,4.75,5,11,1,0,-0.5000000000000004,0.8660254037844384,86.76
3732.9192546583854,134.88,154.0,1,1,0,0,0,5.6,0.0,23.511171,0.0,17.725876,0.0,6,11,2,0,-0.5000000000000004,0.8660254037844384,87.35
3745.341614906833,135.16,154.0,1,1,0,0,0,5.6,0.0,23.492418,0.0,17.573794,0.0,7,11,3,0,-0.5000000000000004,0.8660254037844384,87.94
3757.76397515528,135.3,154.0,1,1,0,0,0,5.6,0.3,23.58825,0.0,17.4227515,0.0,8,11,4,0,-0.5000000000000004,0.8660254037844384,88.53
3770.186335403727,135.31,154.0,1,1,0,0,0,5.6,0.4,23.256998,0.0,17.424835,0.0,9,11,5,1,-0.5000000000000004,0.8660254037844384,89.12
3782.608695652174,135.31,154.0,1,1,0,0,0,5.6,0.70000005,23.650751,0.0,17.845668,1.15,10,11,6,1,-0.5000000000000004,0.8660254037844384,89.71
3795.031055900621,135.31,154.0,1,1,0,0,0,5.6,0.8,23.277834,0.0,17.83421,0.05,11,11,0,0,-0.5000000000000004,0.8660254037844384,90.29
3807.453416149068,135.34,154.0,1,1,0,0,0,5.6,0.0,22.634085,0.0,16.9362905,0.0,12,11,1,0,-0.5000000000000004,0.8660254037844384,90.88
3819.875776397515,135.34,154.0,1,1,0,0,0,5.6,0.2,21.965332,0.0,16.362335,0.0,13,11,2,0,-0.5000000000000004,0.8660254037844384,91.47
3832.2981366459626,135.31,154.0,1,1,0,0,0,5.6,0.1,21.961168,0.0,16.637334,0.0,14,11,3,0,-0.5000000000000004,0.8660254037844384,92.06
3844.7204968944097,135.34,154.0,1,1,0,0,0,5.6,0.0,20.952833,0.0,16.531085,0.0,15,11,4,0,-0.5000000000000004,0.8660254037844384,92.65
3857.142857142857,135.34,154.0,0,1,0,0,0,5.6,0.0,19.831999,0.0,16.245667,0.0,16,11,5,1,-0.5000000000000004,0.8660254037844384,93.24
3869.565217391305,135.34,154.0,0,1,0,0,0,5.6,0.0,19.686167,0.0,15.6737925,0.0,17,11,6,1,-0.5000000000000004,0.8660254037844384,93.82
3881.987577639752,135.34,154.0,0,1,0,0,0,5.6,0.0,20.38825,0.0,15.033169,0.0,18,11,0,0,-0.5000000000000004,0.8660254037844384,94.41
3894.409937888199,135.32,154.0,0,1,0,0,0,5.6,0.2,20.259085,0.0,14.874833,0.0,19,11,1,0,-0.5000000000000004,0.8660254037844384,95.0
3906.832298136646,135.37,154.0,0,1,0,0,0,5.6,1.3000001,19.694502,0.0,14.754002,0.0,20,11,2,0,-0.5000000000000004,0.8660254037844384,94.55
3919.254658385093,135.37,154.0,0,1,0,0,0,5.6,0.6,19.336166,0.0,14.371709,0.0,21,11,3,0,-0.5000000000000004,0.8660254037844384,94.09
3931.6770186335407,135.5,154.0,0,1,0,0,0,5.6,0.3,19.119501,0.0,14.64254175,0.0,22,11,4,0,-0.5000000000000004,0.8660254037844384,93.64
3944.099378881988,135.42,154.0,0,1,0,0,0,5.6,0.0,18.546585,0.0,13.997751,0.0,23,11,5,1,-0.5000000000000004,0.8660254037844384,93.18
3956.521739130435,135.42,154.0,0,1,0,0,0,5.6,0.0,18.459082,0.0,13.9946255,0.25,24,11,6,1,-0.5000000000000004,0.8660254037844384,92.73
3968.944099378882,135.42,154.0,0,1,0,0,0,5.6,0.1,18.486168,0.0,13.97795875,0.3,25,11,0,0,-0.5000000000000004,0.8660254037844384,92.27
3981.366459627329,135.17,154.0,0,1,0,0,0,5.6,0.5,19.119501,0.0,13.4175425,0.05,26,11,1,0,-0.5000000000000004,0.8660254037844384,91.82
3993.788819875776,135.23,154.0,0,1,0,0,0,5.6,0.6,18.607,0.0,13.060251,0.55,27,11,2,0,-0.5000000000000004,0.8660254037844384,91.36
4006.211180124224,135.43,154.0,0,1,0,0,0,5.6,0.4,18.532,0.0,13.2133765,0.0,28,11,3,0,-0.5000000000000004,0.8660254037844384,90.91
4018.633540372671,135.48,154.0,0,1,0,0,0,5.6,0.0,18.523666,0.0,13.5800425,0.0,29,11,4,0,-0.5000000000000004,0.8660254037844384,90.45
4031.055900621118,135.48,154.0,0,1,0,0,0,5.6,0.0,17.896584,0.0,13.8373355,0.0,30,11,5,1,-0.5000000000000004,0.8660254037844384,90.0
4043.478260869565,135.48,154.0,0,0,0,0,1,6.05,0.0,17.277834,0.0,13.642544,0.0,1,12,6,1,-2.4492935982947064e-16,1.0,89.55
4055.900621118012,135.48,154.0,0,0,0,0,1,6.05,0.0,16.88825,0.0,13.796708,0.0,2,12,0,0,-2.4492935982947064e-16,1.0,89.09
4068.32298136646,135.82,154.0,0,0,0,0,1,6.05,0.0,17.223667,0.0,13.8060855,0.0,3,12,1,0,-2.4492935982947064e-16,1.0,88.64
4080.745341614907,135.8,154.0,0,0,0,0,1,6.05,0.0,17.073668,0.0,13.502959,0.0,4,12,2,0,-2.4492935982947064e-16,1.0,88.18
4093.167701863354,135.89,154.0,0,0,0,0,1,6.05,0.0,16.923666,0.0,13.276918,0.0,5,12,3,0,-2.4492935982947064e-16,1.0,87.73
4105.590062111802,135.88,154.0,0,0,0,0,1,6.05,0.0,15.869499,0.0,12.699834,0.0,6,12,4,0,-2.4492935982947064e-16,1.0,87.27
4118.012422360249,135.81,154.0,0,0,0,0,1,6.05,0.0,15.4695015,0.0,12.6394175,0.0,7,12,5,1,-2.4492935982947064e-16,1.0,86.82
4130.434782608696,135.81,154.0,0,0,0,0,1,6.05,0.90000004,16.175749,0.0,12.031085,0.0,8,12,6,1,-2.4492935982947064e-16,1.0,86.36
4142.857142857143,135.81,154.0,0,0,0,0,1,6.05,2.0,16.525751,0.7,10.93733275,0.99999995,9,12,0,0,-2.4492935982947064e-16,1.0,85.91
4155.27950310559,135.88,154.0,0,0,0,0,1,6.05,0.0,15.331998,0.0,10.488375,0.0,10,12,1,0,-2.4492935982947064e-16,1.0,85.45
4167.701863354037,136.07,154.0,0,0,0,0,1,6.05,0.0,13.794498,0.0,11.080041,0.0,11,12,2,0,-2.4492935982947064e-16,1.0,85.0
4180.124223602485,136.04,154.0,0,0,0,0,1,6.05,0.0,13.28825,0.0,11.73316675,0.0,12,12,3,0,-2.4492935982947064e-16,1.0,84.55
4192.546583850932,136.08,154.0,0,0,0,0,1,6.05,0.0,13.740333,0.0,12.1675415,0.0,13,12,4,0,-2.4492935982947064e-16,1.0,84.09
4204.968944099379,135.97,154.0,0,0,0,0,1,6.05,0.0,14.186166,0.0,11.04879125,0.0,14,12,5,1,-2.4492935982947064e-16,1.0,83.64
4217.391304347826,135.97,154.0,0,0,0,0,1,6.05,0.0,14.971583,0.0,11.9133755,0.0,15,12,6,1,-2.4492935982947064e-16,1.0,83.18
4229.813664596273,135.97,154.0,0,0,0,0,1,6.05,0.0,15.484082,0.0,13.63525,0.0,16,12,0,0,-2.4492935982947064e-16,1.0,82.73
4242.23602484472,136.09,154.0,0,0,0,0,1,6.05,0.0,16.000751,0.0,13.2498345,0.0,17,12,1,0,-2.4492935982947064e-16,1.0,82.27
4254.658385093167,136.14,154.0,0,0,0,0,1,6.05,0.0,16.12575,0.0,12.7206675,0.0,18,12,2,0,-2.4492935982947064e-16,1.0,81.82
4267.080745341615,136.23,154.0,0,0,0,0,1,6.05,0.0,15.8695,0.0,12.0029595,0.0,19,12,3,0,-2.4492935982947064e-16,1.0,81.36
4279.503105590062,136.42,154.0,0,0,0,0,1,6.05,0.0,16.03617,0.0,12.473793,0.0,20,12,4,0,-2.4492935982947064e-16,1.0,80.91
4291.925465838509,136.33,154.0,0,0,0,0,1,6.05,0.0,16.134085,0.0,11.182124,0.0,21,12,5,1,-2.4492935982947064e-16,1.0,80.45
4304.347826086956,136.33,154.0,0,0,0,0,1,6.05,0.0,15.379917,0.0,10.6873325,0.0,22,12,6,1,-2.4492935982947064e-16,1.0,80.0
4316.770186335404,136.33,154.0,0,0,0,0,1,6.05,0.0,15.30075,0.0,11.3019165,0.0,23,12,0,0,-2.4492935982947064e-16,1.0,79.55
4329.192546583851,136.5,154.0,0,0,0,0,1,6.05,1.4,15.534081,0.0,11.70504075,0.0,24,12,1,0,-2.4492935982947064e-16,1.0,79.09
4341.614906832298,136.63,154.0,0,0,0,0,1,6.05,0.2,16.096582,0.0,12.6779585,0.1,25,12,2,0,-2.4492935982947064e-16,1.0,78.64
4354.037267080746,136.63,154.0,0,0,0,0,1,6.05,0.0,15.119502,0.0,11.85399975,0.0,26,12,3,0,-2.4492935982947064e-16,1.0,78.18
4366.459627329193,136.73,154.0,0,0,0,0,1,6.05,0.0,15.446586,0.0,12.5602505,0.0,27,12,4,0,-2.4492935982947064e-16,1.0,77.73
4378.88198757764,137.16,154.0,0,0,0,0,1,6.05,3.6000001,16.294498,0.3,12.3779585,1.0,28,12,5,1,-2.4492935982947064e-16,1.0,77.27
4391.304347826087,137.16,154.0,0,0,0,0,1,6.05,1.2,17.746584,1.9,12.895668,0.15,29,12,6,1,-2.4492935982947064e-16,1.0,76.82
4403.726708074534,137.16,154.0,0,0,0,0,1,6.05,0.0,15.990334,0.0,11.210249,0.0,30,12,0,0,-2.4492935982947064e-16,1.0,76.36
4416.149068322981,137.16,154.0,0,0,0,0,1,6.05,0.0,15.194501,0.0,11.1331655,0.0,31,12,1,0,-2.4492935982947064e-16,1.0,75.91
4428.571428571428,137.29,154.0,0,0,0,0,1,5.41,0.0,12.784084,0.0,11.423792,0.0,1,1,2,0,0.4999999999999999,0.8660254037844387,75.45
4440.993788819876,137.34,154.0,0,0,0,0,1,5.41,0.0,12.579918,0.0,12.0956665,0.0,2,1,3,0,0.4999999999999999,0.8660254037844387,75.0
4453.416149068323,137.51,154.0,0,0,0,0,1,5.41,0.0,13.332001,0.0,12.861291,0.0,3,1,4,0,0.4999999999999999,0.8660254037844387,74.55
4465.838509316771,137.54,154.0,0,0,0,0,1,5.41,0.0,14.431999,0.0,12.99879225,0.0,4,1,5,1,0.4999999999999999,0.8660254037844387,74.09
4478.260869565218,137.54,154.0,0,0,0,0,1,5.41,0.0,15.08825,0.0,13.054001,0.0,5,1,6,1,0.4999999999999999,0.8660254037844387,73.64
4490.683229813665,137.54,154.0,0,0,0,0,1,5.41,0.0,17.679916,0.0,13.2456675,0.0,6,1,0,0,0.4999999999999999,0.8660254037844387,73.18
4503.105590062112,137.63,154.0,0,0,0,0,1,5.41,3.3000002,16.054916,1.3,10.486292,3.5,7,1,1,0,0.4999999999999999,0.8660254037844387,72.73
4515.527950310559,137.45,154.0,0,0,0,0,1,5.41,0.0,14.684085,0.1,8.95295775,0.0,8,1,2,0,0.4999999999999999,0.8660254037844387,72.27
4527.950310559007,137.66,154.0,0,0,0,0,1,5.41,0.0,14.329918,0.0,9.26962525,0.0,9,1,3,0,0.4999999999999999,0.8660254037844387,71.82
4540.372670807454,137.66,154.0,0,0,0,0,1,5.41,0.0,14.090335,0.0,10.043584,0.0,10,1,4,0,0.4999999999999999,0.8660254037844387,71.36
4552.795031055901,137.85,154.0,0,0,0,0,1,5.41,0.0,15.394501,0.0,11.59358375,0.0,11,1,5,1,0.4999999999999999,0.8660254037844387,70.91
4565.217391304348,137.85,154.0,0,0,0,0,1,5.41,0.9,17.311167,0.0,12.208166,0.0,12,1,6,1,0.4999999999999999,0.8660254037844387,70.45
4577.639751552795,137.85,154.0,0,0,0,0,1,5.41,0.3,16.396585,0.0,11.1810835,0.0,13,1,0,0,0.4999999999999999,0.8660254037844387,70.0
4590.062111801242,138.83,154.0,0,0,0,0,1,5.41,0.0,14.684086,0.0,10.4883745,0.0,14,1,1,0,0.4999999999999999,0.8660254037844387,69.55
4602.484472049689,138.92,154.0,0,0,0,0,1,5.41,0.0,14.400749,0.0,11.627959,0.0,15,1,2,0,0.4999999999999999,0.8660254037844387,69.09
4614.906832298137,138.49,154.0,0,0,0,0,1,5.41,0.0,14.284084,0.0,12.5144175,0.0,16,1,3,0,0.4999999999999999,0.8660254037844387,68.64
