Supply_Volume,USD_TO_NPR,Diesel,is_festival,Season_Autumn,Season_Monsoon,Season_Spring,Season_Winter,Inflation,Dhading_Wind_Speed,Dhading_Temperature,Dhading_Precipitation,Dhading_Rainfall_MM,Dhading_Air_Pressure,Kathmandu_Wind_Speed,Kathmandu_Temperature,Kathmandu_Precipitation,Kathmandu_Rainfall_MM,Kathmandu_Air_Pressure,Kavre_Wind_Speed,Kavre_Temperature,Kavre_Precipitation,Kavre_Rainfall_MM,Kavre_Air_Pressure,Sarlahi_Wind_Speed,Sarlahi_Temperature,Sarlahi_Precipitation,Sarlahi_Rainfall_MM,Sarlahi_Air_Pressure,day,month,day_of_week,is_weekend,month_sin,month_cos
0.1345330141641,0.17278566151893074,1.5955895510366425,0.08182308047831058,-0.05065851696970369,0.0,0.12675034101908397,0.0,2.6591073581314215,0.11411832242523541,-0.4950331216652196,-0.0469972421727517,0.0,0.06064979433345473,-0.04883325968203896,-0.11452139784926262,-0.0007512465923749567,0.0,0.039138514922514495,0.0,-0.006456100337703553,0.06759085059849479,0.0,-0.0262944611537786,0.04243582988922112,0.07762587187140743,-0.020822805934035925,0.0,-0.05228760003675417,-0.3499798603910764,-2.3147261885303925,0.0,0.0,0.024127340856044028,0.0
0.13378886756502809,0.26091363151561675,1.5571703993373485,0.08182308047831058,-0.05065851696970369,0.0,0.10750975708677862,0.0,2.6499777147655608,0.1142879590183341,-0.4950331216652196,-0.06075541303887711,0.0,0.009057268010400034,-0.04883325968203896,-0.09387615819078302,-0.0007512465923749567,0.0,0.039138514922514495,0.0,-0.006456100337703553,0.06759085059849479,0.0,-0.0443381473081955,0.04243582988922112,0.07762587187140743,-0.020822805934035925,0.0,-0.14863372186654775,-0.35037782588874034,-2.3476189041694413,0.0,0.0,0.026650704041205526,0.0
0.18364438307519967,0.46496986948445973,1.5507823886276204,0.08182308047831058,-0.05065851696970369,0.0,0.10750975708677862,0.0,2.664720940293254,0.11828857598540056,-0.49372023884310645,-0.06461243100255007,0.0,0.04423119164918468,-0.050571355816736586,0.03947777368738871,-0.0006410573972526654,0.0,0.0482587371056028,0.0,-0.008078144624507459,0.09600567578334562,0.0,-0.09181664118966153,0.04243582988922112,0.07873368389800968,-0.027574872818944194,0.0,-0.06650481042131298,-0.39426473068536566,-2.804622628078662,0.0,0.0,0.031998768260587,0.0
0.21350084871816147,0.7044856763586187,1.4601962451720343,0.08144221669763316,-0.05065851696970369,0.0,0.10750975708677862,0.0,2.6167160954255024,0.12342047136157441,-0.015053359659237826,-0.06648761342447125,0.0,0.04423119164918468,-0.05138022983997346,0.03952576402272662,-0.0006410573972526654,0.0,0.05045937541361442,0.0,-0.00766592728962543,0.09787295771701486,0.0,-0.09181664118966153,0.043413537268581194,0.07880477600430995,-0.033792822350079334,0.0,-0.06417497138727558,-0.5240858529347168,-3.305364260573548,0.0,0.0,0.04935756757637493,0.0
0.2145077901906244,0.7117229577507456,1.4712552951044922,0.08144221669763316,-0.07448350415086254,0.0,0.10750975708677862,0.0,2.6333114312702057,0.12479901095269831,-0.015053359659237826,-0.06648761342447125,0.0,0.04423119164918468,-0.05138022983997346,0.03983962231248406,-0.0006410573972526654,0.0,0.05045937541361442,0.0,-0.00766592728962543,0.09787295771701486,0.0,-0.09181664118966153,0.043413537268581194,0.07880477600430995,-0.033792822350079334,0.0,-0.03466174867899271,-0.4789862337986216,-3.3937431217593987,0.0,0.0,0.04935756757637493,0.0
0.21350084871816147,0.6498323966272506,1.4672685180921672,0.08144221669763316,-0.07448350415086254,0.0,0.10750975708677862,0.0,2.6070696244397307,0.1235077033407075,-0.015053359659237826,-0.06648761342447125,0.0,0.04423119164918468,-0.05138022983997346,0.03983962231248406,-0.0006410573972526654,0.0,0.05045937541361442,0.0,-0.00766592728962543,0.09787295771701486,0.0,-0.09181664118966153,0.043413537268581194,0.07880477600430995,-0.033792822350079334,0.0,-0.06417497138727558,-0.5364770719039931,-3.387274842724462,0.0,0.0,0.04935756757637493,0.0
0.21368163234506102,0.6509135896301597,1.4682018220052433,0.08144221669763316,-0.07673554454681693,0.0,0.1078572169730518,0.0,2.6101259550966165,0.1235077033407075,-0.015053359659237826,-0.06643125036784647,0.0,0.04423119164918468,-0.05138022983997346,0.03983962231248406,-0.0006410573972526654,0.0,0.05045937541361442,0.0,-0.00766592728962543,0.09787295771701486,0.0,-0.09149277852073477,0.043413537268581194,0.07880477600430995,-0.033792822350079334,0.0,-0.06417497138727558,-0.5093175226360294,-3.4181616484080664,0.0,0.0,0.04935756757637493,0.0
0.1851401693911143,0.6658182135878431,1.6627348781733509,0.08182308047831058,-0.07775754278120132,0.0,0.10801231656902052,0.0,2.598534745792849,0.11471435256642618,-0.49096323380058954,-0.06453086592681288,0.0,0.04423119164918468,-0.05058821106312361,-0.09356229990102556,-0.0006410573972526654,0.0,0.0482587371056028,0.0,-0.007714127388139734,0.06773891939056177,0.0,-0.0894816118701862,0.04243582988922112,0.0792700634933762,-0.027574872818944194,0.0,-0.03488265632022525,-0.5090364384908944,-2.959116296961965,0.0,0.0,0.031998768260587,0.0
0.1840172669552481,0.6591730528522081,1.6555083865620066,0.08182308047831058,-0.07775754278120132,0.0,0.10801231656902052,0.0,2.589038179223568,0.11320982380197898,-0.49096323380058954,-0.06453086592681288,0.0,0.04423119164918468,-0.05058821106312361,-0.10252041757382407,-0.0006410573972526654,0.0,0.0482587371056028,0.0,-0.007788811345808476,0.06666949586174403,0.0,-0.0894816118701862,0.043413537268581194,0.07982618292543486,-0.027574872818944194,0.0,-0.0643958790285081,-0.5099081724381583,-2.8941672918419776,0.0,0.0,0.031998768260587,0.0
0.18350828005119893,0.6429180773681751,1.6868815743532013,0.08182308047831058,-0.07563715211316237,0.0,0.10768654917282344,0.0,2.581120211887525,0.11768997832679005,-0.4906781929741214,-0.06492220499765314,0.0,0.023216012118136842,-0.050571355816736586,-0.07169443313937637,-0.0007512465923749567,0.0,0.0482587371056028,0.0,-0.008101649115789058,-0.025936940085355003,0.0,-0.09165184382652992,0.04243582988922112,0.08034443703244798,-0.027574872818944194,0.0,-0.064920386293644,-0.5063747514559757,-2.824204455187272,0.0,0.0,0.031998768260587,0.0
0.18531142750464288,0.6512038474015897,1.6043341960575594,0.08182308047831058,-0.07775754278120132,0.0,0.10801231656902052,0.0,2.5925131989806474,0.1145011314139698,-0.49096323380058954,-0.06453086592681288,0.0,0.04423119164918468,-0.05058821106312361,-0.10252041757382407,-0.0006410573972526654,0.0,0.0482587371056028,0.0,-0.007714127388139734,0.06773891939056177,0.0,-0.0894816118701862,0.04243582988922112,0.0792700634933762,-0.027574872818944194,0.0,-0.11219657951125558,-0.5060203776442381,-2.9918646606438086,0.0,0.0,0.031998768260587,0.0
0.18384373645446458,0.778616016464405,1.4262394905333695,0.08202072775260519,-0.07775754278120132,0.0,0.10801231656902052,0.0,2.5040641269794883,-1.3383759382484732,-0.4297650667803664,-0.06187767807453029,0.0,0.03445665307710785,-0.050282089346041114,-0.0996034887785557,-0.0006410573972526654,0.0,0.03261507234330251,0.0,-0.007714127388139734,0.06773891939056177,0.0,-0.026189454596305933,0.029146128515617403,0.08798730463924338,-0.016416036506841633,0.0,-0.06760948899893018,-0.5097514262154944,-1.3528716556761087,0.0,0.0,0.028976609696148885,0.0
0.18334842907450752,0.6487122206841552,1.6232809324626996,0.08182308047831058,-0.07775754278120132,0.0,0.10801231656902052,0.0,2.5811470381426402,0.11998543919203582,-0.4965883562770722,-0.06453086592681288,0.0,0.009057268010400034,-0.04883325968203896,-0.09356229990102556,-0.0007512465923749567,0.0,0.04282530274415956,0.0,-0.006275913177031001,0.06773891939056177,0.0,-0.043869698544687315,0.043413537268581194,0.0776969639777077,-0.027574872818944194,0.0,-0.060572779381545275,-0.5084148397474101,-2.878336729305421,0.0,0.0,0.04488900776787364,0.0
0.18539176615900585,0.6512353522871134,1.6024676155015924,0.08182308047831058,-0.07775754278120132,0.0,0.10801231656902052,0.0,2.5925131989806474,0.11983449090272646,-0.49096323380058954,-0.06453086592681288,0.0,0.04423119164918468,-0.050571355816736586,-0.10252041757382407,-0.0006410573972526654,0.0,0.0482587371056028,0.0,-0.007603528197355036,0.06773891939056177,0.0,-0.09134819242615332,0.04243582988922112,0.0792700634933762,-0.027574872818944194,0.0,-0.11219657951125558,-0.5059932934421522,-2.993731241199775,0.0,0.0,0.031998768260587,0.0
0.18531142750464288,0.5638849773048805,1.5665823842083697,0.08182308047831058,-0.07775754278120132,0.0,0.08853449447923148,0.0,2.586531199497665,0.11471435256642618,-0.49096323380058954,-0.10198409626880556,0.0,0.04423119164918468,-0.05058821106312361,-0.10694868746407868,-0.0006410573972526654,0.0,0.0482587371056028,0.0,-0.007714127388139734,0.06773891939056177,0.0,-0.10776758782810354,0.04243582988922112,0.0792700634933762,-0.027574872818944194,0.0,-0.1187278570916,-0.5051486436969742,-3.0104284341051697,0.0,0.0,0.031998768260587,0.0
0.06051439863013134,-0.2942337873762912,1.3417394401935987,0.11427456501057573,-0.03657075710629916,0.0,0.5102919821948406,0.0,-3.908965781822315,0.10172651601615858,-0.4836123013945992,-0.05457899808242666,0.0,0.028897239977131194,-0.05047699269607903,-0.08928687270145096,-0.001400674218061081,0.0,0.060153526254759865,0.0,-0.00975005392270031,0.06592284451658131,0.0,-0.10631508512669928,0.029064007172321913,1.3594609561603046,-0.027574872818944194,0.0,0.0009853964042796613,0.20000464180279048,-3.9282894379725577,0.0,0.0,0.05903752681121237,0.0
0.08264734653875784,-0.29946209709415283,1.3765301784247708,0.1131992522447926,-0.03657075710629916,0.0,0.5102919821948406,0.0,-3.8831104760924697,0.10686263798778363,-0.275461347382194,-0.05622476029333206,0.0,0.028897239977131194,-0.051285866719315905,-0.08928687270145096,-0.001400674218061081,0.0,0.06235416456277148,0.0,-0.00975005392270031,0.06592284451658131,0.0,-0.10631508512669928,0.029064007172321913,1.3594609561603046,-0.033792822350079334,0.0,0.0015289531090132806,0.19808312112860565,-4.2280544488007346,0.0,0.0,0.07689000369609106,0.0
0.08245856742131301,-0.28404106236073273,1.3879499934087862,0.1131992522447926,-0.03657075710629916,0.0,0.5102919821948406,0.0,-3.8751801831386015,0.10661975940449875,-0.275461347382194,-0.05622476029333206,0.0,0.028897239977131194,0.042089285680830126,-0.08928687270145096,-0.001400674218061081,0.0,0.06235416456277148,0.0,-0.00975005392270031,0.06592284451658131,0.0,-0.10631508512669928,0.029064007172321913,1.3594609561603046,-0.033792822350079334,0.0,-0.007251852988447256,0.19808312112860565,-4.346988280073984,0.0,0.0,0.07689000369609106,0.0
0.08262115791025008,-0.378089202789773,1.2509277019926284,0.1131992522447926,-0.03657075710629916,0.0,0.49081416010505174,0.0,-3.874629052110179,0.1065427706140368,-0.27908399774557774,-0.09367799063532474,0.0,0.026107873497446636,-0.051285866719315905,0.03081499286139518,-0.001400674218061081,0.0,0.06235416456277148,0.0,-0.010044483189180185,0.09427050907756834,0.0,-0.12460106108461667,0.029064007172321913,1.358924576564938,-0.033792822350079334,0.0,-0.013783130568791657,0.19816200821060437,-4.31742478973724,0.0,0.0,0.07689000369609106,0.0
0.0914902131277587,-0.3891481641494832,1.0512394770687463,0.1131992522447926,-0.03657075710629916,0.0,0.49081416010505174,0.0,-3.8501102544937575,0.10597784896657758,0.007898374183466509,-0.09390741084634054,0.0,0.028897239977131194,-0.05138022983997346,0.03086298319673308,-0.0013264583042195876,0.0,0.06235416456277148,0.0,-0.009922517440625774,0.09635285661289372,0.0,-0.11353045154855097,-0.033312548707348864,1.3581539278849961,-0.033792822350079334,0.0,-0.08179174039722556,0.18951482592786326,-4.49429422161492,0.0,0.0,0.07355870134331455,0.0
0.08935021924096813,-0.40818627012069963,1.0657973927887523,0.1131992522447926,-0.03657075710629916,0.0,0.49081416010505174,0.0,-3.8689856586457902,0.10597784896657758,0.0016512100133638833,-0.09390741084634054,0.0,0.028897239977131194,-0.05138022983997346,0.03086298319673308,-0.001400674218061081,0.0,0.06235416456277148,0.0,-0.009933977778783607,0.09613779101123758,0.0,-0.11134719702314912,-0.03199646860188827,1.3607657709853185,-0.033792822350079334,0.0,-0.08179174039722556,0.19431515776590363,-4.473162236870357,0.0,0.0,0.07355870134331455,0.0
0.0592586649724443,-0.38475236218169295,1.3045844388264043,0.11427456501057573,-0.03657075710629916,0.0,0.49081416010505174,0.0,-3.8899535473582048,0.10100948116206275,-0.4836123013945992,-0.09203222842441934,0.0,0.028897239977131194,-0.050571355816736586,-0.10267326026450407,-0.001400674218061081,0.0,0.060153526254759865,0.0,-0.00975005392270031,0.06592284451658131,0.0,-0.12283981838069773,-0.0010388482202887488,1.361302150580685,-0.027574872818944194,0.0,-0.014326687273525276,0.19615779135808975,-3.914674969586106,0.0,0.0,0.05570622445843585,0.0
0.06180227803945868,-0.3659937163598549,1.3027096348457792,0.11427456501057573,-0.03657075710629916,0.0,0.49081416010505174,0.0,-3.888759885550402,0.09668066725194704,-0.48683619190373506,-0.09495852618088865,0.0,0.028897239977131194,0.08221713066013095,-0.10267326026450407,-0.001400674218061081,0.0,0.060153526254759865,0.0,-0.008668505800282443,0.06592284451658131,0.0,-0.11902786609501124,0.030041714551681992,1.3595320482666051,-0.027574872818944194,0.0,-0.014050906796575703,0.19678970339508256,-4.097215564806523,0.0,0.0,0.0602045652817361,0.0
0.06082165124522424,-0.3831319543586457,1.3080034386089534,0.11427456501057573,-0.03657075710629916,0.0,0.49081416010505174,0.0,-3.8862421067652675,0.09641490473659915,-0.4836123013945992,-0.09495852618088865,0.0,0.028897239977131194,-0.05058821106312361,-0.11036167849237473,-0.001400674218061081,0.0,0.060153526254759865,0.0,-0.009860653113485012,0.06592284451658131,0.0,-0.12309791844618141,0.029064007172321913,1.3594609561603046,-0.027574872818944194,0.0,-0.014050906796575703,0.1971876688927465,-3.9431640390299374,0.0,0.0,0.05990898735957574,0.0
0.06078602893618391,-0.3825189820230593,1.3089633593811385,0.11427456501057573,-0.03657075710629916,0.0,0.49081416010505174,0.0,-3.8165670524471955,0.10191790081845452,-0.4836123013945992,-0.10063370603954774,0.0,0.028897239977131194,-0.050571355816736586,-0.10267326026450407,-0.001400674218061081,0.0,0.060153526254759865,0.0,-0.009824737880369049,0.06485342098776356,0.0,-0.12496449900214852,0.029064007172321913,1.3601703210141474,-0.027574872818944194,0.0,-0.014626426762271598,0.1495509896558167,-3.9715065306437416,0.0,0.0,0.05990898735957574,0.0
0.060867655997276095,-0.391439784002778,1.2562574659809522,0.11427456501057573,-0.03657075710629916,0.0,0.49081416010505174,0.0,-3.8286621140034796,0.09682741991298273,-0.4836123013945992,-0.10128686239630416,0.0,0.029296830058678724,-0.05058821106312361,-0.10267326026450407,-0.001400674218061081,0.0,0.060153526254759865,0.0,-0.009860653113485012,0.06592284451658131,0.0,-0.12309791844618141,0.02499493775862201,1.3595677043080059,-0.027574872818944194,0.0,-0.0826350365907055,0.14217838593454646,-4.01043558937589,0.0,0.0,0.05990898735957574,0.0
0.0657669434750947,-0.24346881063553188,1.2512886631967557,0.11470338247219114,-0.03657075710629916,0.0,0.49081416010505174,0.0,-3.7575449593643606,-0.25595295674518903,-0.46732952328484456,-0.09863367454402155,0.0,0.027263645659154772,-0.05058821106312361,-0.10293754739326656,-0.001400674218061081,0.0,0.05860090875564171,0.0,-0.009860653113485012,0.06592284451658131,0.0,-0.11449501049449877,0.024168020324815267,1.3612305355947203,-0.02725883789341524,0.0,-0.08819438514714888,0.14246753578950103,-3.8950727752643495,0.0,0.0,0.0583085847813344,0.0
0.06732459409607748,-0.2522574949509782,1.1165170075150637,0.11470338247219114,-0.03657075710629916,0.0,0.49081416010505174,0.0,-3.71300037618392,-1.1574779539042879,-0.41844933966327374,-0.09863367454402155,0.0,0.027263645659154772,-0.050282089346041114,-0.107758776767081,-0.001400674218061081,0.0,0.04450986149245957,0.0,-0.010009818443052348,0.06603773205187166,0.0,-0.05332534284808519,0.0005266164192441285,1.3665318467974468,-0.016416036506841633,0.0,-0.09135441799670953,0.10829071697287715,-2.9236119873504802,0.0,0.0,0.039255624650936925,0.0
0.06792825032568854,-0.26755140776218933,1.1049017277852142,0.11470338247219114,-0.03986427177041388,0.0,0.48780000890032443,0.0,-3.7439429925599197,-1.1633675955252176,-0.41844933966327374,-0.09914393919219047,0.0,0.027263645659154772,-0.050282089346041114,-0.107758776767081,-0.001400674218061081,0.0,0.04450986149245957,0.0,-0.010009818443052348,0.06603773205187166,0.0,-0.058269019136666524,0.024168020324815267,1.3646906523770668,-0.016416036506841633,0.0,-0.09135441799670953,-0.025887621072798156,-2.9838135710021967,0.0,0.0,0.04110315711716027,0.0
0.0653256948069743,-0.2559017815176017,1.3028534181635478,0.11470338247219114,-0.03986427177041388,0.0,0.5127133665945834,0.0,-3.60554282771145,-0.2498878458566769,-0.4672146357495542,0.012270861720418776,0.0,0.027263645659154772,-0.05058821106312361,-0.11239805415211576,-0.001400674218061081,0.0,0.05860090875564171,0.0,-0.010009818443052348,0.06603773205187166,0.0,-0.09392424509304788,0.024168020324815267,1.3583190549153603,-0.02725883789341524,0.0,-0.07983734101459879,-0.10856585951095207,-3.9474856639891254,0.0,0.0,0.07627509847458533,0.0
0.08538015665795805,-0.4154499515061175,1.1140471605009519,0.11590314145327432,-0.047600827729639604,0.0,0.480007902453897,0.0,-3.521869545158437,0.09950522686608691,-0.52418327889902,-0.0599608919087787,0.0,0.029296830058678724,-0.05058821106312361,-0.11696303029982923,-0.0012743795627456918,0.0,0.060153526254759865,0.0,-0.00845430178541166,0.06781822701986266,0.0,-0.31454875572331653,0.06778476671162016,1.337431679009598,-0.027574872818944194,0.0,-0.021634571460639046,-0.14073530665102424,-4.440554008027829,0.0,0.0,0.056683943029454315,0.0
0.08111964460875355,-0.4175517038273858,1.1078026485191528,0.11590314145327432,-0.039966168684521075,0.0,0.4792909103363211,0.0,-3.4947231967765924,0.09598180480161002,-0.5295233605490345,-0.06041922204640788,0.0,0.01626633737369716,-0.04888356903299904,-0.08613704586538153,-0.0012158240876418505,0.0,0.03562582510124872,0.0,-0.008064166959631228,-0.028293265400670054,0.0,-0.2732937071558887,0.062399617192459685,1.340691996266745,-0.027574872818944194,0.0,-0.030415377558099588,-0.15414752246002017,-4.4405971526967125,0.0,0.0,0.05907528607017838,0.0
0.08488653452429837,-0.27689434520809636,0.8895057727768136,0.11603424937851667,-0.039966168684521075,0.0,0.4825696615313917,0.0,-3.466931539759545,-1.1933186575523076,-0.44242419020991436,0.001721488312444848,0.0,0.02167413475323659,-0.048577447315916546,-0.08536713661762407,-0.0012158240876418505,0.0,0.019982160338948417,0.0,-0.008064166959631228,-0.02539316231847719,0.0,-0.1491022313604374,0.0476516867496363,1.351028476092176,-0.016416036506841633,0.0,-0.03321032692891567,-0.14967251877616677,-3.3661760452595857,0.0,0.0,0.0410266888916635,0.0
0.1047465404386106,-0.24309005358259467,1.0542753751093392,0.11603424937851667,-0.047600827729639604,0.0,0.480007902453897,0.0,-3.462018706397329,-0.3121071977376597,-0.4885074129806311,-0.057307704056496094,0.0,0.025344252511690275,-0.05058821106312361,-0.08566064932715686,-0.0011056348925195594,0.0,0.05860090875564171,0.0,-0.00906786366690782,-0.016273600030239956,0.0,-0.25246809639539364,0.0538110010367148,1.3482048046372312,-0.02725883789341524,0.0,-0.03323019812342402,-0.18303796149999807,-4.204164991975047,0.0,0.0,0.05508354045121297,0.0
0.053614046497576395,-0.223478972478397,0.8887282234604579,0.16099296909846103,-0.056094283406217735,0.0,0.480007902453897,0.0,-3.9514631732557977,-1.1993073622258168,-0.44309735024305097,-0.057854533928300145,0.0,0.007657391209586156,-0.048577447315916546,-0.11169969407124136,-0.0014366474993418804,0.0,0.020182895621151303,0.0,-0.007425196672023464,0.0680332926215188,0.0,-0.12660699416121535,0.0538110010367148,0.6221782346858391,-0.01688233355287821,0.0,-0.03555591882115696,-0.2339654363950795,-3.7433220009291324,0.0,0.0,0.042350819115545224,0.0
0.053339576574733066,-0.21739578644182997,0.8572216273110281,0.16099296909846103,-0.07991927058737662,0.0,0.4832866536489676,0.0,-3.9477732006823465,-1.1997520595028828,-0.44309735024305097,-0.036883051839554384,0.0,0.007657391209586156,-0.048577447315916546,-0.11239701167308401,-0.0014366474993418804,0.0,0.020182895621151303,0.0,-0.007425196672023464,0.0680332926215188,0.0,-0.12354116471865,0.0476516867496363,0.6219291842328408,-0.01688233355287821,0.0,-0.03450170963118475,-0.1908695265827527,-3.764069925244467,0.0,0.0,0.04501583596459903,0.0
0.050701421603176575,-0.23215780156557245,0.876663770040423,0.16099296909846103,-0.07991927058737662,0.0,0.480007902453897,0.0,-3.830546664720054,-1.1895994327867363,-0.44309735024305097,-0.057307704056496094,0.0,0.007657391209586156,-0.048577447315916546,-0.11161216967948939,-0.0014366474993418804,0.0,0.019982160338948417,0.0,-0.007425196672023464,0.0680332926215188,0.0,-0.13317774951755953,0.0538110010367148,0.6610985086319665,-0.016416036506841633,0.0,-0.03585450632338942,-0.19513693000604954,-3.6674652129811136,0.0,0.0,0.03915970682388842,0.0
0.6217367878351571,-0.3154196839293929,0.9381533247904076,0.16203982072378917,-0.07706680083151413,0.0,0.4803978815797864,0.0,-3.834997342636801,-1.2756857944522066,-0.44799736719863975,-0.05336733486145585,0.0,0.04224259047559529,0.07460841101317375,-0.08780977378055745,0.0011712278083164168,0.0,0.010581176410636748,0.0,-0.007149871064132928,-0.0250119314121706,0.0,-0.14227930704351122,0.05345969728693125,0.6731248750490333,-0.021093474563371472,0.0,-0.10303740858729292,-0.1654280173167167,-4.153022899199511,0.0,0.0,0.02022921730200944,0.0
0.6282423326848222,-0.321155712815797,0.8748512376005849,0.16203982072378917,-0.07826982242403076,0.0,0.48670105033136135,0.0,-3.8378493842353323,-1.2310901960041154,-0.44738347755126245,-0.03463170414075167,0.0,0.04224259047559529,-0.04841458645440883,-0.09330529627133814,-0.0014366474993418804,0.0,0.01392600641648457,0.0,-0.0077410059029075695,-0.029115056086880094,0.0,-0.18075448106427838,0.05345969728693125,0.6731248750490333,-0.021093474563371472,0.0,-0.08004077257346134,-0.16381334604403064,-4.010849200157513,0.0,0.0,0.020734556617793012,0.0
0.1177782931986955,-0.4286062653236346,1.0693348206166637,0.16158121033792341,-0.09086976942214638,0.0,0.48644055611198106,0.0,-3.957588486945318,0.09922988137622898,-0.2783191661767297,-0.05263719166580475,0.0,0.041094125761610624,-0.049692443056235915,-0.11272164127314925,-0.0012158240876418505,0.0,0.03450522296430222,0.0,-0.007425196672023464,0.06851450125852546,0.0,-0.2600402608725134,0.06855893147953816,0.6233183098755712,-0.028228080287753813,0.0,-0.12266902697814863,-0.16151042118530679,-5.140757168534773,0.0,0.0,0.06271452034533741,0.0
0.12106356679361185,-0.30313128177393606,0.6362980157446247,0.1618212949946071,-0.09086976942214638,0.0,0.48644055611198106,0.0,-5.096377813502635,-1.2224922611994489,-0.007237359079250252,-0.05189816981278576,0.0,0.04224259047559529,-0.04889511570832041,0.021206347959081637,-0.0012158240876418505,0.0,0.019370962475694305,0.0,-0.007427114734594291,0.10020262675590813,0.0,-0.13834646443820695,0.0538110010367148,-0.7653816700621604,-0.01673985818306876,0.0,-0.06043210559523098,-0.15659049637575362,-4.767567007004807,0.0,0.0,0.042133624161061194,0.0
0.12818874800246471,-0.3140990887976939,0.713777381744801,0.1618212949946071,-0.09086976942214638,0.0,0.4816178929297974,0.0,-5.0822932441692785,-1.2859556336712017,-0.007237359079250252,-0.05945803641871572,0.0,0.04224259047559529,-0.04889511570832041,0.02178975253402024,-0.0012158240876418505,0.0,0.02139032816687248,0.0,-0.0073687139873752855,0.10020262675590813,0.0,-0.14230467769799612,0.0538110010367148,-0.7636576704967043,-0.019388820732562352,0.0,0.02934967711059895,-0.15640629095915629,-4.877623259709467,0.0,0.0,0.05257048671502536,0.0
0.10439027728455362,-0.3625626730904429,1.0957128107396883,0.16182164306874494,-0.07826982242403076,0.0,0.4838540286145148,0.0,-5.070636510581327,0.09760623203175932,-0.5302318477840126,0.004757774559871433,0.0,0.006508926495601467,-0.04888356903299904,-0.08209709425735758,-0.0012158240876418505,0.0,0.03599137247793567,0.0,-0.007871687384821446,-0.029793713957946083,0.0,-0.2613393410587718,0.06855893147953816,-0.7624770281785013,-0.028762197641526936,0.0,-0.025669534442403406,-0.1521173586441818,-5.735011422757407,0.0,0.0,0.06772590410004506,0.0
0.15093785743634963,-0.33516374846397207,0.8703969222329857,0.8209038464102146,-0.02670321539082794,0.0,-0.2993590282916552,0.0,-10.188468118371574,-1.2615231983837412,-0.008154688045795064,-0.016700839712213006,0.0,0.01799606553040111,-0.050499199300160495,0.015092340164030046,-0.0011056348925195594,0.0,0.03402324017122658,0.0,-0.009976773013928436,-0.03268230485362017,0.0,-0.15531819779489206,-0.048735612395301504,-0.16279174739087823,-0.019388820732562352,0.0,-0.03449689076660305,0.15462297292053892,-6.303721569319173,0.0,0.0,0.053173019012855274,0.0
0.16050511686152416,-0.4499053249952187,0.9919972260504166,0.820663761753531,-0.02728427544594762,0.0,-0.24097008680110404,0.0,-10.189944074896976,0.10549030454197825,0.002910500881938917,-0.044480333840183704,0.0,0.020029249929925073,-0.051296526648076,0.02153808489086855,-0.0011056348925195594,0.0,0.050824922790301374,0.0,-0.009064562902483822,0.09855265068368155,0.0,-0.2443961566253603,-0.062139343765735794,-0.13853340296518993,-0.034980147172662075,0.0,-0.02679525071140882,0.15415581905632386,-7.818913903904102,0.0,0.0,0.0754980648856759,0.0
0.15123706848663426,-0.3231663897313441,0.7892508765896509,0.8209038464102146,-0.02728427544594762,0.0,-0.24097008680110404,0.0,-10.313317109828839,-1.2615231983837412,-0.0031553732371724266,-0.04363108421356384,0.0,0.01799606553040111,-0.050499199300160495,0.02211183560892375,-0.0011056348925195594,0.0,0.03402324017122658,0.0,-0.009106843414817024,0.09855265068368155,0.0,-0.15347863989719232,-0.048735612395301504,-0.04455896075976238,-0.019388820732562352,0.0,-0.035963838317683246,0.15439055224386888,-6.399753105871957,0.0,0.0,0.04952871425825586,0.0
0.16050511686152416,-0.4499053249952187,0.9919972260504166,0.820663761753531,-0.02728427544594762,0.0,-0.24097008680110404,0.0,-10.189944074896976,0.10549030454197825,0.002910500881938917,-0.044480333840183704,0.0,0.020029249929925073,-0.051296526648076,0.02153808489086855,-0.0011056348925195594,0.0,0.050824922790301374,0.0,-0.009064562902483822,0.09855265068368155,0.0,-0.2443961566253603,-0.062139343765735794,-0.13853340296518993,-0.034980147172662075,0.0,-0.02679525071140882,0.15415581905632386,-7.818913903904102,0.0,0.0,0.0754980648856759,0.0
0.1495691546351385,-0.35121607103819286,0.7913220790260986,-2.706168740939788,-0.02728427544594762,0.0,-0.2984294144221812,0.0,-12.880637808904023,-1.262427987925176,-0.0031122659127003588,-0.04363108421356384,0.0,0.01799606553040111,-0.05059975773844498,0.02211183560892375,-0.0011056348925195594,0.0,0.03402324017122658,0.0,-0.009106843414817024,0.09855265068368155,0.0,-0.15369553880187906,-0.048735612395301504,-0.08077403427948934,-0.019388820732562352,0.0,-0.035963838317683246,0.15033063940942548,-7.973891684010341,0.0,0.0,0.04952871425825586,0.0
0.1490092235242619,-0.34421696311104794,0.8129308046755819,-2.478663437481321,-0.02728427544594762,0.0,-0.2984294144221812,0.0,-12.276880918366107,-1.2779246375903952,-0.0031122659127003588,-0.04308425434175979,0.0,0.027753476408496805,-0.05059975773844498,0.02211183560892375,-0.0011056348925195594,0.0,0.03382250488902369,0.0,-0.008514687356331903,0.09714663230481893,0.0,-0.21772337945831002,0.0538110010367148,0.8250330865764282,-0.01892252368652577,0.0,-0.036262425819915706,0.15033063940942548,-7.520331486335619,0.0,0.0,0.0481851344328224,0.0
0.1552992895171015,-0.4638536132748048,1.304469693286744,-2.705542805942006,-0.02670321539082794,0.0,-0.2978483543670615,0.0,-12.895221530705186,0.10831602341244857,-0.27353658767742617,-0.04460912887364044,0.0,0.020029249929925073,0.09015314380559837,-0.08124618822115602,0.0015022404151387382,0.0,0.050824922790301374,0.0,-0.007825513440575497,-0.025793326575325733,0.0,-0.3281142684641487,0.06855893147953816,-0.08178757015672682,-0.034980147172662075,0.0,-0.02679525071140882,0.15035505609519265,-9.367972373157736,0.0,0.0,0.07958628933721722,0.0
0.16478980980193622,-0.4694097867152429,1.1837269992796502,-2.705542805942006,-0.02670321539082794,0.0,-0.3568183559127323,0.0,-12.740099385240276,0.10903857876909269,0.004159503523328405,-0.008613583990423059,0.0,0.020029249929925073,0.08500774604029812,-0.08230217934772734,0.0015022404151387382,0.0,0.050824922790301374,0.0,-0.007653606333522655,-0.024362485082410193,0.0,-0.3243597844693177,0.06855893147953816,-0.1760342256436785,-0.034980147172662075,0.0,-0.024347353068695555,0.15288880948342615,-9.577416889630419,0.0,0.0,0.08538197836582143,0.0
0.15794021225220192,-0.3573323470776033,0.9357229598882091,-2.706168740939788,-0.02670321539082794,0.0,-0.2978483543670615,0.0,-12.720227805055858,-1.2482146133185603,-0.007795319215323856,-0.04535464091569874,0.0,0.008147221958928197,0.0762662369391687,-0.08151983144002352,0.0013920512200164465,0.0,0.037008793913546056,0.0,-0.0070545554340368305,-0.027262588164603058,0.0,-0.23583205512360295,0.0476516867496363,-0.17658984006146863,-0.019388820732562352,0.0,-0.03777826369923626,0.14722129588613875,-8.10234475482694,0.0,0.0,0.05333025289387847,0.0
0.15828348088576402,-0.4018869616383304,0.801613252133337,-2.706168740939788,-0.02728427544594762,0.0,-0.357399415967852,0.0,-12.715804647079887,-1.2452503761430629,-0.00873738838918289,-0.02289718193035031,0.0,0.037040127907244084,-0.04889511570832041,0.0202707479604112,0.0013920512200164465,0.0,0.037008793913546056,0.0,-0.0005762730132530962,0.09855265068368155,0.0,-0.22831927482543274,0.0538110010367148,-0.1968616510736051,-0.019388820732562352,0.0,0.029289495099118643,0.100119360784544,-8.047319394685214,0.0,0.0,0.056673521886936064,0.0
0.16291659492108487,-0.4851408945112584,1.0971453171340966,-2.705542805942006,-0.02670321539082794,0.0,-0.3568183559127323,0.0,-12.658117368163262,0.10513441300151125,0.006751621454737773,-0.02680472331071768,0.0,0.013063700634414744,-0.049692443056235915,0.014563851559697333,-0.0012158240876418505,0.0,0.04539148842885814,0.0,-0.0077221548170441365,-0.033228527749481464,0.0,-0.2861211914821456,0.06855893147953816,-0.19587873770068998,-0.034980147172662075,0.0,-0.021405589252904943,0.09979788295123987,-9.440031989618486,0.0,0.0,0.08334513254141519,0.0
0.1522889061888094,-0.37987889680612485,0.9243724594311582,-2.706168740939788,-0.02670321539082794,0.0,-0.3568183559127323,0.0,-12.657801949358193,-1.297335829030559,0.000800703909559037,0.05688160095668562,0.0,0.018395655611948634,-0.05059975773844498,0.014679817142897525,0.0015022404151387382,0.0,0.03402324017122658,0.0,-0.009124802236436845,-0.03540130343750351,0.0,-0.21517543652506763,0.0476516867496363,-0.19650234293851643,-0.019388820732562352,0.0,-0.032225166978749574,0.09870391364644093,-8.05865727721315,0.0,0.0,0.05974663695372463,0.0
0.1494948576804614,-0.37889160002116473,0.8844465420773453,-2.706168740939788,-0.02649281949785725,0.0,-0.36807675719367766,0.0,-12.663672802290385,-1.2665209667339405,-0.006496884901004198,0.08456957254295656,0.0,0.018762685991851394,-0.05059975773844498,0.014602601521225441,0.0015022404151387382,0.0,0.03402324017122658,0.0,-0.010024735770864329,-0.031755638391750655,0.0,-0.1534982792108788,-0.048735612395301504,-0.1944448965917687,-0.019388820732562352,0.0,-0.032225166978749574,0.06741927994958706,-7.988461679510599,0.0,0.0,0.05789910448750129,0.0
0.15132703381677587,-0.35510178945541515,0.8185650519661154,-2.706168740939788,-0.02841728578435348,0.0,-0.29129490837193434,0.0,-12.608400769723463,-1.2807575844430015,0.012910531951458979,-0.051250525289480126,0.0,0.018395655611948634,-0.05059975773844498,0.02224341724744743,-0.0011056348925195594,0.0,0.03402324017122658,0.0,-0.0015914697933598447,0.10007084408040409,0.0,-0.21236861031338342,0.020777652437895103,-0.19370093893986504,-0.019388820732562352,0.0,-0.03642035810863694,0.0213057902480901,-8.045687147695888,0.0,0.0,0.04990009062926373,0.0
0.1529997052046121,-0.40022041894990235,0.8431233557497471,-2.706168740939788,-0.02841728578435348,0.0,-0.28729406357404697,0.0,-12.595848628841164,-1.282954468189144,0.021706924761843136,-0.051250525289480126,0.0,0.018395655611948634,-0.05059975773844498,0.02224341724744743,-0.0011056348925195594,0.0,0.032243992576472855,0.0,-0.0015914697933598447,0.10007084408040409,0.0,-0.2212138336297428,0.03956517943499703,-0.11422252813674595,-0.019388820732562352,0.0,-0.03642035810863694,-0.061281322161420015,-8.055006342596887,0.0,0.0,0.04990009062926373,0.0
0.12185661089661834,-0.4117000896699935,0.36585749344224094,-2.704423037381485,-0.02841728578435348,0.0,-0.3502649099176051,0.0,-12.604854958073588,-1.0362036788250362,0.007368248156355875,-0.01872146937236943,0.0,0.018395655611948634,-0.0501052817044654,0.027625856535138237,-0.0011056348925195577,0.0,0.03402324017122658,0.0,-0.0032889219799518052,0.09742952426808847,0.0,-0.10951345017830794,0.01878287080565477,-0.19055316647517215,-0.010604921576990032,0.0,-0.048790525921576795,-0.08579218360176395,-7.702547119780189,0.0,0.0,0.03281210118663273,0.0
0.12248943723265852,-0.3999949204928562,0.3834224165472849,-2.704423037381485,-0.02841728578435348,0.0,-0.29129490837193434,0.0,-12.732446256125373,-1.025070592816649,0.007368248156355875,-0.048616063964315503,0.0,0.018395655611948634,-0.0501052817044654,0.028650698954218828,-0.0011056348925195577,0.0,0.03224399257647285,0.0,-0.0032685112148134357,0.09904091311307969,0.0,-0.10345362546214189,-0.027133575973480168,-0.11101781768163797,-0.010604921576990032,0.0,-0.05032830745697394,-0.10359272897967488,-7.660661479294074,0.0,0.0,0.027188552920254242,0.0
0.10014012923287748,-0.5599129270869461,0.32177836811161964,-2.7016225114957284,-0.02841728578435348,0.0,-0.29129490837193434,0.0,-12.715551724376688,0.08533254185747657,0.0011311508348310294,-0.04911594023122478,0.0,0.020428840011472597,-0.05026623692461176,0.02838339278646704,-0.0011056348925195577,0.0,0.050824922790301374,0.0,-0.0034231280061985596,0.09904091311307969,0.0,-0.16564881988903057,-0.033312548707348864,-0.18987432613580119,-0.015109976955752039,0.0,-0.046362811817057675,-0.11189624794869844,-8.403916004390556,0.0,0.0,0.027035740214852368,0.0
0.6759355475101275,-0.38107453410205117,0.5020187558175451,-2.7055965420669885,-0.02841728578435348,0.0,-0.3333981340424702,0.0,-12.559206131526949,-1.233502971738938,-0.04660870092015618,-0.03846248013347592,0.0,0.018395655611948634,-0.05001195624384343,0.028106328453518035,-0.0013264583042195876,0.0,0.02529271470091143,0.0,-0.0029738507645815392,0.09879010330629905,0.0,-0.09179744706003898,0.01843156705587121,-0.1922160066160252,-0.01909709288047377,0.0,-0.10023913119523535,-0.13013234641716348,-8.104021688710933,0.0,0.0,0.018377051990196458,0.0
0.5863675276997683,-0.3949191977701519,0.5009159143194493,-2.7055965420669885,-0.027190406804985925,0.0,-0.3333981340424702,0.0,-12.509121769731717,-1.1091471865965465,-0.043215772419403185,-0.038236987514862944,0.0,0.012614486404477123,-0.047518561278968606,0.02606259582557953,-0.0014366474993418787,0.0,0.023204110345316,0.0,-0.001322109104390489,0.0954729913611538,0.0,-0.18993788610546333,0.014554068149170487,-0.19243812746290598,-0.01909709288047377,0.0,-0.08474685607276752,-0.1612421479642609,-8.05371297271898,0.0,0.0,0.020351669868293187,0.0
0.6227888851622585,-0.41586764916458274,0.5863967109186996,-2.7055965420669885,-0.05043433393102514,0.0,-0.35606214787026264,0.0,-12.483940702199714,-1.1724663410399985,-0.06661591656526282,-0.02301050646399311,0.0,0.012614486404477123,-0.047518561278968606,0.018559283774887178,-0.0014366474993418787,0.0,0.019859280339468186,0.0,-0.002328967544416803,-0.030952338705511787,0.0,-0.1783297465880331,0.020713382436248977,-0.1937623956674312,0.03542539848897681,0.0,-0.08388624170713896,-0.11715516543105703,-8.044726935428045,0.0,0.0,0.02499867756528703,0.0
0.6372199411806642,-0.41089282818983797,0.6172678641196967,-2.7055965420669885,-0.05043433393102514,0.0,-0.35606214787026264,0.0,-12.433944181071992,-1.161910245778725,-0.07671585067046155,-0.02474340770208746,0.0,0.009206788446472266,0.045856591121177424,0.01852988467578833,-0.0014366474993418787,0.0,0.019859280339468186,0.0,-0.009303819573892834,-0.030637834573220262,0.0,-0.17872836053015181,-0.001468930944795248,-0.19404696591568205,0.013936228638436939,0.0,-0.08425952108557878,-0.12155239983253621,-8.176494645560389,0.0,0.0,0.023617050213776032,0.0
0.21693539610778317,-0.341400684345558,0.3928684528781964,-2.704423037381485,-0.05306471168621961,0.0,-0.33822141756106466,0.0,-12.63063024189952,-1.0387455710125126,-0.014638097595449531,-0.04273344013976403,0.0,0.008546812040475724,-0.04840063967434083,0.03108926136056387,0.0013920512200164465,0.0,0.029733011147646902,0.0,-0.008416495863619129,0.0977047678755113,0.0,-0.08417096223510066,0.02494218509273326,-0.18964481421969007,-0.0111372127504344,0.0,-0.0328724457710567,-0.08497488504928176,-7.840757888866363,0.0,0.0,0.02828557426707725,0.0
0.21706774925901412,-0.34778802911929513,0.38694213195632926,-2.704423037381485,-0.05343183295209842,0.0,-0.33858853882694345,0.0,-12.635274790928023,-1.0387455710125126,0.0016309851951926877,-0.04272168055940725,0.0,0.008546812040475724,-0.04840063967434083,0.031240276711524725,-0.0012158240876418488,0.0,0.029733011147646902,0.0,-0.0012164206710734318,0.09911174863201573,0.0,-0.07970622221250671,0.01878287080565477,-0.18989386467268837,-0.0111372127504344,0.0,-0.03275284492493307,-0.08411774009605094,-7.844661944206952,0.0,0.0,0.02828557426707725,0.0
0.0974489373829772,-0.32421869655856833,0.37595002056710647,-2.7023053197458613,-0.06192528862867655,0.0,-0.3345876940290562,0.0,-12.575032076334068,-0.2681319493174743,0.016035784387865244,-0.04127943690971111,0.0,0.018395655611948634,-0.05026623692461176,0.03025013461648016,-0.0013264583042195876,0.0,0.049144591355561734,0.0,-0.002549434811011373,0.09911174863201573,0.0,-0.1497098592262857,0.005053162678830726,-0.1901562331346394,-0.014793942030223084,0.0,-0.048378316313101466,-0.0840430221662255,-8.505971689920166,0.0,0.0,0.030550585059659435,0.0
0.2122961693731773,-0.30997613266858703,0.41957626041894375,0.8202342614837422,-0.05343183295209842,0.0,-0.2771283664079791,0.0,-10.181098108862964,-1.037616519677402,0.015483175359343217,-0.04272168055940725,0.0,0.018395655611948634,-0.0501052817044654,0.031240276711524725,-0.0011056348925195577,0.0,0.031553499791738195,0.0,-0.00256565387171247,0.09911174863201573,0.0,-0.1308288179368611,0.01878287080565477,-0.07833652490158924,-0.0111372127504344,0.0,-0.047446684875903596,-0.07946240880981098,-6.228360360787376,0.0,0.0,0.027003980230227653,0.0
0.04448206644178385,-0.34108053176461,0.34518831152968354,0.8193825431346454,-0.06015917371461247,0.0,-0.15969202363829754,0.0,-10.03162881018293,-1.2126065483762913,0.014610963915453969,-0.037407154082393056,0.0,-0.018401219512393145,-0.0501052817044654,0.0020430363863869626,-0.0013264583042195876,0.0,0.018422262805311007,0.0,-0.002405162968421223,0.09896221001887515,0.0,0.11151614399884877,0.029816323113663105,-0.07403703285353051,-0.010604921576990032,0.0,-0.04723272222942986,-0.07740083845232504,-6.21724709082612,0.0,0.0,0.0280463523445302,0.0
0.042845310116925724,-0.3527737012415009,0.3765602597210186,0.8192744795882159,-0.06015917371461247,0.0,-0.15969202363829754,0.0,-10.031693040829227,-1.1929762812067581,0.014445353238601607,-0.037407154082393056,0.0,-0.018401219512393145,-0.0501052817044654,0.0020430363863869626,-0.0013264583042195876,0.0,0.018422262805311007,0.0,-0.0026820199648055106,0.09896221001887515,0.0,0.10262425231846418,-0.03530122517702896,-0.07403703285353051,-0.010604921576990032,0.0,-0.04723272222942986,-0.07740083845232504,-6.178447646081977,0.0,0.0,0.026198819878306846,0.0
0.04386198272144096,-0.33715294294791537,0.33185483311824593,0.8193825431346454,-0.06015917371461247,0.0,-0.15969202363829754,0.0,-9.883830058751213,-1.2191584114464895,0.014955770278427821,-0.037407154082393056,0.0,0.018395655611948634,-0.0501052817044654,0.0020998555806762275,-0.0013264583042195876,0.0,0.020201510400064734,0.0,-0.0023761108238073802,0.09896221001887515,0.0,0.11151614399884877,0.029816323113663105,-0.15351544365664943,-0.010604921576990032,0.0,-0.04701873580493453,-0.07740083845232504,-6.308543404698509,0.0,0.0,0.02837937512813033,0.0
0.10584887086439382,-0.2931073739477301,0.3673344702659578,0.8193825431346454,-0.06192528862867655,0.0,-0.2771283664079791,0.0,-10.014650308452456,-0.27058449336055673,0.015907994716184495,-0.04127943690971111,0.0,0.018395655611948634,-0.05026623692461176,0.01364288461833268,-0.0013264583042195876,0.0,0.04016613335519874,0.0,-0.0027731407864964026,0.09911174863201573,0.0,-0.14449487749950224,0.02494218509273326,-0.1536921091619141,-0.014793942030223084,0.0,-0.04851075977552164,-0.07774597992397742,-6.9224951549445075,0.0,0.0,0.03239811752588281,0.0
0.14060576999314728,-0.38360128795459303,0.9630443303601438,0.8199806673091811,-0.06192528862867655,0.0,-0.2771283664079791,0.0,-9.996343137926686,0.1069283416396447,0.02511543323844922,-0.04177931317662039,0.0,0.020428840011472597,-0.05026623692461176,0.014461246070149128,-0.005666685613785908,0.0,0.10164356704170602,0.0,-0.0020406494418126904,0.0955689167325295,0.0,-0.1530977854511848,0.029838171940239907,-0.15255862137535098,-0.015109976955752039,0.0,-0.03625924999133565,-0.12267939869963472,-7.923947461189881,0.0,0.0,0.06714485216043829,0.0
0.11953622192955501,-0.27638156941927117,0.7956754973756192,0.8200414525835088,-0.035777731122525774,0.0,-0.28307331247163997,0.0,-10.328046854731445,-1.2969107522996919,0.019793751130872176,-0.03450972636705218,0.0,0.01799606553040111,-0.05000472326618091,0.01810968895554424,-0.005666685613785908,0.0,0.05607454248566287,0.0,-0.0013856961352711264,0.09531603305443931,0.0,-0.09061736405429816,0.02494218509273326,-0.15728067492669062,-0.010604921576990032,0.0,-0.04485986778905008,0.1792843842118559,-6.413907481240681,0.0,0.0,0.044614215423576485,0.0
0.11890364649861908,-0.2641370178493881,0.9181861453921507,0.8200414525835088,-0.035777731122525774,0.0,-0.28307331247163997,0.0,-10.356484723401385,-0.36751471136196484,0.021832419737209268,-0.03450972636705218,0.0,0.01799606553040111,-0.050165678486327275,0.013902534364066377,-0.005666685613785908,0.0,0.09304358717615817,0.0,-0.0013856961352711264,0.09531603305443931,0.0,-0.14354060828823806,0.02494218509273326,-0.15660504130890593,-0.014793942030223084,0.0,-0.04200190240772321,0.17910226339302973,-7.449551014933789,0.0,0.0,0.06429813571510053,0.0
0.11926175200671171,-0.2787097284601026,0.800180994227495,0.8200414525835088,-0.035777731122525774,0.0,-0.28307331247163997,0.0,-10.328046854731445,-1.2969107522996919,0.019793751130872176,-0.03450972636705218,0.0,0.01799606553040111,-0.05000472326618091,0.01810968895554424,-0.005666685613785908,0.0,0.05607454248566287,0.0,-0.0013856961352711264,0.09531603305443931,0.0,-0.09061736405429816,0.01878287080565477,-0.15752972537968893,-0.010604921576990032,0.0,-0.04485986778905008,0.1792843842118559,-6.409401984388805,0.0,0.0,0.044614215423576485,0.0
0.5951250257230952,-0.2867696755140678,0.8763815624451498,0.8210851977192714,-0.02728427544594762,0.0,-0.28307331247163997,0.0,-10.417792518750135,-1.3727536807874126,-0.044866655854627575,-0.031778353958781494,0.0,0.01799606553040111,-0.04991139780555894,0.01810968895554424,-0.005666685613785908,0.0,0.03716671656264253,0.0,-0.0012125604488521322,0.09506522324765866,0.0,-0.08849268343284736,0.0003171431256017403,-0.0800239873192944,-0.01909709288047377,0.0,-0.0976525585361503,0.1798180106357902,-6.696934519810134,0.0,0.0,0.024602001443749136,0.0
0.5645319502515431,-0.25207944536620475,0.8640838409583363,0.8210851977192714,-0.02728427544594762,0.0,-0.28307331247163997,0.0,-10.275995350570238,-1.3777043427108826,-0.04425146908242334,-0.03618994252764136,0.0,0.01799606553040111,-0.05001195624384343,0.01810968895554424,-0.005666685613785908,0.0,0.038945964157396255,0.0,-0.0012125604488521322,0.09506522324765866,0.0,-0.09083426295898483,0.01843156705587121,-0.15908569920625923,-0.01909709288047377,0.0,-0.0967883816624875,0.1757580978013468,-6.762485346815422,0.0,0.0,0.03010920508689853,0.0
0.5658892063320173,-0.24093787811460193,0.8828688893245583,0.8210851977192714,-0.02728427544594762,0.0,-0.28307331247163997,0.0,-10.417995950467395,-1.3777043427108826,-0.04425146908242334,-0.03618994252764136,0.0,0.01799606553040111,-0.05001195624384343,0.01810968895554424,-0.005666685613785908,0.0,0.03716671656264253,0.0,-0.0012125604488521322,0.09506522324765866,0.0,-0.09083426295898483,0.01843156705587121,-0.07960728840314023,-0.01909709288047377,0.0,-0.0967883816624875,0.1757580978013468,-6.729467781824922,0.0,0.0,0.03010920508689853,0.0
0.5738032227206129,-0.23935403136077535,0.8913224935688882,0.8210851977192714,-0.02728427544594762,0.0,-0.28307331247163997,0.0,-10.415201424983376,-1.3234061941729804,-0.04425146908242334,-0.03618994252764136,0.0,0.01799606553040111,-0.05001195624384343,0.013617882431148693,-0.005666685613785908,0.0,0.040511546568490334,0.0,-0.001334085212665034,0.09506522324765866,0.0,-0.1334482973617523,-0.026026969161661962,-0.07960728840314023,-0.01909709288047377,0.0,-0.0967883816624875,0.1757580978013468,-6.714323318864718,0.0,0.0,0.028261672620675183,0.0
0.08814712188008643,-0.4546452821495558,1.0965220121271528,0.8191118835702822,-0.035196671067406086,0.0,-0.30173648150154503,0.0,-10.548676184849237,0.1018138390219875,0.023207791250177242,-0.018569424667595695,0.0,0.006998757244943503,0.04481355750565884,0.0195523838985134,0.002298559577034941,0.0,0.10626550369850302,0.0,-0.000582744926507219,-0.032390187890566184,0.0,-0.08567815298252106,-0.033312548707348864,-0.07574709140412383,-0.015109976955752039,0.0,-0.01527329477559027,0.1859058481739057,-7.784651660142728,0.0,0.0,0.06928912083141371,0.0
0.10552778992559328,-0.31283794653367214,0.9145384471034392,0.8196944204280585,-0.035196671067406086,0.0,-0.28249225241652026,0.0,-10.456316256278777,-1.2643963435626357,0.012040990437612167,-0.03542193475471221,0.0,0.01799606553040111,0.04326987069568063,0.014680647698003752,-0.005666685613785908,0.0,0.058199594793357234,0.0,-0.002568661297465406,-0.04070139369848496,0.0,-0.07973516850350526,-0.027133575973480168,-0.07969120545327159,-0.0013223513595698121,0.0,-0.04521451940075948,0.16926207451021225,-6.366706382487527,0.0,0.0,0.04254812403840275,0.0
0.7416548830220382,-0.5264807399646915,1.1772624077924139,0.8206775239055515,-0.02670321539082794,0.0,-0.2993590282916552,0.0,-10.360994583826754,0.1168557034159532,-0.08659940090980146,0.010987486201493046,0.0,0.019654463563658485,-0.05009701018922385,0.012286690507792316,-0.0009759572360457531,0.0,0.05615325008463187,0.0,-0.002029993454876215,-0.032008956984259596,0.0,-0.1506549504508048,-0.00037030166671427224,-0.08052106843860676,0.059903345920262294,0.0,-0.10238808311809974,0.14040276619198613,-8.308948728841479,0.0,0.0,0.034650174917257026,0.0
0.7303788986727252,-0.5349144794255261,1.166630246197249,0.8206775239055515,-0.02649281949785725,0.0,-0.3106174295726006,0.0,-10.360038817300632,0.1168557034159532,-0.09208874571884557,0.06983860918286501,0.0,0.02042108402510877,-0.05009701018922385,0.011828905372937305,-0.0009759572360457531,0.0,0.05615325008463187,0.0,-0.002083407673629892,-0.031029776630326394,0.0,-0.1464735245601749,-0.00037030166671427224,-0.07895132644355263,0.059903345920262294,0.0,-0.10201856454606997,0.13509388634256053,-8.325690911506326,0.0,0.0,0.0364182956068802,0.0
0.08914937676312061,-0.46640087656640145,1.0793206045157029,0.8191118835702822,-0.035777731122525774,0.0,-0.30231754155666474,0.0,-10.45592670970851,0.10598305955752134,0.01610513428781819,-0.02779405123662853,0.0,0.020428840011472597,-0.05026623692461176,0.019752249648978176,-0.005666685613785908,0.0,0.10884277744731527,0.0,-0.002098993703395444,-0.029096129236097838,0.0,-0.15579229512318546,0.029838171940239907,-0.07677754779568129,-0.015109976955752039,0.0,-0.03658010799250638,0.1340644696598677,-7.670617653928663,0.0,0.0,0.0699826468212815,0.0
0.08631499837150632,-0.4932025572217716,1.0558098929252149,-2.7015996715959143,-0.035196671067406086,0.0,-0.3399515800375974,0.0,-13.02736948026948,0.10273256879185448,0.016354053088088828,-0.04225014723703699,0.0,0.020428840011472597,-0.05026623692461176,0.022332625412843744,-0.005666685613785908,0.0,0.10884277744731527,0.0,-0.003129632581954336,-0.04075390759054865,0.0,-0.14407497133232375,-0.033312548707348864,-0.1111842254216589,-0.015109976955752039,0.0,-0.037187043825818784,0.03790414944361853,-9.066206642884298,0.0,0.0,0.06300703971390557,0.0
0.08785144291153509,-0.4994608789003566,1.046396207430598,-2.7015996715959143,-0.036329681405811935,0.0,-0.3520613030723753,0.0,-12.976611882019041,0.10380877697052224,0.016354053088088828,-0.025066506212705442,0.0,0.020428840011472597,-0.05026623692461176,0.019520430390563812,-0.005666685613785908,0.0,0.10884277744731527,0.0,-0.0030081078181414347,-0.03244270178262987,0.0,-0.1568723556641719,0.023678857653161415,-0.1111842254216589,-0.015109976955752039,0.0,-0.03644648933617811,-0.006295987950253641,-9.12142280943481,0.0,0.0,0.07022908014346615,0.0
0.08386597730260568,-0.5089970664818074,1.0148513534515253,0.8191118835702822,-0.036329681405811935,0.0,-0.27535774636627336,0.0,-10.242448519758335,0.10369133099609493,0.01623907240202913,-0.042418892566731224,0.0,0.020428840011472597,0.08625171764756533,0.022332625412843744,0.0024087487721572327,0.0,0.10884277744731527,0.0,-0.001815960504938869,-0.04075390759054865,0.0,-0.15437457898174206,0.023678857653161415,-0.07496915190193199,-0.015109976955752039,0.0,-0.037187043825818784,-0.0891261664032313,-7.68695260073418,0.0,0.0,0.06649478556924907,0.0
0.700699960138359,-0.569862182724934,1.0932323847307164,0.8206775239055515,-0.02841728578435348,0.0,-0.29518303550641783,0.0,-10.188952394213848,0.11190206351719563,-0.07751580727495846,-0.02486320921510894,0.0,0.020428840011472597,-0.05009701018922385,0.0051325698556948345,-0.005666685613785908,0.0,0.05615325008463187,0.0,-0.0027455613689396133,-0.028767412221854947,0.0,-0.1515404974974561,0.029208131731022425,-0.07743087368394708,-0.034931034485511415,0.0,-0.10435988308958245,-0.10326014165315413,-7.967877867574702,0.0,0.0,0.036392834882326405,0.0
0.20999246657345527,-0.34157353152337877,0.8939992718639508,0.8210012344790352,-0.027836225729233798,0.0,-0.2946019754512981,0.0,-10.212537965568318,-1.206491892024474,0.012175469358482668,-0.00020449526602725417,0.0,0.01802086924568204,-0.0501052817044654,0.018971491328883636,-0.0016811674863135902,0.0,0.06592809011238529,0.0,-0.003129632581954336,-0.03244270178262987,0.0,-0.15800183029099507,-0.027133575973480168,-0.0791551575169869,-0.0111372127504344,0.0,-0.04192745032597318,-0.10685850385406899,-6.327205651054966,0.0,0.0,0.04429203468230791,0.0
-0.1474387852499977,-0.10917574824400175,1.0686062964610366,0.8209404492047074,-0.027836225729233798,0.0,-0.2946019754512981,0.0,-10.166333749210356,0.10978382627538855,0.01818409888842029,-0.026508749862401582,0.0,0.020428840011472597,0.043125770721921294,0.011858755594340282,-0.0054458622020858785,0.0,0.10815228466258062,0.0,-0.0030373829241767077,-0.03244270178262987,0.0,-0.16516322665081798,-0.033312548707348864,-0.0784948429730759,0.04115906099907515,0.0,-0.03396403168698271,-0.11429057221747989,-7.910146010547364,0.0,0.0,0.06830970737948143,0.0
0.17073795815228376,-0.4300084864371787,1.0653522565931066,0.8209404492047074,-0.027085118435116736,0.0,-0.31014922290446495,0.0,-10.194651036572216,0.10980319370680491,0.019267766131153385,0.07587076745509247,0.0,0.020795870391375357,0.043125770721921294,0.016360061042075755,0.002629572183857263,0.0,0.10884277744731527,0.0,-0.002736766345784936,-0.03146352142869667,0.0,-0.17628176660708247,0.023678857653161415,-0.075970804622969,-0.015109976955752039,0.0,-0.033337524094148925,-0.14357388140485977,-7.948879631675279,0.0,0.0,0.07419911355991239,0.0
0.1680108301176909,-0.25774862194041576,0.9789137155066433,0.8210012344790352,-0.027836225729233798,0.0,-0.27535774636627336,0.0,-10.11637369816644,-0.3434443881480381,0.015332144840960637,-0.04191901629982194,0.0,0.018395655611948634,-0.05026623692461176,0.014406663487857718,-0.0054458622020858785,0.0,0.10024279758176743,0.0,-0.002952859553257302,-0.04075390759054865,0.0,-0.17009414187037297,0.02494218509273326,-0.07699811623428496,-0.014793942030223084,0.0,-0.042182362911037934,-0.18747471444266733,-7.389659309129879,0.0,0.0,0.06441259957975028,0.0
0.21060263598703222,-0.25189955518161683,0.7892691472234327,0.8210012344790352,-0.05224227296551238,0.0,-0.27593880642139307,0.0,-10.180054672483065,-1.2608466645413163,0.05852271191818375,-0.04156668764998793,0.0,0.018395655611948634,-0.0501052817044654,0.021602522300824385,-0.0054458622020858785,0.0,0.05750910200862258,0.0,-0.002182584970763963,0.08892789766283198,0.0,-0.12892995110988698,-0.0006362207015247574,-0.04798721841007524,-0.0111372127504344,0.0,-0.043717812093399096,-0.14350162632297228,-6.448130842589967,0.0,0.0,0.04084904166575291,0.0
0.2044448648392858,-0.19794426259110579,0.7332539179139542,0.8210012344790352,-0.050329667594044405,0.0,-0.27825352583326557,0.0,-10.141749161843435,-1.2603179060688576,0.11159244692961068,-0.05457492978942193,0.0,0.018395655611948634,-0.048681872727660135,0.027814092723239696,-0.0054458622020858785,0.0,0.05750910200862258,0.0,0.09754718823550619,0.07469220358269238,0.0,-0.12313376704568245,-0.0006362207015247574,-0.047437875583180335,-0.0111372127504344,0.0,-0.04166778520716591,-0.1479550683790555,-6.6218092466152925,0.0,0.0,0.047180335367492034,0.0
-0.0187179057704437,-0.2009230465798056,0.6623811108147154,0.8200414525835088,-0.05828871034235018,0.0,-0.16067251390854434,0.0,-10.726029405483095,-1.3045256819069757,0.10930243858327561,-0.044051208316727763,0.0,0.06079326693900863,-0.048681872727660135,0.022572753453301488,-0.005666685613785908,0.0,-0.04266793952363638,0.0,0.08988356218472139,0.08076896585364932,0.0,0.09259529304790509,-0.03514798219233725,-0.048721388323728854,-0.010604921576990032,0.0,0.5645708467276467,-0.11302952497140309,-6.366285594304891,0.0,0.0,0.04476450804871424,0.0
-0.03164797938842656,-0.28724848820039955,0.6659874602536427,0.8200414525835088,-0.0584663990607345,0.0,-0.16085020262692865,0.0,-10.730115556633002,-1.320362890722642,0.10910170420544128,-0.03389483076627724,0.0,0.05499940283494013,-0.0501052817044654,0.017938860522261124,-0.005666685613785908,0.0,-0.04266793952363638,0.0,0.00013441624673763254,0.08406212041579411,0.0,0.0959638435722783,0.03597563740074158,-0.06548936590696122,-0.010604921576990032,0.0,0.5625208198414136,-0.11241918964800811,-6.210568267388937,0.0,0.0,0.037042097578524086,0.0
0.6592505913507912,-0.23053937983256953,0.8097504939347983,0.8210851977192714,-0.0528980862992577,0.0,-0.27944308581985167,0.0,-9.970761484770673,-1.4244244600743086,0.15186040415174382,-0.042904968030689494,0.0,0.018395655611948634,-0.05001195624384343,0.024383062679577933,-0.005666685613785908,0.0,0.03716671656264253,0.0,0.0017993051170959455,0.08178741130757715,0.0,0.01589979315931189,0.029465019363879547,-0.07524311912712141,-0.01909709288047377,0.0,-0.09699167924749282,-0.1216477467686947,-7.149038683371572,0.0,0.0,0.03018145388087934,0.0
0.1793326336848716,-0.25773665302986765,0.7583841644679449,0.8210012344790352,-0.05343183295209842,0.0,-0.2771283664079791,0.0,-10.0134070440067,-1.2910544320527086,0.05914708529554973,-0.04126292282669152,0.0,0.018395655611948634,-0.0501052817044654,0.02968085622515538,-0.0054458622020858785,0.0,0.058199594793357234,0.0,0.0023446825293157807,0.0923654810055348,0.0,0.055360797753628434,0.029816323113663105,-0.0737524988122747,-0.010604921576990032,0.0,-0.04517277175478499,-0.11601754958839043,-6.751280374573996,0.0,0.0,0.04472867928822622,0.0
0.12803563787806452,-0.3941785814482042,1.0829383713886616,0.8199806673091811,-0.06115419610501812,0.0,-0.2956015029693455,0.0,-10.12419794976966,0.10575232081841462,0.018394298262379608,-0.028530782334368933,0.0,0.020428840011472597,-0.016826107551171685,0.01217261388409772,0.0024087487721572327,0.0,0.10884277744731527,0.0,-0.0030743843170702033,-0.032619790579969936,0.0,-0.14305894143621423,-0.033312548707348864,-0.07496915190193199,-0.015109976955752039,0.0,-0.03565231415802325,-0.12292946439045865,-7.822839760950272,0.0,0.0,0.06745785456226121,0.0
0.16362916534572747,-0.43084411320815685,1.0257243897336201,0.8209404492047074,-0.05266074042843999,0.0,-0.2996023477672329,0.0,-9.950369719364234,0.1111847732332492,0.010919210231415765,0.045201602064384,0.0,0.020428840011472597,-0.050249381678224736,0.01667391933183319,0.002629572183857263,0.0,0.110622025042069,0.0,-0.0026631685478937274,-0.031892463185799115,0.0,-0.17978632045424228,0.023678857653161415,-0.15323335634531235,0.03803364582088474,0.0,-0.032298814104052206,-0.1217770822810708,-7.998736301401813,0.0,0.0,0.07680403566930821,0.0
-0.16000038792848448,0.017777104630092667,1.070684877620419,0.8209404492047074,-0.05266074042843999,0.0,-0.2956015029693455,0.0,-10.06439467436707,0.10464434584133374,0.019032193105344836,-0.04307579084887305,0.0,0.020428840011472597,-0.05026623692461176,0.017131704466688203,-0.0054458622020858785,0.0,0.10815228466258062,0.0,-0.0029964950751227844,-0.032619790579969936,0.0,-0.16310053384589257,-0.033312548707348864,-0.0779655660506564,0.04115906099907515,0.0,-0.03164434226990278,-0.13724396390613183,-7.981660315437662,0.0,0.0,0.07439456775903593,0.0
-0.15626673198314806,0.03676734647831998,1.1115768524134517,0.8209404492047074,-0.05266074042843999,0.0,-0.2956015029693455,0.0,-10.065687562459374,0.10353174267860087,0.018334635962611052,-0.012639590388783605,0.0,0.020428840011472597,0.045471990610517245,0.017131704466688203,-0.0054458622020858785,0.0,0.10815228466258062,0.0,-0.0029964950751227844,-0.032619790579969936,0.0,-0.16310053384589257,-0.033312548707348864,-0.07749547474671863,-0.01607517870195787,0.0,-0.030283849392608985,-0.1348011684304252,-8.112789382128142,0.0,0.0,0.07179724230956697,0.0
0.6240084330914202,-0.4221736737490496,1.0976932469729352,0.8210087553941143,-0.02649281949785725,0.0,-0.3169957275803778,0.0,-10.091536017571926,0.11596454720175359,-0.0844263450086138,0.07580377848057264,0.0,0.012960163563428755,-0.049996451750939364,0.009755525655232938,-0.0005517288348249312,0.0,0.05412568548670421,0.0,-0.0018692511733044235,-0.031029776630326394,0.0,-0.1496423775163307,0.010911032072499011,-0.12326679176278328,-0.034931034485511415,0.0,-0.10090932507302723,0.18712449484958388,-8.454330649521356,0.0,0.0,0.04115298414717933,0.0
-0.1527475085049393,-0.023478758615979513,1.0624282284213948,0.8209404492047074,-0.025295140066418496,0.0,-0.30032840617713563,0.0,-10.13732744271454,0.11242497782792178,0.017844929721409886,-0.03389289263606442,0.0,0.020029249929925073,-0.05015501855756718,0.016849799684880352,0.002629572183857263,0.0,0.10772426327606022,0.0,-0.0021094178139836137,-0.04070139369848496,0.0,-0.17773789773609616,0.023678857653161415,-0.12296203045743792,-0.01607517870195787,0.0,-0.03194942503495641,0.19991677863732868,-8.181994828501782,0.0,0.0,0.07464490943586294,0.0
-0.15653327617277568,0.11706770044029365,0.9943537563421527,0.8210012344790352,-0.025295140066418496,0.0,-0.30032840617713563,0.0,-10.088573448575907,-0.3655947798688001,0.014814813102821876,-0.03419158217288121,0.0,0.01799606553040111,0.043209473913818755,0.016585512556117864,0.002629572183857263,0.0,0.09912428341051238,0.0,-0.0022200170047683176,-0.032390187890566184,0.0,-0.16741494824129152,0.01878287080565477,-0.12334245929695427,-0.015759143776428914,0.0,-0.037983327636947256,0.18507891707003424,-7.890612958148853,0.0,0.0,0.07195215195419205,0.0
0.19341152963401542,-0.34074287379426776,1.078276499611178,0.8209404492047074,-0.02670321539082794,0.0,-0.30173648150154503,0.0,-10.237873048957429,0.10632223811240303,0.017844929721409886,-0.033844946989396545,0.0,0.019654463563658485,-0.050165678486327275,0.016849799684880352,-0.0016811674863135902,0.0,0.10772426327606022,0.0,-0.002341541768581219,-0.032390187890566184,0.0,-0.16211656308911007,-0.033312548707348864,-0.12303637384798563,-0.01607517870195787,0.0,-0.03194942503495641,0.19411397311009135,-8.070125844595719,0.0,0.0,0.07131360708308643,0.0
0.19530461247257253,-0.3214776174017943,1.0778299391212276,0.8209404492047074,-0.02670321539082794,0.0,-0.30173648150154503,0.0,-10.248834733070987,0.1071451290954145,0.017844929721409886,-0.03603636437402378,0.0,0.020029249929925073,0.04310891547553427,0.016849799684880352,0.002629572183857263,0.0,0.10772426327606022,0.0,-0.0022200170047683176,-0.032390187890566184,0.0,-0.17595076397279621,0.029838171940239907,-0.12271298000443964,-0.01607517870195787,0.0,-0.03201253600542088,0.19096062660833954,-8.22622634270327,0.0,0.0,0.07452743606739387,0.0
0.19203834901286848,-0.3373745445702979,1.033952052218038,0.8209404492047074,-0.02670321539082794,0.0,-0.30173648150154503,0.0,-10.244483082490643,0.11377954203428124,0.018618748256710213,-0.033844946989396545,0.0,0.020029249929925073,-0.050249381678224736,0.016849799684880352,0.002629572183857263,0.0,0.10772426327606022,0.0,-0.0021094178139836137,-0.032390187890566184,0.0,-0.1778173445287633,0.029838171940239907,-0.12260636849522727,0.04115906099907515,0.0,-0.03131399623203477,0.19008114447773386,-8.142299870587793,0.0,0.0,0.07764511171008354,0.0
0.2066127424241942,-0.2115706903608775,0.7613676730433754,0.8210012344790352,-0.02728427544594762,0.0,-0.28307331247163997,0.0,-10.169929892374853,-1.2897346820995998,0.01983660803179863,-0.04905473488155627,0.0,0.01799606553040111,-0.0501052817044654,0.021070616555373053,0.002629572183857263,0.0,0.05708108062210217,0.0,-0.0015276316642223982,0.09370464420944809,0.0,-0.1300914476302836,0.01878287080565477,-0.12243514002845242,-0.0111372127504344,0.0,-0.041487324703851185,0.17546979851083958,-6.6946780074898,0.0,0.0,0.04891340396906564,0.0
0.20360680700409559,-0.2560356228480891,0.8521903750038089,0.8210012344790352,-0.02670321539082794,0.0,-0.28249225241652026,0.0,-10.152819924525703,-1.2735514322812647,0.018262015323458503,-0.04996694326921633,0.0,0.01799606553040111,-0.0501052817044654,0.014970210292321581,-0.0054458622020858785,0.0,0.05708108062210217,0.0,-0.002419431010528638,-0.032390187890566184,0.0,-0.11989911423904341,-0.026980332988788457,-0.10809854785482974,-0.0111372127504344,0.0,-0.04162798989106527,0.1695074016436393,-6.5997654972437685,0.0,0.0,0.047180335367492034,0.0
0.19360706825217494,-0.33548653563750697,0.8048658295301528,0.8210012344790352,-0.02616946873798724,0.0,-0.28480697182839276,0.0,-10.15914120309547,-1.2720702976847769,0.10140159946816926,-0.036649742884335985,0.0,0.01799606553040111,-0.0501052817044654,0.01761578034249122,-0.0054458622020858785,0.0,0.05708108062210217,0.0,0.0030113191772383925,-0.036775458883940994,0.0,-0.11944858261246592,-0.026980332988788457,-0.10775912944145684,-0.0111372127504344,0.0,-0.04389200320179377,0.17045209031409964,-6.549323326184936,0.0,0.0,0.04051601888215278,0.0
0.1931410934142409,-0.3193977264623648,0.7466952232051295,0.8210012344790352,-0.024790610019359973,0.0,-0.3040512009134176,0.0,-10.094772969494404,-1.2437172011290547,0.11879917690240108,-0.02737516267812471,0.0,0.01799606553040111,-0.048681872727660135,0.021768581972707528,-0.0054458622020858785,0.0,0.06550006872586488,0.0,0.10200599631245277,-0.03374075332462794,0.0,-0.15124246212573647,-0.026980332988788457,-0.08792696874257942,-0.0111372127504344,0.0,-0.04364660090968195,0.12256936417051564,-6.668706537905606,0.0,0.0,0.04449334642035232,0.0
0.23652392402543637,-0.30575331039100523,0.9312971417256855,0.8210012344790352,-0.02670321539082794,0.0,-0.30173648150154503,0.0,-10.09514526974346,-0.3833882223554952,0.020119607746078502,-0.025781087743275012,0.0,0.01802086924568204,-0.05026623692461176,0.012335432305379862,-0.0016811674863135902,0.0,0.09912428341051238,0.0,-0.0019008762840267168,-0.031032713748850308,0.0,-0.0030017613713697027,0.029969566098354813,-0.0852667309042145,-0.015759143776428914,0.0,-0.04071780154403813,0.1181023657546881,-7.821797561466922,0.0,0.0,0.06579383260072036,0.0
0.244741798329436,-0.366431364407927,0.8086139512109556,0.8210012344790352,-0.026431561552291944,0.0,-0.16587093267390313,0.0,-9.944097495970167,-1.329997619020157,0.03321059208490141,-0.029264187000679967,0.0,0.06079326693900863,-0.0501052817044654,0.00981968013126088,0.002629572183857263,0.0,0.04095728387458334,0.0,-0.0021777332804110015,-0.030734620882405247,0.0,0.17720900738909526,-0.03514798219233725,-0.07753170917967733,-0.010604921576990032,0.0,-0.006717255279971947,0.11613926341694049,-6.698068135860668,0.0,0.0,0.043226698026350006,0.0
0.236192743391784,-0.36463304585963857,0.7543488400505978,0.8210012344790352,-0.026431561552291944,0.0,-0.16587093267390313,0.0,-9.953688012409168,-1.3255926867561296,0.05072494290070565,-0.023287059896443914,0.0,0.06079326693900863,-0.0501052817044654,0.009787726623311293,0.002629572183857263,0.0,0.04095728387458334,0.0,-0.002629427388459489,-0.030787134774468938,0.0,0.18610089906947982,0.029969566098354813,-0.07547426283292968,-0.010604921576990032,0.0,-0.011811610091325534,0.04713288654195594,-6.658767418691218,0.0,0.0,0.04520594153812907,0.0
0.25929923575936037,-0.3281095753194988,0.7481808854719274,0.8210012344790352,-0.02730247907639309,0.0,-0.2969166948631707,0.0,-10.004154681703389,-1.2757714754250553,0.10197505728653658,0.0006131650967962216,0.0,0.018395655611948634,-0.0501052817044654,0.015577299676794994,-0.0054458622020858785,0.0,0.05708108062210217,0.0,-0.002629427388459489,-0.02782805836432333,0.0,0.032693350170291686,0.005557681302067854,-0.0845454342572388,-0.010604921576990032,0.0,-0.041713463901477836,0.006390090641997947,-6.795937866199283,0.0,0.0,0.04665716262215801,0.0
0.20232816926801037,-0.38733296317887045,0.7624572524694347,0.8210012344790352,-0.025923620357765832,0.0,-0.2969166948631707,0.0,-9.779473611994616,-1.266352666702778,0.12075621008180193,-0.024739615102184653,0.0,0.018395655611948634,-0.0501052817044654,0.015577299676794994,-0.0054458622020858785,0.0,0.05729137967450443,0.0,-3.6449694018697684e-05,-0.03578397476088313,0.0,0.026516328172872018,-0.03514798219233725,-0.0830617767293831,-0.010604921576990032,0.0,-0.04489828312433074,-0.07796603981303818,-6.784834271300442,0.0,0.0,0.04665716262215801,0.0
0.22244300474391496,-0.40007619036180997,0.7925669690418561,0.8210012344790352,-0.027836225729233798,0.0,-0.2946019754512981,0.0,-9.757358027605196,-1.2599345732768812,0.0140558207361118,0.047630724325331164,0.0,0.018762685991851394,-0.0501052817044654,0.01416945100636661,-0.0054458622020858785,0.0,0.05729137967450443,0.0,-0.0028050818122123244,-0.030066655974465797,0.0,0.02606579654629451,-0.03514798219233725,-0.08384525444570116,-0.010604921576990032,0.0,-0.042313830529609575,-0.08932562448912515,-6.811983588379469,0.0,0.0,0.049820685944848016,0.0
0.192094827518211,-0.4474359080307147,1.0027297633024246,0.8209404492047074,-0.027836225729233798,0.0,-0.2946019754512981,0.0,-9.80395854781308,0.10967454575682958,0.0183234495388818,0.0018722067224383496,0.0,0.020428840011472597,0.043125770721921294,0.011858755594340282,0.002629572183857263,0.0,0.10793456232846246,0.0,-0.0027956851940590683,-0.03244270178262987,0.0,-0.010854129236727107,-0.04374930050782475,-0.09933593233116261,-0.015109976955752039,0.0,-0.03405967366498292,-0.11802372585929714,-8.30675657145206,0.0,0.0,0.06770428788444587,0.0
0.14452655179214052,-0.45346450519389936,0.9930334710825707,0.8209404492047074,-0.027836225729233798,0.0,-0.2946019754512981,0.0,-9.80725987154221,0.10991468599987958,0.01890256755860277,-0.025066506212705442,0.0,0.02005405364520601,0.043125770721921294,0.011858755594340282,-0.0016811674863135902,0.0,0.10793456232846246,0.0,-0.0030373829241767077,-0.03244270178262987,0.0,-0.16516322665081798,-0.033312548707348864,-0.11913772831678647,0.03803364582088474,0.0,-0.03528654788594843,-0.12006701752737699,-8.097919641572647,0.0,0.0,0.0703092099938417,0.0
0.16870245070547657,-0.4588183351698967,1.0157813081026295,0.8209404492047074,-0.027836225729233798,0.0,-0.2946019754512981,0.0,-9.80369172011141,0.10887129297646503,0.019176371438751758,0.04516839066110184,0.0,0.020428840011472597,0.04548884585690427,0.01140097045948527,0.002629572183857263,0.0,0.10793456232846246,0.0,-0.002936180351545258,-0.03171537438845905,0.0,-0.16516322665081798,-0.033312548707348864,-0.11827406321065323,-0.015109976955752039,0.0,-0.033337524094148925,-0.14528193526236785,-8.145111545796887,0.0,0.0,0.07102425470970287,0.0
-0.12562310074376565,-0.0923396157462236,0.9513314339393608,0.8209404492047074,-0.02607918164500038,0.0,-0.1693405403800009,0.0,-9.644166715677805,0.12991692387643214,0.017581829087516862,0.07000434516837147,0.0,0.02042108402510877,0.04310891547553427,0.0052498518478148355,-0.0016811674863135902,0.0,0.20377855302039397,0.0,-0.0028991498484191827,-0.031468129334879524,0.0,0.297681863972538,-0.04390254349251646,-0.11809196211719626,0.04115906099907515,0.0,-0.02967705428016692,-0.20435411679074608,-8.453458426898713,0.0,0.0,0.06896167362330993,0.0
0.6708986510419699,-0.4822080773907078,1.008612437271368,0.8210087553941143,-0.05091010561627564,0.0,-0.31014922290446495,0.0,-9.723299422933685,0.11884168341669932,-0.07623910813143792,0.06630597105311334,0.0,0.020795870391375357,0.0805393428915638,0.0050783398544503085,0.0024087487721572327,0.0,0.055245034965779066,0.0,-0.0011791742515013972,-0.031082290522390085,0.0,-0.03635394057780721,-0.04191791683348138,-0.11975073887072273,-0.034931034485511415,0.0,-0.10132512374751237,-0.14840038800535701,-8.564981831774762,0.0,0.0,0.035350217752194976,0.0
0.13675963438626987,-0.4374919966092806,1.0015779657324264,0.8199806673091811,-0.06015466858697082,0.0,-0.2946019754512981,0.0,-9.753831304067944,0.11073692086336069,0.017561324062424267,-0.025066506212705442,0.0,0.020428840011472597,0.043125770721921294,0.005246562394987494,0.0024087487721572327,0.0,0.0989561043280995,0.0,-0.0031130154132222644,-0.03244270178262987,0.0,-0.13990665251435616,-0.033312548707348864,-0.11846939369240954,-0.015109976955752039,0.0,-0.03591076468658286,-0.15539878992093192,-8.056513345012364,0.0,0.0,0.06689777779068966,0.0
0.23084340586372054,-0.5625076008179356,0.8825206268597791,0.8200716654658086,-0.05063661183477937,0.0,-0.17007298338862098,0.0,-9.734183617796123,0.11719864173554924,0.015879342043688974,0.0642240493858149,0.0,-0.016001004732966433,-0.050249381678224736,0.005396416432602972,0.002629572183857263,0.0,0.07344033467051568,0.0,-0.002770115110473177,-0.03126871684010609,0.0,0.21747718274714203,-0.04390254349251646,-0.11788121163362827,0.03803364582088474,0.0,-0.03020156692747497,-0.12542097982357317,-8.158532130662577,0.0,0.0,0.0693674696725232,0.0
0.21374351186957216,-0.32229215022172547,1.014453761811974,0.8209404492047074,-0.05266074042843999,0.0,-0.2956015029693455,0.0,-9.701031393470718,0.11161176894080142,0.02016538224842669,-0.03518306425503177,0.0,0.02005405364520601,0.043125770721921294,0.01217261388409772,-0.0016811674863135902,0.0,0.10793456232846246,0.0,-0.0027220873961678583,-0.032619790579969936,0.0,-0.008936849272882866,-0.04374930050782475,-0.1008570122905302,-0.015109976955752039,0.0,-0.033336225153041674,-0.1285545914895669,-8.50478357623957,0.0,0.0,0.07727423082085932,0.0
-0.18468523801223474,0.010031225368243975,1.0176932765183577,0.8209404492047074,-0.05266074042843999,0.0,-0.2956015029693455,0.0,-9.703919976989226,0.10944141875160808,0.06442559023580284,-0.038384928195725566,0.0,0.02005405364520601,0.04310891547553427,0.012881624215950202,-0.0016811674863135902,0.0,0.10772426327606022,0.0,-0.0028422603624725946,-0.031262316438254056,0.0,-0.17825189918035722,0.029991414924931615,-0.08190876044033378,-0.01607517870195787,0.0,-0.03201370895407595,-0.14174914464216962,-8.387870833216107,0.0,0.0,0.0749721011597765,0.0
-0.16277904275154145,-0.021453052618055194,0.9501290061489895,0.8209404492047074,-0.050400377026577764,0.0,-0.16301049174819152,0.0,-9.61177791840882,0.11324604615446304,0.016562425249369156,-0.015156856907019524,0.0,-0.016742821479135788,0.08625171764756533,0.0061437641617758144,-0.0016811674863135902,0.0,0.07344033467051568,0.0,-0.00164053927375,-0.03224594404711847,0.0,0.23068713337417393,-0.04374930050782475,-0.09953631864965846,-0.01607517870195787,0.0,-0.02911704923010959,-0.13400743526805398,-8.523071983123929,0.0,0.0,0.06849848875931468,0.0
-0.22801836068518708,-0.01669834852779525,0.8762676461932809,0.8209404492047074,-0.050400377026577764,0.0,-0.16301049174819152,0.0,-10.324298213684004,0.11306451163368826,0.0386375747517819,-0.037288220528992395,0.0,0.05703258723446408,0.04548884585690427,0.0068527744936282935,0.002629572183857263,0.0,-0.09095358807319126,0.0,-0.0032248539159838627,-0.030888469905402588,0.0,0.21271959058872877,-0.04374930050782475,-0.07372913540554095,-0.01607517870195787,0.0,0.5352662662101311,-0.1283306770435247,-7.917773635306083,0.0,0.0,0.05151749404385859,0.0
0.006895038739043919,-0.43954363395262414,0.8047166972412083,0.8199806673091811,-0.05978236655407103,0.0,-0.16389902559910663,0.0,-10.440558810888302,0.12335460384188382,0.05989949786348176,-0.02237053220436447,0.0,0.05399047668953731,0.045471990610517245,0.00765207922886893,0.0024087487721572327,0.0,-0.09074328902078901,0.0,-0.003058596110384283,-0.030797994094754633,0.0,0.17886274042063968,0.007295415182924245,-0.07350986956346896,-0.015109976955752039,0.0,0.538529583627851,-0.11429511245509398,-7.605150191100193,0.0,0.0,0.04574032030642193,0.0
-0.03478866151858026,-0.3476054383449398,0.6821907341596991,0.8200414525835088,-0.05808959190019306,0.0,-0.16505720458773773,0.0,-10.354393974385589,-1.300332179028401,0.1162416757899018,-0.022960997424114903,0.0,0.05195729229001336,-0.0501052817044654,0.01931729618212734,0.002629572183857263,0.0,-0.043576154642489186,0.0,-0.00046561841594349254,-0.026654166539563012,0.0,0.0710448661322418,-0.03514798219233725,-0.07479571106832733,-0.010604921576990032,0.0,0.5358257159170198,-0.10684949700014988,-6.340070489768209,0.0,0.0,0.03590908155374978,0.0
0.7701080548498858,-0.354441345328929,0.7721439945101267,0.8210851977192714,-0.049596136223614924,0.0,-0.16505720458773773,0.0,-10.269795441893523,-1.5580706155697963,0.1735107125560679,-0.022468811348364152,0.0,0.05195729229001336,-0.05001195624384343,0.005678811981292961,-0.005666685613785908,0.0,-0.026091938693350445,0.0,0.0020166489387474056,-0.02623977420170184,0.0,0.09433087925056576,0.017346464783348975,-0.07648770146264314,-0.01909709288047377,0.0,0.603900711976696,-0.10752998924751346,-7.239254964010293,0.0,0.0,0.021390705143613884,0.0
1.0309431049066053,-0.35082449409311706,0.8479690448055963,0.8210851977192714,-0.049596136223614924,0.0,-0.16505720458773773,0.0,-10.263066156152602,-0.35015971914659216,0.19864487205683196,0.0005677649117339601,0.0,0.05195729229001336,-0.04867360121241859,-0.037324584842256196,0.0024087487721572327,0.0,-0.03910333994780648,0.0,0.10058070694727493,-0.024858407691342673,0.0,0.22539148083828997,0.017346464783348975,-0.07734287718778954,0.05625299530389302,0.0,0.6197377489608772,-0.10603987698290114,-8.733127363348071,0.0,0.0,0.028165931141950196,0.0
-0.13642744544837468,0.605927703661538,1.093479601082364,0.16290862239383502,-0.02649903912549996,0.0,0.13156937028394386,0.0,-4.652643833687905,-3.271413382047305,0.07645220751786079,0.08017869455435403,0.0,-0.027450562047197605,-0.6208436889731613,0.0237563605171562,0.003237605935682346,0.0,-0.10525118041153343,0.0,0.0027667681228784853,-0.0620180541618971,0.0,-0.045642340068245885,-0.06325369971814519,0.0339173982082004,0.04939235311835501,0.0,0.14313747706179486,0.16488852722269176,2.014814454566876,0.0,0.0,0.060083318135676925,0.0
-0.29045444886233857,0.6745764243427823,1.106744566867028,0.16290862239383502,-0.02528534655690493,0.0,0.12904884620524798,0.0,-4.636012530864026,-3.2594175205425424,0.024459781171332313,0.053000778462026464,0.0,-0.027450562047197605,-0.6208436889731613,0.017348655791759753,-0.0048378284502608,0.0,-0.10525118041153343,0.0,0.0036412909989779947,-0.06712703598859812,0.0,-0.013955957675703335,0.0498799615627786,-0.007180835394367729,-0.0035220402581824183,0.0,0.14231678380046628,0.16871249605701855,2.103322545154355,0.0,0.0,0.06044545991115444,0.0
-0.2143145983411002,0.44221926201887934,1.8293488274939362,0.16375187374448102,-0.02670976228875924,0.0,0.12935727597587768,0.0,-5.067065976202619,0.28496127181454317,0.05456308183171538,-0.021986493817819783,0.0,-0.019679691362305615,0.6583778575934933,0.018616779895999906,-0.0048378284502608,0.0,-0.3583948161230837,0.0,0.003578252039595494,-0.06522879305820348,0.0,0.04199964319364533,0.07588293137989816,0.04270396822593794,-0.03185153705216694,0.0,0.21075047964911509,0.2678879698719678,4.1097070726879785,0.0,0.0,0.12337388165939576,0.0
-0.081679480847083,0.3088860421815969,2.094933700796679,0.16375187374448102,-0.026608737015898994,0.0,0.18675708821173773,0.0,-4.775266093180952,0.30856555086462234,0.07091930935659191,0.011287479089432518,0.0,0.08648071537843392,-0.6213457400161778,0.023792381674313173,-0.0036229526937549806,0.0,0.4099003877772051,0.0,0.0035334791340681433,-0.06971358431656921,0.0,0.17065624367399912,0.07572968839520644,-0.017151347533469197,0.08022985694415145,0.0,0.18466608634832238,0.2692291420308658,3.790770948213637,0.0,0.0,0.25627641812850765,0.0
-0.11224597867365606,0.1499995114500727,2.452043944249373,0.15840310145181175,-0.026608737015898994,0.0,0.18675708821173773,0.0,-4.883738705304653,0.28522931395640727,0.05601399327248223,-0.00818332244769726,0.0,0.08685550174470051,-0.16336040901132004,0.022043490658957974,0.003237605935682346,0.0,0.4099003877772051,0.0,0.0013798627238966572,-0.06971358431656921,0.0,-0.09478501598766044,0.03890104882959704,-0.018140852880671094,-0.03185153705216694,0.0,0.1788378227697399,0.2660220503897195,4.200943179364364,0.0,0.0,0.24365403566651167,0.0
-0.11224597867365606,0.01834071251775032,2.3463157156779633,0.15840310145181175,-0.026608737015898994,0.0,0.18675708821173773,0.0,-4.903598935024236,0.28522931395640727,0.05601399327248223,-0.00818332244769726,0.0,0.08685550174470051,-0.6216562694343906,0.022043490658957974,-0.0048378284502608,0.0,0.4099003877772051,0.0,0.0013798627238966572,-0.06971358431656921,0.0,-0.09478501598766044,0.03890104882959704,-0.018140852880671094,-0.03185153705216694,0.0,0.1788378227697399,0.2660220503897195,3.834882207202589,0.0,0.0,0.24365403566651167,0.0
-0.17283423713656715,0.3098906503859453,2.265704913354342,0.16375187374448102,-0.02553457461117102,0.0,0.1877349995422159,0.0,-4.834154107912952,0.3023560307733741,0.24351994929861376,-0.012309433173762476,0.0,0.08685550174470051,-0.6216562694343906,0.03324172768254575,-0.0048378284502608,0.0,0.4099003877772051,0.0,0.0022891323000476704,-0.05588321649231674,0.0,-0.09387374761868313,0.05319592131470327,0.044108501260630636,-0.03185153705216694,0.0,0.18184509481559674,0.2707930748694792,3.950583524204215,0.0,0.0,0.2481421251541278,0.0
-0.14197843237873553,0.2946959645380313,1.8851398267813992,0.16375187374448102,-0.02537968167737746,0.0,0.1299735119230063,0.0,-4.803258808872087,0.3311728315824464,0.25984446449667264,-0.023789843393043467,0.0,0.08685550174470051,-0.6216562694343906,0.03960294459065831,-0.0048378284502608,0.0,0.5059546775215389,0.0,0.016902604223984295,-0.03781253702347452,0.0,0.2830008317293768,0.09002456088031269,0.04509142434041968,-0.03185153705216694,0.0,0.18673850062812558,0.2672444934999804,3.8472656794601825,0.0,0.0,0.23168809027824194,0.0
-0.11409346371029683,1.1610799800068454,1.0854123277053547,0.16290862239383502,-0.02537968167737746,0.0,0.12803696667543715,0.0,-4.550075342429747,-3.8068973763749816,0.1933244488595608,-0.03407696449901849,0.0,0.05387539710114518,0.6627617146727014,0.06102439901410555,-0.0048378284502608,0.0,0.11051240281242784,0.0,0.20481072358276597,-0.042507274755112845,0.0,0.18262912094449463,0.0498799615627786,0.03581068592992965,-0.018016468468854366,0.0,0.42724780521719086,0.16326361897897057,3.683814479964514,0.0,0.0,0.08162575066905832,0.0
-0.24766721829067126,0.6513505663698302,1.8613556206480915,0.16375187374448102,-0.02479185896428615,0.0,0.1298465777676607,0.0,-4.78026448598649,0.32377488317598774,0.25515985397790947,0.003301206035383396,0.0,0.05972502340705148,0.7192720688301028,0.0675323827542122,-0.0048378284502608,0.0,0.3756164591716606,0.0,0.18089983507036744,-0.047533039577653605,0.0,0.23141738842272205,0.020278411846382592,0.04382560113088655,-0.03185153705216694,0.0,0.49314005690719775,0.2540112476917956,4.813261550904519,0.0,0.0,0.22292904429889976,0.0
-0.31762114027956595,0.6689998255258502,1.8497201245172732,0.16279209184895474,-0.03328531464086428,0.0,0.1298465777676607,0.0,-4.880471884502312,0.34813443707518715,0.25537027365179593,0.009625555959272164,0.0,0.08725509182624804,0.7196942953771738,0.04683778107492793,0.003237605935682346,0.0,0.5059546775215389,0.0,0.17969566507809362,-0.04648221278229228,0.0,0.26164767379629716,0.09002456088031269,0.044629558836124135,-0.03185153705216694,0.0,0.49314005690719775,0.25098608787243615,4.986263734605073,0.0,0.0,0.2329604886892368,0.0
-0.30843752276007314,0.634415821807675,1.7336504324304762,0.16279209184895474,-0.03326768948682957,0.0,0.13188279778978568,0.0,-4.729173299058863,0.35690037226848925,0.25689248066435705,0.07745310272132579,0.0,0.08762212220615079,0.7192720688301028,0.041706630796693726,0.003237605935682346,0.0,0.5059546775215389,0.0,0.17798032545918616,-0.04642852838097756,0.0,0.24894957826380626,0.07588293137989816,0.04446822962262633,0.08022985694415145,0.0,0.1920674531168011,0.24841835656410496,5.110651936779493,0.0,0.0,0.24398224222457554,0.0
-0.3190720027129862,0.6599166192636802,1.7104251411784916,0.16279209184895474,-0.03329080036915024,0.0,0.19205752415038316,0.0,-4.856000578154308,0.302128392651831,0.25606408123313923,0.10610594385453458,0.0,0.08762212220615079,0.6622972346359921,0.048661103438406385,0.003237605935682346,0.0,0.4099003877772051,0.0,0.18609896456887381,-0.048729362936531566,0.0,0.15059353636617678,0.09002456088031269,0.04576182323848537,-0.03185153705216694,0.0,0.2369382001878502,-0.12968143537999638,4.929485055269864,0.0,0.0,0.25265473403989147,0.0
-0.5255246022039438,0.21582261327775365,0.9092171994846111,0.15744331955628546,-0.034432900575581175,0.0,0.12880050757267159,0.0,-5.220280412947871,0.26416748426644754,0.22506912936721554,-0.02606570864903821,0.0,-0.019280101280758084,0.6622596636296849,0.046535848137163195,0.003237605935682346,0.0,-0.3583948161230837,0.0,0.2050665169339287,-0.04798091364119812,0.0,0.18558947608072998,0.07588293137989816,0.04114316863618884,0.08022985694415145,0.0,0.16985345600733365,-0.15472222797151375,4.307470736401506,0.0,0.0,0.11971582378873287,0.0
-0.5297551922290927,0.13445608189087466,1.4013804535740204,0.15744331955628546,-0.034432900575581175,0.0,0.12880050757267159,0.0,-5.123196773542861,0.2695209275678504,0.23177239685004286,-0.02935178157150056,0.0,-0.019280101280758084,0.6631450354182067,0.03510586816794987,0.003237605935682346,0.0,-0.3583948161230837,0.0,0.0037374243551862867,-0.05675079647078395,0.0,-0.025871861528100826,-0.09051968502230807,1.8716574227099303e-05,0.08022985694415145,0.0,0.21598313631021956,-0.1837639548744659,4.127403194954339,0.0,0.0,0.11746980312859086,0.0
-0.4910144235778354,-0.21652880195683533,0.9065307259337254,0.15744331955628546,-0.034432900575581175,0.0,0.12880050757267159,0.0,-5.202329021390429,0.2627630329692149,0.22353553120711378,-0.019174245264542606,0.0,-0.019654887647024687,-0.6174061221742542,0.0380597798932279,-0.0036229526937549806,0.0,-0.3583948161230837,0.0,0.20227797792390628,-0.0490189435705413,0.0,-0.007622599742686739,-0.09051968502230807,0.040587911169961056,-0.03185153705216694,0.0,0.16831765269603244,-0.19052826678789975,3.083301348375236,0.0,0.0,0.10262024722466631,0.0
-0.5329233375750447,0.13463139394652976,1.1956946707890046,0.15744331955628546,-0.03559130003650273,0.0,0.13102499691748754,0.0,-5.128766660969825,0.25974461303513857,0.11147544873817906,0.08288168841398957,0.0,-0.019287857267121934,0.6622596636296849,0.03384047519968996,-0.0036229526937549806,0.0,-0.3583948161230837,0.0,0.1857491228957807,-0.057792001468736115,0.0,-0.01817240598150493,-0.09051968502230807,0.04022882134318847,0.08022985694415145,0.0,0.1681339944526133,-0.19684063951975672,4.1097916527861065,0.0,0.0,0.1136420007600052,0.0
-0.4644384348297512,-0.22956116454521566,0.9835613585842141,0.15744331955628546,-0.03559130003650273,0.0,0.13102499691748754,0.0,-5.240286266038115,0.2707263063874167,0.059059867220177316,0.08254890576033994,0.0,-0.023702933307240485,-0.6216186984280834,0.03131166607734975,-0.0036229526937549806,0.0,-0.3583948161230837,0.0,0.011057788584331023,-0.06245361168415896,0.0,-0.011133673157232269,0.09002456088031269,-0.0020660699687312244,0.08022985694415145,0.0,0.1681339944526133,-0.19700480674663684,3.04321749198657,0.0,0.0,0.12367344515034222,0.0
-0.5305082409467042,0.13271725361078632,1.4387551140635462,0.15744331955628546,-0.03559130003650273,0.0,0.13102499691748754,0.0,-5.106109357608003,0.2674104350553767,0.11329679499936539,0.08254890576033994,0.0,-0.023702933307240485,0.6580846583821629,0.030886563474411922,-0.0036229526937549806,0.0,-0.3583948161230837,0.0,0.004637046771461032,-0.06313715871900462,0.0,-0.013848542840197185,0.020125168861690877,-0.019127994022970902,-0.004086853544625514,0.0,0.1661616975935863,-0.2111793156576722,4.085293802656101,0.0,0.0,0.10578377054735585,0.0
-0.48653972664305783,0.13997646813606035,1.385474256465916,0.15744331955628546,-0.03559130003650273,0.0,0.1300654276192766,0.0,-5.126284108896382,0.2643087793811591,0.11364535820692796,0.08863362533266163,0.0,-0.023702933307240485,0.746202827060185,0.032732198036291175,-0.0036229526937549806,0.0,-0.3583948161230837,0.0,0.013931558773698536,-0.0585520245318531,0.0,-0.020045224843079086,-0.09051968502230807,0.040107029870197604,-0.03185153705216694,0.0,0.16607377539104595,-0.22175952288199394,4.096867200032479,0.0,0.0,0.10626207091943093,0.0
-0.5133336640611268,0.15085436694636517,1.1373085661225666,0.15744331955628546,-0.05825788775674009,0.0,0.12880050757267159,0.0,-5.136600542696432,0.2651937475086069,0.22435332301339955,0.04944406853173895,0.0,-0.023328146940973883,0.6622972346359921,0.06474016933235766,0.003237605935682346,0.0,-0.3583948161230837,0.0,0.19937988212017393,-0.0469300868458368,0.0,0.0013745140837640548,-0.09051968502230807,0.04012225944023142,-0.03185153705216694,0.0,0.1663733980592983,-0.17515768594362868,4.102527381786001,0.0,0.0,0.10578377054735585,0.0
-0.519025360230717,0.0906564873674383,1.0370043285364834,0.15744331955628546,-0.05769148190241313,0.0,0.13133842442332935,0.0,-5.1097935554170215,0.2697763623762379,0.22728089619959754,0.07690388988904184,0.0,-0.019287857267121934,0.5018130300311264,0.043713654867264494,-0.0036229526937549806,0.0,-0.3583948161230837,0.0,0.19937988212017393,-0.050577331775514524,0.0,-0.02234804123485399,-0.09051968502230807,0.0028361240021282015,0.08022985694415145,0.0,0.2144753752212112,-0.1648451046567218,3.979112294915956,0.0,0.0,0.12094912411812518,0.0
-0.5314609250005876,-0.09308850713267944,1.3025824043563357,0.15744331955628546,-0.059869926897233194,0.0,0.13113253779987655,0.0,-5.124194132859589,0.2678816497786638,0.11515125722811569,0.0820952660807684,0.0,-0.023702933307240485,-0.16332283800501288,0.01866493468758543,-0.0036229526937549806,0.0,-0.3583948161230837,0.0,0.003982614217825864,-0.06488308694518688,0.0,-0.03975003885245445,-0.09067292800699979,-0.018797084338378473,0.08022985694415145,0.0,0.1683456949183253,-0.13852371342171466,3.3409507023931657,0.0,0.0,0.1136420007600052,0.0
-0.5330413864054376,-0.2322218830695167,1.3070339690999475,0.15744331955628546,-0.059982029945897936,0.0,0.13020251118618512,0.0,-5.1726151617957115,0.26551251974363327,0.11340865174298984,0.08846044021238647,0.0,-0.023702933307240485,-0.6216186984280834,0.03163585229602923,-0.0036229526937549806,0.0,-0.3583948161230837,0.0,0.010403356030695851,-0.0625657147328237,0.0,-0.03338486472083638,-0.09051968502230807,0.0024358044344599057,-0.004086853544625514,0.0,0.16607377539104595,-0.1380298512492421,2.9375316917406273,0.0,0.0,0.10578377054735585,0.0
-0.5070532351923327,0.2339774319684739,1.2109071635670963,0.15744331955628546,-0.05963608334927668,0.0,0.13147550799023786,0.0,-5.093590184314049,0.26786289695849913,0.20675713791920639,0.07633814716080556,0.0,0.060491643868501754,0.6622972346359921,0.06474016933235766,0.003237605935682346,0.0,-0.3583948161230837,0.0,0.19909849328042384,-0.04678784767187339,0.0,-0.01391667013663948,-0.09051968502230807,0.043690100736090275,-0.03185153705216694,0.0,0.4646749182100586,-0.1388286478790987,4.351264453264951,0.0,0.0,0.11309089390547582,0.0
-0.42618999772840854,0.3379259451335886,1.6963168981601688,0.15744331955628546,-0.058257224630649425,0.0,0.13147550799023786,0.0,-4.928392633393176,0.2992383420442739,0.2401007345061828,0.07633814716080556,0.0,0.06011685750223515,0.6622596636296849,0.06474016933235766,-0.0036229526937549806,0.0,0.3756164591716606,0.0,0.20129389825409685,-0.04678784767187339,0.0,0.1511326796711267,-0.09051968502230807,0.04588259105607905,-0.03185153705216694,0.0,0.4907843731516136,-0.13259169248002772,4.711577086386997,0.0,0.0,0.22085011500016752,0.0
-0.45685475350514265,0.47309154826774946,1.3287164393851731,0.16279209184895474,-0.058257224630649425,0.0,0.13147550799023786,0.0,-5.040057590887452,0.2779935936514951,0.23463454994844257,0.07870907566504393,0.0,0.06011685750223515,0.7192720688301028,0.04577141518271014,-0.0036229526937549806,0.0,-0.3583948161230837,0.0,0.15672145418316344,-0.048307303380619476,0.0,0.14549863871234897,-0.09051968502230807,0.04346575295445489,-0.03185153705216694,0.0,0.4645424747476383,-0.1320754785344783,4.5356057862746795,0.0,0.0,0.1135691942775509,0.0
-0.45789359016129816,0.43278707665347754,1.4932949943517908,0.16279209184895474,-0.061187257401326633,0.0,0.12852419432407888,0.0,-5.047105733181997,0.2731388404762932,0.12372079913920715,0.014735510761541054,0.0,-0.022322211825684855,0.6580470873758557,0.03607973198333427,0.003237605935682346,0.0,-0.3583948161230837,0.0,0.01194369906240356,-0.05898528122645399,0.0,0.006242039254113426,0.020278411846382592,0.04001214724018524,-0.03185153705216694,0.0,0.1509424518016383,-0.13311820550584763,4.1347201331848265,0.0,0.0,0.10365019194494406,0.0
-0.4964569976975352,0.4076193877545351,1.3180880343461108,0.16279209184895474,-0.059982029945897936,0.0,0.13116208048439604,0.0,-5.084612767460666,0.28680842712828564,0.12646799235894418,0.08198316303210366,0.0,-0.023702933307240485,0.746202827060185,0.02041382570294063,-0.0036229526937549806,0.0,-0.3583948161230837,0.0,0.0031798370498683343,-0.06614793889899263,0.0,0.0010744812640524693,0.07572968839520644,-0.019112817950465124,0.08022985694415145,0.0,0.15363689823149929,-0.1312766819046217,4.146028028845173,0.0,0.0,0.125181690242695,0.0
-0.4303554552404788,0.4308664332445776,1.4839747651893425,0.16279209184895474,-0.061187257401326633,0.0,0.12852419432407888,0.0,-5.101875366305685,0.2858552125102991,0.06901189870443022,0.001380969617033839,0.0,-0.022696998191951458,0.6580846583821629,0.018794755266876278,-0.0036229526937549806,0.0,-0.3583948161230837,0.0,0.005459918290151074,-0.06807178248440689,0.0,0.0036219903756042936,0.07588293137989816,-0.003196769690116995,0.08022985694415145,0.0,0.15291474866066534,-0.13261337803686823,4.126368859588369,0.0,0.0,0.12153986654793042,0.0
-0.9017718020409774,-1.6764100944039264,1.7622447214917911,0.1514013686005981,-0.08900376518402424,0.0,0.13188279778978568,0.0,-5.92845568458236,0.27377159307190596,0.2789759247205431,0.14009878894758476,0.0,-0.1352999325232708,0.12210920520835178,0.03948669097444397,0.00047329849871984367,0.0,-0.3583948161230837,0.0,0.020390639074856685,-0.04393380248111796,0.0,0.06452837521895523,-0.08704163894695498,0.05761599565278575,-0.004086853544625514,0.0,0.28842558842550514,0.21979133053922673,6.165874735233817,0.0,0.0,0.2151869536067555,0.0
-0.8759759488823502,-1.4146339403174606,1.892395135301057,0.1567501408932674,-0.08900376518402424,0.0,0.13188279778978568,0.0,-5.850666576921921,0.2984848872811729,0.29156185240862115,0.14009878894758476,0.0,-0.1352999325232708,0.03735176837069377,0.04081047938686134,0.00047329849871984367,0.0,-0.3583948161230837,0.0,0.011594413515677842,-0.04461734951596362,0.0,0.04786575771461096,-0.08704163894695498,0.05794690533737818,0.08022985694415145,0.0,0.2758215320601263,0.22269593527721895,6.252361519702438,0.0,0.0,0.2235968281676075,0.0
-0.8799710306837676,-1.3380756519313275,2.0105376834197335,0.1567501408932674,-0.08902139033805896,0.0,0.1298465777676607,0.0,-5.87914429230651,0.2962090195399158,0.2883913098617775,0.01070566751498426,0.0,-0.12779845592516337,0.04241214540673754,0.03948669097444397,0.00047329849871984367,0.0,-0.3583948161230837,0.0,0.016799397372471495,-0.04573454104781846,0.0,0.05822761056610787,-0.08704163894695498,0.0600371804077881,-0.004086853544625514,0.0,0.33185600091711975,0.2137437349959282,6.197140266643238,0.0,0.0,0.21118618070026024,0.0
-0.8046353563947418,-1.4167601689041212,2.165451377018185,0.1567501408932674,-0.09414675176680044,0.0,0.13156937028394386,0.0,-5.807401347926594,0.286722652753988,0.10009428007125369,0.1433658588770051,0.0,-0.12680355363966392,0.03733152757126898,0.034764564625986795,0.00047329849871984367,0.0,-0.3583948161230837,0.0,0.010344039468122089,-0.054345172358851154,0.0,0.05395346117457878,-0.08704163894695498,0.05761599565278575,-0.004086853544625514,0.0,0.2738492352010993,0.1961407227096203,6.189583575822377,0.0,0.0,0.21573859795495826,0.0
-0.7379389695330303,-1.41918215269649,1.9474732861749788,0.1567501408932674,-0.09414675176680044,0.0,0.13156937028394386,0.0,-5.802022979132579,0.29785287877053174,0.06303611852542519,0.1413996927949699,0.0,-0.1352999325232708,0.11490498158326586,0.02158152126397661,0.00047329849871984367,0.0,-0.3583948161230837,0.0,0.008000919268456851,-0.057243849490174435,0.0,0.059596648122393577,-0.08704163894695498,0.05763117172529154,0.08022985694415145,0.0,0.2758215320601263,0.2130810272302801,6.204081446714862,0.0,0.0,0.22407512853968253,0.0
-0.7598740149911277,-1.418856014759354,2.1718468257347974,0.1567501408932674,-0.09414675176680044,0.0,0.13156937028394386,0.0,-5.8215614146648305,0.29438841447409475,0.10033098653519185,0.1413996927949699,0.0,-0.13403717142723984,0.042118946195407174,0.02158152126397661,0.010154229672877406,0.0,-0.3583948161230837,0.0,0.010587488888664908,-0.05609110058503342,0.0,0.04798307039490175,-0.08704163894695498,0.05784034343442113,-0.03185153705216694,0.0,0.2738492352010993,0.2130810272302801,6.178444198173612,0.0,0.0,0.21621689832703328,0.0
-0.8785863283330366,-1.292272971316944,2.013113831271243,0.1567501408932674,-0.08902139033805896,0.0,0.1298465777676607,0.0,-5.890048934766009,0.2874729211014739,0.2881098674363818,-0.09869481453417986,0.0,-0.13131040220031548,-0.056354154247089866,0.0480925797976701,0.010154229672877406,0.0,-0.3583948161230837,0.0,0.01746521752807969,-0.04590555361902207,0.0,0.062378937960487546,-0.08704163894695498,0.059447240734512484,-0.004086853544625514,0.0,0.2790268309043413,0.24492119291714912,6.253711275347195,0.0,0.0,0.204430701690343,0.0
-0.8994959332561497,-1.6916354978794101,1.6290778200135458,0.1514013686005981,-0.09414675176680044,0.0,0.13156937028394386,0.0,-5.836800522846622,0.28776228252799346,0.13801512748566028,0.14371128631558086,0.0,-0.1352999325232708,-0.056316583240782696,0.033440776213569424,0.00047329849871984367,0.0,-0.3583948161230837,0.0,0.016973484001483397,-0.053661625324005494,0.0,0.08255973956135915,0.05049849211918548,0.05794690533737818,0.08022985694415145,0.0,0.2919573282289464,0.22069933340377867,6.293654904400854,0.0,0.0,0.2236399062486733,0.0
-0.6961938661138544,-1.4998650893308219,2.02399564318588,0.1567501408932674,-0.09414675176680044,0.0,0.13156937028394386,0.0,-5.818663306118038,0.29474867668462945,0.06087391152060203,0.1456774523976161,0.0,-0.12680355363966392,0.12517673783738595,0.019832630248621412,0.00047329849871984367,0.0,-0.3583948161230837,0.0,0.007091649692305837,-0.057243849490174435,0.0,0.06075696754442273,-0.08704163894695498,0.06086810333655796,-0.03185153705216694,0.0,0.33611471167280527,0.1956435314575878,6.181598718193831,0.0,0.0,0.22356709976621908,0.0
-0.8384481453185336,-1.327965899003483,2.1747233545593763,0.1567501408932674,-0.0943574749300597,0.0,0.12935727597587768,0.0,-5.8023505712230525,0.29580807219180194,0.14463251352125858,0.029439077310655,0.0,-0.12200459182109483,0.037058569159363404,0.0330156736106316,0.00047329849871984367,0.0,-0.3583948161230837,0.0,0.0035634469493031513,-0.05575226348662032,0.0,0.07120669540602431,-0.08704163894695498,0.04447696662722759,-0.03185153705216694,0.0,0.31459169086892647,0.2480714354208293,6.1501067475006685,0.0,0.0,0.2117809031295288,0.0
-0.8251408528178361,-1.3824686024561903,2.1816839690583123,0.1567501408932674,-0.09414675176680044,0.0,0.13156937028394386,0.0,-5.771755943988393,0.2996938188356194,0.1520655843276224,0.16520745258502573,0.0,-0.11022463547505312,0.042118946195407174,0.035189667228924616,0.005258335301955658,0.0,-0.3583948161230837,0.0,0.017008230701534895,-0.053661625324005494,0.0,0.059803154193744636,-0.08704163894695498,0.04648634918227388,-0.03185153705216694,0.0,0.32044804900990764,0.2723902281833431,6.25858919368458,0.0,0.0,0.2283312520155658,0.0
-0.8481547541734995,-1.6605697541932245,1.6528655909073477,0.1514013686005981,-0.08902139033805896,0.0,0.1298465777676607,0.0,-5.892560234514419,0.2832373666129791,0.27813776853775474,0.13554933046660336,0.0,-0.11148739657108409,0.04633152244923648,0.045088890059572735,0.00047329849871984367,0.0,-0.3583948161230837,0.0,0.2058010230021247,-0.041708008110569614,0.0,0.08711336498327049,-0.08704163894695498,0.046277230970672316,-0.03185153705216694,0.0,0.31729095868019763,0.2755685534449415,6.241082738233602,0.0,0.0,0.22356709976621908,0.0
-0.8162999294768036,-1.4560131846786526,1.8264664756469948,0.1514013686005981,-0.08902139033805896,0.0,0.1298465777676607,0.0,-5.8506665052368305,0.30744447470977043,0.2889554727133885,0.010578834113044085,0.0,-0.1170025318499755,0.0982459796073037,0.06377875475717397,0.00047329849871984367,0.0,0.3756164591716606,0.0,0.17685088095229315,-0.04283503857695842,0.0,0.10234828308335836,-0.08704163894695498,0.048360446522153454,-0.03185153705216694,0.0,0.34083358927290186,-0.10975645457995328,6.325071809293349,0.0,0.0,0.3200184245962955,0.0
-0.9116130553058278,-1.550224490832137,1.3793058878531388,0.1514013686005981,-0.09016897627277583,0.0,0.12880050757267159,0.0,-5.99411038234562,0.2754399524249888,0.27989727286678695,-0.13631924619821706,0.0,-0.1170025318499755,-0.02287645386734259,0.037163628483395515,0.00047329849871984367,0.0,-0.3583948161230837,0.0,0.006799982000581505,-0.048075004646755425,0.0,0.1015587350244509,0.023756457921735703,0.06161856915867159,0.08022985694415145,0.0,0.35968447536170234,-0.14309931542465415,6.064331919939674,0.0,0.0,0.21963913334217808,0.0
-0.890073038375593,-1.567848628832506,1.6246069391607085,0.1514013686005981,-0.09016897627277583,0.0,0.12880050757267159,0.0,-6.021593502996433,0.26908180662261777,0.2781546673816611,-0.13631924619821706,0.0,-0.12279639595404401,0.037058569159363404,0.03758873108633334,0.00047329849871984367,0.0,-0.3583948161230837,0.0,0.012346200937351979,-0.047391457611909764,0.0,0.0642907948929223,-0.08704163894695498,0.06128765947407915,-0.03185153705216694,0.0,0.33931214551728706,-0.17237159617403178,5.979289814909569,0.0,0.0,0.2117809031295288,0.0
-0.9328633116759943,-1.5535609864864197,1.6911925172300015,0.1514013686005981,-0.09550506086477657,0.0,0.1283112057808886,0.0,-5.882715078466708,0.2723271381081322,0.13878679091535479,0.01746993759783655,0.0,-0.11573977075394454,-0.056316583240782696,0.030886563474411922,-0.02864645729374155,0.0,-0.3583948161230837,0.0,-0.0011962378657416834,-0.061316441519123466,0.0,0.07845347089993314,-0.08755795783346086,-0.003968477016668924,0.08022985694415145,0.0,0.31656398772795347,-0.1627980096897778,6.13418643122744,0.0,0.0,0.21963913334217808,0.0
-0.6636048998139378,-1.3853115900631456,2.3854347952105144,0.1514013686005981,-0.09754996432131417,0.0,0.18374293700701036,0.0,-5.587149987461204,0.28573904263412914,0.1514024773138488,0.03409472998020428,0.0,0.24318530655676804,-0.056316583240782696,0.03855861544755216,-0.02864645729374155,0.0,0.4099003877772051,0.0,0.005117211012484527,-0.05805435206828326,0.0,0.03622864558783579,-0.08704163894695498,0.04763732760642335,-0.004086853544625514,0.0,0.0804817185079905,-0.16658382402652544,6.832470845554388,0.0,0.0,0.33654914662426066,0.0
-0.8293811801656028,-1.5116770927826382,1.4902379981436236,0.1514013686005981,-0.09016897627277583,0.0,0.12880050757267159,0.0,-5.747449343075805,0.31134146138303065,0.28864419541864916,-0.13422654840395645,0.0,-0.11573977075394454,-0.05210400698695339,0.06550460228681071,-0.02864645729374155,0.0,0.3756164591716606,0.0,0.2055392120843169,-0.043206708969475455,0.0,0.13793392347008732,0.09219459061381553,0.06453119645547514,-0.03185153705216694,0.0,0.12177568267692808,-0.19277857992248623,6.520062006988732,0.0,0.0,0.31220369474472026,0.0
-0.9157761179898748,-1.5669054748606632,1.2885858610493293,0.1514013686005981,-0.09016897627277583,0.0,0.12880050757267159,0.0,-6.048809084387372,0.2605902844350957,0.27179411663639497,-0.12449509027733106,0.0,-0.14501975175079057,-0.05214157799326056,0.06550460228681071,-0.02864645729374155,0.0,-0.3583948161230837,0.0,0.20638002882712486,-0.043206708969475455,0.0,0.09441190191075113,-0.08704163894695498,0.057735047748254116,-0.03185153705216694,0.0,0.2931824652144013,-0.20973554864242688,6.1127406201529,0.0,0.0,0.2044737797714088,0.0
-0.919087314443126,-1.6852984989333029,0.9834794088639656,0.1514013686005981,-0.08960257041844888,0.0,0.13133842442332935,0.0,-5.99286303748902,0.2733327152278852,0.27478138777190925,0.15121360781149604,0.0,-0.16013530770034495,-0.05210400698695339,0.042752240292080794,0.010154229672877406,0.0,-0.3583948161230837,0.0,0.20244243976556908,-0.045803127103791856,0.0,0.10239128435262655,0.07805296111340097,0.003117142494835626,0.08022985694415145,0.0,0.25494524271666263,-0.20806569290149377,6.337478408842222,0.0,0.0,0.21630347676917305,0.0
-0.9064621113907296,-1.533988321175219,1.315068297610008,0.1514013686005981,-0.11399396345393477,0.0,0.12880050757267159,0.0,-6.029678363330742,0.2753564173906768,0.27816352707388453,-0.13528029440584016,0.0,-0.12153363485801305,0.037058569159363404,0.06599496805509983,0.010154229672877406,0.0,-0.3583948161230837,0.0,0.013440814135915833,-0.04635342768256659,0.0,0.10786457788583054,0.09219459061381553,0.062323476565452535,-0.03185153705216694,0.0,0.3395238459829991,-0.1655443340827199,6.030913711991484,0.0,0.0,0.20444447365002855,0.0
-0.8776029599262548,-1.5301676539034004,0.9930525752564231,0.1514013686005981,-0.11399396345393477,0.0,0.12880050757267159,0.0,-6.024393428075984,0.26902648497861487,0.2721426798439575,-0.12449509027733106,0.0,-0.14628251284682153,0.09866820615437472,0.04749726271234688,0.00047329849871984367,0.0,-0.3583948161230837,0.0,0.17794549415085703,-0.043206708969475455,0.0,0.12377675666550192,0.09219459061381553,0.05832216927635673,-0.03185153705216694,0.0,0.29339416568011323,-0.1621194534784439,6.03481780578761,0.0,0.0,0.19761565066398357,0.0
-0.9085308411413457,-1.5285439993206371,1.0096724832383814,0.1514013686005981,-0.11482651530207548,0.0,0.1289706845456097,0.0,-6.022608442106476,0.27133280173223356,0.2721426798439575,-0.13239860498802944,0.0,-0.14628251284682153,0.0982459796073037,0.0664660168619944,0.00047329849871984367,0.0,-0.3583948161230837,0.0,0.17794549415085703,-0.043206708969475455,0.0,0.13151909209674098,0.09219459061381553,0.05832216927635673,-0.03185153705216694,0.0,0.29295767213238755,-0.13734735789828206,6.0021463442734175,0.0,0.0,0.19682155262506376,0.0
-0.9101488206262719,-1.5463688513300693,1.0490546992206256,0.1514013686005981,-0.11500542977404822,0.0,0.1290134961158619,0.0,-6.027316238794414,0.27138589217682657,0.27190597338001943,-0.13239195736789303,0.0,-0.14628251284682153,-0.05210400698695339,0.0664660168619944,0.00047329849871984367,0.0,-0.3583948161230837,0.0,0.20556062589176582,-0.043385623441448196,0.0,0.12510237335113117,0.09338656299944999,0.05750559184338703,-0.03185153705216694,0.0,0.29295767213238755,-0.13719087215938064,6.116504735525845,0.0,0.0,0.19634325225298874,0.0
-0.9563436580144961,-1.5317739487217057,1.1631632605948758,0.1514013686005981,-0.11500542977404822,0.0,0.1290134961158619,0.0,-6.004309775065693,0.2648313821148006,0.2736485788651452,0.01768405873689308,0.0,-0.14501975175079057,-0.05214157799326056,0.0664660168619944,-0.02864645729374155,0.0,-0.3583948161230837,0.0,0.20660011914958926,-0.043385623441448196,0.0,0.09340043559063765,-0.08704163894695498,0.04293102459089824,0.08022985694415145,0.0,0.25224597490539147,-0.12619756089918036,6.183159389829489,0.0,0.0,0.21233200998405807,0.0
-0.9127773538847646,-1.6713102481661115,1.3111724083797527,0.1514013686005981,-0.11399330032784412,0.0,0.13147550799023786,0.0,-5.9900726947948355,0.26784980204887676,0.2730387822867834,0.1506478650832597,0.0,-0.16013530770034495,0.04127114541319271,0.06474016933235766,0.010154229672877406,0.0,-0.3583948161230837,0.0,0.2015679168894696,-0.04201364300015072,0.0,0.07624598628438363,-0.08704163894695498,0.04374677144716232,-0.03185153705216694,0.0,0.2528405023952154,-0.11802759254992391,6.075743824249186,0.0,0.0,0.21578167603602405,0.0
-0.9572874915517806,-1.6709190934459106,1.3136797967250908,0.1514013686005981,-0.11399330032784412,0.0,0.13147550799023786,0.0,-5.9767440957034665,0.26888365360006594,0.2732754887507215,0.1506478650832597,0.0,-0.16139806879637592,0.04633152244923648,0.06474016933235766,0.00047329849871984367,0.0,-0.3583948161230837,0.0,0.2015679168894696,-0.04201364300015072,0.0,0.07624598628438363,-0.08704163894695498,0.04352242366552694,-0.004086853544625514,0.0,0.2528405023952154,-0.11802759254992391,6.080620940880331,0.0,0.0,0.21625997640809907,0.0
-0.7903024512165578,-1.6729895834391795,1.521381343601,0.1514013686005981,-0.11913628691062032,0.0,0.13116208048439604,0.0,-5.845810251601563,0.2694783088117611,0.05317506344086075,0.16251266011674462,0.0,-0.16139806879637592,0.12517673783738595,0.01866493468758543,0.00047329849871984367,0.0,-0.3583948161230837,0.0,0.008973315942861406,-0.06022098532212896,0.0,0.06307441166942489,-0.08755795783346086,-0.006298275941220002,0.08022985694415145,0.0,0.2548127992542424,-0.10992910099027406,6.0164840133292135,0.0,0.0,0.22411820662074833,0.0
-0.7920784640316006,-1.6855731102257931,1.6576157607639381,0.1514013686005981,-0.12034151436604897,0.0,0.127564625025868,0.0,-5.925337362445417,0.26710917877673057,0.05126308912523764,0.13558970411375354,0.0,-0.16139806879637592,0.12517673783738595,0.018452808934019023,0.00047329849871984367,0.0,-0.3583948161230837,0.0,0.015394057755731393,-0.05985859193321945,0.0,0.08487309511078062,-0.08704163894695498,0.002771003240209373,-0.004086853544625514,0.0,0.25254087972696315,-0.11728083601589515,5.986965496074179,0.0,0.0,0.21625997640809907,0.0
-0.9333931265833938,-1.6826713346316442,1.5681466672143474,0.1514013686005981,-0.11879034031399907,0.0,0.13051593869202693,0.0,-5.902725761500964,0.26816857428390317,0.23288681550495935,0.1618020369411051,0.0,-0.16139806879637592,0.037058569159363404,0.03953198774107717,0.00047329849871984367,0.0,-0.3583948161230837,0.0,0.011865855012728705,-0.04449377959332722,0.0,0.055476887852801575,-0.08704163894695498,0.0437315418771285,-0.004086853544625514,0.0,0.25254087972696315,-0.11802759254992391,6.023701039005749,0.0,0.0,0.21578167603602405,0.0
-1.0120886656713626,-1.5744999537707993,-0.28812295954384526,0.14692988698065634,-0.11980246976020317,0.0,0.128053926817651,0.0,-6.179223385749397,0.2200747119617888,0.20975495087650278,-0.12007696280499836,0.0,-0.14628251284682153,0.12517673783738595,0.03672822220130719,-0.006302880233763854,0.0,-0.06587427305928237,0.0,0.0139920424198768,-0.05147450943425159,0.0,0.11710717206907008,0.05049849211918548,0.055910967786278735,0.08022985694415145,0.0,0.2724405128127305,0.1569501479992008,5.5669659504772495,0.0,0.0,0.10607927070987545,0.0
-1.0303878992969868,-1.581083573933814,-0.5618069331923868,0.14692988698065634,-0.09381843032421391,0.0,0.12888700846944978,0.0,-6.344579628302822,0.2111095811467843,0.2078635019775016,-0.09651245945890814,0.0,-0.13131040220031548,0.12188173717672086,0.03398793676272412,0.0033780509403937087,0.0,-0.06587427305928237,0.0,0.010706447541256547,-0.05474930805104019,0.0,0.11134250309612839,0.09219459061381553,0.015252089010292397,0.08022985694415145,0.0,0.2727819747237846,-0.02146965156898995,5.487406845192666,0.0,0.0,0.09766981842903172,0.0
-1.0233244476529146,-1.7252865578377183,-0.5484724011551275,0.14692988698065634,-0.09380080517017919,0.0,0.13092322849157476,0.0,-6.31078841691154,0.21377873059667651,0.21175751940375726,0.1496132750759009,0.0,-0.12680355363966392,0.12188173717672086,0.035607007198788475,-0.006302880233763854,0.0,-0.06587427305928237,0.0,0.011012935921181868,-0.0517395269837929,0.0,0.10098065024463147,0.09219459061381553,0.021315698403056867,0.08022985694415145,0.0,0.33213409230881663,-0.09150628092873228,5.589740120527721,0.0,0.0,0.11628483805176702,0.0
-0.7226333533402717,-1.756492803029344,-0.19790559584796072,0.14692988698065634,-0.09414675176680044,0.0,0.13060980098573294,0.0,-6.137555342431242,0.21124726448258932,0.012573733549014948,0.1519259003148442,0.0,-0.12100968953559538,-0.05602338402945233,0.011603002063015113,-0.006302880233763854,0.0,0.045593282381730924,0.0,-0.005726627358985595,-0.0660026264446164,0.0,0.06746402254112181,-0.08755795783346086,-0.015033750690851177,0.08022985694415145,0.0,0.014953671892890007,-0.13682111235541525,5.706787631184111,0.0,0.0,0.13377884594439982,0.0
-0.6931953902804379,-1.6608206884535606,-0.30928412591629456,0.14692988698065634,-0.09442306130819385,0.0,0.18881881036270648,0.0,-6.088748687181521,0.19427904484566322,0.028725989139373336,0.20582867858347662,0.0,0.23791538777511717,-0.05602338402945233,0.017658664623485157,-0.006302880233763854,0.0,0.07987721098727546,0.0,-0.004852104482886077,-0.06633613122787978,0.0,0.07672421829696473,0.07753664222689508,-0.016190335599818216,0.08022985694415145,0.0,0.00973574379957072,-0.13456256566053826,6.037489050237718,0.0,0.0,0.14345143886493986,0.0
-0.6256780684838946,-1.656796512918651,-0.15791957047349572,0.14692988698065634,-0.09425644965719945,0.0,0.1840624160804293,0.0,-6.100157521710331,0.19048766389106214,0.01071293748143131,0.1649307898525543,0.0,0.23791538777511717,-0.056316583240782696,0.017658664623485157,-0.006302880233763854,0.0,0.07987721098727546,0.0,-0.004852104482886077,-0.06684017277330442,0.0,0.07110464959829356,0.09167827172730965,-0.015709775974672643,-0.03185153705216694,0.0,0.0077634469405437065,-0.137349864958512,6.009777776662854,0.0,0.0,0.13559320865229055,0.0
-0.8406417154330059,-1.6161343064546045,-0.37847573324290673,0.14692988698065634,-0.09381843032421391,0.0,0.12888700846944978,0.0,-6.193766175773083,0.21233782958996372,0.20962666636003005,-0.11195633927818678,0.0,-0.12074183072506386,-0.056316583240782696,0.02037979079777611,-0.002558169173679307,0.0,0.045593282381730924,0.0,0.000956179500399351,-0.057178783312068125,0.0,0.10078923671082485,0.023756457921735703,0.01790088687261026,-0.03185153705216694,0.0,0.005035494899935989,-0.041803401335467505,5.646114410392629,0.0,0.0,0.11433665670540459,0.0
-1.019136947593154,-1.5823110025469571,-0.6994441999374883,0.14692988698065634,-0.08902139033805896,0.0,0.12888700846944978,0.0,-6.411932866167052,0.21311534059890266,0.25098568460384135,-0.09721421888741304,0.0,-0.12074183072506386,0.08797422335318361,0.03445898556961869,0.0033780509403937087,0.0,-0.06587427305928237,0.0,0.17268984944020796,-0.051602589337949055,0.0,0.13324479618161847,0.09219459061381553,0.018610812094549692,0.08022985694415145,0.0,0.3373116880120587,-0.03989802193174898,5.4995904071724935,0.0,0.0,0.10497694178715168,0.0
-0.6471802316689547,-1.6663517376736574,0.028729858608095356,0.14692988698065634,-0.09442306130819385,0.0,0.18881881036270648,0.0,-6.091506844298158,0.18887659059448644,0.067966133110719,0.21021140003212926,0.0,0.23791538777511717,-0.056316583240782696,0.03519165239544617,-0.006302880233763854,0.0,0.07987721098727546,0.0,-0.00637258258656792,-0.06363715054993048,0.0,-0.15661018138288477,-0.05540974692933799,-0.018433775796427333,0.08022985694415145,0.0,0.0102646163226753,-0.13613385811310308,5.966267607816162,0.0,0.0,0.1518608911457836,0.0
-0.5840854802936815,-1.4952290085326985,0.19957952047275843,0.14692988698065634,-0.09425644965719945,0.0,0.1840624160804293,0.0,-6.140468249523665,0.1883284829662057,0.024366510123154717,0.05580081847423695,0.0,0.23692048548961772,0.042118946195407174,0.020389538597371602,-0.006302880233763854,0.0,0.07987721098727546,0.0,-0.006402939696831879,-0.06864255916615652,0.0,-0.20222177774902336,0.033932565129998725,-0.019911342021876277,-0.004086853544625514,0.0,0.005593051652377117,-0.11592484585846412,5.788257586861061,0.0,0.0,0.1258366355610939,0.0
-0.8258718946638196,-1.4887438711301688,-0.4577611012396246,0.14692988698065634,-0.09425644965719945,0.0,0.1840624160804293,0.0,-6.0765339303557,0.19586516366672505,0.11240485969934423,-0.15395502467110034,0.0,0.23818324658564868,0.12517673783738595,0.03399768456231964,-0.002558169173679307,0.0,0.07987721098727546,0.0,0.010905124056272017,-0.06506033499998759,0.0,0.08387854674781452,0.09392635092625157,-0.01568331358457659,0.08022985694415145,0.0,0.007414457336865834,-0.021211136142407223,5.88646584459844,0.0,0.0,0.1336948657737432,0.0
-0.8733215979093777,-1.674651217525773,-0.538599904855708,0.14692988698065634,-0.0943574749300597,0.0,0.12839770667766678,0.0,-6.076149834751516,0.2172208426417152,0.11506273117648831,0.16938986629835767,0.0,-0.05085587542520452,0.12517673783738595,0.029135989834976114,0.0033780509403937087,0.0,0.045593282381730924,0.0,0.004790870623327351,-0.06240523908415423,0.0,0.12503453890228539,0.09392635092625157,-0.005341131589075058,0.08022985694415145,0.0,0.0432331452397644,0.029918990037015116,5.932817976769865,0.0,0.0,0.12799373963831825,0.0
-1.0480335332330246,-1.7000010952369473,-0.6967454943586493,0.14692988698065634,-0.08902139033805896,0.0,0.12888700846944978,0.0,-6.348472838293732,0.21487185668414496,0.2531181637486753,0.14791360415542332,0.0,-0.1172812606751526,0.0982459796073037,0.06017796043356478,-0.006302880233763854,0.0,-0.06587427305928237,0.0,0.16957166331401125,-0.04951373261324457,0.0,0.1315821456312557,0.09219459061381553,0.030364704118400646,0.08022985694415145,0.0,0.2964697492752353,0.014422077852865067,5.740027234940155,0.0,0.0,0.1173578608531106,0.0
-0.7217012457305587,-1.697364001077656,-0.03203950865297366,0.14692988698065634,-0.09414675176680044,0.0,0.13060980098573294,0.0,-6.082607283910006,0.22664763887397402,0.02970075601706219,0.19444823628542357,0.0,-0.052118636521235454,-0.056316583240782696,0.015881596652191885,-0.006302880233763854,0.0,0.1759315007316092,0.0,-0.006172698388631146,-0.06516576852897431,0.0,0.14388608903483627,-0.08755795783346086,-0.006119177682159401,0.08022985694415145,0.0,0.0432331452397644,-0.037853891220311374,5.949264687731175,0.0,0.0,0.1348518687457434,0.0
-0.515353015260447,-1.6159364294317942,0.16672093440020833,0.14692988698065634,-0.09574145209400246,0.0,0.18761658990214666,0.0,-6.056034782751957,0.18423660720000817,0.012297951256748482,0.254884804101954,0.0,0.24743768073962852,0.12517673783738595,0.017587314802711133,-0.006302880233763854,0.0,0.07987721098727546,0.0,-0.003014319603549416,-0.06645232576400473,0.0,-0.17898917444914456,-0.0040908369232040475,-0.00869352756336094,-0.03185153705216694,0.0,0.036042920287418095,-0.059187307682051674,5.983078610083431,0.0,0.0,0.1444809613052093,0.0
-0.5060325394154758,-1.564460905182463,2.082998196714794,0.1514013686005981,-0.09474555700122508,0.0,0.1300654276192766,0.0,-5.544926878557042,0.30878388806920737,0.06796800951791135,0.19526029521062038,0.0,0.24870044183565945,0.12517673783738595,0.012716347345946706,0.010154229672877406,0.0,0.3756164591716606,0.0,0.0037116526483013013,-0.06221468363037226,0.0,0.11651418454324419,0.07805296111340097,0.033553104765125075,-0.03185153705216694,0.0,0.08753257220430617,-0.13032044439431167,6.844214431426126,0.0,0.0,0.3239898913814105,0.0
-0.7869253299453769,-1.636670968382138,2.0872611229607765,0.1514013686005981,-0.09474555700122508,0.0,0.1300654276192766,0.0,-5.754134786869447,0.3107840321675731,0.15422971762149004,0.174567916618547,0.0,-0.11148739657108409,0.037058569159363404,0.03067443772084553,0.00047329849871984367,0.0,0.3756164591716606,0.0,0.012520287566363877,-0.05767940701243629,0.0,0.10374028739372321,0.07805296111340097,0.008755682637692382,-0.03185153705216694,0.0,0.3432332344159207,-0.16220668777367608,6.355185361493521,0.0,0.0,0.3235115910093354,0.0
-0.6387999767194092,-1.5245158104189414,2.0096728104654074,0.1514013686005981,-0.0964758019165862,0.0,0.18202617620618014,0.0,-5.508492132524836,0.291952068897827,0.2558813594169936,0.17980985291126972,0.0,0.24192254546073708,0.037058569159363404,0.028960329445969858,0.00047329849871984367,0.0,0.4099003877772051,0.0,0.006298222268509363,-0.051550285286684296,0.0,0.06919692230014036,0.09219459061381553,0.03478686958990676,0.08022985694415145,0.0,0.08428694097001393,-0.1609875609690756,6.872817046854004,0.0,0.0,0.3483788436220249,0.0
-0.5313024131137674,-1.3800824547551513,2.419574852454442,0.1514013686005981,-0.09167876193043124,0.0,0.18202617620618014,0.0,-5.616542989995501,0.2772763606585957,0.29776475548368286,0.07287210118959617,0.0,0.24318530655676804,0.037020998153056234,0.04052430237191571,0.005258335301955658,0.0,0.4099003877772051,0.0,0.005234730991372313,-0.052559795905121165,0.0,-0.15761896765114075,-0.05489342804283211,0.030585303542703147,0.08022985694415145,0.0,0.08158767315874277,-0.16104764781225273,6.76330306514564,0.0,0.0,0.34440737683690975,0.0
-0.6416182114331432,-1.371894788781689,2.437516772686319,0.1514013686005981,-0.09754996432131417,0.0,0.18104826487570197,0.0,-5.52349618846465,0.2797900379725295,0.15325109307259768,0.07271396140947452,0.0,0.24192254546073708,0.037020998153056234,0.021502883880303195,0.00047329849871984367,0.0,0.4099003877772051,0.0,0.004873761591941703,-0.06370186744677139,0.0,0.03904390332617979,-0.08704163894695498,0.03847299713683382,0.08022985694415145,0.0,0.08158767315874277,-0.1741991060233743,6.7807710762032025,0.0,0.0,0.34440737683690975,0.0
-0.4823810392119705,-1.401164117645962,2.44315139377063,0.1514013686005981,-0.09550506086477657,0.0,0.12735163648267767,0.0,-5.540549917218677,0.32155254530655,0.0652734219919932,0.03498999588388839,0.0,0.24318530655676804,-0.056316583240782696,0.015447221319833152,0.010154229672877406,0.0,0.5059546775215389,0.0,-0.0007774710282618643,-0.0642714122458525,0.0,0.1625364057410247,-0.08704163894695498,0.038050701621790126,-0.03185153705216694,0.0,0.08504500485874707,-0.18057267190229317,6.886628295313936,0.0,0.0,0.31954012422422046,0.0
-0.5890337495646799,-1.4224064041078268,2.2954367014385455,0.1514013686005981,-0.11933004804593551,0.0,0.12735163648267767,0.0,-5.541502228488815,0.31643197547448276,0.10605350097201166,-0.20196105057057248,0.0,0.24192254546073708,0.037020998153056234,0.016408635895016847,0.00047329849871984367,0.0,0.5059546775215389,0.0,-0.0010209204488046911,-0.0642714122458525,0.0,0.16787132430249868,-0.08704163894695498,0.02386447707468372,0.08022985694415145,0.0,0.05911580971946593,-0.1622167501017534,6.5995936611714985,0.0,0.0,0.32739835443686954,0.0
1.7703465253065516,-1.6333665451264425,2.4437229617106944,0.16075445316817347,-0.062152605776741116,0.0,0.12735163648267767,0.0,-5.012937840265184,0.27541868992423585,-0.4884240440471041,0.11302054758331996,0.0,-0.12148100485435603,0.042074953858686995,0.01985707116228969,0.002463224046609796,0.0,-0.1000338329104376,0.0,-0.005443800923131535,-0.05656576114608947,0.0,0.3792992968672313,-0.058356073734599376,-0.016271356638856538,-0.1434261773195795,0.0,0.7727723389928045,-0.043067835245141,6.781117479890491,0.0,0.0,0.09579424517158132,0.0
2.5619799855400873,-1.5889112452980017,2.644898943757222,0.16075445316817347,-0.061846741592761136,0.0,0.13017296850166565,0.0,-4.816308778345026,0.3041678635072979,0.6088080946727792,0.14067943539303185,0.0,-0.12727486895842458,0.0928989578485176,0.027669435345295947,0.002463224046609796,0.0,-0.1000338329104376,0.0,-0.003918417049744773,-0.05552078779050236,0.0,0.36871706028503964,-0.05783975484809349,0.019174225094016298,-0.1434261773195795,0.0,0.7727723389928045,-0.01602394273112611,7.207542180309568,0.0,0.0,0.09598712548741566,0.0
1.7518717249081732,-1.5994347254523342,2.6799493431484005,0.16075445316817347,-0.06195884464142588,0.0,0.13020251118618512,0.0,-4.754006903505092,0.29318680199526487,0.09360686998512908,0.15744384235594502,0.0,-0.12021824375832507,-0.0513001985414591,0.01985707116228969,0.009531121673033077,0.0,0.10556547014507074,0.0,-0.0052451244081160656,-0.056423521972126064,0.0,0.3747865080848878,-0.05783975484809349,0.022927554867656276,-0.1434261773195795,0.0,0.6109112266920019,0.0012331256416215097,7.369100881763377,0.0,0.0,0.11806361776360474,0.0
0.37462991837439097,-1.590479989185685,2.537071908020955,0.16075445316817347,-0.06681972160940054,0.0,0.18147054037052424,0.0,-4.973907213436044,0.274264199828896,-0.3073735525039609,0.1676892287679156,0.0,0.23744407245635651,-0.0513001985414591,0.025912733722759734,0.002463224046609796,0.0,0.12079992039700628,0.0,-0.0052451244081160656,-0.05751913723231683,0.0,-0.0575771065777137,-0.05783975484809349,0.0185101745091671,-0.1434261773195795,0.0,-0.32653538918790526,-0.0022523098867940606,7.093147746967968,0.0,0.0,0.13507264016364498,0.0
0.7535853044912366,-1.5332167891402404,2.6226891324179884,0.16075445316817347,-0.06681972160940054,0.0,0.18147054037052424,0.0,-4.944101746477096,0.2904861987772294,-0.3084618658957121,0.08205918593326222,0.0,0.23319169827349603,0.0928989578485176,0.02522402354621995,0.00724826084984561,0.0,0.12079992039700628,0.0,-0.004005111595971604,-0.05870992246466085,0.0,-0.23412213390326767,0.022132212622964165,0.018952698535349456,0.1686315470058792,0.0,-0.32767028659258296,-0.0016446054091470155,7.012807948640473,0.0,0.0,0.1274154037385975,0.0
-0.022540880953648295,-1.3294805807800258,2.117403546375398,0.15736524105403998,-0.0712207085399601,0.0,0.18147054037052424,0.0,-5.348223617350358,0.2917723890513481,0.10659671584011998,0.07861589596271495,0.0,0.24192254546073708,0.12517673783738595,0.024083368891551243,0.00047329849871984367,0.0,0.4099003877772051,0.0,0.003625254590840323,-0.0640157458315331,0.0,0.323820058819594,0.09167827172730965,-0.002121102295909196,0.08022985694415145,0.0,0.08166693016203463,-0.09354966546236702,6.985626049240246,0.0,0.0,0.33754924772948464,0.0
0.10216754960386394,-1.4937160492445642,2.442693237561505,0.15736524105403998,-0.06794017917275912,0.0,0.18785320343463424,0.0,-5.394642711277586,0.2839204654168466,0.05249164127248619,0.2537346088657214,0.0,0.24743768073962852,0.12517673783738595,0.019733424481600446,0.00047329849871984367,0.0,0.4099003877772051,0.0,0.003057220094666129,-0.06274789755860485,0.0,0.29520341668869393,-0.08704163894695498,0.03332875698348969,-0.03185153705216694,0.0,0.0823939011142788,-0.08514568953804134,6.961270789815484,0.0,0.0,0.3483353432609509,0.0
-0.18444880369949138,-1.5152134227636582,2.495010294420625,0.15736524105403998,-0.06794017917275912,0.0,0.18785320343463424,0.0,-5.486001830239548,0.28524655793229176,0.05399754029367394,0.2537346088657214,0.0,0.24743768073962852,0.037058569159363404,0.019733424481600446,0.00047329849871984367,0.0,0.4099003877772051,0.0,-0.0011169378759188723,-0.06274789755860485,0.0,-0.27135073483769184,-0.05489342804283211,0.031416226471473005,0.08022985694415145,0.0,0.0843661979733058,-0.08560181664041366,6.7561094355286535,0.0,0.0,0.3557152731015251,0.0
-0.13947588529917668,-1.525453947859457,2.5452328266814943,0.15736524105403998,-0.0712207085399601,0.0,0.18147054037052424,0.0,-5.519302633905339,0.28194813600218427,0.05214444052618558,0.17176179434200084,0.0,0.24192254546073708,0.12517673783738595,0.019733424481600446,0.00047329849871984367,0.0,0.4099003877772051,0.0,0.0024112648670838043,-0.06342240193922777,0.0,-0.26453686472372834,-0.05489342804283211,0.005039923920029578,-0.03185153705216694,0.0,0.0823939011142788,-0.10016897921973064,6.708701361539917,0.0,0.0,0.3483353432609509,0.0
-0.1684863950873656,-1.3640863413855568,2.4904661056659885,0.15736524105403998,-0.0712207085399601,0.0,0.18147054037052424,0.0,-5.486385462926376,0.2871290630492591,0.0511036407236361,0.0737153126069029,0.0,0.24192254546073708,0.037058569159363404,0.02111862752357454,0.00047329849871984367,0.0,0.4099003877772051,0.0,-0.0011472949861828308,-0.06542574616113898,0.0,-0.3184863807078112,0.033932565129998725,-0.005176011802256324,0.08022985694415145,0.0,0.08166693016203463,-0.09400579256473934,6.698246802943712,0.0,0.0,0.33707094735740956,0.0
-0.2560368110930439,-1.060257759183649,1.9837500250953573,0.15736524105403998,-0.07993115663979888,0.0,0.1255549059352584,0.0,-5.996767212214851,0.26149731189749914,0.056264116995525706,-0.02118814951723258,0.0,0.04757276289087219,0.037865237401403073,0.016230660524140475,0.00047329849871984367,0.0,0.22229808524324365,0.0,0.0038880320249345224,-0.06045458838648084,0.0,0.47732396324740123,0.09219459061381553,0.050549079385291816,-0.023703189061837174,0.0,0.3218908720579996,0.2006197951726727,5.4832865484049265,0.0,0.0,-1.0374737850143632,0.0
-0.307101237735681,-0.31642494608365723,2.090142989912969,0.1606811545088762,-0.07993115663979888,0.0,0.1255549059352584,0.0,-5.515815284460356,-0.6632923865100933,0.09204599091722236,-0.02382688753929427,0.0,0.03750516379110559,0.037865237401403073,0.014737589447727103,0.00047329849871984367,0.0,0.21142127568386057,0.0,0.00321218566385048,-0.06415521770972757,0.0,0.4323522965910837,-0.0657062284911751,0.006224566194806678,-0.02273594782227971,0.0,0.0660324548353807,0.10461212688097178,5.347801809323024,0.0,0.0,-0.9120408698874889,0.0
-0.17473270314599648,-1.0602752553268715,2.3008406776544623,0.15736524105403998,-0.07983013136693863,0.0,0.16968242410092438,0.0,-5.865591816307954,0.24165544247446308,0.10361388541474327,0.01461172721641388,0.0,0.04757276289087219,0.03788547820082786,0.02157423370107722,0.00047329849871984367,0.0,0.1262437954989099,0.0,0.003455635084393299,-0.06473842181578747,0.0,0.26486085113666125,-0.08704163894695498,0.008399501979685375,-0.023703189061837174,0.0,-0.01944303765353847,0.2051692550009634,5.5013907167989435,0.0,0.0,-1.0613205632682698,0.0
-0.41567871993818134,-1.1003747830772042,2.3300918133368613,0.15736524105403998,-0.07983013136693863,0.0,0.16968242410092438,0.0,-5.983084412721773,0.23946398024887797,0.10361388541474327,-0.0042657508852241045,0.0,0.048835523986903134,-0.05548967419931824,0.02157423370107722,0.010154229672877406,0.0,0.1262437954989099,0.0,0.0028096798568109727,-0.06473842181578747,0.0,-0.28891940324020327,-0.05489342804283211,0.0067579790236609915,-0.023703189061837174,0.0,-0.02014191404338397,0.20987553905278034,5.436971780659608,0.0,0.0,-1.0613205632682698,0.0
-0.4492732582298406,-1.0807127738169149,2.168452889182715,0.15736524105403998,-0.07983013136693863,0.0,0.16968242410092438,0.0,-5.998240779606993,0.2434578884844665,0.10463897066096801,-0.0042657508852241045,0.0,0.048835523986903134,0.12333543892342332,0.02157423370107722,0.005258335301955658,0.0,0.1262437954989099,0.0,0.00661401386947503,-0.06473842181578747,0.0,-0.31850471609233877,0.0344488840165046,0.006661570804913066,0.054262970766027756,0.0,-0.019379365197649743,0.20217263795039894,5.360803886904342,0.0,0.0,-1.107863794248231,0.0
-0.29057885408512596,-1.075481589949012,2.163297725890012,0.15736524105403998,-0.07983013136693863,0.0,0.16968242410092438,0.0,-6.000566035374785,0.24052027757527644,0.001539073362324856,0.018521190430688984,0.0,0.04757276289087219,0.12333543892342332,0.018843359727190773,0.00047329849871984367,0.0,0.1262437954989099,0.0,0.00661401386947503,-0.06448243176700771,0.0,-0.31850471609233877,0.048590513516919134,0.0030030533935706855,0.004061494445704248,0.0,-0.01944303765353847,0.1963015570214808,5.3044749911561295,0.0,0.0,-1.0705537011197916,0.0
-0.28378008363767504,-1.0774290119496277,2.115818507537113,0.15736524105403998,-0.07983013136693863,0.0,0.16968242410092438,0.0,-5.955276670849832,0.24163725658582041,0.0023796615683818554,-0.006210848499770809,0.0,0.048835523986903134,0.12333543892342332,0.020228562769164866,0.010154229672877406,0.0,0.1262437954989099,0.0,0.00661401386947503,-0.06493937964484657,0.0,-0.31850471609233877,0.05032227382935518,-0.03206646559098401,0.054262970766027756,0.0,-0.019453147627865756,0.20281589817929888,5.325568443685641,0.0,0.0,-1.1067740728203472,0.0
-0.3111794473602929,-1.0768985158902717,2.2400978361832293,0.15736524105403998,-0.07983013136693863,0.0,0.16968242410092438,0.0,-5.946961252375206,0.24253318340526317,0.01821138920941409,0.01656983572260088,0.0,0.048835523986903134,0.0375922789894975,0.020228562769164866,0.010154229672877406,0.0,0.1262437954989099,0.0,0.003085811126472339,-0.06493937964484657,0.0,-0.3312786132418598,0.04807419463041325,-0.03209024099477932,0.054262970766027756,0.0,-0.01852721607302517,0.19712452654886065,5.292845409427052,0.0,0.0,-1.1102027021973024,0.0
-0.4497298846996088,-1.0890142851184395,2.218005321202569,0.15736524105403998,-0.07983013136693863,0.0,0.16968242410092438,0.0,-5.952581222940411,0.24353948846784265,0.1045474528754847,-0.003834111364525692,0.0,0.048835523986903134,-0.022342744037208498,0.02157423370107722,-0.02864645729374155,0.0,0.1262437954989099,0.0,0.003085811126472339,-0.06473842181578747,0.0,-0.3312786132418598,0.05032227382935518,-0.03206646559098401,0.054262970766027756,0.0,-0.01922609246287067,0.20254914627879483,5.401264074485173,0.0,0.0,-1.1102027021973024,0.0
-0.20263171401123597,-1.0508946842459306,1.8835791735411265,0.15736524105403998,-0.07983013136693863,0.0,0.16968242410092438,0.0,-5.801293361686945,0.2474291179928133,0.10459865108596106,-0.012577865289088705,0.0,0.048835523986903134,0.12333543892342332,0.020228562769164866,0.010154229672877406,0.0,0.1262437954989099,0.0,0.007858360703495503,-0.06493937964484657,0.0,0.31102782628554543,0.09167827172730965,-0.029838217246628197,0.054262970766027756,0.0,-0.019051566878466597,0.1849923387730131,5.596867976347786,0.0,0.0,-1.108964813047272,0.0
-0.2778245846490148,-1.1177091819564964,2.2220902028837934,0.15736524105403998,-0.07983013136693863,0.0,0.16968242410092438,0.0,-5.934558074063946,0.24198962029586604,0.004056679951897232,0.08836317710440036,0.0,0.04960214444835342,0.0375922789894975,0.02319330413714157,0.005258335301955658,0.0,0.1262437954989099,0.0,0.003392299506397662,-0.061982982971168325,0.0,-0.3312786132418598,0.05032227382935518,-0.03032974845156964,0.054262970766027756,0.0,-0.016068246769763123,0.16556331073526726,5.2711265738692585,0.0,0.0,-1.157283518069323,0.0
-0.3179811319939422,-1.0789800468623416,2.2757699409943712,0.15736524105403998,-0.07983013136693863,0.0,0.16968242410092438,0.0,-5.938349357203905,0.24142525931488437,0.017409659109162916,-0.010162447579941197,0.0,0.047972352972419724,0.040277647281444555,0.02157423370107722,0.00047329849871984367,0.0,0.1262437954989099,0.0,0.003085811126472339,-0.06473842181578747,0.0,-0.3312786132418598,0.05032227382935518,-0.03164742300531923,0.004061494445704248,0.0,-0.019652931821403312,0.16312706608066316,5.291858875257171,0.0,0.0,-1.074789317440884,0.0
-0.2928823550125787,-1.122790731311009,1.8327728112225943,0.15736524105403998,-0.07999674301793301,0.0,0.17443881838320152,0.0,-6.044942215196182,0.22684808603358286,0.005496505048759597,0.1292610658353227,0.0,0.04960214444835342,0.12333543892342332,0.023121954316367547,0.010154229672877406,0.0,0.1262437954989099,0.0,0.0024673058142808276,-0.061595135961868636,0.0,-0.3140687385607621,0.04807419463041325,-0.02953189605955854,0.054262970766027756,0.0,-0.016068246769763123,-0.2167755720636476,5.168066567653202,0.0,0.0,-1.1591802264413447,0.0
-0.2970852526950156,-1.131269504662691,1.8823904695886022,0.15736524105403998,-0.08131513380374163,0.0,0.1732365979226417,0.0,-5.998556109024468,0.22589787131084985,0.005293834572306346,0.1357948553832208,0.0,0.048339383352322476,0.12333543892342332,0.01877200990641675,0.00047329849871984367,0.0,0.1262437954989099,0.0,0.0024673058142808276,-0.06254818841363566,0.0,-0.3080460099419808,-0.0040908369232040475,-0.03056771315093193,0.054262970766027756,0.0,-0.016068246769763123,-0.2408236623226372,5.162020650984858,0.0,0.0,-1.151843796961845,0.0
-0.29773896844670306,-1.1495350100197297,2.003114014620033,0.15736524105403998,-0.08131513380374163,0.0,0.1732365979226417,0.0,-6.008914162387756,0.22705882657888118,0.005293834572306346,0.1357948553832208,0.0,0.048339383352322476,0.040277647281444555,0.01877200990641675,0.00047329849871984367,0.0,0.1262437954989099,0.0,-0.0010608969287218555,-0.06254818841363566,0.0,-0.3279641953961928,0.033932565129998725,-0.03056771315093193,0.054262970766027756,0.0,-0.016068246769763123,-0.27055207017438715,5.174959040274653,0.0,0.0,-1.1591802264413447,0.0
-0.29823842037410286,-1.146256091102779,1.9164218001184734,0.15736524105403998,-0.08131513380374163,0.0,0.1732365979226417,0.0,-5.97779414452097,0.22496558091661564,0.005293834572306346,0.1357948553832208,0.0,0.048339383352322476,0.12333543892342332,0.01877200990641675,0.00047329849871984367,0.0,0.1262437954989099,0.0,0.0021911745446194617,-0.06254818841363566,0.0,-0.2740146794121098,-0.05540974692933799,-0.03056771315093193,0.054262970766027756,0.0,-0.016068246769763123,-0.27795395356530816,5.178993402453487,0.0,0.0,-1.151843796961845,0.0
-0.30552923059609466,-1.1448384356334966,2.0449279200201342,0.15736524105403998,-0.08131513380374163,0.0,0.1732365979226417,0.0,-5.976556258552215,0.2248793160939454,0.004268749326081583,0.1357948553832208,0.0,0.048339383352322476,0.0375922789894975,0.01877200990641675,0.00047329849871984367,0.0,0.1262437954989099,0.0,-0.0010608969287218555,-0.06254818841363566,0.0,-0.320819907091502,-0.0040908369232040475,-0.03069565271381939,0.004061494445704248,0.0,-0.01683079561549736,-0.2883714322946037,5.163018092442984,0.0,0.0,-1.1126369954613833,0.0
-0.5499856270106963,-1.1187732779664603,1.9853262534184937,0.1514013686005981,-0.13590010136968825,0.0,0.16666827289619704,0.0,-6.043132732683321,0.22887206291386342,0.004211978796640859,-0.007826424292071588,0.0,0.047972352972419724,0.0375922789894975,0.020157212948390842,0.00047329849871984367,0.0,0.12645409455131215,0.0,-0.001367385308647176,-0.0650555741809715,0.0,-0.21853737350392283,0.04807419463041325,-0.02959783214458412,0.050515373531594514,0.0,-0.019291647920691275,-0.2973061041570511,5.142052108085348,0.0,0.0,-1.1322701507912791,0.0
-0.5417267655603973,-1.112396102523227,1.8853578320954325,0.1514013686005981,-0.13590010136968825,0.0,0.16666827289619704,0.0,-6.0567757584481665,0.21963622252496307,0.003716898256081011,-0.007826424292071588,0.0,0.049235114068450665,0.12375766547049433,0.020157212948390842,0.010154229672877406,0.0,0.12645409455131215,0.0,0.0019173680138126882,-0.0650555741809715,0.0,-0.2009670465178978,0.05032227382935518,-0.029261894545498407,0.005218840650455675,0.0,-0.02005419676642551,-0.3110576123780876,5.16075561427643,0.0,0.0,-1.103004911768312,0.0
-0.5010425683273207,-1.1031068335506233,1.9732197637758155,0.1514013686005981,-0.13590010136968825,0.0,0.16666827289619704,0.0,-6.037903154302866,0.2275928129313368,0.0037372372142221435,-0.007826424292071588,0.0,0.047972352972419724,0.0375922789894975,0.020157212948390842,0.00047329849871984367,0.0,0.12645409455131215,0.0,-0.0011472949861828308,-0.0650555741809715,0.0,-0.21853737350392283,0.05032227382935518,-0.029486242327133802,-0.022545842857085753,0.0,-0.01984249630071347,-0.322072206768978,5.1507099684600846,0.0,0.0,-1.1011082033962905,0.0
1.8206282547131416,-1.3965619358743908,2.164855501954699,0.16075445316817347,-0.32071951402267795,0.0,0.16666827289619704,0.0,-5.6127066382746404,0.29791093207116254,-0.4978139802920262,-0.005204058572860211,0.0,0.049235114068450665,0.03957759050423521,0.014482138628782134,0.009531121673033077,0.0,0.062223278341490024,0.0,0.0009065677744952601,-0.06384174265770576,0.0,0.06000403557017762,0.09204706336374478,-0.03064256574248597,-0.13943853674420484,0.0,-0.374212305428639,-0.1741585995099104,6.094033227504573,0.0,0.0,-0.3724596262462961,0.0
-0.7145512056001855,-1.0900059341603552,1.681096798082746,0.1514013686005981,-0.3734959693613127,0.0,0.16666827289619704,0.0,-6.104675200015491,0.234681783520535,0.10608806409229161,-0.012761289457969076,0.0,0.049235114068450665,0.040277647281444555,0.022464298455486892,-0.02926956529358588,0.0,0.12645409455131215,0.0,9.705184783764462e-05,-0.0648546163519124,0.0,0.05478905384339413,0.09338656299944999,0.007636266259093018,-0.022545842857085753,0.0,-0.020003680203510985,-0.09074920539374731,5.397598111332559,0.0,0.0,-1.0998703142462598,0.0
-0.7719426674778733,-1.0809011783724314,1.6030983227304023,0.1514013686005981,-0.3757480097572671,0.0,0.1670157327824702,0.0,-5.9889554337323245,0.23363906100953194,0.10608806409229161,-0.008703206785443585,0.0,0.049235114068450665,0.12333543892342332,0.022464298455486892,0.010154229672877406,0.0,0.12645409455131215,0.0,0.003625254590840323,-0.0648546163519124,0.0,0.06788681366184184,0.09219459061381553,0.01383185140116732,-0.022545842857085753,0.0,-0.01984249630071347,0.05308496705322583,5.504056312544211,0.0,0.0,-1.103004911768312,0.0
-0.41920340394823197,-1.084173546688716,1.6609144443685513,0.15736524105403998,-0.3196860768862536,0.0,0.12472182428345961,0.0,-5.756976443005932,0.2572685710267649,0.10668917486891141,-0.027053107189901362,0.0,0.022104635730801687,0.12333543892342332,0.015062964963104495,0.010154229672877406,0.0,0.0921701659457676,0.0,0.003625254590840323,-0.06465128454688435,0.0,0.40833252546214505,0.09167827172730965,-0.02597345925737256,0.050515373531594514,0.0,0.07319999964146323,0.058465275860387786,5.844194554260073,0.0,0.0,-1.0998490539078416,0.0
-0.20534128274052274,-1.0719467282546076,1.839062432803131,-0.5162720830356851,-0.3196860768862536,0.0,0.16093323952654595,0.0,-6.272045389623682,0.2575767703324175,0.10699309502489117,-0.02547198663076796,0.0,0.049235114068450665,0.0375922789894975,0.015062964963104495,0.010154229672877406,0.0,0.2225083842956459,0.0,9.705184783764462e-05,-0.06465128454688435,0.0,0.4775888816415196,0.09338656299944999,0.005514313786626379,-0.022545842857085753,0.0,-0.010729948369509471,0.0588274862411218,6.868777835525558,0.0,0.0,-1.0699249956628836,0.0
-0.4277271631715044,-1.079162710858643,1.787684324627393,-0.5162720830356851,-0.3174705240079169,0.0,0.20427987496458372,0.0,-6.46750320148624,0.22064298095881493,0.2517957833181292,0.018012930912667542,0.0,0.049235114068450665,0.12375766547049433,0.04354347726254506,-0.02864645729374155,0.0,0.12645409455131215,0.0,0.00925915532650071,-0.04902838073298278,0.0,-0.3152225531554637,0.0344488840165046,0.043543024039241984,-0.022545842857085753,0.0,-0.01865265769437256,0.08295586357368268,6.635860259071925,0.0,0.0,-1.103004911768312,0.0
-0.4337796449597506,-1.0835516089093793,1.8648934862785191,-0.5162720830356851,-0.3222675639940718,0.0,0.20427987496458372,0.0,-6.355358958453454,0.22682785897052063,0.2072033375262567,-0.01134156890221405,0.0,0.049235114068450665,0.12333543892342332,0.030360433900534865,0.010154229672877406,0.0,0.12645409455131215,0.0,0.002104776487158484,-0.05192705786430607,0.0,-0.2788433641574058,-0.05489342804283211,0.044236520350168104,-0.022545842857085753,0.0,-0.02067614462105722,0.08073975571807288,6.65361626395565,0.0,0.0,-1.09253388476676,0.0
-0.3202697818495586,-1.0715630368103988,2.0335176081391624,-0.5162720830356851,-0.3233417263987998,0.0,0.20330196363410558,0.0,-6.41971229001671,0.22772364870903516,0.003753114231095654,-0.012479705518380678,0.0,0.049235114068450665,0.12333543892342332,0.02111862752357454,0.010154229672877406,0.0,0.1262437954989099,0.0,0.00238090775681985,-0.06542574616113898,0.0,-0.32093025136094505,0.0344488840165046,0.0025299159281405035,0.004061494445704248,0.0,-0.020274879676035026,0.08176280641798675,6.59780670658422,0.0,0.0,-1.0716547199188327,0.0
-0.276767337965694,-1.06551259268484,2.0072722775550167,-0.5162720830356851,-0.3233417263987998,0.0,0.20330196363410558,0.0,-6.415700285083088,0.22696061636147918,0.003753114231095654,-0.008477985902479957,0.0,0.047972352972419724,0.12333543892342332,0.02111862752357454,0.00047329849871984367,0.0,0.1262437954989099,0.0,0.00238090775681985,-0.06542574616113898,0.0,-0.32093025136094505,0.04978248590255359,0.002300460023273413,-0.023703189061837174,0.0,-0.02011369577323751,0.08224302264044403,6.593345884150319,0.0,0.0,-1.074789317440884,0.0
-0.03213053389624308,-1.0419930790506895,1.7622791122517858,-0.5162720830356851,-0.3233417263987998,0.0,0.20330196363410558,0.0,-6.30392781157769,0.23111346969876406,0.003753114231095654,-0.008477985902479957,0.0,0.049235114068450665,0.12333543892342332,0.02111862752357454,0.005258335301955658,0.0,0.1262437954989099,0.0,0.003625254590840323,-0.06542574616113898,0.0,0.30860229101693915,0.09219459061381553,0.0053604776528522165,-0.023703189061837174,0.0,-0.02011369577323751,0.08224302264044403,6.829079051320091,0.0,0.0,-1.074789317440884,0.0
-0.021536389410901628,-1.0398846068193413,2.178312885195725,-0.5162720830356851,0.13352489652733393,0.0,0.22018634990588296,0.0,-5.978403858861879,0.30383610781368126,0.05210663126193565,0.00679560380350532,0.0,0.04757276289087219,0.12188173717672086,0.020228562769164866,0.00047329849871984367,0.0,0.40969008872480284,0.0,0.00838858596682988,-0.06820971216302167,0.0,0.3249068593133136,0.09167827172730965,-0.02182200747882638,0.0898594906243056,0.0,0.046801707769461125,0.028117861104630847,7.220886839277534,0.0,0.0,0.3296886314786823,0.0
-0.24593217850678856,-1.2896028959728216,2.4217390154581957,-0.5162720830356851,0.13387772120002792,0.0,0.22529183099695738,0.0,-6.0538889526601825,0.2978007493594291,0.05606199776883451,0.1969774559618249,0.0,0.04770918467135721,0.12188173717672086,0.018843359727190773,0.00047329849871984367,0.0,0.40969008872480284,0.0,0.007174596243073361,-0.0639154497834656,0.0,-0.25868462784672025,-0.05540974692933799,-0.02285064498326681,0.0898594906243056,0.0,0.050199851970577795,0.02217521741271069,6.986451018261539,0.0,0.0,0.3520400238579087,0.0
-0.2132661439738088,-1.1470236846673707,2.604899816443471,-0.5162720830356851,0.13352489652733393,0.0,0.22018634990588296,0.0,-6.0686028648628865,0.29625839671917614,0.052770072634848446,0.008318051066263881,0.0,0.048835523986903134,0.12188173717672086,0.020228562769164866,0.005258335301955658,0.0,0.4099003877772051,0.0,0.006868107863148042,-0.06820971216302167,0.0,-0.2617288965151229,-0.05540974692933799,-0.02319088087624968,-0.03185153705216694,0.0,0.044278327681558725,0.030986544543221535,6.977372136441457,0.0,0.0,0.3356783614332616,0.0
-0.21097504995662514,-1.319781740772757,2.5299666500730895,-0.5162720830356851,0.13387772120002792,0.0,0.22529183099695738,0.0,-6.047320956518785,0.29806274313958797,0.056987856768047865,0.17835740899906097,0.0,0.04770918467135721,-0.05602338402945233,0.04756727095813952,0.00047329849871984367,0.0,0.40969008872480284,0.0,0.004589199141765542,-0.0639154497834656,0.0,-0.2707455740300005,-0.05540974692933799,-0.022480590976511616,0.08022985694415145,0.0,0.050199851970577795,0.025307290182333825,7.110005567110565,0.0,0.0,0.35464225030018154,0.0
-0.24423382000681204,-1.1375239851120793,2.4135611890127007,-0.5162720830356851,0.13352489652733393,0.0,0.22018634990588296,0.0,-6.072392244730583,0.30000363753786347,0.05451267811997431,0.008318051066263881,0.0,0.04757276289087219,0.12517673783738595,0.020228562769164866,0.00047329849871984367,0.0,0.4099003877772051,0.0,0.0071442391328094094,-0.06820971216302167,0.0,-0.3050963232654243,0.04807419463041325,-0.022650582784282745,0.08022985694415145,0.0,0.04625062454058571,0.026415716210463284,7.020295463725622,0.0,0.0,0.3362001621664105,0.0
-0.20442369233638008,-1.15950454357383,2.6341128071087043,-0.5162720830356851,0.13352489652733393,0.0,0.22018634990588296,0.0,-6.11726969457358,0.29659226368601943,0.052533366170910305,0.008318051066263881,0.0,0.048835523986903134,-0.056316583240782696,0.020228562769164866,0.010154229672877406,0.0,0.4099003877772051,0.0,0.003616036389806715,-0.10733623903387766,0.0,-0.31787022041494534,0.05032227382935518,-0.022517615306901998,-0.03185153705216694,0.0,0.044278327681558725,0.025959589108090986,7.0863753708103685,0.0,0.0,0.32786363158168635,0.0
-0.20566252012070757,-1.141268369240852,2.6754976754855155,-0.5162720830356851,0.13352489652733393,0.0,0.22018634990588296,0.0,-6.090816645758274,0.29659226368601943,0.052533366170910305,0.008318051066263881,0.0,0.04757276289087219,0.037058569159363404,0.020228562769164866,0.00047329849871984367,0.0,0.4099003877772051,0.0,0.003616036389806715,-0.06820971216302167,0.0,-0.31787022041494534,0.04807419463041325,-0.022981492468875167,-0.03185153705216694,0.0,0.044278327681558725,0.025959589108090986,6.9749446751216535,0.0,0.0,0.32786363158168635,0.0
-0.20107633783049822,-1.1925661043142437,2.478059559612617,-0.5162720830356851,0.13352489652733393,0.0,0.1952729922116237,0.0,-6.094580207472856,0.2967527916178835,0.052770072634848446,-0.1049180053474328,0.0,0.048835523986903134,0.12517673783738595,0.023184700401791082,0.010154229672877406,0.0,0.4099003877772051,0.0,0.0071442391328094094,-0.06820971216302167,0.0,-0.3284860843340058,0.04807419463041325,-0.022757144687239775,-0.03185153705216694,0.0,0.03616348080824064,0.02887060294095363,6.98453621044287,0.0,0.0,0.31093040578466474,0.0
-0.20671234180231687,-1.2107018737631112,2.5055851799421247,-0.5162720830356851,0.13663479763895706,0.0,0.19634025245042078,0.0,-6.123110055025433,0.2985270497773624,0.05340385629441542,-0.10313790399321918,0.0,0.048835523986903134,-0.056316583240782696,0.023695584358454227,-0.02864645729374155,0.0,0.4099003877772051,0.0,0.004168258463892024,-0.0792003798356769,0.0,-0.33854115688901154,0.04807419463041325,-0.022757144687239775,-0.03185153705216694,0.0,0.03616348080824064,0.027440684847531975,7.061196282617967,0.0,0.0,0.3104521054125897,0.0
-0.21034703343928338,-1.159079150787085,2.10833074521392,-0.5162720830356851,0.13663479763895706,0.0,0.19634025245042078,0.0,-6.111415348094131,0.2985270497773624,0.07302044709507638,-0.10881308385187823,0.0,0.048835523986903134,-0.056316583240782696,0.04157020011761611,-0.02864645729374155,0.0,0.4099003877772051,0.0,0.006358054091543488,0.1854175918021605,0.0,-0.33854115688901154,0.033932565129998725,-0.018004229364014804,-0.03185153705216694,0.0,0.03649919029544223,0.00960315560992652,7.12703471903676,0.0,0.0,0.3104521054125897,0.0
-0.21226856340278685,-1.1597244376429185,2.106511985679098,-0.5162720830356851,0.13663479763895706,0.0,0.19634025245042078,0.0,-6.082585453414145,0.2975768350546293,0.07302044709507638,-0.10946624020863466,0.0,0.049235114068450665,-0.056316583240782696,0.04157020011761611,-0.02864645729374155,0.0,0.4099003877772051,0.0,0.006358054091543488,0.1854175918021605,0.0,-0.3313968685843207,-0.0040908369232040475,-0.017457236961911673,-0.03185153705216694,0.0,0.03649919029544223,-0.012286206202508452,7.100919072374081,0.0,0.0,0.3177885348920899,0.0
-0.21086612701488275,-1.1599352028624859,2.0905336303811533,-0.5013624019020803,0.29353777297003375,0.0,0.19634025245042078,0.0,-6.10086746123054,0.2985270497773624,0.07302044709507638,-0.10946624020863466,0.0,0.049235114068450665,-0.056316583240782696,0.04157020011761611,-0.02864645729374155,0.0,0.41027583803073553,0.0,0.006358054091543488,0.1854175918021605,0.0,-0.22470208919883006,0.033932565129998725,-0.045935364286539625,-0.03185153705216694,0.0,0.03649919029544223,-0.015041180193023097,7.1359638382638355,0.0,0.0,0.3104521054125897,0.0
-0.22165268559224646,-1.1625826577349059,1.8711334866402192,-0.5013624019020803,0.29353777297003375,0.0,0.19634025245042078,0.0,-6.201835552125756,0.28353557022446535,0.07342325482030951,-0.10946624020863466,0.0,0.049235114068450665,-0.056316583240782696,0.07025746244060777,-0.02926956529358588,0.0,0.41027583803073553,0.0,0.002847663298118838,0.18582039952739363,0.0,-0.22470208919883006,0.033932565129998725,-0.044857084607409184,-0.03185153705216694,0.0,0.03649919029544223,-0.3919454589261719,7.024007339401034,0.0,0.0,0.3104521054125897,0.0
-0.2207598909730201,-1.1569240992425929,1.84881897356525,-0.5013624019020803,0.30051227461168845,0.0,0.19532660116281003,0.0,-6.195858691439264,0.28353557022446535,0.07342325482030951,-0.10963179681278251,0.0,0.049235114068450665,-0.056316583240782696,0.07025746244060777,-0.02926956529358588,0.0,0.41027583803073553,0.0,0.002847663298118838,0.18582039952739363,0.0,-0.22564742998881684,0.04807419463041325,-0.04404561529767119,-0.03185153705216694,0.0,0.03649919029544223,-0.41484071500350056,7.036885842985237,0.0,0.0,0.3104521054125897,0.0
1.0442539906165038,-1.5032665196967694,2.472454939473103,-0.5251082431903903,0.14360929928061175,0.0,0.19532660116281003,0.0,-6.081465660540325,0.296460279992398,-0.4830736252360437,-0.09839541809079938,0.0,0.049235114068450665,-0.05583275424812476,0.016987745642887804,-0.02926956529358588,0.0,0.12079992039700628,0.0,0.00028112853488730227,-0.07810274284853608,0.0,-0.2150975297005592,0.046194907067906445,-0.035067160086437565,-0.1434261773195795,0.0,-0.36433272163472663,-0.44435772623429526,7.3091332952695005,0.0,0.0,0.11732482962744928,0.0
1.0443204379443203,-1.4271173318034283,2.061443537503392,-0.5251082431903903,0.14360929928061175,0.0,0.19532660116281003,0.0,-6.083400171139243,0.30510062977737695,-0.4640553332752281,-0.09839541809079938,0.0,0.049235114068450665,0.0375799691583285,0.03489706231486661,-0.02926956529358588,0.0,0.12079992039700628,0.0,0.0022538588016999444,0.1833086240011983,0.0,-0.22043244826203331,0.04844298626684838,-0.030278440574452888,-0.1434261773195795,0.0,-0.36433272163472663,-0.451941458474962,7.249380645767411,0.0,0.0,0.11732482962744928,0.0
1.0439846876590728,-1.4852096402759059,2.394118191832231,-0.5251082431903903,0.14049939816898863,0.0,0.19425934092401298,0.0,-6.04748738031697,0.30500693494686937,-0.48384990652878385,-0.10017551944501304,0.0,0.03298193405592546,0.12032937298247329,0.016476861686224656,-0.029640823805973746,0.0,0.11968057091793141,0.0,0.0035005586243475055,-0.10623860204673684,0.0,-0.20494418117250673,0.04844298626684838,-0.03431356607878143,-0.1434261773195795,0.0,-0.36433272163472663,-0.46051591131096425,7.2037103321314495,0.0,0.0,0.11751770994328362,0.0
0.2501364271381316,-1.3662307758753698,1.7175686027119998,-0.5251082431903902,0.13750470450596466,0.0,0.19532660116281003,0.0,-5.671695269046851,0.26351744019897855,-0.46658716119515314,-0.09790895047496595,0.0,0.028559641248067598,-0.0513001985414591,0.04313996389016657,-0.029640823805973746,0.0,0.11968057091793141,0.0,-0.0032918443944788575,0.1748544789166677,0.0,-0.26076078382478474,0.038005602435814766,-0.029534079632660967,-0.1434261773195795,0.0,-0.37059512592829513,-0.3590677833043637,7.125585423881977,0.0,0.0,0.10895059210526305,0.0
0.23664763567472238,-1.3597275873680272,1.7220182515150575,-0.5251082431903902,0.13750470450596466,0.0,0.19532660116281003,0.0,-5.673660907294435,0.2575806191108593,-0.46654504305255895,-0.09790895047496595,0.0,0.03589425129064409,-0.05132093378117127,0.05324518790783901,-0.02926956529358588,0.0,0.11968057091793141,0.0,-0.003198046352034804,0.1748544789166677,0.0,-0.2583807156163685,0.03575752323687282,-0.02977360901299875,-0.1434261773195795,0.0,-0.37059512592829513,-0.37448592921996204,7.133623250139196,0.0,0.0,0.10895059210526305,0.0
0.24240796221381836,-1.3490951444070534,1.7081241586486713,-0.5251082431903902,0.13750470450596466,0.0,0.19532660116281003,0.0,-5.661773178928817,0.2638747919032796,-0.46650060209304545,-0.09790895047496595,0.0,0.03589425129064409,-0.0513001985414591,0.04313996389016657,-0.02926956529358588,0.0,0.11968057091793141,0.0,-0.0031972904006741672,0.1748544789166677,0.0,-0.26076078382478474,0.03575752323687282,-0.02977360901299875,-0.1434261773195795,0.0,-0.37038342546258307,-0.39507414272574476,7.145738545463042,0.0,0.0,0.10895059210526305,0.0
