Supply_Volume,USD_TO_NPR,Diesel,is_festival,Season_Autumn,Season_Monsoon,Season_Spring,Season_Winter,Inflation,Dhading_Wind_Speed,Dhading_Temperature,Dhading_Precipitation,Dhading_Rainfall_MM,Dhading_Air_Pressure,Kathmandu_Wind_Speed,Kathmandu_Temperature,Kathmandu_Precipitation,Kathmandu_Rainfall_MM,Kathmandu_Air_Pressure,Kavre_Wind_Speed,Kavre_Temperature,Kavre_Precipitation,Kavre_Rainfall_MM,Kavre_Air_Pressure,Sarlahi_Wind_Speed,Sarlahi_Temperature,Sarlahi_Precipitation,Sarlahi_Rainfall_MM,Sarlahi_Air_Pressure,day,month,day_of_week,is_weekend,month_sin,month_cos
0.2444896605863453,0.20792480865016688,-2.73837160400689,0.6056669121760981,-1.0560689578351987,-0.9372460675857364,2.014655993363449,-2.9508494861426753,7.8017934007591565,1.7804077875488762,18.21432271495618,-161.09560624829788,162.152975695599,115.5106957623075,-0.08440471102514306,-24.69514188530859,7.049746664426575,-8.048725797680968,-109.39694165467388,-0.24013622044550445,-8.789591738349479,-4.10894310887147,3.045947574865273,28.959455925931966,1.4528444316117162,23.178444158105556,0.09518116766194765,0.09518116767199018,-39.542662076427206,-0.1852948132442305,-4.194710990937409,-0.03556240724557218,0.06706152939011423,0.3942027350679865,-10.33943935190918
0.2444896605863453,0.16078820215516626,-2.73837160400689,0.6056669121760981,-1.0560689578351987,-0.9372460675857364,2.014655993363449,-2.9508494861426753,7.8017934007591565,1.552786209316541,19.844549147769904,-161.09560624829788,162.152975695599,98.14677617091175,-0.0808277567287947,-24.030231807747786,7.049746664426575,-8.048725797680968,-87.21551293370696,-0.4149213328916278,-8.983238603846761,-4.10894310887147,3.045947574865273,23.663576361968257,1.2109549203430743,23.79780011068349,0.09518116766194765,0.09518116767199018,-37.17193738250946,-0.27228768331194436,-4.194710990937409,-0.07077271144910899,-0.1813145053880866,0.3942027350679865,-10.33943935190918
0.2444896605863453,0.16078820215516626,-2.73837160400689,0.6056669121760981,-1.0560689578351987,-0.9372460675857364,2.014655993363449,-2.9508494861426753,7.8017934007591565,2.0373058515632816,16.031559934156746,-161.09560624829788,162.152975695599,66.60101509280977,-0.5626821205189956,-19.20967862641336,7.049746664426575,-8.048725797680968,-50.558349175674856,-0.1585203178384749,-8.19921449155023,-4.10894310887147,3.045947574865273,15.473822281699462,1.624616584550625,24.649971440619833,0.09518116766194765,0.09518116767199018,-31.75432437836555,-0.35928055337965825,-4.194710990937409,-0.10598301565264581,-0.1813145053880866,0.3942027350679865,-10.33943935190918
0.2444896605863453,0.16078820215516626,-2.73837160400689,0.6056669121760981,-1.0560689578351987,-0.9372460675857364,2.014655993363449,-2.9508494861426753,7.8017934007591565,2.4688586551759166,14.652978857471311,-161.09560624829788,162.152975695599,40.55487686339324,-0.38709718877653043,-18.053032569251478,7.049746664426575,-8.048725797680968,-24.6337905295485,-0.4333666626165042,-6.999558359047717,-4.10894310887147,3.045947574865273,8.903350914594322,2.4846880286172075,24.67632288588542,0.09518116766194765,0.09518116767199018,-24.848374015701253,-0.4462734234473721,-4.194710990937409,0.10527880956857508,0.06706152939011423,0.3942027350679865,-10.33943935190918
0.2444896605863453,0.19221260648516647,-2.73837160400689,0.6056669121760981,-1.0560689578351987,-0.9372460675857364,2.014655993363449,-2.9508494861426753,7.8017934007591565,1.7755450885306876,12.546802309564907,-161.09560624829788,162.152975695599,32.842799254076866,-2.206389523534906,-14.666174081160225,7.049746664426575,-8.048725797680968,-16.772046331729697,-0.08781660520201634,-6.527256561608317,-4.10894310887147,3.045947574865273,6.580350807494679,2.342318429907579,24.720252503592917,0.09518116766194765,0.09518116767199018,-22.46386809312591,-0.533266293515086,-4.194710990937409,0.07006850536503825,0.06706152939011423,0.3942027350679865,-10.33943935190918
0.2444896605863453,0.1869752057634897,-2.73837160400689,0.6056669121760981,-1.0560689578351987,-0.9372460675857364,2.014655993363449,-2.9508494861426753,7.8017934007591565,1.8478987983067376,11.480046362903476,-161.09560624829788,162.152975695599,48.32131136065835,-2.3638289157874715,-13.495659800737847,7.049746664426575,-8.048725797680968,-35.535851662406735,0.06427277482451035,-6.203725114871004,-4.10894310887147,3.045947574865273,10.734481553048946,2.3280962427340413,23.78022931782698,0.09518116766194765,0.09518116767199018,-25.64379826462197,-0.6202591635827999,-4.194710990937409,0.03485820116150144,0.06706152939011423,0.3942027350679865,-10.33943935190918
0.2444896605863453,0.40170863535183116,-2.73837160400689,0.6056669121760981,-1.0560689578351987,-0.9372460675857364,2.014655993363449,-2.9508494861426753,7.8017934007591565,0.6474722789776743,14.61468048927736,-161.09560624829788,162.152975695599,55.6552203352545,-2.3950864177273417,-16.82712019742285,7.049746664426575,-8.048725797680968,-40.740572305909105,-0.0031067259589264862,-7.127081794030652,-4.10894310887147,3.045947574865273,11.889928808733021,2.3334199251595,24.28537986085676,0.09518116766194765,0.09518116767199018,-28.07275748373836,-0.7072520336505137,-4.194710990937409,-0.0003521030420353655,0.06706152939011423,0.3942027350679865,-10.33943935190918
0.2444896605863453,0.2864858194751677,-2.73837160400689,0.6056669121760981,-1.0560689578351987,-0.9372460675857364,2.014655993363449,-2.9508494861426753,7.8017934007591565,-0.231299592245406,19.30296269319309,-161.09560624829788,162.152975695599,44.9760331709656,-3.8810275253773843,-22.80431611140201,7.049746664426575,-8.048725797680968,-33.74445944092178,0.056419887799053846,-8.402302541481188,-4.10894310887147,3.045947574865273,9.300924163862225,1.4756594423327722,24.28977176840102,0.09518116766194765,0.09518116767199018,-23.906798070043955,-0.7942449037182274,-4.194710990937409,-0.03556240724557218,0.06706152939011423,0.3942027350679865,-10.33943935190918
0.2444896605863453,0.495981848341818,-2.73837160400689,0.6056669121760981,-1.0560689578351987,-0.9372460675857364,2.014655993363449,-2.9508494861426753,7.8017934007591565,-0.012324490087333707,23.38400634780557,-161.09560624829788,162.152975695599,59.58884712640041,-0.40021127320848543,-28.220506406596215,7.049746664426575,-8.048725797680968,-42.37005723855784,0.0010975724199596625,-9.868810141703477,-4.038038138732882,2.993385926743831,13.588694314919326,2.8539028508102455,24.188747352618094,0.09518116766194765,0.09518116767199018,-29.413423676721695,-0.8812377737859413,-4.194710990937409,-0.07077271144910899,-0.1813145053880866,0.3942027350679865,-10.33943935190918
0.2444896605863453,0.495981848341818,-2.73837160400689,0.6056669121760981,-1.0560689578351987,-0.9372460675857364,2.014655993363449,-2.9508494861426753,7.8017934007591565,1.214806543250575,23.50983427761715,-161.09560624829788,162.152975695599,77.54551563874757,-0.46804974044463565,-26.433581766948326,7.049746664426575,-8.048725797680968,-62.70425915049177,0.22921320789247107,-9.03991518226959,-3.825323228317117,2.8357009823795027,17.31881064158267,1.9647405564300473,21.192979354793504,0.09518116766194765,0.09518116767199018,-29.78092310758704,-0.9682306438536551,-4.194710990937409,-0.10598301565264581,-0.1813145053880866,0.3942027350679865,-10.33943935190918
0.2444896605863453,0.495981848341818,-2.73837160400689,0.6056669121760981,-1.0560689578351987,-0.9372460675857364,2.014655993363449,-2.9508494861426753,7.8017934007591565,-0.03211793888959842,20.331430775155447,-161.09560624829788,162.152975695599,43.844245111198354,0.21453409848585073,-26.225796121016646,7.049746664426575,-8.048725797680968,-31.197933706719386,0.10123841344628749,-9.226475208400883,-4.10894310887147,3.045947574865273,9.818916233821634,2.0844503145596476,22.10664371570846,0.09518116766194765,0.09518116767199018,-21.035708766409613,-1.055223513921369,-4.194710990937409,0.10527880956857508,0.06706152939011423,0.3942027350679865,-10.33943935190918
0.2444896605863453,0.3807590324651546,-2.73837160400689,0.6056669121760981,-1.0560689578351987,-0.9372460675857364,2.014655993363449,-2.9508494861426753,7.8017934007591565,-1.7221431123892215,21.491187291328377,-161.09560624829788,162.152975695599,57.86185114360531,0.36693602339818676,-25.08299667775383,6.8994162135111115,-7.87709288148472,-48.60426876203331,0.056592802846950056,-9.106036345720801,-4.10894310887147,3.045947574865273,13.694618277564627,2.9035528641300705,21.069993292836287,0.09518116766194765,0.09518116767199018,-25.58492768271606,-1.1422163839890829,-4.194710990937409,0.07006850536503825,0.06706152939011423,0.3942027350679865,-10.33943935190918
0.2444896605863453,0.23411181225849031,-2.73837160400689,0.6056669121760981,-1.0560689578351987,-0.9372460675857364,2.014655993363449,-2.9508494861426753,7.8017934007591565,0.44983539422542507,20.030550286792902,-161.09560624829788,162.152975695599,93.02480427230074,0.2074196823356195,-23.212955785022984,6.974581438968843,-7.962909339582844,-80.27432360239241,-0.20831042554317708,-7.663147009258872,-4.10894310887147,3.045947574865273,21.207733270137354,2.7244962940909514,20.09482535867785,0.09518116766194765,0.09518116767199018,-33.06389446566007,-1.229209254056797,-4.194710990937409,0.03485820116150144,0.06706152939011423,0.3942027350679865,-10.33943935190918
0.2444896605863453,0.21839961009349051,-2.73837160400689,0.6056669121760981,-1.0560689578351987,-0.9372460675857364,2.014655993363449,-2.9508494861426753,7.8017934007591565,0.45974879195988877,19.39596326270459,-161.09560624829788,162.152975695599,36.77914388961919,-2.4005908389917643,-24.258789036786638,7.049746664426575,-8.048725797680968,-21.38067743916722,-0.057192839540315774,-7.74580186416759,-4.10894310887147,3.045947574865273,7.376134442647743,1.5363360242827984,20.859143778558114,0.09518116766194765,0.09518116767199018,-18.400101790398917,-1.3162021241245108,-4.194710990937409,-0.0003521030420353655,0.06706152939011423,0.3942027350679865,-10.33943935190918
0.2444896605863453,0.14507599999016585,-2.73837160400689,0.6056669121760981,-1.0560689578351987,-0.9372460675857364,2.014655993363449,-2.9508494861426753,7.8017934007591565,-0.027587196500294463,18.83249802829974,-161.09560624829788,162.152975695599,34.78217536335255,-0.6419406232371795,-23.19910252208964,7.049746664426575,-8.048725797680968,-22.034033218871922,-0.01415379253047864,-8.236997365790023,-4.10894310887147,3.045947574865273,7.868099481785494,1.8998285284921732,22.0539323913654,0.09518116766194765,0.09518116767199018,-18.91534305976901,-1.4031949941922246,-4.194710990937409,-0.03556240724557218,0.06706152939011423,0.3942027350679865,-10.33943935190918
0.2444896605863453,0.16078820215516626,-2.73837160400689,0.6056669121760981,-1.0560689578351987,-0.9372460675857364,2.014655993363449,-2.9508494861426753,4.131535694632573,0.9035128932311941,16.22303339401048,-161.09560624829788,162.152975695599,56.84071817716026,-2.0583033563127353,-21.897008839937577,7.049746664426575,-8.048725797680968,-44.482921327745196,-0.15993950508846627,-7.566324143276016,-4.10894310887147,3.045947574865273,12.274281473189596,1.5822672951162444,21.777206372376252,0.09518116766194765,0.09518116767199018,-24.451333284432007,1.2065911078391913,-3.3368968823612515,-0.07077271144910899,-0.1813145053880866,0.6747651623223926,-7.057845270342664
0.2444896605863453,0.16078820215516626,-2.73837160400689,0.6056669121760981,-1.0560689578351987,-0.9372460675857364,2.014655993363449,-2.9508494861426753,4.131535694632573,0.13094285681087933,15.621267165537947,-161.09560624829788,162.152975695599,53.44405978624104,-2.015300212544299,-21.522997336874266,7.049746664426575,-8.048725797680968,-42.31109903771938,0.00027652423642131406,-7.998483053750093,-4.10894310887147,3.045947574865273,12.381033713437622,1.2486412646533578,22.00561508301958,0.09518116766194765,0.09518116767199018,-22.243015069769424,1.1195982377714775,-3.3368968823612515,-0.10598301565264581,-0.1813145053880866,0.6747651623223926,-7.057845270342664
0.2444896605863453,0.16078820215516626,-2.73837160400689,0.6056669121760981,-1.0560689578351987,-0.9372460675857364,2.014655993363449,-2.9508494861426753,4.131535694632573,0.4646079675566936,15.670502297772208,-161.09560624829788,162.152975695599,54.52071443108937,0.866164468339505,-21.86929566503659,7.049746664426575,-8.048725797680968,-42.531964527392574,0.2593914655457289,-9.089508321921135,-4.10894310887147,3.045947574865273,14.199230478558393,2.0155613060207944,21.87823078815918,0.09518116766194765,0.09518116767199018,-25.968187185328105,1.0326053677037637,-3.3368968823612515,0.10527880956857508,0.06706152939011423,0.6747651623223926,-7.057845270342664
0.2444896605863453,-0.32105266423816475,-2.73837160400689,0.6056669121760981,-1.0560689578351987,-0.9372460675857364,2.014655993363449,-2.9508494861426753,4.131535694632573,1.9982420561976726,15.697853398430977,-161.09560624829788,162.152975695599,69.6746382639262,-1.168962434530793,-19.209681950930506,7.049746664426575,-8.048725797680968,-55.2744846404894,-0.3430784236561531,-7.478948696150458,-4.10894310887147,3.045947574865273,15.632628583590437,1.8661438806420225,19.097710537515944,0.09518116766194765,0.09518116767199018,-26.30685204546371,0.9456124976360497,-3.3368968823612515,0.07006850536503825,0.06706152939011423,0.6747651623223926,-7.057845270342664
0.2444896605863453,-0.22677945124816293,-2.73837160400689,0.6056669121760981,-1.0560689578351987,-0.9372460675857364,2.014655993363449,-2.9508494861426753,4.131535694632573,0.5107494356257157,9.811521561895804,-161.09560624829788,162.152975695599,39.85419069351603,-6.409661420322854,-15.39341885514539,6.82425098805338,-7.791276423386596,-33.692138918324346,0.30978940090499457,-5.037131831157232,-4.10894310887147,3.045947574865273,8.597843906543497,-0.3320048030567149,16.330361792599543,0.09518116766194765,0.09518116767199018,-17.089683627494846,0.8586196275683359,-3.3368968823612515,0.03485820116150144,0.06706152939011423,0.6747651623223926,-7.057845270342664
0.2444896605863453,-0.5567356967131535,-2.73837160400689,0.6056669121760981,-1.0560689578351987,-0.9372460675857364,2.014655993363449,-2.9508494861426753,4.131535694632573,0.19865798233600634,14.368504828106081,-161.09560624829788,162.152975695599,41.14710809970031,-1.7535748368484665,-18.42010912955526,7.049746664426575,-8.048725797680968,-30.870474913544427,-0.041471983746334797,-7.091657798984815,-4.10894310887147,3.045947574865273,9.314304032827867,-1.0078937783500121,18.87367897524606,0.09518116766194765,0.09518116767199018,-20.9472262111321,0.771626757500622,-3.3368968823612515,-0.0003521030420353655,0.06706152939011423,0.6747651623223926,-7.057845270342664
0.2444896605863453,-0.6510089097031547,-2.73837160400689,0.6056669121760981,-1.0560689578351987,-0.9372460675857364,2.014655993363449,-2.9508494861426753,4.131535694632573,0.14948612020451396,17.50861652705813,-161.09560624829788,162.152975695599,49.39718947853649,-1.3103889970744642,-20.096220963804914,7.049746664426575,-8.048725797680968,-34.341850482523554,0.0762051540322622,-8.213381369092799,-4.10894310887147,3.045947574865273,11.331797131876685,-0.162822758520924,23.894436835828103,0.09518116766194765,0.09518116767199018,-26.54166297989644,0.6846338874329081,-3.3368968823612515,-0.03556240724557218,0.06706152939011423,0.6747651623223926,-7.057845270342664
0.2444896605863453,-0.5253112923831527,-2.73837160400689,0.6056669121760981,-1.0560689578351987,-0.9372460675857364,2.014655993363449,-2.9508494861426753,4.131535694632573,-0.3180618304219568,19.592903791641614,-161.09560624829788,162.152975695599,65.25179948125202,1.1484237921352154,-22.880504070759727,7.049746664426575,-8.048725797680968,-51.423329755737875,0.343521055633465,-9.65155124686946,-4.10894310887147,3.045947574865273,16.349725846492788,2.6070797131462293,23.152086387481052,0.09518116766194765,0.09518116767199018,-31.444635434894277,0.5976410173651943,-3.3368968823612515,-0.07077271144910899,-0.1813145053880866,0.6747651623223926,-7.057845270342664
0.2444896605863453,-0.5253112923831527,-2.73837160400689,0.6056669121760981,-1.0560689578351987,-0.9372460675857364,2.014655993363449,-2.9508494861426753,4.131535694632573,-0.26455527913383853,19.44520102081257,-161.09560624829788,162.152975695599,65.30615636919927,-0.5511077697916282,-26.308912374099606,7.049746664426575,-8.048725797680968,-54.190330527951794,0.020594782133273544,-9.221752915886693,-4.10894310887147,3.045947574865273,15.64584916840213,1.7496211047095722,20.995313996960014,0.09518116766194765,0.09518116767199018,-27.04220427203168,0.5106481472974803,-3.3368968823612515,-0.10598301565264581,-0.1813145053880866,0.6747651623223926,-7.057845270342664
0.2444896605863453,-0.5253112923831527,-2.73837160400689,0.6056669121760981,-1.0560689578351987,-0.9372460675857364,2.014655993363449,-2.9508494861426753,4.131535694632573,0.31214021240819384,17.831378421122437,-161.09560624829788,162.152975695599,65.46987413885125,-2.0168859225251894,-23.7531831716665,7.049746664426575,-8.048725797680968,-56.577291683286525,-0.27947296203085037,-8.34798824284702,-4.038038138732882,2.993385926743831,15.26101865148261,1.4311849867376878,18.763868635921632,0.09518116766194765,0.09518116767199018,-25.408245264031027,0.42365527722976654,-3.3368968823612515,0.10527880956857508,0.06706152939011423,0.6747651623223926,-7.057845270342664
0.2444896605863453,-0.5672104981564915,-2.73837160400689,0.6056669121760981,-1.0560689578351987,-0.9372460675857364,2.014655993363449,-2.9508494861426753,4.131535694632573,-0.8730190703947021,16.534853272287044,-158.88123367418265,159.92406883368204,40.66307295464195,-3.0386277922610363,-21.426031145375102,7.049746664426575,-8.048725797680968,-32.39089368217094,0.08585694459837057,-7.44352583463619,-4.10894310887147,3.045947574865273,9.898430883675069,0.9940788812626463,18.62330650997546,0.09518116766194765,0.09518116767199018,-19.28351388382487,0.3366624071620526,-3.3368968823612515,0.07006850536503825,0.06706152939011423,0.6747651623223926,-7.057845270342664
0.2444896605863453,-0.022520823103160045,-2.73837160400689,0.6056669121760981,-1.0560689578351987,-0.9372460675857364,2.014655993363449,-2.9508494861426753,4.131535694632573,-1.2052945689142953,18.061144997422684,-161.09560624829788,162.152975695599,41.7398570206532,-1.7797289721187404,-23.503844385969053,7.049746664426575,-8.048725797680968,-33.584113958730775,-0.016698502583951506,-7.9016624548303716,-4.10894310887147,3.045947574865273,10.07090376600989,1.568711811141105,18.416857337053447,0.09518116766194765,0.09518116767199018,-19.09220216087268,0.2496695370943388,-3.3368968823612515,0.03485820116150144,0.06706152939011423,0.6747651623223926,-7.057845270342664
0.2444896605863453,-0.08013223104149926,-2.73837160400689,0.6056669121760981,-1.0560689578351987,-0.9372460675857364,2.014655993363449,-2.9508494861426753,4.131535694632573,-2.4910611225458954,19.08414075855431,-161.09560624829788,162.152975695599,26.048835366428204,-0.7991580325967242,-25.42929500591616,7.049746664426575,-8.048725797680968,-18.507603965666608,0.3652556132946897,-8.848632296858323,-4.10894310887147,3.045947574865273,6.792517301094273,-0.08418882648961241,19.681924904380853,0.09518116766194765,0.09518116767199018,-17.825530564834686,0.16267666702662492,-3.3368968823612515,-0.0003521030420353655,0.06706152939011423,0.6747651623223926,-7.057845270342664
0.2444896605863453,-0.08013223104149926,-2.73837160400689,0.6056669121760981,-1.0560689578351987,-0.9372460675857364,2.014655993363449,-2.9508494861426753,4.131535694632573,-1.5611223776695904,20.61590217864696,-161.09560624829788,162.152975695599,19.955169385170922,0.3341703817077009,-26.315837343307702,7.049746664426575,-8.048725797680968,-7.337823143793739,0.45807944644482373,-10.33875305994892,-4.10894310887147,3.045947574865273,4.827906541291492,1.690232190612393,22.778717317988374,0.09518116766194765,0.09518116767199018,-18.473000956348766,0.07568379695891106,-3.3368968823612515,-0.03556240724557218,0.06706152939011423,0.6747651623223926,-7.057845270342664
0.2444896605863453,-0.017283422381498232,-2.73837160400689,0.6056669121760981,-1.0560689578351987,-0.9372460675857364,2.014655993363449,-2.9508494861426753,4.131535694632573,-1.0926853923262618,20.550257961541668,-136.7375079330304,137.63500021451222,43.63005308845153,-0.3302936172924618,-28.26899116460437,6.974581438968843,-7.962909339582844,-34.23382552293147,0.49969322100770375,-10.445021644491726,-4.10894310887147,3.045947574865273,10.456052851238036,1.3132424409465722,21.210553310329477,0.09518116766194765,0.09518116767199018,-21.697349087902225,-0.011309073108802793,-3.3368968823612515,-0.07077271144910899,-0.1813145053880866,0.6747651623223926,-7.057845270342664
0.019891883907759714,-0.017283422381498232,-3.679392773768709,0.6056669121760981,-1.0560689578351987,-0.9372460675857364,2.014655993363449,-2.9508494861426753,4.131535694632573,-0.35946882684384285,17.683676963230248,-161.09560624829788,162.152975695599,55.00552610311793,-1.3109489645422532,-27.140044984274898,7.049746664426575,-8.048725797680968,-48.28149538879249,0.19899452544054694,-8.928925438744162,-4.10894310887147,3.045947574865273,13.707870719207108,1.356534398930862,18.987893872832593,0.09518116766194765,0.09518116767199018,-23.1702090665455,-0.09830194317651665,-3.3368968823612515,-0.10598301565264581,-0.1813145053880866,0.6747651623223926,-7.057845270342664
0.019891883907759714,-0.017283422381498232,-3.679392773768709,0.6056669121760981,-1.0560689578351987,-0.9372460675857364,2.014655993363449,-2.9508494861426753,4.131535694632573,-0.6728175123849489,18.865310946294365,-152.23811595183696,153.2373482479311,98.63003478899844,0.055771061027319616,-26.516698020031285,6.523590048639841,-7.448010548085873,-90.79348180618932,-0.30200055210605337,-8.591227114464278,-3.7544182581785277,2.7831393342580606,23.43802999940266,0.8460752030274354,15.421095664587774,0.09518116766194765,0.09518116767199018,-32.2693889653166,-0.1852948132442305,-3.3368968823612515,0.10527880956857508,0.06706152939011423,0.6747651623223926,-7.057845270342664
0.019891883907759714,-0.06442002887649885,-3.679392773768709,0.6056669121760981,-1.0560689578351987,-0.9372460675857364,2.014655993363449,-2.9508494861426753,4.131535694632573,-2.5113182787694783,19.7515485782584,11.625454532689657,-11.701759533925426,86.17531870624879,0.22164309179323605,-26.19809956870137,6.072598658310839,-6.933111756588901,-80.38052645423397,-0.11175882459536585,-8.19921449155023,-3.1162735269312307,2.3100845011650772,20.809522884252193,1.0719105421876527,16.914580376370402,0.09518116766194765,0.09518116767199018,-28.735740591612803,-0.27228768331194436,-3.3368968823612515,0.07006850536503825,0.06706152939011423,0.6747651623223926,-7.057845270342664
0.019891883907759714,-0.12726883753649987,-3.679392773768709,0.6056669121760981,-1.0560689578351987,-0.9372460675857364,2.014655993363449,-2.9508494861426753,4.131535694632573,-0.9915026712838004,18.372964875699246,-154.4524885259522,155.46625510984805,70.48352052505213,-0.5598805148617306,-25.256147504093565,6.749085762595648,-7.7054599652884725,-64.49487046865336,-0.1550529487438951,-8.088220213898527,-3.9671331685942937,2.940824278622388,17.38472242465457,2.0352341639995783,15.741751301284424,0.09518116766194765,0.09518116767199018,-24.87837469039418,-0.35928055337965825,-3.3368968823612515,0.03485820116150144,0.06706152939011423,0.6747651623223926,-7.057845270342664
0.16026549433187573,-0.12726883753649987,-3.679392773768709,0.6056669121760981,-1.0560689578351987,-0.9372460675857364,2.014655993363449,-2.9508494861426753,4.131535694632573,-1.6169597980391432,16.02061791836901,-161.09560624829788,162.152975695599,97.55402724995888,0.21341404566238492,-20.684943082008015,7.049746664426575,-8.048725797680968,-93.2875568672394,-0.22542042441860125,-6.65477319540184,-4.10894310887147,3.045947574865273,23.704034537174177,1.4916369668687885,13.686015977264159,0.09518116766194765,0.09518116767199018,-30.958723447026195,-0.4462734234473721,-3.3368968823612515,-0.0003521030420353655,0.06706152939011423,0.6747651623223926,-7.057845270342664
0.16026549433187573,0.11888899638182684,-3.679392773768709,0.6056669121760981,-1.0560689578351987,-0.9372460675857364,2.014655993363449,-2.9508494861426753,4.131535694632573,-3.173671541720922,18.083026403124446,-143.3806256553761,144.32172080026317,101.54330514066952,-2.5404141262592397,-23.109061299798572,6.749085762595648,-7.7054599652884725,-98.33518579239458,0.015941038265555204,-7.365591571944309,-4.10894310887147,3.045947574865273,24.459551138106427,0.32801886338292824,13.242353194080549,0.09518116766194765,0.09518116767199018,-30.267011777873762,-0.533266293515086,-3.3368968823612515,-0.03556240724557218,0.06706152939011423,0.6747651623223926,-7.057845270342664
0.16026549433187573,0.07175238988682622,-3.679392773768709,0.6056669121760981,-1.0560689578351987,-0.9372460675857364,2.014655993363449,-2.9508494861426753,4.131535694632573,-1.955139795778037,16.031559934156746,-161.09560624829788,162.152975695599,88.44018903740076,-0.6709883167173226,-20.94813180612166,7.049746664426575,-8.048725797680968,-85.91517875143178,-0.12622741844435614,-6.51780857598523,-4.10894310887147,3.045947574865273,22.123617157672932,1.3757400419445498,14.56453664401311,0.09518116766194765,0.09518116767199018,-29.662934588388875,-0.6202591635827999,-3.3368968823612515,-0.07077271144910899,-0.1813145053880866,0.6747651623223926,-7.057845270342664
0.35678854892563816,0.07175238988682622,-3.679392773768709,0.6056669121760981,-1.0560689578351987,-0.9372460675857364,2.014655993363449,-2.9508494861426753,4.131535694632573,-2.026317689503937,17.67273888625309,-158.88123367418265,159.92406883368204,110.38807675788773,1.3467311427295667,-25.63708397636498,4.268633322490506,-4.873516848050392,-111.29310507190858,-0.22527972511934694,-8.454256827389827,-3.116273456026261,2.3100844486034293,28.69408852477807,1.3893231395002608,14.529397166753053,0.09518116766194765,0.09518116767199018,-36.77443727695159,-0.7072520336505137,-3.3368968823612515,-0.10598301565264581,-0.1813145053880866,0.6747651623223926,-7.057845270342664
0.35678854892563816,0.07175238988682622,-3.679392773768709,0.6056669121760981,-1.0560689578351987,-0.9372460675857364,2.014655993363449,-2.9508494861426753,4.131535694632573,-1.3081142966986654,19.71325283593817,-70.30633070957366,70.76779435700283,131.74360382090472,-0.1578300031593969,-26.94610927675943,6.373259560141764,-7.276377588981397,-127.61606691800677,-0.1998427427160437,-8.959624874212674,-3.4707983492621857,2.5728927207476313,32.49027591866763,1.380986054072394,14.485465440592577,0.09518116766194765,0.09518116767199018,-40.55911603112345,-0.7942449037182274,-3.3368968823612515,0.10527880956857508,0.06706152939011423,0.6747651623223926,-7.057845270342664
-0.017279048132546326,0.08746459205182663,-3.679392773768709,0.6056669121760981,-1.0560689578351987,-0.9372460675857364,2.014655993363449,-2.9508494861426753,4.131535694632573,-0.4583518862514044,15.6978560243047,-161.09560624829788,162.152975695599,136.9731247049557,0.08044758950995802,-21.613038559165325,6.8994162135111115,-7.87709288148472,-130.05704055313754,-0.06224732345762317,-7.301831554750194,-4.10894310887147,3.045947574865273,33.72475997174256,1.2686030993209994,14.318545544021912,0.09518116766194765,0.09518116767199018,-43.03252854678088,-0.8812377737859413,-3.3368968823612515,0.07006850536503825,0.06706152939011423,0.6747651623223926,-7.057845270342664
-0.017279048132546326,-0.3420022671248264,-3.679392773768709,0.6056669121760981,-1.0560689578351987,-0.9372460675857364,2.014655993363449,-2.9508494861426753,4.131535694632573,-1.3870318888385782,14.105925333811209,-161.09560624829788,162.152975695599,139.0757008992361,-0.7799566891822957,-17.47815706494745,7.049746664426575,-8.048725797680968,-132.9327170377135,0.19999746135456617,-6.730345745070842,-4.10894310887147,3.045947574865273,34.601109532167676,1.3696061907014705,12.719636075100201,0.09518116766194765,0.09518116767199018,-43.44469329308996,-0.9682306438536551,-3.3368968823612515,0.03485820116150144,0.06706152939011423,0.6747651623223926,-7.057845270342664
-0.017279048132546326,-0.3420022671248264,-3.679392773768709,0.6056669121760981,-1.0560689578351987,-0.9372460675857364,2.014655993363449,-2.9508494861426753,4.131535694632573,-1.6473706996701132,13.411158535827184,-161.09560624829788,162.152975695599,106.4510850165352,-0.15323037143503387,-19.777622512475002,6.974581438968843,-7.962909339582844,-103.53821447869835,-0.1380106029406192,-6.727981198219043,-4.10894310887147,3.045947574865273,26.39772072828655,1.3928113142706777,11.577558786635967,0.09518116766194765,0.09518116767199018,-33.80048346915852,-1.055223513921369,-3.3368968823612515,-0.0003521030420353655,0.06706152939011423,0.6747651623223926,-7.057845270342664
-0.017279048132546326,-0.3367648664031646,-3.679392773768709,0.6056669121760981,-1.0560689578351987,-0.9372460675857364,2.014655993363449,-2.9508494861426753,4.131535694632573,0.05296073304819481,16.398089891372017,9.411081958574439,-9.472852672008454,103.21555597203154,-1.2962695647340245,-22.111709481525935,6.673920537137917,-7.619643507190349,-98.87361863315938,0.5025677964637532,-6.040777684842229,-3.612608282448866,2.6780160117343517,24.20756360591817,1.372396298700495,11.16904602297728,0.09518116766194765,0.09518116767199018,-28.02897558038823,-1.1422163839890829,-3.3368968823612515,-0.03556240724557218,0.06706152939011423,0.6747651623223926,-7.057845270342664
-0.017279048132546326,-0.582922700321492,-3.2088821888877996,0.6056669121760981,-1.0560689578351987,-0.9372460675857364,-4.090362168343972,0.44093153241212396,2.9276911670230534,-2.877136623020233,13.821456556193418,-125.66564727682685,126.49046813383418,63.74145452327723,-1.4390703463875947,-17.64439289563051,6.598755311680185,-7.533827049092227,-62.7034782471699,0.0998762122761161,-5.476373046871028,-3.116273456026261,2.3100844486034293,16.083880592875587,-1.0294158939560563,9.034239495536484,0.09518116766194765,0.09518116767199018,-17.61937751871305,1.2065911078391913,-2.4790827737850947,-0.07077271144910899,-0.1813145053880866,0.7774581380449289,-2.5751043900141415
-0.017279048132546326,-0.582922700321492,-3.2088821888877996,0.6056669121760981,-1.0560689578351987,-0.9372460675857364,-4.090362168343972,0.44093153241212396,2.9276911670230534,-0.6906732052629562,13.170452569612918,-161.09560624829788,162.152975695599,9.818127467580105,-2.3085920743343324,-15.393412206111108,7.049746664426575,-8.048725797680968,-1.48013717224834,0.20578885069266226,-5.440952452419896,-4.10894310887147,3.045947574865273,1.7487526966419809,-3.0040326429315183,9.209943207195678,0.09518116766194765,0.09518116767199018,-6.267390772254666,1.1195982377714775,-2.4790827737850947,-0.10598301565264581,-0.1813145053880866,0.7774581380449289,-2.5751043900141415
-0.017279048132546326,-0.582922700321492,-3.2088821888877996,0.6056669121760981,-1.0560689578351987,-0.9372460675857364,-4.090362168343972,0.44093153241212396,2.9276911670230534,-1.842201179290679,11.715280008287015,-161.09560624829788,162.152975695599,19.25551858458828,-0.8705838282633644,-13.377927012907232,7.049746664426575,-8.048725797680968,-12.1081012389592,0.08008879832633163,-5.655850767762602,-4.10894310887147,3.045947574865273,5.0800533576337,-0.9958011891464049,13.163290424471915,0.09518116766194765,0.09518116767199018,-11.965363438368245,1.0326053677037637,-2.4790827737850947,0.10527880956857508,0.06706152939011423,0.7774581380449289,-2.5751043900141415
-0.017279048132546326,-0.4781746858881521,-3.2088821888877996,0.6056669121760981,-1.0560689578351987,-0.9372460675857364,-4.090362168343972,0.44093153241212396,2.9276911670230534,-0.60344637880974,10.736052310306352,-161.09560624829788,162.152975695599,18.608412775686666,-5.040954748065452,-13.661893969162334,7.049746664426575,-8.048725797680968,-10.697269236569984,0.17559348289734783,-4.673457497454598,-4.10894310887147,3.045947574865273,2.8904696582209954,-2.1373539963055226,10.940633095428,0.09518116766194765,0.09518116767199018,-10.051716161588844,0.9456124976360497,-2.4790827737850947,0.07006850536503825,0.06706152939011423,0.7774581380449289,-2.5751043900141415
-0.017279048132546326,-0.38913887361982763,-3.2088821888877996,-3.1797512889245168,-1.0560689578351987,-0.9372460675857364,-4.090362168343972,0.44093153241212396,2.9276911670230534,-1.888929548692952,13.892567842381998,-158.88123367418265,159.92406883368204,-5.391965149470235,-2.016008482975136,-16.65396272204883,7.049746664426575,-8.048725797680968,17.55464161128418,0.3685383980813094,-6.706729748373618,-4.10894310887147,3.045947574865273,-2.1407752116988066,-2.626967779781099,13.150108376480203,0.09518116766194765,0.09518116767199018,-7.533426311584992,0.8586196275683359,-2.4790827737850947,0.03485820116150144,0.06706152939011423,0.7774581380449289,-2.5751043900141415
-0.017279048132546326,-0.13250623825816168,-3.2088821888877996,-3.1797512889245168,-1.0560689578351987,-0.9372460675857364,-4.090362168343972,0.44093153241212396,2.9276911670230534,-2.1222201860943057,14.073096660574269,-161.09560624829788,162.152975695599,37.371375125926264,-1.4978295600449585,-18.572485048270686,6.2229291843915275,-7.1047447586016075,-32.66017517783078,0.535393425022823,-6.9546920460366355,-4.10894310887147,3.045947574865273,10.084124350821218,1.7915048837208682,15.834000335790721,0.09518116766194765,0.09518116767199018,-20.195760547980555,0.771626757500622,-2.4790827737850947,-0.0003521030420353655,0.06706152939011423,0.7774581380449289,-2.5751043900141415
-0.017279048132546326,-0.26344125629982557,-3.2088821888877996,-3.1797512889245168,-1.0560689578351987,-0.9372460675857364,-4.090362168343972,0.44093153241212396,2.9276911670230534,0.030256057328098496,15.473559142961463,-154.4524885259522,155.46625510984805,32.466054252134086,1.243283695833329,-20.77497765526479,2.840493287141352,-3.2430032860214606,-26.858063492725154,-0.3327138059584261,-6.113987954722568,-3.683513288039939,2.7305776861366176,6.819117754871606,1.660678386688708,13.514702064696255,0.09518116766194765,0.09518116767199018,-13.747558995645514,0.6846338874329081,-2.4790827737850947,-0.03556240724557218,0.06706152939011423,0.7774581380449289,-2.5751043900141415
-0.017279048132546326,-0.05918262815483704,-3.2088821888877996,-3.1797512889245168,-1.0560689578351987,-0.9372460675857364,-4.090362168343972,0.44093153241212396,2.9276911670230534,-0.7070559821663268,13.958219937108442,-85.80695201461567,86.37015576386287,24.53849040845341,1.1724838848517336,-20.18625221254455,5.546442155271943,-6.332396635718493,-19.429720638814597,-0.00477006085658926,-6.48002230115073,-2.407223825545345,1.7844680199506517,5.59804542759347,1.9233078560528132,11.77522625292243,0.09518116766194765,0.09518116767199018,-10.949757559281954,0.5976410173651943,-2.4790827737850947,-0.07077271144910899,-0.1813145053880866,0.7774581380449289,-2.5751043900141415
-0.017279048132546326,-0.05918262815483704,-3.2088821888877996,-3.1797512889245168,-1.0560689578351987,-0.9372460675857364,-4.090362168343972,0.44093153241212396,2.9276911670230534,-1.3275199174758272,12.628866115036105,-161.09560624829788,162.152975695599,87.6848871372519,1.6337735318032989,-19.833025590656973,5.320946704394425,-6.074947518873498,-90.68714880379437,-0.2532821549728417,-5.429145587602851,-3.3289884373469967,2.4677694455294046,22.495386373935435,0.9015792954283395,9.407608565029163,0.09518116766194765,0.09518116767199018,-27.69062874860626,0.5106481472974803,-2.4790827737850947,-0.10598301565264581,-0.1813145053880866,0.7774581380449289,-2.5751043900141415
-0.017279048132546326,-0.05918262815483704,-3.2088821888877996,-3.1797512889245168,-1.0560689578351987,-0.9372460675857364,-4.090362168343972,0.44093153241212396,2.9276911670230534,-1.3356120838646333,10.528169765581596,-136.7375079330304,137.63500021451222,122.68554612907428,-0.19926771366367152,-16.626252871664985,4.644459600109615,-5.302599310173926,-121.32771276418187,-0.05555699541482757,-3.5115865062550182,-4.10894310887147,3.045947574865273,28.959455925931966,1.3812332126639257,7.593455565832041,0.09518116766194765,0.09518116767199018,-34.12420099667374,0.42365527722976654,-2.4790827737850947,0.10527880956857508,0.06706152939011423,0.7774581380449289,-2.5751043900141415
0.06256546147669088,-0.4467502815581519,-3.2088821888877996,-3.1797512889245168,-1.0560689578351987,-0.9372460675857364,-4.090362168343972,0.44093153241212396,2.9276911670230534,-0.8412412071035463,9.001880666319671,-147.80937080360653,148.77953452409713,75.39065329510908,0.37233493500288845,-15.545784800309391,6.523590048639841,-7.448010548085873,-79.02878280323515,-0.01964755607815783,-4.2483831592833745,-3.2580833253984673,2.4152076922846666,20.02635455412399,1.142771762650795,6.8774586712035495,0.09518116766194765,0.09518116767199018,-22.463444055320927,0.3366624071620526,-2.4790827737850947,0.07006850536503825,0.06706152939011423,0.7774581380449289,-2.5751043900141415
0.06256546147669088,-0.3472396678464882,-3.2088821888877996,-3.1797512889245168,-1.0560689578351987,-0.9372460675857364,-4.090362168343972,0.44093153241212396,2.9276911670230534,-2.899790964149141,8.985468955574918,55.91290601499417,-56.27989677226504,19.306639943490378,0.11949759873157981,-16.12757862478724,5.471276854648987,-6.246580091803913,-23.875142951880452,-0.19203572137124633,-4.246022013026277,-3.3289884373469967,2.4677694455294046,5.903520578813504,0.6492170780467962,4.826115254727537,0.09518116766194765,0.09518116767199018,-6.017208467396166,0.2496695370943388,-2.4790827737850947,0.03485820116150144,0.06706152939011423,0.7774581380449289,-2.5751043900141415
0.06256546147669088,-0.3420022671248264,-3.2088821888877996,-3.1797512889245168,-1.0560689578351987,-0.9372460675857364,-4.090362168343972,0.44093153241212396,2.9276911670230534,-3.8374174369740572,13.01180778299613,86.91414419633307,-87.48461512817137,14.12875810299171,-0.526183440968508,-16.162206795344897,5.2457812534410175,-5.989130803326,-11.185984565811209,0.22845866733224054,-4.349929451311988,-1.2727443033279278,0.9434816500075708,3.0627195427395573,-0.3123650700110033,5.239026251289408,0.0859290494738458,0.08592904948291215,-3.411637502562046,0.16267666702662492,-2.4790827737850947,-0.0003521030420353655,0.06706152939011423,0.7774581380449289,-2.5751043900141415
0.06256546147669088,-0.1639306425881625,-3.2088821888877996,-3.1797512889245168,-1.0560689578351987,-0.9372460675857364,-4.090362168343972,0.44093153241212396,2.9276911670230534,-2.1292841426216205,5.872716234902799,-161.09560624829788,162.152975695599,19.145510597074814,-3.439703606905752,-9.85948413631057,7.049746664426575,-8.048725797680968,-19.91778521528736,0.12226601440120152,-2.43000809017549,-4.10894310887147,3.045947574865273,5.359278480216543,-0.1314574809845463,5.348838699066814,0.09518116766194765,0.09518116767199018,-6.885920583587665,0.07568379695891106,-2.4790827737850947,-0.03556240724557218,0.06706152939011423,0.7774581380449289,-2.5751043900141415
0.06256546147669088,-0.1639306425881625,-3.2088821888877996,-3.1797512889245168,-1.0560689578351987,-0.9372460675857364,-4.090362168343972,0.44093153241212396,2.9276911670230534,-1.9808356045794775,2.7052534352919806,-154.4524885259522,155.46625510984805,45.46200963345018,-3.458397089298869,-6.0916925004650455,6.974581438968843,-7.962909339582844,-49.31267822596419,0.5087686598988479,-1.4121885577585127,-4.10894310887147,3.045947574865273,12.580138906380201,0.24049290386317743,3.306274880773388,0.09518116766194765,0.09518116767199018,-11.317681027951874,-0.011309073108802793,-2.4790827737850947,-0.07077271144910899,-0.1813145053880866,0.7774581380449289,-2.5751043900141415
0.06256546147669088,-0.1639306425881625,-1.326839849364163,-3.1797512889245168,-1.0560689578351987,-0.9372460675857364,-4.090362168343972,0.44093153241212396,2.9276911670230534,-2.8294701426746935,5.610123611239331,-50.376977542536636,50.70763259975001,46.05605276602054,-1.606760326273674,-7.4976873168758065,5.771937831645138,-6.589846010012865,-51.533957726405305,0.4721690876357139,-2.6236538221412036,-4.038038138732882,2.993385926743831,13.668623103574122,0.3789871126756557,3.7016055964403574,0.09518116766194765,0.09518116767199018,-8.873597793796055,-0.09830194317651665,-2.4790827737850947,-0.10598301565264581,-0.1813145053880866,0.7774581380449289,-2.5751043900141415
0.06256546147669088,-0.1639306425881625,-1.326839849364163,-3.1797512889245168,-1.0560689578351987,-0.9372460675857364,-4.090362168343972,0.44093153241212396,2.9276911670230534,-2.680045742745894,5.3201877645382485,-161.09560624829788,162.152975695599,28.63725860203025,-2.5750663278206782,-7.809360798997614,6.974581438968843,-7.962909339582844,-27.347429574736324,0.3108366752345521,-3.190419606369502,-4.10894310887147,3.045947574865273,8.544770426312718,-2.300553098384236,2.748416176080007,0.09518116766194765,0.09518116767199018,-6.135020304175686,-0.1852948132442305,-2.4790827737850947,0.10527880956857508,0.06706152939011423,0.7774581380449289,-2.5751043900141415
0.06256546147669088,-0.0015712202164978252,-1.326839849364163,-3.1797512889245168,-1.0560689578351987,-0.9372460675857364,-4.090362168343972,0.44093153241212396,2.9276911670230534,-0.8863028723551089,8.520468733891134,-161.09560624829788,162.152975695599,29.392431081017644,-0.9550536829565122,-10.018785024234104,7.049746664426575,-8.048725797680968,-22.35810809764967,-0.0790957304540742,-3.7146790903122464,-4.10894310887147,3.045947574865273,6.686752622603286,-2.5443844239113114,6.244931212898769,0.09518116766194765,0.09518116767199018,-11.465175511070287,-0.27228768331194436,-2.4790827737850947,0.07006850536503825,0.06706152939011423,0.7774581380449289,-2.5751043900141415
0.41293799309528445,0.19221260648516647,-1.326839849364163,-3.1797512889245168,-1.0560689578351987,-0.9372460675857364,-4.090362168343972,0.44093153241212396,2.9276911670230534,-1.5722597868252663,4.39018469529697,-161.09560624829788,162.152975695599,64.28114076790033,-1.9647604960988614,-6.888193615565539,7.049746664426575,-8.048725797680968,-61.457937448011144,0.28539912010682855,-2.7299178725577353,-4.10894310887147,3.045947574865273,16.601872662834996,0.4614890482554051,7.233266435878098,0.09518116766194765,0.09518116767199018,-21.21186113783872,-0.35928055337965825,-2.4790827737850947,0.03485820116150144,0.06706152939011423,0.7774581380449289,-2.5751043900141415
0.5364667702685065,0.29696062091849135,-1.326839849364163,-3.1797512889245168,-1.0560689578351987,-0.9372460675857364,-4.090362168343972,0.44093153241212396,2.9276911670230534,-1.3112697722202364,3.821247140061385,-161.09560624829788,162.152975695599,85.74305202590271,-3.5736867282039086,-5.170521992515836,6.974581438968843,-7.962909339582844,-84.61302246140312,0.09147377230586204,-1.9246445774789187,-4.10894310887147,3.045947574865273,21.499414413590387,0.6779314518483456,6.688587670723451,0.09518116766194765,0.09518116767199018,-25.70312822081651,-0.4462734234473721,-2.4790827737850947,-0.0003521030420353655,0.06706152939011423,0.7774581380449289,-2.5751043900141415
0.5364667702685065,0.3598094295784924,-1.326839849364163,-3.1797512889245168,-1.0560689578351987,-0.9372460675857364,-4.090362168343972,0.44093153241212396,2.9276911670230534,-3.2812076206996013,9.078474776833858,-88.02131130249546,88.59904925233867,82.99116986297159,-2.0864991919145113,-11.057696631306793,6.298094409849259,-7.190561216699732,-84.06977405015078,0.053783732746472634,-3.851643709728859,-3.258083467208408,2.4152077974079624,21.420090904722052,1.6704602987427954,8.454406493950964,-0.12686966885249637,-0.12686966886588236,-26.21886420095848,-0.533266293515086,-2.4790827737850947,-0.03556240724557218,0.06706152939011423,0.7774581380449289,-2.5751043900141415
0.5252368814345774,0.6950030757651442,-1.326839849364163,-3.1797512889245168,-1.0560689578351987,-0.9372460675857364,-4.090362168343972,0.44093153241212396,2.9276911670230534,-1.6538714121220346,12.65075014661159,-147.80937080360653,148.77953452409713,88.49376939837782,0.8460412416412634,-15.601201176559927,5.922268282560601,-6.761478926209112,-88.84421696303383,-0.1324326011761206,-4.890719226117535,-1.3436492734665164,0.9960432981290133,22.415425728449847,-0.1356631543052769,8.691611670400663,0.007286044874980214,0.007286044875748962,-27.484405029516925,-0.6202591635827999,-2.4790827737850947,-0.07077271144910899,-0.1813145053880866,0.7774581380449289,-2.5751043900141415
-0.5416025577887044,0.6950030757651442,-1.326839849364163,-3.1797512889245168,-1.0560689578351987,-0.9372460675857364,-4.090362168343972,0.44093153241212396,2.9276911670230534,-1.7337486332429446,11.097104694943457,-161.09560624829788,162.152975695599,99.54788966834326,-0.41987768434089895,-17.374265904240183,3.5921462933709227,-4.101168725167279,-100.44844033324361,-0.0033114033486320196,-5.020600406762862,-4.10894310887147,3.045947574865273,25.070501440546856,1.2037608439694245,7.0487789091303705,0.09518116766194765,0.09518116767199018,-30.34086502888411,-0.7072520336505137,-2.4790827737850947,-0.10598301565264581,-0.1813145053880866,0.7774581380449289,-2.5751043900141415
-0.5416025577887044,0.6950030757651442,-1.326839849364163,-3.1797512889245168,-1.0560689578351987,-0.9372460675857364,-4.090362168343972,0.44093153241212396,2.9276911670230534,-1.8017287703906761,8.969057244830172,-161.09560624829788,162.152975695599,95.66629018423401,-1.1336851913874135,-10.662903571584883,7.049746664426575,-8.048725797680968,-92.47749982084918,-0.011624665353941525,-3.133744161478241,-4.10894310887147,3.045947574865273,23.371449222882713,0.7310811171881259,4.650417868427263,0.09518116766194765,0.09518116767199018,-28.78040590705653,-0.7942449037182274,-2.4790827737850947,0.10527880956857508,0.06706152939011423,0.7774581380449289,-2.5751043900141415
0.25852702162875674,0.9778227147351485,-1.326839849364163,-3.1797512889245168,-1.0560689578351987,-0.9372460675857364,-4.090362168343972,0.44093153241212396,2.9276911670230534,-1.0861089263146024,3.613367221210339,-161.09560624829788,162.152975695599,34.45991667051995,-1.1755388103603954,-5.883920152601934,7.049746664426575,-8.048725797680968,-31.685477680977073,0.14179207510718808,-2.009660578644728,-4.10894310887147,3.045947574865273,8.982992991771644,0.19271118222306338,4.048619003761518,0.09518116766194765,0.09518116767199018,-10.846645699737289,-0.8812377737859413,-2.4790827737850947,0.07006850536503825,0.06706152939011423,0.7774581380449289,-2.5751043900141415
-0.5416025577887044,0.8730747003018087,-1.326839849364163,0.6056669121760981,-1.0560689578351987,-0.9372460675857364,-4.090362168343972,0.44093153241212396,2.9276911670230534,-2.0799902191064983,0.9820185553455939,-161.09560624829788,162.152975695599,-3.2875770589250832,-1.6994355316321943,-3.965387852828659,7.049746664426575,-8.048725797680968,-0.3418404293612956,0.016785090879975643,-0.5596821357536717,-4.10894310887147,3.045947574865273,0.20879349234701555,0.8447078762446284,2.686914711289504,0.09518116766194765,0.09518116767199018,-0.6578653249345485,-0.9682306438536551,-2.4790827737850947,0.03485820116150144,0.06706152939011423,0.7774581380449289,-2.5751043900141415
0.28660174371358016,0.9149739060751477,-1.326839849364163,0.6056669121760981,-1.0560689578351987,-0.9372460675857364,-4.090362168343972,0.44093153241212396,2.9276911670230534,-2.209666848874536,-2.387846590538105,-161.09560624829788,162.152975695599,-31.65229540163211,-0.4127929759384326,1.3122831111006166,7.049746664426575,-8.048725797680968,26.936414126069305,0.22410075949112576,0.5407911180404554,-4.10894310887147,3.045947574865273,-5.843685804798715,0.4126279537961358,0.1743429899058068,0.09518116766194765,0.09518116767199018,8.264455472732486,-1.055223513921369,-2.4790827737850947,-0.0003521030420353655,0.06706152939011423,0.7774581380449289,-2.5751043900141415
0.28660174371358016,0.8521250974151467,-1.326839849364163,0.6056669121760981,-1.0560689578351987,-0.9372460675857364,-4.090362168343972,0.44093153241212396,2.9276911670230534,-1.3862046398324037,-3.843019151864006,-156.66686110006742,157.69516197176503,-31.598456198332133,-3.085568745150852,3.5701854453109774,7.049746664426575,-8.048725797680968,31.003618930006482,-0.12222331111388306,1.4617855174114407,-4.10894310887147,3.045947574865273,-7.782301390610991,-0.40396516902633567,-2.224024376156222,0.09518116766194765,0.09518116767199018,9.339179289110623,-1.1422163839890829,-2.4790827737850947,-0.03556240724557218,0.06706152939011423,0.7774581380449289,-2.5751043900141415
0.28660174371358016,1.1139951334984741,-1.326839849364163,0.6056669121760981,-1.0560689578351987,-0.9372460675857364,-4.090362168343972,0.44093153241212396,2.9276911670230534,-1.5966140529350692,-3.6843717393734963,-161.09560624829788,162.152975695599,-27.7696605482283,-1.2302358431745852,2.344269748965207,7.049746664426575,-8.048725797680968,26.990296455311945,0.14418546659611356,0.3306139616803718,-4.10894310887147,3.045947574865273,-5.8308793587887475,0.6972224924167632,4.86125684044057,0.09518116766194765,0.09518116767199018,3.3614830177346486,-1.229209254056797,-2.4790827737850947,-0.07077271144910899,-0.1813145053880866,0.7774581380449289,-2.5751043900141415
0.28660174371358016,1.1139951334984741,-1.326839849364163,0.6056669121760981,-1.0560689578351987,-0.9372460675857364,-4.090362168343972,0.44093153241212396,2.9276911670230534,-0.997070935433966,-2.3331443892205526,-161.09560624829788,162.152975695599,17.743361730348727,0.19254718216691952,1.7624759244873516,7.049746664426575,-8.048725797680968,-15.79643778100073,0.3332230648766331,-0.3754821223479075,-4.10894310887147,3.045947574865273,5.545003804193481,1.9288116517507212,6.425031049008171,0.09518116766194765,0.09518116767199018,-9.168304068162893,-1.3162021241245108,-2.4790827737850947,-0.10598301565264581,-0.1813145053880866,0.7774581380449289,-2.5751043900141415
0.28660174371358016,1.1139951334984741,-0.3858186796023452,0.6056669121760981,-1.0560689578351987,-0.9372460675857364,-4.090362168343972,0.44093153241212396,2.9276911670230534,-0.6182812411976039,-2.1854389925177897,-161.09560624829788,162.152975695599,24.26800018033312,-2.1784717854608164,1.3330513696906363,7.049746664426575,-8.048725797680968,-21.00193932782496,-0.019894161668132928,-0.245597541107876,-4.10894310887147,3.045947574865273,6.513451462666106,1.3292208177535936,5.045748584094239,0.09518116766194765,0.09518116767199018,-8.814939230792433,-1.4031949941922246,-2.4790827737850947,0.10527880956857508,0.06706152939011423,0.7774581380449289,-2.5751043900141415
0.28660174371358016,1.1139951334984741,-0.3858186796023452,0.6056669121760981,-1.0560689578351987,-0.9372460675857364,-4.090362168343972,0.44093153241212396,1.8706569476585984,-1.794387973611827,-1.4359673673424975,-161.09560624829788,162.152975695599,15.909981552571152,-1.235893282917574,0.3080063236198767,7.049746664426575,-8.048725797680968,-17.8562004442673,0.09161187048170746,-0.1747540851424779,-4.10894310887147,3.045947574865273,5.398780950496214,1.3155097090928896,4.725090838944613,0.09518116766194765,0.09518116767199018,-5.722996903801603,1.2065911078391913,-1.6212686652089372,0.07006850536503825,0.06706152939011423,0.6747651623223928,1.9076364903143792
0.28660174371358016,1.1139951334984741,-0.3858186796023452,0.6056669121760981,-1.0560689578351987,-0.9372460675857364,-4.090362168343972,0.44093153241212396,1.8706569476585984,-1.008021603256334,-1.1788496903834818,-161.09560624829788,162.152975695599,38.55946139106699,-0.40363933510234556,1.6239499441881318,7.049746664426575,-8.048725797680968,-40.903260498065706,0.053734812535571864,0.40854198994862523,-4.10894310887147,3.045947574865273,10.735118689666203,1.675787731160677,5.660710520674934,0.09518116766194765,0.09518116767199018,-11.9366702135735,1.1195982377714775,-1.6212686652089372,0.03485820116150144,0.06706152939011423,0.6747651623223928,1.9076364903143792
0.28660174371358016,1.0930455306118119,-0.3858186796023452,0.6056669121760981,-1.0560689578351987,-0.9372460675857364,-4.090362168343972,0.44093153241212396,1.8706569476585984,-1.496927779288626,0.5279629753232709,-161.09560624829788,162.152975695599,52.47016554384419,-2.477334910947743,1.1806887490437885,7.049746664426575,-8.048725797680968,-51.2619430691182,-0.11357617463505486,0.46285742211435793,-4.10894310887147,3.045947574865273,13.097302698736886,0.5751621140365281,4.413212691977565,0.09518116766194765,0.09518116767199018,-14.748288215078711,1.0326053677037637,-1.6212686652089372,-0.0003521030420353655,0.06706152939011423,0.6747651623223928,1.9076364903143792
0.35678854892563816,1.1454195378284744,-0.3858186796023452,0.6056669121760981,-1.0560689578351987,-0.9372460675857364,-4.090362168343972,0.44093153241212396,1.8706569476585984,-1.5292630981771878,-0.4950301599346275,-161.09560624829788,162.152975695599,32.574250343382786,-2.6106920475608546,0.7651307552489922,7.049746664426575,-8.048725797680968,-34.8850988937759,0.12830400932927286,0.443964851462894,-4.10894310887147,3.045947574865273,9.15549773093689,-0.0029259224973422013,3.134967293564398,0.09518116766194765,0.09518116767199018,-9.521315540696072,0.9456124976360497,-1.6212686652089372,-0.03556240724557218,0.06706152939011423,0.6747651623223928,1.9076364903143792
0.35678854892563816,1.3130163609218006,-0.3858186796023452,0.6056669121760981,-1.0560689578351987,-0.9372460675857364,-4.090362168343972,0.44093153241212396,1.8706569476585984,-2.5535581868390467,-0.2160337031475701,-161.09560624829788,162.152975695599,7.874221617641775,-0.9446280318093846,1.4646523807817569,7.049746664426575,-8.048725797680968,-13.734983160534075,0.09988351451247497,0.6919248820627746,-4.10894310887147,3.045947574865273,3.5803930443903376,0.5452084245571657,3.5302980092313754,0.09518116766194765,0.09518116767199018,-3.1020899050257613,0.8586196275683359,-1.6212686652089372,-0.07077271144910899,-0.1813145053880866,0.6747651623223928,1.9076364903143792
0.35678854892563816,1.3130163609218006,-0.3858186796023452,0.6056669121760981,-1.0560689578351987,-0.9372460675857364,-4.090362168343972,0.44093153241212396,1.8706569476585984,-2.917989058083704,-3.471024751439164,-161.09560624829788,162.152975695599,13.104907292148788,-0.7545319262748037,3.189248973039559,7.049746664426575,-8.048725797680968,-20.839251135666885,0.15036723921719825,0.9823923464797751,-4.10894310887147,3.045947574865273,5.358641343599287,0.3821698903358471,-0.8535341601427099,0.09518116766194765,0.09518116767199018,-3.8673367968349113,0.771626757500622,-1.6212686652089372,-0.10598301565264581,-0.1813145053880866,0.6747651623223928,1.9076364903143792
0.41293799309528445,1.3130163609218006,-0.3858186796023452,0.6056669121760981,-1.0560689578351987,-0.9372460675857364,-4.090362168343972,0.44093153241212396,1.8706569476585984,-1.2980184360711453,-3.099022473393157,-161.09560624829788,162.152975695599,56.89442795929878,0.011970052033199887,3.40396291269649,7.049746664426575,-8.048725797680968,-58.36621104425101,0.04613979468035641,0.8100014649541935,-4.10894310887147,3.045947574865273,14.690144242277526,-1.4593411616670628,-4.380798875130229,0.09518116766194765,0.09518116767199018,-15.852730014279791,0.6846338874329081,-1.6212686652089372,0.10527880956857508,0.06706152939011423,0.6747651623223928,1.9076364903143792
0.19957010525062807,0.8102258916418226,-0.3858186796023452,0.6056669121760981,-1.0560689578351987,-0.9372460675857364,-4.090362168343972,0.44093153241212396,1.8706569476585984,-0.09930518038964137,-0.5442626662951625,-116.80815476599338,117.5748384572594,94.58963553938423,0.9435917006061867,-3.161955119485773,1.4123551309228335,-1.6124918694039823,-103.86489236855142,-0.1657837759813703,-0.6045507158278897,2.768838994571621,-2.052532292914655,24.804879184745914,-1.623877192862728,-5.109963058579623,0.09518116766194765,0.09518116767199018,-23.082044539621627,0.5976410173651943,-1.6212686652089372,0.07006850536503825,0.06706152939011423,0.6747651623223928,1.9076364903143792
0.2809867992966154,0.4488452418468174,-0.3858186796023452,0.6056669121760981,-1.0560689578351987,-0.9372460675857364,-4.090362168343972,0.44093153241212396,1.8706569476585984,-1.595587730620747,-2.2073203982195535,-150.02374337772173,151.0084413860141,56.300384826728425,0.7788767394605542,-0.6755055297879884,6.523590048639841,-7.448010548085873,-64.11431024955911,0.1312923660368223,-0.21490037270250403,-3.7544182581785277,2.7831393342580606,15.964736045418958,-0.5756724925507761,-2.5842177230161107,0.021164226783192054,0.021164226785425084,-15.16020560600145,0.5106481472974803,-1.6212686652089372,0.03485820116150144,0.06706152939011423,0.6747651623223928,1.9076364903143792
0.3343287712577795,0.09270199277350341,-0.3858186796023452,0.6056669121760981,-1.0560689578351987,-0.9372460675857364,-4.090362168343972,0.44093153241212396,1.8706569476585984,-0.96188277775335,5.752361938858807,-12.732643782577808,12.816215947161348,7.175735607513685,-0.2507315532627923,-10.316598594388271,-7.607473803135591,8.68548524778231,-12.162894622078587,-0.1636983431859449,-2.415836678506644,1.138025106813905,-0.8436147014913651,2.465818102713179,0.027403561677283236,2.4584975668342794,-0.08060907791198721,-0.08060907792049224,-2.9688713613368236,0.42365527722976654,-1.6212686652089372,-0.0003521030420353655,0.06706152939011423,0.6747651623223928,1.9076364903143792
0.3343287712577795,0.09270199277350341,-0.3858186796023452,0.6056669121760981,-1.0560689578351987,-0.9372460675857364,-4.090362168343972,0.44093153241212396,1.8706569476585984,-0.6964185213376255,8.498584702315657,171.0603020127116,-172.1830758810166,-5.819313825667822,-0.06871619089601452,-10.531302560493776,-6.705489594338305,7.655686034275666,6.166468160260062,-0.005804520477242629,-2.6850549601413616,6.526802411916816,-4.83829964335111,-1.3972367791741616,0.019571759319414888,1.8259680000765246,-0.07366998233182219,-0.0736699823395951,0.888317857463155,0.3366624071620526,-1.6212686652089372,-0.03556240724557218,0.06706152939011423,0.6747651623223928,1.9076364903143792
0.13219077224705245,0.6373916678268199,-0.3858186796023452,0.6056669121760981,-1.0560689578351987,-0.9372460675857364,-4.090362168343972,0.44093153241212396,1.8706569476585984,-0.5213282616891434,4.269835651000413,-147.80937080360653,148.77953452409713,9.549449135724576,-0.6812178024188916,-6.341041259713915,6.598755311680185,-7.533827049092227,-8.854337395809454,0.07501080884427447,-1.379129109564473,-3.896228198455705,2.888262630500946,2.3191811102149122,1.172036703521756,-0.7085780181993022,0.08361601992682034,0.08361601993564265,-1.3499656954083126,0.2496695370943388,-1.6212686652089372,-0.07077271144910899,-0.1813145053880866,0.6747651623223928,1.9076364903143792
0.13219077224705245,0.6373916678268199,-0.3858186796023452,-3.1797512889245168,-1.0560689578351987,-0.9372460675857364,-4.090362168343972,0.44093153241212396,1.8706569476585984,-0.962560533023695,1.2500808739660787,-161.09560624829788,162.152975695599,40.28464547759732,0.28724263226133495,-3.522116684132878,6.82425098805338,-7.791276423386596,-42.63816737923414,-0.07921679007841562,-1.1760399261019496,-3.612608282448866,2.6780160117343517,10.68159921380327,-0.447085252357894,-0.34397800462432854,0.09518116766194765,0.09518116767199018,-11.877552276281651,0.16267666702662492,-1.6212686652089372,-0.10598301565264581,-0.1813145053880866,0.6747651623223928,1.9076364903143792
0.2444896605863453,0.6373916678268199,-0.3858186796023452,-3.1797512889245168,-1.0560689578351987,-0.9372460675857364,-4.090362168343972,0.44093153241212396,1.8706569476585984,-0.5136868415644251,3.4766064661690366,-30.447624375499604,30.64747084249718,51.3933814778344,-0.7282432809243724,-7.954808423987788,6.8994162135111115,-7.87709288148472,-59.50619974433666,0.09210257599231891,-1.8656057192674245,-2.6199387359611106,1.9421529643149793,14.119715828704958,0.9289216265475193,0.48621059460799104,0.09055510856789671,0.09055510857745115,-13.128958511345221,0.07568379695891106,-1.6212686652089372,0.10527880956857508,0.06706152939011423,0.6747651623223928,1.9076364903143792
0.2444896605863453,0.6373916678268199,1.0257130750403827,0.6056669121760981,-1.0560689578351987,-0.9372460675857364,-4.090362168343972,0.44093153241212396,1.8706569476585984,-0.21590274414692878,0.29273458168717514,-158.88123367418265,159.92406883368204,53.22520860167012,1.3262391627178,-4.048504105911615,4.268633322490506,-4.873516848050392,-59.669018087048144,-0.03479711926288741,-1.2917530956731353,-3.541703276857792,2.6254543373320844,14.50473748660958,0.5959779810695289,-0.5328637642752349,0.09286813811492217,0.09286813812472065,-13.99724658973174,-0.011309073108802793,-1.6212686652089372,0.07006850536503825,0.06706152939011423,0.6747651623223928,1.9076364903143792
0.41293799309528445,0.862599898858485,1.0257130750403827,0.6056669121760981,-1.0560689578351987,-0.9372460675857364,-4.090362168343972,0.44093153241212396,1.8706569476585984,-0.24794071143804788,-0.5661493237443699,-132.30876057042738,133.1771842617714,32.03326988714221,-0.6489188788768219,-1.7905951226669627,6.072598658310839,-6.933111756588901,-32.93349134065481,0.053854273304239926,0.12279908510894769,-3.9671331685942937,2.940824278622388,7.496362122354143,1.5333317689891799,-3.243109277304313,0.09518116766194765,0.09518116767199018,-7.5483029712384875,-0.09830194317651665,-1.6212686652089372,0.03485820116150144,0.06706152939011423,0.6747651623223928,1.9076364903143792
-0.4938755302445049,0.9411609096834864,1.0257130750403827,0.6056669121760981,-1.0560689578351987,-0.9372460675857364,-4.090362168343972,0.44093153241212396,1.8706569476585984,-1.3756990556326145,3.4054873023592935,2.7679553787384705,-2.7861231706300655,14.292993557289511,0.24084832550796778,-5.080490743776195,-1.7445847141280186,1.991799799799502,-15.469890041701035,-0.01445590466218811,-1.0036479110447942,-2.4072241091652256,1.784468230197244,3.501069535522006,-0.44127674136656414,-1.5300038868728285,0.06742481309764213,0.06742481310475609,-2.5133840859666488,-0.1852948132442305,-1.6212686652089372,-0.0003521030420353655,0.06706152939011423,0.6747651623223928,1.9076364903143792
-0.76620033446729,1.1977935450451371,1.0257130750403827,0.6056669121760981,-1.0560689578351987,-0.9372460675857364,-4.090362168343972,0.44093153241212396,1.8706569476585984,0.1853701536083032,0.949197759729814,-81.37819136577721,81.91232643768086,-2.5325340010991413,0.9412101294937081,-2.600946176183657,6.673920537137917,-7.619643507190349,1.8284200540193132,0.29141043562232066,-1.1689553537990944,-1.7690793070129582,1.311413344542613,0.4082809672601672,-0.9023962642322217,1.2065993967807442,-0.4599459236241624,-0.45994592367269116,-3.587825210474801,-0.27228768331194436,-1.6212686652089372,-0.03556240724557218,0.06706152939011423,0.6747651623223928,1.9076364903143792
-0.228513257098756,1.1977935450451371,1.0257130750403827,0.6056669121760981,-1.0560689578351987,-0.9372460675857364,-4.090362168343972,0.44093153241212396,1.8706569476585984,1.159017695761518,3.990833942465911,202.06149590659894,-203.38774965878565,15.855624664623893,0.8317447416931141,-4.221651607734203,0.2848763732307329,-0.32524456884983677,-13.24626783129285,-0.20128958778283212,-0.621078739627555,-0.28007500500756805,0.20761878655396732,2.491845133534836,0.9163858564211657,-2.1405675905503427,0.09055510856789671,0.09055510857745115,-2.10030059108072,-0.35928055337965825,-1.6212686652089372,-0.07077271144910899,-0.1813145053880866,0.6747651623223928,1.9076364903143792
-0.228513257098756,1.1977935450451371,1.0257130750403827,0.6056669121760981,-1.0560689578351987,-0.9372460675857364,-4.090362168343972,0.44093153241212396,1.8706569476585984,-1.205833904058873,-1.9556750420912588,-154.4524885259522,155.46625510984805,-0.05023611815665674,-1.878446521174424,1.852517146778408,6.82425098805338,-7.791276423386596,-1.5327179959540538,-0.0698394061001845,1.4806746874681997,-3.825323228317117,2.8357009823795027,-0.2823751260191647,1.4961809917786155,-5.000150610802217,0.09518116766194765,0.09518116767199018,2.110394811024712,-0.4462734234473721,-1.6212686652089372,-0.10598301565264581,-0.1813145053880866,0.6747651623223928,1.9076364903143792
-0.5191427801208458,1.1977935450451371,1.0257130750403827,0.6056669121760981,-1.0560689578351987,-0.9372460675857364,-4.090362168343972,0.44093153241212396,1.8706569476585984,-1.989953841609649,-6.474375695349907,-158.88123367418265,159.92406883368204,15.42335798427783,-3.882999200303442,7.206376070065393,7.049746664426575,-8.048725797680968,-18.34478562295513,0.17676460888279588,2.9070348665988957,-4.038038138732882,2.993385926743831,3.752611072078109,-0.15097647563784303,-7.815806121799568,0.09518116766194765,0.09518116767199018,-1.4232535626790923,-0.533266293515086,-1.6212686652089372,0.10527880956857508,0.06706152939011423,0.6747651623223928,1.9076364903143792
-0.5191427801208458,1.40205217319014,1.0257130750403827,0.6056669121760981,-1.0560689578351987,-0.9372460675857364,-4.090362168343972,0.44093153241212396,1.8706569476585984,-3.0299003455649176,-8.930652108610788,-161.09560624829788,162.152975695599,2.4299910261981594,-4.263369422083417,10.745593854286362,7.049746664426575,-8.048725797680968,-5.7092492650217395,0.01739568670257032,4.345201910546634,-4.10894310887147,3.045947574865273,0.31538644844072694,-0.02980768636526755,-8.54059948223443,0.09518116766194765,0.09518116767199018,2.3598703862082475,-0.6202591635827999,-1.6212686652089372,0.07006850536503825,0.06706152939011423,0.6747651623223928,1.9076364903143792
0.2107999940845574,1.3496781659734627,1.0257130750403827,0.6056669121760981,-1.0560689578351987,-0.9372460675857364,-4.090362168343972,0.44093153241212396,1.8706569476585984,-2.2563399760629808,-9.31906347152783,-161.09560624829788,162.152975695599,-47.02170546883471,-2.2943296439858027,9.73438544856323,7.049746664426575,-8.048725797680968,41.90372780455784,0.007409114849277781,3.80441780339893,-4.10894310887147,3.045947574865273,-10.529634484910183,-1.3142647502446594,-6.04119294121866,0.09518116766194765,0.09518116767199018,13.653763953402985,-0.7072520336505137,-1.6212686652089372,0.03485820116150144,0.06706152939011423,0.6747651623223928,1.9076364903143792
0.2107999940845574,1.155894339271813,1.0257130750403827,0.6056669121760981,-1.0560689578351987,-0.9372460675857364,-4.090362168343972,0.44093153241212396,1.8706569476585984,-2.7062864234969437,-9.926304646704802,-161.09560624829788,162.152975695599,-52.73759107885464,-1.7200812374498555,8.106768345873157,7.049746664426575,-8.048725797680968,45.42950630499469,0.3576170445200136,2.949545701010724,-4.10894310887147,3.045947574865273,-10.64925688483012,1.1281825875823828,-2.3426143136632236,0.09518116766194765,0.09518116767199018,13.741398433070936,-0.7942449037182274,-1.6212686652089372,-0.0003521030420353655,0.06706152939011423,0.6747651623223928,1.9076364903143792
0.37924832659349655,1.2920667580351384,1.0257130750403827,0.6056669121760981,-1.0560689578351987,-0.9372460675857364,-4.090362168343972,0.44093153241212396,1.8706569476585984,-3.220719284104283,-7.136303316602113,-161.09560624829788,162.152975695599,-29.333715288341608,-1.3717979767894057,9.270336047726003,7.049746664426575,-8.048725797680968,22.002406634317104,0.05979523917010498,3.3155800474388886,-4.10894310887147,3.045947574865273,-5.074470766592193,0.2540942400184009,-2.6105670598287176,0.09518116766194765,0.09518116767199018,9.60420291713857,-0.8812377737859413,-1.6212686652089372,-0.03556240724557218,0.06706152939011423,0.6747651623223928,1.9076364903143792
0.019891883907759714,1.1297073356634744,1.0257130750403827,0.6056669121760981,-1.0560689578351987,-0.9372460675857364,-4.090362168343972,0.44093153241212396,1.8706569476585984,-3.3742514900199296,-6.540009408960312,-161.09560624829788,162.152975695599,-22.2709436476745,-1.3316860334730805,11.368940818529975,7.049746664426575,-8.048725797680968,13.541319136589639,0.12434844039342043,3.402954927798657,-4.10894310887147,3.045947574865273,-2.8174142993948785,0.28927314621307887,-4.2182729945568,0.09518116766194765,0.09518116767199018,8.485803206861249,-0.9682306438536551,-1.6212686652089372,-0.07077271144910899,-0.1813145053880866,0.6747651623223928,1.9076364903143792
0.25852702162875674,1.1297073356634744,1.0257130750403827,0.6056669121760981,-1.0560689578351987,-0.9372460675857364,-4.090362168343972,0.44093153241212396,1.8706569476585984,-0.7874726642682943,-3.0771436935651146,-147.80937080360653,148.77953452409713,19.146287124045006,0.4334154790619858,3.25851861222345,5.095450727360328,-5.817497801313295,-30.927611006629405,-0.026717695865683774,1.3932998071084315,-2.9744635157490835,2.204961152360544,7.243769310379423,-1.999562229255597,-1.2620384899894943,0.06511178123758712,0.06511178124445705,-4.5005665854027646,-1.055223513921369,-1.6212686652089372,-0.10598301565264581,-0.1813145053880866,0.6747651623223928,1.9076364903143792
-0.31840851721436,1.1297073356634744,1.0257130750403827,0.6056669121760981,-1.0560689578351987,-0.9372460675857364,-4.090362168343972,0.44093153241212396,1.8706569476585984,0.32488530840641217,5.812536461007081,49.269788292648485,-49.593176186514086,34.35314421205165,0.2036993763675172,-10.115737917664699,4.494129074028926,-5.130966308161221,-38.57096257529697,-0.1757254366947042,-2.8905052898609824,2.2016006515623157,-1.6320401591760774,9.30156130047948,0.6444616331095924,4.452746185234858,-0.12455663930547091,-0.12455663931861284,-10.964634218935448,-1.1422163839890829,-1.6212686652089372,0.10527880956857508,0.06706152939011423,0.6747651623223928,1.9076364903143792
-0.8953440560574767,1.4806131840151264,1.0257130750403827,0.6056669121760981,-1.0560689578351987,-0.9372460675857364,-4.090362168343972,0.44093153241212396,1.8706569476585984,-0.1437883753519774,3.3453101543372985,-141.16625086688828,142.09281170943933,28.20499192168566,-0.3502982487754199,-7.906323665979625,6.82425098805338,-7.791276423386596,-32.660825930599245,0.18076341851238112,-2.2765109128329417,-0.28007500500756805,0.20761878655396732,8.45162105284623,-0.7015966699424898,2.295975903166796,-0.022783339236350744,-0.022783339238754606,-11.390968895222654,-1.229209254056797,-1.6212686652089372,0.07006850536503825,0.06706152939011423,0.6747651623223928,1.9076364903143792
-0.8953440560574767,1.2868293573134766,1.4962236599212912,0.6056669121760981,-1.0560689578351987,-0.9372460675857364,-4.090362168343972,0.44093153241212396,1.8706569476585984,-0.747455783418542,4.384715000339952,2.7679642362287704,-2.786132086257519,52.79553034456049,1.0157597184153944,-5.198231842899675,5.9222682073953745,-6.761478840392654,-54.24499376051779,0.10748769595841533,-1.856157733644336,-2.6199387359611106,1.9421529643149793,13.442471461222057,-1.0884362292524845,-0.1902464814042946,0.09518116766194765,0.09518116767199018,-14.468953311137241,-1.3162021241245108,-1.6212686652089372,0.03485820116150144,0.06706152939011423,0.6747651623223928,1.9076364903143792
0.3332057823743866,1.9362670468001184,1.4962236599212912,0.6056669121760981,-1.0560689578351987,-0.9372460675857364,-4.090362168343972,0.44093153241212396,0.05020912541981284,-0.2088540138334486,4.877071574429951,106.84347521964432,-107.54475459635555,75.7135590937504,-0.2035054295720106,-7.407646094584738,-9.035613086832493,10.315997951646661,-79.13498565507524,0.04154604369566466,-2.1631577559872803,10.85200559037072,-8.044560178759108,19.031274585043246,0.2224204403781115,-1.4772778033589589,0.08361601992682034,0.08361601993564265,-18.11991881084789,1.2065911078391913,-0.7634545566327801,-0.0003521030420353655,0.06706152939011423,0.3942027350679865,5.189230571880896
-2.057637550369157,1.9362670468001184,1.4962236599212912,0.6056669121760981,-1.0560689578351987,-0.9372460675857364,-4.090362168343972,0.44093153241212396,0.05020912541981284,0.1591084581654337,2.043315310544889,-114.59378219187815,115.34593159534242,50.58372268973683,0.27156153906914754,-5.309044648297898,5.020285577067822,-5.731681429031629,-52.45542364678484,-0.11080545320722025,-1.421637676913167,-3.3289884373469967,2.4677694455294046,12.646209973606414,1.0064889698247543,-1.7452326579774216,0.09518116766194765,0.09518116767199018,-12.657923183130233,1.1195982377714775,-0.7634545566327801,-0.03556240724557218,0.06706152939011423,0.3942027350679865,5.189230571880896
-2.057637550369157,1.857706035975132,1.4962236599212912,0.6056669121760981,-1.0560689578351987,-0.9372460675857364,-4.090362168343972,0.44093153241212396,0.05020912541981284,-1.0236017951032133,2.065196716246653,-110.16503261490256,110.88811341369474,17.691205002150593,0.7953995521727445,-3.251999666293976,4.945120201279639,-5.645864799300589,-17.31347263523003,-0.11422619298858036,-0.8241735907479266,-1.414554243605105,1.0486049462504559,4.29685317067507,0.5391758231095135,-3.282640662108631,0.09286813811492217,0.09286813812472065,-2.7781956950919047,1.0326053677037637,-0.7634545566327801,-0.07077271144910899,-0.1813145053880866,0.3942027350679865,5.189230571880896
-0.6539014461279972,1.857706035975132,1.4962236599212912,0.6056669121760981,-1.0560689578351987,-0.9372460675857364,-4.090362168343972,0.44093153241212396,0.05020912541981284,-0.2039589748404219,2.891251948441262,-90.23568830535582,90.82796057206937,11.002978203677136,-0.22919284669386755,-6.015504541107335,-12.19255105275271,13.920287475438696,-15.25384012251686,-0.20858215941709304,-1.1618719150278085,6.597707382055406,-4.890861291472555,3.2087831122825103,-0.19095338350192215,-1.6573776394683675,0.03966846084636618,0.03966846085055158,-1.615272015305843,0.9456124976360497,-0.7634545566327801,-0.10598301565264581,-0.1813145053880866,0.3942027350679865,5.189230571880896
-0.6321907020453617,1.857706035975132,1.4962236599212912,0.6056669121760981,-1.0560689578351987,-0.9372460675857364,-4.090362168343972,0.44093153241212396,0.05020912541981284,-0.172237486291397,2.1198962916904844,-138.95188050714563,139.8639070764292,12.405256491564675,0.8267893243229012,-3.155043448346245,5.170616027983285,-5.903314345227876,-15.035317342810734,-0.08758150182748223,-1.0272616406788846,2.6270290542944443,-1.9474089966717703,3.7261699024550907,1.29953701409257,-0.7700710491779094,0.09518116766194765,0.09518116767199018,-2.1600192485961878,0.8586196275683359,-0.7634545566327801,0.10527880956857508,0.06706152939011423,0.3942027350679865,5.189230571880896
-0.6104788349738428,2.135288274223445,1.4962236599212912,0.6056669121760981,-1.0560689578351987,-0.9372460675857364,-4.090362168343972,0.44093153241212396,0.05020912541981284,1.3037642504582667,4.253423940255657,-63.66321298722798,64.08107377125188,16.558381573090244,0.2921188289708415,-5.759250759753217,1.8633461078430957,-2.1273901889104336,-16.66402137213761,-0.03842122394048987,-1.3366205422157835,2.0597885841360344,-1.5269152860837485,3.9118633696012384,1.3489327097444195,0.4510795511598305,-0.02972241862530894,-0.029722418628444942,-4.235684303309811,0.771626757500622,-0.7634545566327801,0.07006850536503825,0.06706152939011423,0.3942027350679865,5.189230571880896
-0.5887680908912074,1.9834036532951191,1.4962236599212912,0.6056669121760981,-1.0560689578351987,-0.9372460675857364,-4.090362168343972,0.44093153241212396,0.05020912541981284,-1.6246140534846147,-1.2499767318143717,-158.88123367418265,159.92406883368204,-4.635110195379529,-2.0850581303721425,-2.538621453310731,3.6673115188286536,-4.186985183265402,2.5344868079831295,0.028441583961764366,0.295188833102964,-4.038038138732882,2.993385926743831,-1.065161174176795,0.8247574620084583,-2.8521620353697084,0.09518116766194765,0.09518116767199018,3.228794521302034,0.6846338874329081,-0.7634545566327801,0.03485820116150144,0.06706152939011423,0.3942027350679865,5.189230571880896
-0.5670573468085719,1.6534474078301291,1.4962236599212912,0.6056669121760981,-1.0560689578351987,-0.9372460675857364,-4.090362168343972,0.44093153241212396,0.05020912541981284,-2.1794626965768704,-5.303664034020637,-161.09560624829788,162.152975695599,-1.560581076131449,-4.175904036157317,4.823804343006306,7.049746664426575,-8.048725797680968,-2.5635103814640816,0.2273961919420272,2.0946747321540844,-3.1162735269312307,2.3100845011650772,-0.25593395639650895,-0.8303208416768878,-5.931382601894229,0.09518116766194765,0.09518116767199018,4.8927895404792565,0.5976410173651943,-0.7634545566327801,-0.0003521030420353655,0.06706152939011423,0.3942027350679865,5.189230571880896
-0.545345479737053,0.9149739060751477,1.4962236599212912,0.6056669121760981,-1.0560689578351987,-0.9372460675857364,-4.090362168343972,0.44093153241212396,0.05020912541981284,-2.453983781821518,-7.3332464714128545,-161.09560624829788,162.152975695599,4.962245477588186,-4.1061256058369695,7.947460808915343,6.673920537137917,-7.619643507190349,-9.776454068958925,0.20415968835207768,3.4596349068161927,-3.683513288039939,2.7305776861366176,1.5095716104640544,-1.0828379451091243,-6.8757966409779545,0.09518116766194765,0.09518116767199018,2.0217002368449157,0.5106481472974803,-0.7634545566327801,-0.03556240724557218,0.06706152939011423,0.3942027350679865,5.189230571880896
-0.5236347356544175,1.1977935450451371,1.4962236599212912,0.6056669121760981,-1.0560689578351987,-0.9372460675857364,-4.090362168343972,0.44093153241212396,0.05020912541981284,-1.3179037455023286,-9.384710314506833,-143.3806256553761,144.32172080026317,-2.533181106909348,-3.072671102881184,9.893689661003897,6.598755311680185,-7.533827049092227,-2.781382408401742,0.013496626576187781,3.9579127136783425,-3.825323228317117,2.8357009823795027,-0.33544860624994427,-0.3470314772411723,-7.578611487614734,0.09055510856789671,0.09055510857745115,4.24507179357924,0.42365527722976654,-0.7634545566327801,-0.07077271144910899,-0.1813145053880866,0.3942027350679865,5.189230571880896
-0.501923991571782,1.1977935450451371,1.4962236599212912,0.6056669121760981,-1.0560689578351987,-0.9372460675857364,-4.090362168343972,0.44093153241212396,0.05020912541981284,-1.073314376580542,-5.5662514059366615,-96.87881045644666,97.51468561563404,-14.935740461462354,-0.4632699760274771,6.943184021434593,-1.970080390501214,2.249249174093874,9.47411433265246,-0.052598849920449,2.2859559172679997,1.9179800619582592,-1.4217930410738253,-2.579125204481255,1.0005241523310555,-7.626922470601629,0.041981488080362096,0.041981488084791546,8.235126191230874,0.3366624071620526,-0.7634545566327801,-0.10598301565264581,-0.1813145053880866,0.3942027350679865,5.189230571880896
-0.4802121245002631,1.1977935450451371,1.4962236599212912,0.6056669121760981,-1.0560689578351987,-0.9372460675857364,-4.090362168343972,0.44093153241212396,0.05020912541981284,-3.298067192017999,-5.812424441234227,-125.66564506245429,126.49046590492732,-37.63672992234611,-0.17230498536991098,6.2782805929080725,4.494129074028926,-5.130966308161221,31.328344561552697,0.04663598879999578,2.1844096252393856,-2.761748676238288,2.0472762605578643,-8.021036481157127,-1.3497533149045906,-9.287337621219796,0.09518116766194765,0.09518116767199018,12.431121616101455,0.2496695370943388,-0.7634545566327801,0.10527880956857508,0.06706152939011423,0.3942027350679865,5.189230571880896
-0.45850138041762767,1.1977935450451371,1.4962236599212912,0.6056669121760981,-1.0560689578351987,-0.9372460675857364,-4.090362168343972,0.44093153241212396,0.05020912541981284,-1.4386865046804145,-6.386836943174253,-103.52191932130202,104.20139728575752,-36.02025961171323,-2.500644057817984,6.700766880428115,5.320946328568298,-6.074947089791207,34.258033525924695,0.12505250961411196,2.2977627820850426,-2.9744635157490835,2.204961152360544,-8.80426852494691,0.8252917222926358,-8.874441383828744,0.09055510856789671,0.09055510857745115,12.931698244720339,0.16267666702662492,-0.7634545566327801,0.07006850536503825,0.06706152939011423,0.3942027350679865,5.189230571880896
-0.4367906363349922,1.2292179493751376,1.4962236599212912,0.6056669121760981,-1.0560689578351987,-0.9372460675857364,-4.090362168343972,0.44093153241212396,0.05020912541981284,-2.4041726703819393,-7.40436826109631,7.196709384459207,-7.243945810091462,-23.185562997975616,-2.131991774212906,7.705050316943146,6.974581438968843,-7.962909339582844,16.9572505696824,0.0016282970494397224,2.866889712570439,-2.974463586654054,2.204961204922192,-4.649500642775386,0.09150627306854178,-9.190707221434101,0.09518116766194765,0.09518116767199018,10.07594497502812,0.07568379695891106,-0.7634545566327801,0.03485820116150144,0.06706152939011423,0.3942027350679865,5.189230571880896
-0.41507876926347337,1.2815919565918001,1.4962236599212912,0.6056669121760981,-1.0560689578351987,-0.9372460675857364,-4.090362168343972,0.44093153241212396,0.05020912541981284,-3.864792281901049,-9.02911974720558,-74.7350758578041,75.22560808083679,-23.024563072721513,-1.8914796166273538,9.214939618578311,7.049746664426575,-8.048725797680968,15.00551286600792,0.40386566304474203,2.961351432296202,-3.825323228317117,2.8357009823795027,-3.5475728629538805,-0.25189871490894733,-10.179044552866404,0.09518116766194765,0.09518116767199018,8.794644074722969,-0.011309073108802793,-0.7634545566327801,-0.0003521030420353655,0.06706152939011423,0.3942027350679865,5.189230571880896
-0.39336802518083785,1.0459089241168114,1.4962236599212912,0.6056669121760981,-1.0560689578351987,-0.9372460675857364,-4.090362168343972,0.44093153241212396,0.05020912541981284,-3.0332229319292328,-4.061846338250225,66.9847688855703,-67.42443108184995,-11.91686244177753,-1.5517561955113581,8.695493788593392,6.147763958933795,-7.018928300503483,13.054556065655296,0.10568578561455692,2.862166286524678,-0.35097990424118675,0.2601803821137619,-3.6004552021995546,-1.0091801393873177,-8.42639091000682,0.06742481309764213,0.06742481310475609,6.586113841158091,-0.09830194317651665,-0.7634545566327801,-0.03556240724557218,0.06706152939011423,0.3942027350679865,5.189230571880896
-0.3716572810982024,1.0825707291684736,1.4962236599212912,0.6056669121760981,-1.0560689578351987,-0.9372460675857364,-4.090362168343972,0.44093153241212396,0.05020912541981284,0.33347113129829414,-0.9819117873201744,-6.089537132094995,6.129506505944714,-9.81312145704259,0.46230862152101926,2.171122247142608,2.2391722351317536,-2.556472479401052,8.011222108772596,0.14130685820560454,1.055600349296976,5.108703718194746,-3.7870672065387407,-2.4593435204070078,-1.572586955584205,-6.476065583954819,0.09518116766194765,0.09518116767199018,5.80574293430951,-0.1852948132442305,-0.7634545566327801,-0.07077271144910899,-0.1813145053880866,0.3942027350679865,5.189230571880896
-0.3499454140266835,1.0825707291684736,1.4962236599212912,0.6056669121760981,-1.0560689578351987,-0.9372460675857364,-4.090362168343972,0.44093153241212396,0.05020912541981284,0.509814218921444,-1.9502027212605284,-63.663199700992536,64.0810603978107,1.2970381759748844,0.5802107739110424,0.3703443445613751,-2.7217333967307846,3.1074146132396905,-6.251196170735665,0.060132526126628005,0.4982836842233317,16.02807053763679,-11.881562068473857,1.3902359220219576,-1.1222614450004398,-4.016196753102286,-0.09217420251681904,-0.09217420252654432,0.4759410922517901,-0.27228768331194436,-0.7634545566327801,-0.10598301565264581,-0.1813145053880866,0.3942027350679865,5.189230571880896
-0.32823466994404804,1.0825707291684736,1.4962236599212912,0.6056669121760981,-1.0560689578351987,-0.9372460675857364,-4.090362168343972,0.44093153241212396,0.05020912541981284,0.2683340176973357,-1.9064451616044453,44.84106528814377,-45.135384751748745,-5.499384713747274,1.0026079098592942,1.7417043413801852,2.3143382122417404,-2.6422897956637574,3.4005085924762812,0.35238029105594526,0.8973774788455314,0.7125948605525525,-0.528244497392821,-0.8931024306437001,-3.1402667426741235,-3.423207004960745,0.06973784264466759,0.06973784265202561,0.6965820967059888,-0.35928055337965825,-0.7634545566327801,0.10527880956857508,0.06706152939011423,0.3942027350679865,5.189230571880896
-2.745468241447326,1.171606541436813,1.4962236599212912,0.6056669121760981,-1.0560689578351987,-0.9372460675857364,-4.090362168343972,0.44093153241212396,0.05020912541981284,-0.5616363281489173,-1.107738404194895,317.2088697605907,-319.2909064784687,-27.554044892702553,0.714922324468876,2.219590382565053,-4.751194484089537,5.424458981889031,25.147364614551417,0.22530166714642952,1.0319900202575945,6.2431825313624625,-4.628053050865342,-6.295383809716015,-1.3034363630322205,-3.24749696794263,-0.02972242787742713,-0.029722427880563135,7.528184497587664,-0.4462734234473721,-0.7634545566327801,0.07006850536503825,0.06706152939011423,0.3942027350679865,5.189230571880896
0.3006391047559916,0.9778227147351485,1.4962236599212912,0.6056669121760981,-1.0560689578351987,-0.9372460675857364,-4.090362168343972,0.44093153241212396,0.05020912541981284,0.5901818247970031,-2.486322106754055,197.6327507583685,-198.92993593495171,-15.583363955009785,1.1750586742125715,2.0672277619182045,1.56268520601217,-1.7841243565179392,10.397402360785467,-0.013848912230737769,1.4924815522852468,-1.2727443033279278,0.9434816500075708,-3.308646631423001,-1.3456192323483036,-3.598912825072916,0.07436390081350669,0.0743639008213528,4.848795618226841,-0.533266293515086,-0.7634545566327801,0.03485820116150144,0.06706152939011423,0.3942027350679865,5.189230571880896
0.28660174371358016,0.972585314013472,1.4962236599212912,0.6056669121760981,-1.0560689578351987,-0.9372460675857364,-4.090362168343972,0.44093153241212396,0.05020912541981284,0.14469137288442993,-2.9020845703298583,-57.020088621764586,57.39434649878036,-13.048650501546255,0.5390920680315754,3.2377237574962843,0.2848763732307329,-0.32524456884983677,8.933989534690536,0.29756435951846827,0.8336163281198492,3.6197000543340874,-2.683273121604929,-1.9681111883792453,-1.0102517281312922,-4.71023200155649,0.05123360395543437,0.051233603960840014,4.539071338271515,-0.6202591635827999,-0.7634545566327801,-0.0003521030420353655,0.06706152939011423,0.3942027350679865,5.189230571880896
-0.42930366944941156,0.6688160721568207,1.4962236599212912,0.6056669121760981,-1.0560689578351987,-0.9372460675857364,-4.090362168343972,0.44093153241212396,0.05020912541981284,1.1073922739825706,-3.2522001909266596,221.990849073636,-223.44791141603855,-31.543063941090306,0.04069579369133598,3.293133484712548,2.2391725357926555,-2.5564728226668847,29.10472235114451,0.08096730986004023,1.4358072409255518,3.123364554314266,-2.3153410591383494,-7.516615421148466,-1.1467923613454638,-4.912295592293163,-0.09680028474116545,-0.09680028475137882,10.281249945540198,-0.7072520336505137,-0.7634545566327801,-0.03556240724557218,0.06706152939011423,0.3942027350679865,5.189230571880896
-0.005375365968581198,1.3287285630868007,1.4962236599212912,0.6056669121760981,-1.0560689578351987,-0.9372460675857364,-4.090362168343972,0.44093153241212396,0.05020912541981284,1.0695605435727642,-3.1974927378616713,-105.73629189541725,106.4303041476745,-16.55272845674252,0.7409246201394623,1.5962533918728652,-2.1204115930689325,2.4208829484547025,13.270605984839472,0.04244593694106465,1.0296232063426567,3.265174494591442,-2.4204643553812337,-3.733616755239447,-0.22424195260688548,-6.085137318096976,0.07436390173871851,0.07436390174656463,7.366343402072081,-0.7942449037182274,-0.7634545566327801,-0.07077271144910899,-0.1813145053880866,0.3942027350679865,5.189230571880896
-0.8925365838489945,1.3287285630868007,1.4962236599212912,0.6056669121760981,-1.0560689578351987,-0.9372460675857364,-4.090362168343972,0.44093153241212396,0.05020912541981284,0.10763542436130709,-6.282896983748739,-116.80815476599338,117.5748384572594,-9.919893915510894,0.7995289291120525,5.613380488898699,-1.894915916695737,2.1634335741603308,4.703315635273408,0.004096691573907277,2.328464484616693,-2.0526989748524023,1.521659779343439,-2.0745130034874895,1.3120623296945921,-7.719175722013873,0.09518116766194765,0.09518116767199018,5.937689364583511,-0.8812377737859413,-0.7634545566327801,-0.10598301565264581,-0.1813145053880866,0.3942027350679865,5.189230571880896
-1.4399936645030469,1.3287285630868007,1.4962236599212912,0.6056669121760981,-1.0560689578351987,-0.9372460675857364,-4.090362168343972,0.44093153241212396,0.05020912541981284,-0.34314066297191115,-4.86602016474307,-17.16138893080826,17.27402967099531,-30.521154447673595,1.4624263159691733,5.904272414361901,-3.323054448740383,3.7939454198601004,27.4804434406435,0.1267356989583452,1.8703238970620202,8.653952934173875,-6.415150138227349,-6.87928766274696,-2.8320747517315246,-6.634214316154803,0.06973784264466759,0.06973784265202561,9.67805616814892,-0.9682306438536551,-0.7634545566327801,0.10527880956857508,0.06706152939011423,0.3942027350679865,5.189230571880896
-1.4399936645030469,1.4387139782418024,1.4962236599212912,0.6056669121760981,-1.0560689578351987,-0.9372460675857364,-4.090362168343972,0.44093153241212396,0.05020912541981284,0.20052589901499032,-5.82336120527453,-116.80815476599338,117.5748384572594,-59.15493938572346,1.0225462883492211,7.144044698158176,4.043137796447763,-4.616067645388937,57.41246778654673,0.19021480325841872,2.6614405163823833,-2.761748605333318,2.0472762079962163,-14.61750302225277,-0.4690067989750799,-8.17160545266222,0.09518116766194765,0.09518116767199018,18.821371335107436,-1.055223513921369,-0.7634545566327801,0.07006850536503825,0.06706152939011423,0.3942027350679865,5.189230571880896
0.2781793270881332,1.2292179493751376,1.4962236599212912,0.6056669121760981,-1.0560689578351987,-0.9372460675857364,-4.090362168343972,0.44093153241212396,0.05020912541981284,-0.7328371080998309,-6.912003809385164,-34.876369523730055,35.10528456633114,-78.67553321702246,1.0827002336089877,8.356097158019173,1.56268520601217,-1.7841243565179392,74.60535593375033,0.05059878838165442,2.703945683136372,0.21626006958243219,-0.16031296054272287,-18.69294739555596,-0.056301951016125125,-10.574371051627436,0.09518116766194765,0.09518116767199018,26.581015808374747,-1.1422163839890829,-0.7634545566327801,0.03485820116150144,0.06706152939011423,0.3942027350679865,5.189230571880896
0.07604132807740602,1.2082683464884754,1.4962236599212912,0.6056669121760981,-1.0560689578351987,-0.9372460675857364,-4.090362168343972,0.44093153241212396,0.05020912541981284,-2.6602277558304253,-8.514892270908705,-48.16260496842142,48.47872573783303,-106.87899279215247,-0.6644804337506227,10.004512439953558,3.8176421952397934,-4.358618356911023,103.39986444008836,0.3716371951479072,3.0345583015818334,3.1233638452645636,-2.315340533521868,-25.396452888377468,-1.4370514339755953,-8.85247130384256,0.06511178123758712,0.06511178124445705,32.49962947894252,-1.229209254056797,-0.7634545566327801,-0.0003521030420353655,0.06706152939011423,0.3942027350679865,5.189230571880896
0.41293799309528445,1.0825707291684736,1.4962236599212912,0.6056669121760981,-1.0560689578351987,-0.9372460675857364,-4.090362168343972,0.44093153241212396,0.05020912541981284,-1.6898990249471877,-8.12100070953979,-143.38062344100348,144.32171857135629,-128.1777039651487,-6.497985383736934,10.842556721268386,5.922268282560601,-6.761478926209112,130.08202945945266,0.5636903784094581,3.7288486543246355,-2.832653575471906,2.099837856117659,-32.802815640701816,0.19617572067760075,-9.915487931151123,0.08361601992682034,0.08361601993564265,38.844789844700195,-1.3162021241245108,-0.7634545566327801,-0.03556240724557218,0.06706152939011423,0.3942027350679865,5.189230571880896
0.41293799309528445,1.0249593212301493,2.437244829683109,0.6056669121760981,-1.0560689578351987,-0.9372460675857364,-4.090362168343972,0.44093153241212396,0.05020912541981284,-1.1552677737514756,-8.968937347436151,-10.518277851580311,10.58731577196496,-97.22611544078002,-1.5662973128270157,11.431278839471474,5.245781328606242,-5.989130889142458,95.42814302437058,0.13441459707761735,3.9437458361357756,-3.1871784261648495,2.362646096724872,-24.1084812162704,0.16143982495146814,-10.728108900206392,-0.18932146662218377,-0.18932146664215901,30.997263536378593,-1.4031949941922246,-0.7634545566327801,-0.07077271144910899,-0.1813145053880866,0.3942027350679865,5.189230571880896
-0.6819761682128204,1.0249593212301493,1.4962236599212912,0.6056669121760981,-1.0560689578351987,1.1928586314727554,2.014655993363449,0.44093153241212396,-0.09660118282525015,-3.5484918500962035,-6.589249792942013,93.55723977495299,-94.17131342485368,-93.45090015165326,-2.0121237234033353,8.300697404354349,1.487519980554438,-1.6983078984198154,90.32884432938644,0.24256716070196555,2.7865982709819526,2.4852191140172675,-1.8422857004288855,-22.768073200550162,-0.19589257806786525,-9.252189710147846,-0.39055508347398954,-0.39055508351519685,30.12869276612249,1.2065911078391913,0.0943595519433772,-0.10598301565264581,-0.1813145053880866,0.010947332091044282,6.390377370642902
-1.1030969994851683,1.0249593212301493,1.4962236599212912,0.6056669121760981,-1.0560689578351987,1.1928586314727554,2.014655993363449,0.44093153241212396,-0.09660118282525015,-1.8482590731766246,-3.4874364621839105,78.05663175614642,-78.56896539143484,-78.62104690791229,-2.3218286442818723,5.530260911298597,5.621607305564449,-6.418213008000159,77.58645436684304,0.33487983730698007,1.6365375451941206,-3.116273456026261,2.3100844486034293,-19.117598951063776,0.40925131289127625,-7.301872817907743,0.021164226783192054,0.021164226785425084,26.727202841594977,1.1195982377714775,0.0943595519433772,0.10527880956857508,0.06706152939011423,0.010947332091044282,6.390377370642902
-0.2608553369404724,1.1873187436018136,1.4962236599212912,0.6056669121760981,-1.0560689578351987,1.1928586314727554,2.014655993363449,0.44093153241212396,-0.09660118282525015,0.7967681998624665,-3.6460812488006997,-132.30876057042738,133.1771842617714,-63.19935069135303,0.47321855611186847,6.0220135134853825,6.974581438968843,-7.962909339582844,59.256180530629116,0.27972669040353265,2.333184510067746,-2.8326536463768766,2.0998379086793073,-15.25569091508779,0.7697546754128607,-8.158442380747276,0.06742481309764213,0.06742481310475609,20.116983511326115,1.0326053677037637,0.0943595519433772,0.07006850536503825,0.06706152939011423,0.010947332091044282,6.390377370642902
-0.2608553369404724,1.0144845197868109,1.4962236599212912,0.6056669121760981,-1.0560689578351987,1.1928586314727554,2.014655993363449,0.44093153241212396,-0.09660118282525015,-0.5300962958011253,-1.3265629647074009,7.196709384459207,-7.243945810091462,-21.029406442718162,0.252485864143279,-0.377678661565247,-7.9081347049665185,9.028751080174809,13.37941184775491,0.15143906910627644,-0.45104900435906703,3.2651737855417413,-2.420463829764753,-3.3222176413737476,1.0114174825940974,-1.3982108168443719,-0.18469540752813285,-0.18469540754762,5.644043184728518,0.9456124976360497,0.0943595519433772,0.03485820116150144,0.06706152939011423,0.010947332091044282,6.390377370642902
-0.2608553369404724,0.7526144837034834,1.4962236599212912,0.6056669121760981,-1.0560689578351987,1.1928586314727554,2.014655993363449,0.44093153241212396,-0.09660118282525015,-0.3193648671513349,-1.687612723470783,-96.87880159895636,97.51467670000659,11.327695898583231,0.44518375536503946,0.6127515120164381,4.945120351610091,-5.645864970933505,-15.740733344006083,-0.002086775356920769,0.172391091228923,4.186938397343392,-3.1037652553435064,3.2350649977508525,0.8558964900019667,-3.783394026461721,0.08824207902087126,0.08824207903018165,-1.6889839203816013,0.8586196275683359,0.0943595519433772,-0.0003521030420353655,0.06706152939011423,0.010947332091044282,6.390377370642902
-0.2608553369404724,0.846887696693485,1.4962236599212912,0.6056669121760981,-1.0560689578351987,1.1928586314727554,2.014655993363449,0.44093153241212396,-0.09660118282525015,-0.04886664827090554,-3.4053831602075957,-43.733866463308686,44.020918700719655,9.059719459547546,-1.431473650887737,2.538198807446387,5.847103057102869,-6.675662468110989,-10.915792016276109,0.06505566524354597,1.0249009138284688,-3.1871784261648495,2.362646096724872,2.252918902003595,1.0002248915720677,-3.146472552159705,0.08130299037979488,0.08130299038837313,-1.733013179117665,0.771626757500622,0.0943595519433772,-0.03556240724557218,0.06706152939011423,0.010947332091044282,6.390377370642902
-0.2608553369404724,0.9830601154568103,1.4962236599212912,0.6056669121760981,-1.0560689578351987,1.1928586314727554,2.014655993363449,0.44093153241212396,-0.09660118282525015,-0.7170874145171258,-7.256647109151224,-134.52313535891517,135.40609335259524,-8.302129393259063,0.3184345885355021,7.379530220922273,5.69677253102218,-6.504029466098284,6.873706269207415,0.0629133895494055,2.4418153743992153,-3.045368556792642,2.2575228530436346,-1.530079763905424,1.8842159464006187,-7.631324920410763,0.09518116766194765,0.09518116767199018,4.363095649261048,0.6846338874329081,0.0943595519433772,-0.07077271144910899,-0.1813145053880866,0.010947332091044282,6.390377370642902
-0.2608553369404724,0.9830601154568103,1.4962236599212912,0.6056669121760981,-1.0560689578351987,1.1928586314727554,2.014655993363449,0.44093153241212396,-0.09660118282525015,-0.5120198857407581,-8.662595041737756,-145.59499712230502,146.55062654772672,-23.13379453326331,-0.33699059243144236,9.928317831561555,7.049746664426575,-8.048725797680968,21.29699063312176,0.05644651948459787,3.5210281100953713,-3.9671331685942937,2.940824278622388,-5.817849914962524,1.3681627845269255,-11.083918773333913,0.09518116766194765,0.09518116767199018,10.326127279886219,0.5976410173651943,0.0943595519433772,-0.10598301565264581,-0.1813145053880866,0.010947332091044282,6.390377370642902
-0.2608553369404724,0.9830601154568103,1.4962236599212912,0.6056669121760981,-1.0560689578351987,1.1928586314727554,2.014655993363449,0.44093153241212396,-0.09660118282525015,-2.183895915695748,-11.715175866135315,-158.88123367418265,159.92406883368204,-43.463917731498455,0.5388746827661854,13.765365808522413,7.049746664426575,-8.048725797680968,38.48987878032536,0.15277461472738624,4.758471650963955,-3.9671331685942937,2.940824278622388,-10.157705984493365,0.4957156836468484,-13.517421399750049,0.09518116766194765,0.09518116767199018,16.15629373166014,0.5106481472974803,0.0943595519433772,0.10527880956857508,0.06706152939011423,0.010947332091044282,6.390377370642902
-0.2608553369404724,0.9882975161784721,1.4962236599212912,0.6056669121760981,-1.0560689578351987,1.1928586314727554,2.014655993363449,0.44093153241212396,-0.09660118282525015,0.3493943533841189,-12.059816540027663,-12.732637139460085,12.816209260440761,-43.24661960086941,1.5282068143452838,14.485695586850902,5.997433508018332,-6.847295384307237,38.378469906336065,-0.07338829297058733,5.053661407895147,-1.627269295830811,1.20628999573808,-10.463372276698864,-0.015387545046236318,-14.870346094039478,0.09518116766194765,0.09518116767199018,17.923117918512038,0.42365527722976654,0.0943595519433772,0.07006850536503825,0.06706152939011423,0.010947332091044282,6.390377370642902
0.07604132807740602,1.0040097183434724,1.4962236599212912,0.6056669121760981,-1.0560689578351987,1.1928586314727554,2.014655993363449,0.44093153241212396,-0.09660118282525015,-0.06862159111091191,-10.823465913340545,33.76918027384192,-33.990828153095244,-29.226295724064567,1.356499333125566,11.195786667673097,0.5103712979516728,-0.5826930849796264,21.78557581180958,0.005692707488667077,4.191701332609382,-3.258083467208408,2.4152077974079624,-6.73325595003516,1.2530121649129786,-14.602397564779935,0.08361601992682034,0.08361601993564265,14.83096357261892,0.3366624071620526,0.0943595519433772,0.03485820116150144,0.06706152939011423,0.010947332091044282,6.390377370642902
0.07604132807740602,1.0825707291684736,1.4962236599212912,0.6056669121760981,-1.0560689578351987,1.1928586314727554,2.014655993363449,0.44093153241212396,-0.09660118282525015,0.3364167115746117,-8.70636573076243,166.63153472075538,-167.725239868114,-24.74897063228019,1.9437767090383637,9.90062127924629,4.268633322490506,-4.873516848050392,18.965473613674877,0.13353090716060861,3.9272132782098357,-2.832653575471906,2.099837856117659,-5.7906123245679355,0.5699982608335936,-11.162989976754446,-0.05747876856355534,-0.057478768569619906,11.901215705980954,0.2496695370943388,0.0943595519433772,-0.0003521030420353655,0.06706152939011423,0.010947332091044282,6.390377370642902
0.07604132807740602,1.0040097183434724,1.4962236599212912,0.6056669121760981,-1.0560689578351987,1.1928586314727554,2.014655993363449,0.44093153241212396,-0.09660118282525015,0.5404391684014404,-9.516011878086006,148.91657627155934,-149.8940072618468,-25.019978545047767,0.9563927926956193,10.336954180665385,1.8633461078430957,-2.1273901889104336,18.74786188784401,0.06375247855218329,3.842199544107157,2.981554614037088,-2.210217762895464,-5.631774165846168,1.2540519923574895,-11.14980582030976,0.041981488080362096,0.041981488084791546,12.445962939271302,0.16267666702662492,0.0943595519433772,-0.03556240724557218,0.06706152939011423,0.010947332091044282,6.390377370642902
0.07604132807740602,0.6007298627751578,1.4962236599212912,0.6056669121760981,-1.0560689578351987,1.1928586314727554,2.014655993363449,0.44093153241212396,-0.09660118282525015,-0.777500123389185,-10.823465913340545,-123.45127248833906,124.26155904301034,-55.65008490355406,0.7522512884142345,11.355090880113764,0.1345451706630149,-0.15361079448900802,48.46722022895878,-0.022215580788240503,4.175174442341281,6.314088210550751,-4.680615224603264,-12.573568753581297,0.6980341953221932,-13.750230451749532,-0.38592900124964324,-0.3859290012903625,20.7495772431867,0.07568379695891106,0.0943595519433772,-0.07077271144910899,-0.1813145053880866,0.010947332091044282,6.390377370642902
0.07604132807740602,0.6007298627751578,1.4962236599212912,0.6056669121760981,-1.0560689578351987,1.1928586314727554,2.014655993363449,0.44093153241212396,-0.09660118282525015,0.24204136648088534,-8.148362313693438,-141.16625086688828,142.09281170943933,-58.3989903797644,1.0968306295230077,9.381158826675652,2.6149986630813133,-2.985555113157503,53.8354099679411,0.013855104336261949,3.228201766484412,-0.9182194526349848,0.6806734094003579,-13.821719387099709,-1.3407425376560818,-6.054381314569291,-0.3188511675162004,-0.31885116754984233,18.865895304616174,-0.011309073108802793,0.0943595519433772,-0.10598301565264581,-0.1813145053880866,0.010947332091044282,6.390377370642902
0.07604132807740602,0.6007298627751578,1.4962236599212912,0.6056669121760981,-1.0560689578351987,1.1928586314727554,2.014655993363449,0.44093153241212396,-0.09660118282525015,0.2516939051965176,-8.542232868072599,-39.30511467196051,39.56309829016511,-64.38420142745007,0.3022145119195817,10.288482720725808,-17.00312548204753,19.41254079371861,59.42147173386106,0.2257060583141978,4.014593826227448,4.966893068867868,-3.681943384679375,-15.666357321843499,-2.1131438179488207,-11.545142861335655,0.09518116766194765,0.09518116767199018,21.89847233892882,-0.09830194317651665,0.0943595519433772,0.10527880956857508,0.06706152939011423,0.010947332091044282,6.390377370642902
0.07604132807740602,0.6164420649401583,1.4962236599212912,0.6056669121760981,-1.0560689578351987,1.1928586314727554,2.014655993363449,0.44093153241212396,-0.09660118282525015,-0.0613629655521773,-6.944835108495821,208.70461362894463,-210.0744702445366,-61.74271551551676,0.463789293393741,10.163816652394225,-7.68263527033205,8.77129741505753,62.67445467368895,-0.09881033681192779,3.764271515838904,-0.5636949564668924,0.4178654316013855,-16.688515597164155,-0.8408111613905656,-8.865655460287238,-0.23326902801566743,-0.23326902804027957,21.118384123949824,-0.1852948132442305,0.0943595519433772,0.07006850536503825,0.06706152939011423,0.010947332091044282,6.390377370642902
0.07604132807740602,0.46979484473349403,1.4962236599212912,0.6056669121760981,-1.0560689578351987,1.1928586314727554,2.014655993363449,0.44093153241212396,-0.09660118282525015,0.773425533199063,-5.7084871076824255,326.06631576960007,-328.20648934799937,-88.27534789206516,-1.357830619824429,9.713623839007491,-9.63693263553758,11.002527041937908,90.49348477984994,0.12372514917950896,3.3084954751360334,7.519471993857056,-5.574162717051307,-22.940291228237935,1.4254518733212915,-6.1114887633625585,-0.24714720529782025,-0.2471472053238967,26.83056205652598,-0.27228768331194436,0.0943595519433772,0.03485820116150144,0.06706152939011423,0.010947332091044282,6.390377370642902
0.07604132807740602,0.2707736173101679,1.4962236599212912,0.6056669121760981,-1.0560689578351987,1.1928586314727554,2.014655993363449,0.44093153241212396,-0.09660118282525015,0.5585028689775317,-6.561893440535797,133.41594610902706,-134.29163693935936,-94.04429617841488,0.925931977102553,10.302329334624872,-46.6182318289163,53.22423386602514,93.1498575813979,0.11698172481024786,3.188056612455951,6.101373300134985,-4.522930280238937,-23.510974496457553,-0.09192403813354946,-5.1758627562733075,0.007286063379216591,0.0072860633799853415,26.58055643408652,-0.35928055337965825,0.0943595519433772,-0.0003521030420353655,0.06706152939011423,0.010947332091044282,6.390377370642902
0.07604132807740602,0.06651498916516442,1.4962236599212912,0.6056669121760981,-1.0560689578351987,1.1928586314727554,2.014655993363449,0.44093153241212396,-0.09660118282525015,0.49312314264704765,-6.944835108495821,383.64004698404744,-386.1581123359781,-69.61592247125019,1.4539572500984443,10.773307029187347,-13.244865712465458,15.121719605141585,69.8327351286178,-0.2073691529584104,3.698149218856124,4.116033427204805,-3.0512036072220643,-17.96310740030559,-2.825786696254556,-8.294608382243226,0.09518116766194765,0.09518116767199018,21.721789920243793,-0.4462734234473721,0.0943595519433772,-0.03556240724557218,0.06706152939011423,0.010947332091044282,6.390377370642902
0.07604132807740602,0.18173780504182788,1.4962236599212912,0.6056669121760981,-1.0560689578351987,1.1928586314727554,2.014655993363449,0.44093153241212396,-0.09660118282525015,0.7429234001215651,-9.29171499674277,78.05665389987215,-78.56898768050344,-67.24376199698263,0.7211585937417263,13.70303776113234,2.765328813335875,-3.157187686087918,66.68699624506014,0.18386615305936851,4.290887611912471,2.3434091737400897,-1.7371624041859997,-16.662265568526607,-3.698169024538232,-9.463039224426016,0.08361601992682034,0.08361601993564265,21.515636874121753,-0.533266293515086,0.0943595519433772,-0.07077271144910899,-0.1813145053880866,0.010947332091044282,6.390377370642902
0.07604132807740602,0.18173780504182788,1.4962236599212912,0.6056669121760981,-1.0560689578351987,1.1928586314727554,2.014655993363449,0.44093153241212396,-0.09660118282525015,0.6365170810420986,-8.564130029016676,135.63034082686798,-136.52056609034491,-64.54597787967437,0.4517056669904062,11.292762832723692,-10.238256694156195,11.68906128121664,60.342156750918726,0.13045783496588936,3.9909755624670873,0.9962147411069068,-0.7384910898785912,-15.8648890918304,-0.551500950479647,-7.3765521137840135,-0.1314957279465473,-0.1314957279604214,20.367342498602852,-0.6202591635827999,0.0943595519433772,-0.10598301565264581,-0.1813145053880866,0.010947332091044282,6.390377370642902
0.07604132807740602,0.18173780504182788,1.4962236599212912,0.6056669121760981,-1.0560689578351987,1.1928586314727554,2.014655993363449,0.44093153241212396,-0.09660118282525015,0.1592824900144656,-6.649421689216565,173.27467458682688,-174.41198274293365,-88.38147324472473,0.4109333157257528,8.695483815041966,-30.232205162608285,34.516237418988375,86.58831741530236,0.10608573816806795,2.949545701010724,12.624628425736027,-9.358600330562208,-21.573442042894687,-0.774951635367086,-4.477433491821868,-0.6449882873861991,-0.6449882874542516,26.212703638383896,-0.7072520336505137,0.0943595519433772,0.10527880956857508,0.06706152939011423,0.010947332091044282,6.390377370642902
0.07604132807740602,0.04032798555682601,1.4962236599212912,0.6056669121760981,-1.0560689578351987,1.1928586314727554,2.014655993363449,0.44093153241212396,-0.09660118282525015,0.49422056257142255,-6.23912892059777,775.5840590336195,-780.6746937624893,-92.53459832624884,0.2546689120524403,9.672060725690292,-5.127019108073686,5.853539556050487,91.7938189621266,0.158310401929405,3.4808886237247543,6.384991762589936,-4.733175821491745,-23.112764110572392,-2.7122329484141727,-6.6210301597101155,0.021164226783192054,0.021164226785425084,27.420009941743302,-0.7942449037182274,0.0943595519433772,0.07006850536503825,0.06706152939011423,0.010947332091044282,6.390377370642902
0.07604132807740602,0.6897656750434823,1.4962236599212912,0.6056669121760981,-1.0560689578351987,1.1928586314727554,2.014655993363449,0.44093153241212396,-0.09660118282525015,1.0565062673481738,-7.108952215943341,589.576807095392,-593.4465619396003,-49.1236345573049,0.4766746753230621,12.047687536438415,4.34379899893959,-4.959333821047263,50.95960333281174,-0.056622024201414586,4.064180164689583,7.8739982626494,-5.836972008891482,-13.064960369763734,-2.711299427573053,-9.375188422822905,0.07436389942568897,0.07436389943353508,17.89378863701043,-0.8812377737859413,0.0943595519433772,0.03485820116150144,0.06706152939011423,0.010947332091044282,6.390377370642902
0.07604132807740602,0.6059672634968197,1.4962236599212912,0.6056669121760981,-1.0560689578351987,1.1928586314727554,2.014655993363449,0.44093153241212396,-0.09660118282525015,-0.3277126074268981,-8.908765451161589,290.63644315865946,-292.54406871360214,-35.75184012218061,0.5728681268097293,12.774945608492162,-2.0452456159589456,2.335065632191997,32.901214003331525,0.1611863376059526,4.019309317552226,9.362999799360956,-6.940764516975851,-8.684646125026974,-4.3554375829081335,-10.842330123151843,0.09055510856789671,0.09055510857745115,14.34547562255582,-0.9682306438536551,0.0943595519433772,-0.0003521030420353655,0.06706152939011423,0.010947332091044282,6.390377370642902
0.07604132807740602,0.9149739060751477,1.4962236599212912,0.6056669121760981,-1.0560689578351987,1.1928586314727554,2.014655993363449,0.44093153241212396,-0.09660118282525015,0.5937219824317285,-7.978778137162623,89.12851677044827,-89.71352199008834,-51.54950481371245,1.2274692714398638,11.528258329039213,-7.7578019990942915,8.857115589484815,50.31015206971931,0.14688839177069501,3.7808018067017084,7.661281934134234,-5.679286013294193,-12.985636860895404,-3.6239083791253566,-10.495304065112851,0.09055510856789671,0.09055510857745115,18.482847820906827,-1.055223513921369,0.0943595519433772,-0.03556240724557218,0.06706152939011423,0.010947332091044282,6.390377370642902
0.07604132807740602,1.1087577327768123,1.4962236599212912,0.6056669121760981,-1.0560689578351987,1.1928586314727554,2.014655993363449,0.44093153241212396,-0.09660118282525015,-0.08140833898333776,-6.873710692938645,31.554829843452435,-31.76194358024688,-74.57741212925437,0.5518750053862632,10.205363143125703,1.8633461078430957,-2.1273901889104336,74.49798172692671,0.047639569028987847,3.270711467364671,-0.0673598109719218,0.04993363194304709,-19.011101565462802,-0.13172850316422594,-8.325358060411997,0.04429451762738754,0.04429451763206104,24.504538014535218,-1.1422163839890829,0.0943595519433772,-0.07077271144910899,-0.1813145053880866,0.010947332091044282,6.390377370642902
0.07604132807740602,1.1087577327768123,1.4962236599212912,0.6056669121760981,-1.0560689578351987,1.1928586314727554,2.014655993363449,0.44093153241212396,-0.09660118282525015,0.2900879988263706,-6.370419980682063,261.8495996951615,-263.5682795086814,-99.92131113485036,1.3613365089441594,7.878204467800014,-12.71870763095683,14.521002682125559,96.78496254696525,0.14314081725348235,2.760619994496064,8.015805366727772,-5.942093202668442,-24.307586409212977,0.8503175240013929,-4.455463411835683,-0.34660747581991497,-0.34660747585648544,29.893175102014794,-1.229209254056797,0.0943595519433772,-0.10598301565264581,-0.1813145053880866,0.010947332091044282,6.390377370642902
0.07604132807740602,1.1087577327768123,-0.3858186796023452,0.6056669121760981,-1.0560689578351987,1.1928586314727554,2.014655993363449,0.44093153241212396,-0.09660118282525015,0.7685462237657825,-5.298199590811065,-14.947007499202742,15.045113893450885,-90.21472400133938,0.8953110697576426,8.328403930221041,-6.705489594338305,7.655686034275666,89.2454711201722,-0.01916384257817756,2.9353708887471734,6.172278270273574,-4.57549192836038,-22.913658917629814,0.5158985974132593,-5.456982791259698,-0.3697378638113514,-0.3697378638503623,28.627386918070407,-1.3162021241245108,0.0943595519433772,0.10527880956857508,0.06706152939011423,0.010947332091044282,6.390377370642902
0.07604132807740602,0.8730747003018087,-0.3858186796023452,0.6056669121760981,-1.0560689578351987,1.1928586314727554,2.014655993363449,0.44093153241212396,-1.6234283885739083,-0.1308750359827132,-8.624296673543803,354.85320352054947,-357.18232313105733,-84.23028948062685,1.258108805071071,10.918754654177521,-17.829944465387086,20.356523549127136,81.6536591707802,0.2388746631831721,3.485609782707377,9.433906187598948,-6.993327216330257,-20.670810597001225,-3.0274294706588463,-7.951978448654446,0.0026599904069883906,0.002659990407269045,26.080015141951282,1.2065911078391913,0.9521736605195344,0.07006850536503825,0.06706152939011423,-0.37230807088589796,5.189230571880897
0.07604132807740602,1.07209592772515,-0.3858186796023452,0.6056669121760981,-1.0560689578351987,1.1928586314727554,2.014655993363449,0.44093153241212396,-1.6234283885739083,1.2929842169000254,-7.956888853839704,137.84469125725747,-138.74945066319327,-68.96661650259944,0.7542694111681462,10.059925491686956,-14.222012891763717,16.23733270225262,66.685304287863,0.2219804859601318,3.2329297266564434,2.41431485292838,-1.7897245779239237,-16.993576609583194,-2.316304771103853,-7.7894610018929065,-0.18700846020545375,-0.18700846022518497,22.07533144003289,1.1195982377714775,0.9521736605195344,0.03485820116150144,0.06706152939011423,-0.37230807088589796,5.189230571880897
0.07604132807740602,0.9202113067968095,-0.3858186796023452,0.6056669121760981,-1.0560689578351987,1.1928586314727554,2.014655993363449,0.44093153241212396,-1.6234283885739083,1.1916095952286605,-7.7271222775394595,29.340412981885724,-29.532992140192658,-60.88245305316437,1.125659876746769,10.406227144366422,-16.55213563260565,18.897643761459033,59.69140398228937,0.30171685020083444,3.402954927798657,9.717526068153301,-7.203573808816026,-15.387323340245759,-3.485102977759815,-8.562556911502774,-0.008905150389050273,-0.008905150389989853,20.42649577237875,1.0326053677037637,0.9521736605195344,-0.0003521030420353655,0.06706152939011423,-0.37230807088589796,5.189230571880897
0.07604132807740602,1.2501675522617994,-0.3858186796023452,0.6056669121760981,-1.0560689578351987,1.1928586314727554,2.014655993363449,0.44093153241212396,-1.6234283885739083,0.06686868393933212,-5.779603645618438,507.6449111345,-510.9768966033289,-62.766436905198226,0.8977460440833653,9.637439204166913,-11.967055376379516,13.662838101144324,63.00113256354055,0.17781699000510123,3.067617749775869,8.157617434154055,-6.047218075760772,-16.104420603147744,-1.844964814342856,-8.127696919484457,-0.008905150389050273,-0.008905150389989853,21.044389527004476,0.9456124976360497,0.9521736605195344,-0.03556240724557218,0.06706152939011423,-0.37230807088589796,5.189230571880897
0.07604132807740602,1.1768439421584749,-0.3858186796023452,0.6056669121760981,-1.0560689578351987,1.1928586314727554,2.014655993363449,0.44093153241212396,-1.6234283885739083,0.7393760698075954,-5.358376738833059,569.6473432097264,-573.3862887370043,-79.43070569600987,1.1397020925205976,8.681623903074328,-2.721732645078531,3.1074137550751106,78.39989532763047,0.048320252002517064,2.798405135798996,0.9962142447721156,-0.7384907219470542,-20.046671566580258,-2.184497651053015,-8.325353843506047,-0.09680028474116545,-0.09680028475137882,25.682515036393415,0.8586196275683359,0.9521736605195344,-0.07077271144910899,-0.1813145053880866,-0.37230807088589796,5.189230571880897
0.07604132807740602,1.1768439421584749,-0.3858186796023452,0.6056669121760981,-1.0560689578351987,1.1928586314727554,2.014655993363449,0.44093153241212396,-1.6234283885739083,0.2693325301500267,-5.982013869512476,582.9335786544177,-586.7597299085062,-81.21024667048599,1.0360524678965162,9.055642055171925,3.3666506169977275,-3.8437193508729073,80.45952784034513,-0.07790093185925372,2.984968562524993,0.5707842112256742,-0.4231206755334549,-20.60435724780444,-1.0733641006144128,-9.616783398363898,0.04429452225344664,0.044294522258120146,26.845226697276786,0.771626757500622,0.9521736605195344,-0.10598301565264581,-0.1813145053880866,-0.37230807088589796,5.189230571880897
0.07604132807740602,1.1768439421584749,-0.3858186796023452,0.6056669121760981,-1.0560689578351987,1.1928586314727554,2.014655993363449,0.44093153241212396,-1.6234283885739083,-0.33765519922425064,-8.077243149883696,-90.23568387661068,90.82795611425564,-84.17657969848685,-0.14507830609501743,11.244281399232674,3.817641969744117,-4.3586180994616495,84.7987473015694,0.0809045726724996,3.485609782707377,2.697933315383332,-1.9999701191767316,-20.98931519204748,-1.1559054111146057,-10.323988044091971,-0.01121819150122345,-0.011218191502407078,26.948550575723736,0.6846338874329081,0.9521736605195344,0.10527880956857508,0.06706152939011423,-0.37230807088589796,5.189230571880897
0.07604132807740602,0.7945136894768224,-0.3858186796023452,0.6056669121760981,-1.0560689578351987,1.1928586314727554,2.014655993363449,0.44093153241212396,-1.6234283885739083,0.26675590242711644,-6.304775763576783,126.77282838668137,-127.6049163536084,-75.5467766309871,-0.8611029306503121,10.780235322912594,-1.8197506912380055,2.0776171160622074,77.15188166795274,0.004061063342260999,3.64619153235278,2.8397432556605087,-2.105093415419616,-19.5825493976232,0.15943494263864338,-9.19069457071626,-0.052852714095563524,-0.052852714101139994,24.66673247488848,0.5976410173651943,0.9521736605195344,0.07006850536503825,0.06706152939011423,-0.37230807088589796,5.189230571880897
0.07604132807740602,0.9254487075184861,-0.3858186796023452,0.6056669121760981,-1.0560689578351987,1.1928586314727554,2.014655993363449,0.44093153241212396,-1.6234283885739083,0.53495118792422,-5.4513694307234015,135.63036297059372,-136.52058837941354,-54.84120264242814,1.2997966736735873,7.857432884692848,-29.70604708109965,33.915520495972345,54.810758217564754,0.03020323655157896,2.8243845458164545,1.5634545022156154,-1.1589842748501318,-14.2594322432649,-1.6680526717891604,-8.373679585663766,0.053546633502459834,0.05354663350810952,18.762712772104216,0.5106481472974803,0.9521736605195344,0.03485820116150144,0.06706152939011423,-0.37230807088589796,5.189230571880897
0.07604132807740602,0.946398310405148,-0.3858186796023452,0.6056669121760981,-1.0560689578351987,1.1928586314727554,2.014655993363449,0.44093153241212396,-1.6234283885739083,1.4524910129532014,-6.266485273003985,29.340457269337215,-29.5330367183299,-43.83988620646957,0.8129046067673807,9.346537305152285,-5.202185836835929,5.9393577304777745,43.80327513618829,0.015108965136926084,2.8999559619538844,9.008479202966223,-6.677959430067525,-11.153837228992732,-3.8615499444314048,-10.218561178499913,0.08130299037979488,0.08130299038837313,15.287369596566348,0.42365527722976654,0.9521736605195344,-0.0003521030420353655,0.06706152939011423,-0.37230807088589796,5.189230571880897
0.07604132807740602,0.9778227147351485,-0.3858186796023452,0.6056669121760981,-1.0560689578351987,1.1928586314727554,2.014655993363449,0.44093153241212396,-1.6234283885739083,0.5139497089334448,-6.824486064199266,100.20033535357291,-100.85801172153599,-49.28722290579544,1.0895732153646858,10.440861963958374,-0.6171063322620453,0.7045529283276469,49.28066118974622,0.09637285699712737,3.412398379295471,0.6416901031288744,-0.47568300695632293,-12.89229634644381,-0.8947423024241213,-9.946233392413943,0.037355428986311175,0.037355428990252536,17.37808799335211,0.3366624071620526,0.9521736605195344,-0.03556240724557218,0.06706152939011423,-0.37230807088589796,5.189230571880897
0.07604132807740602,0.8364128952501463,-0.3858186796023452,0.6056669121760981,-1.0560689578351987,1.1928586314727554,2.014655993363449,0.44093153241212396,-1.6234283885739083,0.4286417629327903,-9.154941112332867,62.55602373733982,-62.96661735801596,-47.666222854498436,1.0701345636318023,11.313524442279432,-0.917767234092972,1.047818760720142,43.097859134994415,-0.12134530071404225,4.10196870658722,1.705264442492792,-1.2641075710930165,-11.804035147066147,-0.7036540521492393,-11.73402440408062,0.08361601992682034,0.08361601993564265,18.114641660366917,0.2496695370943388,0.9521736605195344,-0.07077271144910899,-0.1813145053880866,-0.37230807088589796,5.189230571880897
0.07604132807740602,0.8364128952501463,-0.3858186796023452,0.6056669121760981,-1.0560689578351987,1.1928586314727554,2.014655993363449,0.44093153241212396,-1.6234283885739083,0.8732579029964294,-9.171355448951337,22.697317403265803,-22.846293843510338,-36.23509874026732,1.2979998264853683,11.66676436223557,-8.960446358070252,10.230179777219377,31.870942220036568,0.2384083700509759,4.12794471600997,0.4289749799981985,-0.317997904907051,-8.870530733158226,-0.2191857128228844,-12.551041497586093,0.04892057672143846,0.04892057672660006,16.45114135196197,0.16267666702662492,0.9521736605195344,-0.10598301565264581,-0.1813145053880866,-0.37230807088589796,5.189230571880897
0.07604132807740602,0.8364128952501463,-0.3858186796023452,0.6056669121760981,-1.0560689578351987,1.1928586314727554,2.014655993363449,0.44093153241212396,-1.6234283885739083,0.6234945156099571,-7.842014756247598,-37.09075538408073,37.33420480168931,-43.40761952612352,0.410685751161046,10.295407689933906,-12.04222285679401,13.74865713373619,39.73541957948263,0.18016038742483798,3.062892056666972,13.971825694568016,-10.35727374733554,-10.317149423001599,-0.1614034432067953,-9.546489684672968,-0.19626055526326014,-0.19626055528396755,15.74391696644877,0.07568379695891106,0.9521736605195344,0.10527880956857508,0.06706152939011423,-0.37230807088589796,5.189230571880897
0.07604132807740602,0.6845282743218205,0.0846919052785641,0.6056669121760981,-1.0560689578351987,1.1928586314727554,2.014655993363449,0.44093153241212396,-1.6234283885739083,0.25806035012644435,-7.918593111519473,-76.94944843191932,77.45451494275378,-61.36428803847215,0.5862198732238022,10.087632017553661,-12.117385827294978,13.834471017340572,59.255399627307256,0.04817346750629708,3.2589023354844886,4.257843367481982,-3.1563269034649495,-15.4408109592779,-4.258308517791204,-8.830507549215293,0.07898996083276942,0.07898996084110363,19.778636679543737,-0.011309073108802793,0.9521736605195344,0.07006850536503825,0.06706152939011423,-0.37230807088589796,5.189230571880897
0.07604132807740602,0.8311754945284848,0.0846919052785641,0.6056669121760981,-1.0560689578351987,1.1928586314727554,2.014655993363449,0.44093153241212396,-1.6234283885739083,0.7793530604938317,-6.966713888323865,24.91171212110674,-25.075222994495917,-49.50516814223323,-1.7170710881187978,9.374240506501831,6.298094409849259,-7.190561216699732,46.29500748727278,0.19526756900246514,2.826741157947274,0.35806979714469916,-0.2654360991006637,-11.565459340674686,-7.277606110562112,-4.815658867148548,-0.11993058021142002,-0.11993058022407385,14.448128107811856,-0.09830194317651665,0.9521736605195344,0.03485820116150144,0.06706152939011423,-0.37230807088589796,5.189230571880897
0.07604132807740602,0.7211900793734831,0.0846919052785641,0.6056669121760981,-1.0560689578351987,1.1928586314727554,2.014655993363449,0.44093153241212396,-1.6234283885739083,0.7937203145295593,-6.944835108495821,-8.303898634347354,8.358402223327385,-18.008716526770055,-0.6714255628937499,9.50582821952438,6.298094409849259,-7.190561216699732,13.48665590402513,0.07332761950004117,3.180974307216235,-2.549033765822522,1.8895913161935367,-4.118447272158964,-1.336043683513629,-8.351707397224603,-0.020470309689325294,-0.02047030969148511,7.219520312144586,-0.1852948132442305,0.9521736605195344,-0.0003521030420353655,0.06706152939011423,-0.37230807088589796,5.189230571880897
0.07604132807740602,0.6059672634968197,0.0846919052785641,0.6056669121760981,-1.0560689578351987,1.1928586314727554,2.014655993363449,0.44093153241212396,-1.6234283885739083,0.6156010450198652,-9.805939847165932,-74.7350758578041,75.22560808083679,-35.31814980905562,0.25014036672451484,11.680620949686062,6.2229291843915275,-7.1047447586016075,33.76931819668348,-0.18952692591162987,4.165726456718198,-3.0453684858876717,2.2575228004819867,-9.480907612642982,2.1768381392561285,-10.512869586836926,0.07667693128574397,0.07667693129383414,13.358350949361581,-0.27228768331194436,0.9521736605195344,-0.03556240724557218,0.06706152939011423,-0.37230807088589796,5.189230571880897
0.07604132807740602,0.5483558555584954,0.0846919052785641,0.6056669121760981,-1.0560689578351987,1.1928586314727554,2.014655993363449,0.44093153241212396,-1.6234283885739083,-0.0492855579060672,-11.529161597743718,-99.09316974432643,99.74357910410986,-87.19726961443642,-1.6101313304297635,15.545365478962182,5.997433357687881,-6.84729521267432,86.15621757693104,0.14505665202994583,4.9946180155573785,5.463227859837986,-4.049874921529472,-21.73224834478566,-1.1296230778537288,-14.026979663721406,0.09055510856789671,0.09055510857745115,27.74330343145354,-0.35928055337965825,0.9521736605195344,-0.07077271144910899,-0.1813145053880866,-0.37230807088589796,5.189230571880897
0.07604132807740602,0.5483558555584954,0.0846919052785641,0.6056669121760981,-1.0560689578351987,1.1928586314727554,2.014655993363449,0.44093153241212396,-1.6234283885739083,2.0236913513387695,-8.230420867417196,153.3453214197898,-154.35182098568075,-76.08775708722769,-0.19804556992923575,11.410503931847161,0.7358662226726127,-0.8401416011094162,74.92943081252807,-0.10338306403769092,3.8941526964842303,7.661281934134234,-5.679286013294193,-19.090998497286446,0.9107559246144761,-7.073459890358463,-0.045913634706605325,-0.04591363471144966,22.428872959821593,-0.4462734234473721,0.9521736605195344,-0.10598301565264581,-0.1813145053880866,-0.37230807088589796,5.189230571880897
0.07604132807740602,0.5483558555584954,0.0846919052785641,0.6056669121760981,-1.0560689578351987,1.1928586314727554,2.014655993363449,0.44093153241212396,-1.6234283885739083,0.6878665434248588,-9.79500308312563,-61.44884041311276,61.85216690933492,-61.471707602749184,0.5873104540752792,12.456343832645109,4.343798472783012,-4.9593332203320575,59.256180530629116,-0.17483468317651163,3.7453755445927306,0.07445055473507635,-0.05518997966972683,-15.109053922589524,1.7783091149280246,-9.133593447281916,0.055859660736455735,0.05585966074234947,19.277777359055268,-0.533266293515086,0.9521736605195344,0.10527880956857508,0.06706152939011423,-0.37230807088589796,5.189230571880897
0.07604132807740602,0.4226582382384934,0.0846919052785641,0.6056669121760981,-1.0560689578351987,1.1928586314727554,2.014655993363449,0.44093153241212396,-1.6234283885739083,0.08563165782350235,-8.679009378356225,-28.23328280260043,28.418595185276285,-79.91655273733153,1.6625845064044273,11.479760272962492,-8.88528113261252,10.14436331912125,77.20758610494738,-0.12693263311388817,4.0405732362449065,-1.627269295830811,1.20628999573808,-19.821125204014656,2.088286329536354,-9.094064170930572,0.06742481309764213,0.06742481310475609,25.358620826459553,-0.6202591635827999,0.9521736605195344,0.07006850536503825,0.06706152939011423,-0.37230807088589796,5.189230571880897
0.07604132807740602,0.3598094295784924,0.0846919052785641,0.6056669121760981,-1.0560689578351987,1.1928586314727554,2.014655993363449,0.44093153241212396,-1.6234283885739083,0.4684148985247149,-10.648409415979001,-132.30876057042738,133.1771842617714,-115.99153679309165,1.5297124784502525,11.97844449339167,-7.306811398000158,8.342217699060656,110.23276851070253,0.05231366847714438,4.189345854010128,-1.4854592137436933,1.1011665943718985,-28.103773803102534,1.9749034336234959,-12.682824025349682,0.09286813811492217,0.09286813812472065,36.54876647740235,-0.7072520336505137,0.9521736605195344,0.03485820116150144,0.06706152939011423,-0.37230807088589796,5.189230571880897
0.07604132807740602,0.32838502524849217,0.0846919052785641,0.6056669121760981,-1.0560689578351987,1.1928586314727554,2.014655993363449,0.44093153241212396,-1.6234283885739083,1.1013696143104563,-12.448225277070973,-145.5949982294913,146.55062766218015,-135.40471106011364,0.29846732751302557,13.488317172441116,-0.917767234092972,1.047818760720142,129.0499355684057,-0.05527134911020186,5.207164252895541,-2.832653575471906,2.099837856117659,-33.21405547041319,2.270676870112001,-15.08557908205003,0.09286813811492217,0.09286813812472065,43.07103329965004,-0.7942449037182274,0.9521736605195344,-0.0003521030420353655,0.06706152939011423,-0.37230807088589796,5.189230571880897
0.07604132807740602,0.32838502524849217,0.0846919052785641,0.6056669121760981,-1.0560689578351987,1.1928586314727554,2.014655993363449,0.44093153241212396,-1.6234283885739083,-0.7919675432613769,-10.560896922540545,-1.6607742688839597,1.6716749508558635,-129.09555884449352,0.28235346788415316,14.014711243254146,6.523590048639841,-7.448010548085873,126.39226126132077,0.13115302695806624,4.8836362067529295,2.981553195937686,-2.210216711662502,-32.085877661954136,-1.5214700134100887,-10.482130450933033,-0.16850420069895464,-0.16850420071673347,39.552049566697036,-0.8812377737859413,0.9521736605195344,-0.03556240724557218,0.06706152939011423,-0.37230807088589796,5.189230571880897
0.07604132807740602,0.2393492129801671,0.0846919052785641,0.6056669121760981,-1.0560689578351987,1.1928586314727554,2.014655993363449,0.44093153241212396,-1.6234283885739083,0.5440625039481036,-9.02911974720558,133.41594610902706,-134.29163693935936,-102.29347160911941,0.8022721802647792,12.421705688536012,2.915659640077465,-3.3288210313664552,100.4168137486888,0.11615447211215636,4.026398423981355,12.482819903558255,-9.253478085552286,-25.170524243841662,-8.57106429261862,-11.189339313567052,0.06279875169056168,0.06279875169718754,31.83685838997077,-0.9682306438536551,0.9521736605195344,-0.07077271144910899,-0.1813145053880866,-0.37230807088589796,5.189230571880897
0.07604132807740602,0.2393492129801671,0.0846919052785641,0.6056669121760981,-1.0560689578351987,1.1928586314727554,2.014655993363449,0.44093153241212396,-1.6234283885739083,0.7748905214755876,-9.204184122188282,93.55723977495299,-94.17131342485368,-101.81021299103269,1.0377849482979116,12.996577868322902,-5.2021850851836735,5.939356872313192,99.55170301807091,0.2955344094012595,4.4868956236668485,1.0671197112454953,-0.7910527380000337,-25.289859932283758,-2.5700954515083154,-10.815961810262475,0.03041634728432344,0.03041634728753266,30.849910399195178,-1.055223513921369,0.9521736605195344,-0.10598301565264581,-0.1813145053880866,-0.37230807088589796,5.189230571880897
0.07604132807740602,0.2393492129801671,0.0846919052785641,0.6056669121760981,-1.0560689578351987,1.1928586314727554,2.014655993363449,0.44093153241212396,-1.6234283885739083,1.7009163810694208,-5.155956011444153,824.3001892329772,-829.710577857457,-92.31678251097397,1.3969197890446718,8.792453331058269,-23.091508744123786,26.363673899666626,90.92961928538544,-0.38590408309239266,3.1361023265473125,4.47055898694745,-3.3140123734457583,-23.219325209835315,-1.810233634516287,-4.191915223932298,-0.6681185828564536,-0.6681185829269466,27.449127204342624,-1.1422163839890829,0.9521736605195344,0.10527880956857508,0.06706152939011423,-0.37230807088589796,5.189230571880897
0.07604132807740602,0.11365159566016504,0.0846919052785641,0.6056669121760981,-1.0560689578351987,1.1928586314727554,2.014655993363449,0.44093153241212396,-1.6234283885739083,2.5482252318692256,-5.172367722188899,60.34167330695034,-60.73773278516758,-77.75987849742825,1.5699070611760357,8.91019443018175,-1.6694187370180336,1.9059824835367987,77.20758610494738,-0.40604651459221197,3.3108588884562664,5.534132829976577,-4.102436569650915,-20.099745046811037,-2.2882048278790443,-6.981221398117036,0.032729374518319344,0.03272937452177261,24.88776218066361,-1.229209254056797,0.9521736605195344,0.07006850536503825,0.06706152939011423,-0.37230807088589796,5.189230571880897
0.07604132807740602,-0.012046021659836419,0.0846919052785641,0.6056669121760981,-1.0560689578351987,1.1928586314727554,2.014655993363449,0.44093153241212396,-1.6234283885739083,0.5750215492771098,-7.426247040924351,131.20157353491177,-132.06273007744232,-66.38039342674652,0.8075146546421638,10.087625368519369,-3.247888471630396,3.708128103597395,64.7874489134297,0.02583463785461865,3.372257759393285,6.881327971659462,-5.101108409574805,-16.58275091867317,-3.184932561518927,-7.7631032312684045,0.02116423140925115,0.021164231411484182,21.323901113364588,-1.3162021241245108,0.9521736605195344,0.03485820116150144,0.06706152939011423,-0.37230807088589796,5.189230571880897
0.07604132807740602,-0.5200738916614909,-0.8563292644832539,0.6056669121760981,-1.0560689578351987,1.1928586314727554,2.014655993363449,0.44093153241212396,-1.6234283885739083,0.7433097181089322,-7.371536961985652,-57.020088621764586,57.39434649878036,-65.89454638542338,1.7294165647411013,9.512749864215333,-19.258082245779477,21.98703453666232,65.27915770540646,-0.08460736777637022,3.511589192724831,-0.9182194526349848,0.6806734094003579,-16.90084137491807,0.18565307148378946,-8.197971657098618,-0.05747878244173262,-0.057478782447797194,21.22124862810855,-1.4031949941922246,0.9521736605195344,-0.0003521030420353655,0.06706152939011423,-0.37230807088589796,5.189230571880897
0.07604132807740602,-0.6667211118681552,-0.8563292644832539,0.6056669121760981,-1.0560689578351987,1.1928586314727554,2.014655993363449,0.44093153241212396,-3.1502555943225676,0.29904780773077877,-7.4481258207523915,-70.30633070957366,70.76779435700283,-68.2674833866626,1.4382570590684085,10.655569254581012,4.945120351610091,-5.645864970933505,67.33826961590606,-0.18410818926301037,3.7571869435360483,-1.556364112977312,1.153728189931693,-17.445433898654805,1.5874742732320464,-6.058777439019505,-0.1476869347757255,-0.14768693479130793,20.720884018391956,1.2065911078391913,1.8099877690956916,-0.03556240724557218,0.06706152939011423,-0.6528704981403043,1.9076364903143848
0.07604132807740602,-0.6195845053731546,-0.8563292644832539,0.6056669121760981,-1.0560689578351987,1.1928586314727554,2.014655993363449,0.44093153241212396,-3.1502555943225676,0.469307708335911,-7.311370317458524,410.21258430460733,-412.90506154618765,-61.312260731435465,1.6007374552978426,10.676330864136752,-8.28396158390743,9.457834228830007,59.14815557103702,-0.1719033364122997,3.657997263638258,0.28716525243593155,-0.21287476634911004,-15.533705478097339,1.1677430190152138,-5.285670987144763,-0.11530449798707362,-0.11530449799923938,18.54168306632909,1.1195982377714775,1.8099877690956916,-0.07077271144910899,-0.1813145053880866,-0.6528704981403043,1.9076364903143848
0.07604132807740602,-0.6195845053731546,-0.8563292644832539,0.6056669121760981,-1.0560689578351987,1.1928586314727554,2.014655993363449,0.44093153241212396,-3.1502555943225676,2.190702783265111,-4.822257353339544,594.0054858124454,-597.9043087962284,-36.18333027555501,-0.36341563406823746,6.700763555910969,-21.813698408037837,24.904792395669357,31.871723123358436,0.07165774599857995,2.1891319177535733,10.001148075856761,-7.413821978151241,-8.246136848090211,-1.9846054412935732,-1.4377443101016658,-0.8786044104175433,-0.8786044105102446,9.943291815079155,1.0326053677037637,1.8099877690956916,-0.10598301565264581,-0.1813145053880866,-0.6528704981403043,1.9076364903143848
0.07604132807740602,-0.6195845053731546,-0.8563292644832539,0.6056669121760981,-1.0560689578351987,1.1928586314727554,2.014655993363449,0.44093153241212396,-3.1502555943225676,1.3604294231799063,-5.440430040809384,337.13817864017625,-339.3510236575843,-23.239402201275592,-0.2099869056518087,7.331052111948402,-4.0747074549699525,4.6521108590059175,18.91068023055549,0.1394583901390791,2.3072073671134263,0.07444984568537479,-0.05518945405324555,-4.8752062894953,1.0427486692902634,-0.5987571366100074,-1.1399766104496472,-1.1399766105699258,4.833918958573347,0.9456124976360497,1.8099877690956916,0.10527880956857508,0.06706152939011423,-0.6528704981403043,1.9076364903143848
0.07604132807740602,-0.7190951190848176,-0.8563292644832539,0.6056669121760981,-1.0560689578351987,1.1928586314727554,2.014655993363449,0.44093153241212396,-3.1502555943225676,1.8083375713437142,-3.071671372734385,69.19916360341124,-69.65336023283552,-10.027960585596675,-0.31843716084921725,4.678366691567558,-14.297177365569192,16.323148302186155,11.589711583468555,0.06082514085891349,2.165520455182622,-2.690843564289759,1.9947145073131256,-3.6539746780624864,1.2062822025114497,-3.8624736636941415,0.048920572095379374,0.04892057210054097,4.332882955665833,0.8586196275683359,1.8099877690956916,0.07006850536503825,0.06706152939011423,-0.6528704981403043,1.9076364903143848
0.07604132807740602,-0.8395553356831429,-0.8563292644832539,0.6056669121760981,-1.0560689578351987,1.1928586314727554,2.014655993363449,0.44093153241212396,-3.1502555943225676,0.49654035804279656,-7.070653847749386,-127.88001542219692,128.71937053793744,-33.91768341743284,0.17535594513002098,8.203734537372325,6.673920537137917,-7.619643507190349,34.582108404702446,-0.04719607796504542,3.211674876216312,-2.8326536463768766,2.0998379086793073,-8.896780761795778,0.053564304274739884,-5.579979395481783,0.08130299037979488,0.08130299038837313,10.428956447560898,0.771626757500622,1.8099877690956916,0.03485820116150144,0.06706152939011423,-0.6528704981403043,1.9076364903143848
0.07604132807740602,-0.7819439277448186,-0.8563292644832539,0.6056669121760981,-1.0560689578351987,1.1928586314727554,2.014655993363449,0.44093153241212396,-3.1502555943225676,1.0758212858611973,-8.421894327270921,-101.30755117593195,101.97249488165427,-50.68626566463928,1.1859719096642838,11.133458620283024,0.6607032521716449,-0.7543277175050355,47.1650639389316,0.012383679846435389,4.0193138516785005,3.761509285561563,-2.7883958922313328,-12.361274832658179,1.4007348778067819,-5.72493553742519,-0.25639934661621755,-0.25639934664327013,14.522122704757201,0.6846338874329081,1.8099877690956916,-0.0003521030420353655,0.06706152939011423,-0.6528704981403043,1.9076364903143848
0.07604132807740602,-0.7557569241364797,-0.8563292644832539,0.6056669121760981,-1.0560689578351987,1.1928586314727554,2.014655993363449,0.44093153241212396,-3.1502555943225676,0.6824841397526549,-5.949193073896686,299.49388916766884,-301.4596515831328,-12.725744702903448,-1.4767118311239233,9.561244595774923,-3.097560275671697,3.5364977618948905,8.878545398802682,0.13155744198935213,2.9070348665988957,4.683273188313513,-3.471696792193604,-2.286265358286084,-1.448120729792194,-3.089369320272383,-0.31653816109947036,-0.31653816113286826,3.597707411516906,0.5976410173651943,1.8099877690956916,-0.03556240724557218,0.06706152939011423,-0.6528704981403043,1.9076364903143848
0.07604132807740602,-0.7190951190848176,-0.8563292644832539,0.6056669121760981,-1.0560689578351987,1.1928586314727554,2.014655993363449,0.44093153241212396,-3.1502555943225676,0.6276066000370548,-5.309131103103924,-8.303907491837654,8.358411138954839,7.982288287727556,1.0858250878550264,8.363038749812992,-4.751195235741791,5.424459840053611,-9.233205657706586,-0.06862203261779708,2.4583467987935856,7.4485677327681685,-5.521601594546347,1.8679291009297634,1.024703023932831,-3.8580691054320404,0.007286051814068854,0.007286051814837604,-1.040206078969338,0.5106481472974803,1.8099877690956916,-0.07077271144910899,-0.1813145053880866,-0.6528704981403043,1.9076364903143848
0.07604132807740602,-0.7190951190848176,-0.8563292644832539,0.6056669121760981,-1.0560689578351987,1.1928586314727554,2.014655993363449,0.44093153241212396,-3.1502555943225676,0.8688501028461018,-6.78618507013159,-110.16503704364771,110.88811787150847,-13.74946609258492,1.8757808614717923,9.568176214017315,5.621607230399223,-6.418212922183701,13.597283874692565,-0.29628786464871376,3.502140073570177,-0.28007500500756805,0.20761878655396732,-4.171966748021895,2.2449663538776004,-4.635561139492115,-0.1453739283589955,-0.14537392837433388,5.260995701019164,0.42365527722976654,1.8099877690956916,-0.10598301565264581,-0.1813145053880866,-0.6528704981403043,1.9076364903143848
0.07604132807740602,-0.7190951190848176,-0.8563292644832539,0.6056669121760981,-1.0560689578351987,1.1928586314727554,2.014655993363449,0.44093153241212396,-3.1502555943225676,1.9187038385484134,-6.73694993789734,71.41351403380074,-71.88224480568388,-31.112609157009004,1.8220460295990955,9.422721939992849,5.170616178313736,-5.903314516860792,29.485412720792166,-0.3781585103051901,3.1242943281986992,0.2162596441526114,-0.16031264517283414,-7.848563598822309,2.455725928043457,-3.954707939029624,-0.22170388028054014,-0.22170388030393207,9.589361593969123,0.3366624071620526,1.8099877690956916,0.10527880956857508,0.06706152939011423,-0.6528704981403043,1.9076364903143848
0.07604132807740602,-0.7190951190848176,-0.8563292644832539,0.6056669121760981,-1.0560689578351987,1.1928586314727554,2.014655993363449,0.44093153241212396,-3.1502555943225676,1.1602127647927976,-9.46130442502102,78.05660961242066,-78.56894310236619,-56.67199439697076,1.263665922221409,13.252854921297018,-1.5942550148648102,1.8201677417678357,55.29882279403603,-0.022340673347041422,4.2719995753872775,2.201599233462913,-1.632039107943115,-14.246370942607884,1.9752092852782575,-6.3311136589173636,-0.19857367733146744,-0.19857367735241888,17.37808799335211,0.2496695370943388,1.8099877690956916,0.07006850536503825,0.06706152939011423,-0.6528704981403043,1.9076364903143848
0.07604132807740602,-0.7662317255798182,-0.8563292644832539,0.6056669121760981,-1.0560689578351987,1.1928586314727554,2.014655993363449,0.44093153241212396,-3.1502555943225676,1.7269956136192348,-5.593607758342878,658.2222461743353,-662.5425632136836,-31.543063941090306,-0.49159277688458086,8.085986789214553,-33.53947808935749,38.29216500796414,24.877432366123113,0.3492137454631291,2.4914085140507605,13.90092072442943,-10.304712099214099,-6.20303085702146,-2.7823083750104445,-1.67494526964542,-0.37667685993124583,-0.37667685997098893,7.366343402072081,0.16267666702662492,1.8099877690956916,0.03485820116150144,0.06706152939011423,-0.6528704981403043,1.9076364903143848
0.07604132807740602,-0.5357860938264913,-0.8563292644832539,0.6056669121760981,-1.0560689578351987,1.1928586314727554,2.014655993363449,0.44093153241212396,-3.1502555943225676,0.9609871945061792,-3.4874312104364766,629.4352477047572,-633.5666179852824,4.91112411868609,1.5248583267757938,6.0081635750691715,-7.607473803135591,8.68548524778231,-5.762610992049317,0.06446091479657959,2.451265627085435,-2.052699400282223,1.5216600947133276,0.7395920083163909,-0.029190073976773357,-4.8112753934161825,0.07898995967625466,0.07898995968458887,0.9768004127406629,0.07568379695891106,1.8099877690956916,-0.0003521030420353655,0.06706152939011423,-0.6528704981403043,1.9076364903143848
0.07604132807740602,-0.6300593068164776,-0.3858186796023452,0.6056669121760981,-1.0560689578351987,1.1928586314727554,2.014655993363449,0.44093153241212396,-3.1502555943225676,1.1672578458484164,-5.287252323275882,186.56091003151815,-187.78542391443543,-28.524833027215692,2.2999830967604202,7.144051347192457,5.170616178313736,-5.903314516860792,25.960805575338853,-0.09657012524191558,2.4630702248393423,1.563453793165914,-1.1589837492336503,-7.025701657429331,0.4876608135578635,-6.07195105319932,0.07205087219169305,0.07205087219929512,11.047344912959305,-0.011309073108802793,1.8099877690956916,-0.03556240724557218,0.06706152939011423,-0.6528704981403043,1.9076364903143848
0.07604132807740602,-0.6300593068164776,-0.3858186796023452,0.6056669121760981,-1.0560689578351987,1.1928586314727554,2.014655993363449,0.44093153241212396,-3.1502555943225676,0.5458301289541461,-6.474362565981308,299.49391131139464,-301.4596738722015,-36.18397738136522,0.8500909263683133,9.415800295301883,-12.71870763095683,14.521002682125559,33.6066300045254,-0.049091604888105746,3.499777793781514,3.9033178077393367,-2.8935181372412555,-9.14895943496914,0.8555047294298721,-7.1569145675113655,0.05585966536251484,0.05585966536840858,14.286145666361278,-0.09830194317651665,1.8099877690956916,-0.07077271144910899,-0.1813145053880866,-0.6528704981403043,1.9076364903143848
0.07604132807740602,-0.6300593068164776,-0.3858186796023452,0.6056669121760981,-1.0560689578351987,1.1928586314727554,2.014655993363449,0.44093153241212396,-3.1502555943225676,0.654360316108787,-7.2730693233908585,40.412297996187576,-40.67754873884616,-15.044971922004159,0.9570201920353194,9.145679952945848,-19.709069840264593,22.50192899442816,12.022462174608334,0.048151107390387825,3.0392805940960215,5.037798039006456,-3.734505032800818,-3.5742051735620026,1.2882211278651097,-6.203725147151007,-0.03203544585930485,-0.032035445862684905,9.3692153002872,-0.1852948132442305,1.8099877690956916,-0.10598301565264581,-0.1813145053880866,-0.6528704981403043,1.9076364903143848
0.07604132807740602,-0.6300593068164776,-0.3858186796023452,0.6056669121760981,-1.0560689578351987,1.1928586314727554,2.014655993363449,0.44093153241212396,-3.1502555943225676,-0.2338803725720887,-7.4809387387470245,-26.018879227269167,26.189657118663238,0.05537154985562177,0.6520356200784113,9.512753188732479,-0.3916114075411053,0.4471044121978568,-4.4624069603260565,0.05509605916504274,3.1266600085820677,0.8544048008297297,-0.633367793635706,0.3016880111664558,-0.2743640104275027,-6.080730651381899,-0.08754815730094541,-0.08754815731018259,3.876512268202051,-0.27228768331194436,1.8099877690956916,0.10527880956857508,0.06706152939011423,-0.6528704981403043,1.9076364903143848
0.07604132807740602,-0.4624624837231517,-0.3858186796023452,0.6056669121760981,-1.0560689578351987,1.1928586314727554,2.014655993363449,0.44093153241212396,-3.1502555943225676,-0.09077308967385288,-6.561893440535797,-17.16138893080826,17.27402967099531,-17.684645937672695,0.6914872733342979,9.256496082861217,-2.0452456159589456,2.335065632191997,14.681437987230172,0.1331188558037186,3.218756047924462,1.4216443492235276,-1.0538608209223022,-4.3441847757096665,-1.8978567529306392,-6.5595244780136674,-0.06673090062983446,-0.06673090063687522,8.014061148971697,-0.35928055337965825,1.8099877690956916,0.07006850536503825,0.06706152939011423,-0.6528704981403043,1.9076364903143848
0.07604132807740602,-0.12726883753649987,-0.3858186796023452,0.6056669121760981,-1.0560689578351987,1.1928586314727554,2.014655993363449,0.44093153241212396,-3.1502555943225676,1.2885554020578769,-5.331025638174289,-26.018870369778867,26.189648203035784,-20.704559326650614,0.3107138749775149,8.085993438248844,1.0365290036341757,-1.1834095789133636,20.646237864492395,0.030074063331283277,2.803131962439458,2.201599942512614,-1.6320396335595957,-5.724350116356618,-3.4143451661786464,-6.502427571485264,0.08824207902087126,0.08824207903018165,8.176255609324965,-0.4462734234473721,1.8099877690956916,0.03485820116150144,0.06706152939011423,-0.6528704981403043,1.9076364903143848
0.07604132807740602,-0.22154205052650172,-0.3858186796023452,0.6056669121760981,-1.0560689578351987,1.1928586314727554,2.014655993363449,0.44093153241212396,-3.1502555943225676,-0.30395556124153955,-5.796015356363194,-74.73507807217668,75.22561030974364,-27.015135175049643,0.8437677737220396,7.982095628507283,-0.9177679857452274,1.0478196188847235,23.629288555891975,0.040796729245769325,2.8054919751649865,5.179607979283634,-3.8396283290437023,-6.521089456435566,-1.2435154613735442,-5.540456444489361,-0.17081720711568463,-0.17081720713370752,9.207020839934335,-0.533266293515086,1.8099877690956916,-0.0003521030420353655,0.06706152939011423,-0.6528704981403043,1.9076364903143848
0.5729639089787766,-0.3943762743414894,-0.3858186796023452,0.6056669121760981,-1.0560689578351987,1.1928586314727554,2.014655993363449,0.44093153241212396,-3.1502555943225676,0.8188974253688076,-4.641731161020991,62.55602373733982,-62.96661735801596,-49.555771816489504,0.8430976989669005,8.03749538217212,-4.37536835680088,4.995376691398413,50.52685274167344,0.09621822140364578,2.7771570865482778,6.668613061243694,-4.943423465210477,-13.064960369763734,-1.408724218482712,-4.376396425321103,0.055859660736455735,0.05585966074234947,15.72942900811661,-0.6202591635827999,1.8099877690956916,-0.03556240724557218,0.06706152939011423,-0.6528704981403043,1.9076364903143848
0.5729639089787766,-0.6143471046514927,-0.3858186796023452,0.6056669121760981,-1.0560689578351987,1.1928586314727554,2.014655993363449,0.44093153241212396,-3.1502555943225676,0.5187718886057268,-6.069536866445808,159.9884169984097,-161.03851928236304,-58.83022169081589,1.254454398432336,9.353442327257532,-4.0747074549699525,4.6521108590059175,58.38794618672229,0.03148814378852705,2.7370085319251123,3.4778886959575064,-2.578148774129081,-15.069041743015758,-3.184796766338753,-5.98409603469026,0.06973784264466759,0.06973784265202561,18.496982414401703,-0.7072520336505137,1.8099877690956916,-0.07077271144910899,-0.1813145053880866,-0.6528704981403043,1.9076364903143848
0.5729639089787766,-0.6143471046514927,-0.3858186796023452,0.6056669121760981,-1.0560689578351987,1.1928586314727554,2.014655993363449,0.44093153241212396,-3.1502555943225676,1.2340067988956902,-5.768664255704421,299.49388916766884,-301.4596515831328,-38.610624164742966,0.23089469746421454,9.256496082861217,2.8404944897849593,-3.2430046590847907,38.21487066030272,0.17375351024305694,2.555171931839577,4.966892359818165,-3.6819428590628926,-9.79979448965981,-6.302980807039482,-6.5068194790295335,0.0859290494738458,0.08592904948291215,12.754803807133023,-0.7942449037182274,1.8099877690956916,-0.10598301565264581,-0.1813145053880866,-0.6528704981403043,1.9076364903143848
0.5336592980600243,-0.6143471046514927,-0.3858186796023452,0.6056669121760981,-1.0560689578351987,1.1928586314727554,2.014655993363449,0.44093153241212396,-3.1502555943225676,1.3683300664492424,-5.079369778551124,80.27102647398736,-80.79789454242042,-19.789034028217845,0.36617281721156225,7.414158391479932,-6.329664218701902,7.226604601949628,18.096588516999585,0.04850440676716176,2.1419044584854006,0.07444942025555398,-0.05518913868335682,-4.715762850986704,-2.5263759375697092,-6.39260668989597,0.08130299037979488,0.08130299038837313,7.675890999608366,-0.8812377737859413,1.8099877690956916,0.10527880956857508,0.06706152939011423,-0.6528704981403043,1.9076364903143848
0.5336592980600243,-0.6562463104248165,-0.3858186796023452,0.6056669121760981,-1.0560689578351987,1.1928586314727554,2.014655993363449,0.44093153241212396,-3.1502555943225676,0.5243105811835685,-5.374777946082937,-1.660780912001686,1.6716816375764505,-3.503969241421018,1.29468811993692,7.469568118696195,-0.46677588134658293,0.5329200121314001,3.290140922915641,0.08213497563544889,2.7936817097532387,-0.42188466166486466,0.3127418725502599,-1.6101996935456886,1.095342483480399,-6.682527407594674,0.023477249391128874,0.023477249393605952,5.2018424272432675,-0.9682306438536551,1.8099877690956916,0.07006850536503825,0.06706152939011423,-0.6528704981403043,1.9076364903143848
-0.05871733792974526,-0.7400447219714792,-0.3858186796023452,0.6056669121760981,-1.0560689578351987,1.1928586314727554,2.014655993363449,0.44093153241212396,-3.1502555943225676,0.7062213037744939,-5.80695474627721,20.482966972876316,-20.617409270661973,-21.406022023498018,2.126724800374646,8.169093068746083,-4.450532078954102,5.0811914331673735,19.073498573266967,-0.11431899820818689,2.6118439761361336,-1.272744445137868,0.9434817551308671,-4.941500354537406,1.6153250692329773,-4.292943856621175,-0.18932148975247926,-0.1893214897724545,8.176255609324965,-1.055223513921369,1.8099877690956916,0.03485820116150144,0.06706152939011423,-0.6528704981403043,1.9076364903143848
-0.05871733792974526,-0.7400447219714792,-0.3858186796023452,0.6056669121760981,-1.0560689578351987,1.1928586314727554,2.014655993363449,0.44093153241212396,-3.1502555943225676,1.3761438825487786,-4.390080553145261,403.56940015108444,-406.2182740932309,-18.224202761132872,1.4486838890944158,7.060931769592365,-8.960444103113488,10.230177202725635,17.39247402134265,-0.006469501256248622,2.7370028642672724,1.208929296997822,-0.8961757714346785,-5.100752652060536,-1.1046111965713912,-6.019237620403292,0.06279874937753212,0.062798749384158,8.426225895280774,-1.1422163839890829,1.8099877690956916,-0.0003521030420353655,0.06706152939011423,-0.6528704981403043,1.9076364903143848
-0.05871733792974526,-0.6929081154764786,-0.3858186796023452,0.6056669121760981,-1.0560689578351987,1.1928586314727554,2.014655993363449,0.44093153241212396,-3.1502555943225676,1.99100570369554,-4.570604119590092,221.9909155048132,-223.44797828324437,-1.8854281921989946,0.47622398992740794,6.631510539312784,-1.2935933613816297,1.4769010512107603,-1.263306349740821,-0.13968376960749712,2.3237376579762272,-2.832653575471906,2.099837856117659,-0.17600516774134892,-2.144738072295283,-5.347166126576346,-0.1338088037541637,-0.13380880376828183,2.4634062835578923,-1.229209254056797,1.8099877690956916,-0.03556240724557218,0.06706152939011423,-0.6528704981403043,1.9076364903143848
-0.05871733792974526,-1.169511581148133,-0.3858186796023452,0.6056669121760981,-1.0560689578351987,1.1928586314727554,2.014655993363449,0.44093153241212396,-3.1502555943225676,1.2421967402278786,-4.751135563656088,35.983552847957135,-36.21973501501222,15.42335798427783,1.2929726153913905,7.303335612530271,-4.6760292586318055,5.338642523790907,-15.254490875285327,-0.07845862226352296,2.522109083050837,-2.1236039449909905,1.5742214274648816,3.0228985041512586,-0.7264250288683561,-6.708880961313232,0.07205087219169305,0.07205087219929512,-1.2028952500948789,-1.3162021241245108,1.8099877690956916,-0.07077271144910899,-0.1813145053880866,-0.6528704981403043,1.9076364903143848
-0.05871733792974526,-1.169511581148133,1.4962236599212912,0.6056669121760981,-1.0560689578351987,1.1928586314727554,2.014655993363449,0.44093153241212396,-3.1502555943225676,0.30613831575494477,-4.209551734952998,-19.37578364864922,19.502958821980904,-1.3475538438406551,0.7445894009123376,6.077419916184501,-14.146846163001474,16.151514527825327,-0.6651344048171769,-0.189855049277428,2.0899479055136228,0.0035451591666666076,-0.002628016178395304,-0.37495107652961523,0.5027423739950606,-4.126017634691582,-0.19626060152385105,-0.19626060154455843,3.1259653536273544,-1.4031949941922246,1.8099877690956916,-0.10598301565264581,-0.1813145053880866,-0.6528704981403043,1.9076364903143848
-0.5612548632480806,-1.169511581148133,1.4962236599212912,0.6056669121760981,-1.0560689578351987,1.1928586314727554,2.014655993363449,0.44093153241212396,-2.5923764229913275,0.037560864874246765,-5.75771698816924,-101.30754674718679,101.97249042384054,-29.22694282987331,0.6828739126887114,6.105133091085486,-29.179892006200046,33.31480700561465,23.954144337991586,0.09349381906330309,2.779515965742237,-2.6908437060996993,1.9947146124364221,-7.1314663359203205,1.4857153879240912,-7.583009720517922,0.09518116766194765,0.09518116767199018,14.124622599199329,1.2065911078391913,2.667801877671849,0.10527880956857508,0.06706152939011423,-0.7555634738628406,-2.5751043900141397
-0.5612548632480806,-1.169511581148133,1.4962236599212912,0.6056669121760981,-1.0560689578351987,1.1928586314727554,2.014655993363449,0.44093153241212396,-2.5923764229913275,-1.0744568459640296,-6.572832830449823,-72.52070328368887,72.99670121891981,-26.474931245779253,0.9078390156106821,7.926682576773885,-0.8426020086352406,0.9620023026220187,21.242978153325712,0.32547011826251926,2.734648519199584,11.773770202172368,-8.727861604337859,-5.7511098542882655,-1.7109821305058703,-7.016352441565195,0.09518116766194765,0.09518116767199018,12.166274670492548,1.1195982377714775,2.667801877671849,0.07006850536503825,0.06706152939011423,-0.7555634738628406,-2.5751043900141397
-0.5612548632480806,-1.138087176818147,1.4962236599212912,0.6056669121760981,-1.0560689578351987,1.1928586314727554,2.014655993363449,0.44093153241212396,-2.5923764229913275,0.8865921653845027,-6.140661282002975,-23.804500010036207,23.960743570025663,-11.106168284386852,0.7396495447433351,8.550029541017498,-3.9995422295122225,4.566294400907794,9.042014494282624,0.17181269036375776,2.682689699164671,-1.7690793070129582,1.311413344542613,-2.4991645589956675,-0.9275734860895836,-7.4029098844085155,0.07436389942568897,0.07436389943353508,6.954673366535279,1.0326053677037637,2.667801877671849,0.03485820116150144,0.06706152939011423,-0.7555634738628406,-2.5751043900141397
-0.5612548632480806,-1.0647635667148079,1.4962236599212912,0.6056669121760981,-1.0560689578351987,1.1928586314727554,2.014655993363449,0.44093153241212396,-2.5923764229913275,1.1280846985834518,-6.228189530683754,-61.44884041311276,61.85216690933492,-4.369020286760428,0.052245034298568485,8.44613838031023,4.945120577105767,-5.6458652283828785,0.2555506122404842,0.22000649579149015,2.5693365423190135,-0.0673595982570114,0.04993347425810272,-0.44185042135855107,-2.4435494003730818,-7.420475406132591,0.09286813811492217,0.09286813812472065,4.436418853015477,0.9456124976360497,2.667801877671849,-0.0003521030420353655,0.06706152939011423,-0.7555634738628406,-2.5751043900141397
-0.5612548632480806,-1.127612375374809,1.4962236599212912,0.6056669121760981,-1.0560689578351987,1.1928586314727554,2.014655993363449,0.44093153241212396,-2.5923764229913275,1.5186838946043268,-6.031251627620446,-96.87880381332893,97.51467892891345,7.982288287727556,1.7036412032548296,7.995952215957787,-0.16611422786340235,0.1896533215743248,-9.721790836392934,-0.007426666943678687,2.8881445630105667,-0.7055045422192192,0.5229884650360304,1.7084856624215305,0.6885062032096129,-6.932901981318244,-0.03897453912644031,-0.0389745391305525,1.5948355133013872,0.8586196275683359,2.667801877671849,-0.03556240724557218,0.06706152939011423,-0.7555634738628406,-2.5751043900141397
-0.5612548632480806,-1.227122989086472,1.4962236599212912,0.6056669121760981,-1.0560689578351987,1.1928586314727554,2.014655993363449,0.44093153241212396,-2.5923764229913275,0.46533970667608815,-4.745665868699071,29.340435125611457,-29.533014429261257,17.15177759985187,1.5123822515934546,6.797736396444417,-5.051854634268211,5.767723956116946,-20.29574242330775,0.03162311584357822,2.271789039725428,0.21626006958243219,-0.16031296054272287,4.562857708446224,1.4928082145023134,-5.584362869214156,-0.004279102860147078,-0.0042791028605985645,-1.0702420901459133,0.771626757500622,2.667801877671849,-0.07077271144910899,-0.1813145053880866,-0.7555634738628406,-2.5751043900141397
-0.5612548632480806,-1.227122989086472,1.4962236599212912,0.6056669121760981,-1.0560689578351987,1.1928586314727554,2.014655993363449,0.44093153241212396,-2.5923764229913275,1.3330599892214678,-4.986363957292184,-147.80937080360653,148.77953452409713,2.3224420407581903,2.142406600894162,6.825432948759697,4.794789900694628,-5.474232054737257,-3.9743423838532994,-0.17567429717667474,2.3260988042333204,1.2798346216612608,-0.9487376823643614,0.46078102453527126,2.1842969310040186,-4.7278122824513895,-0.06904390704656446,-0.06904390705384926,1.8448411357408439,0.6846338874329081,2.667801877671849,-0.10598301565264581,-0.1813145053880866,-0.7555634738628406,-2.5751043900141397
-0.5612548632480806,-1.227122989086472,1.4962236599212912,0.6056669121760981,-1.0560689578351987,1.1928586314727554,2.014655993363449,0.44093153241212396,-2.5923764229913275,0.9399254398424562,-5.117665520871356,-21.590140722156438,21.731850081549858,2.8596692833077952,0.9690386264366146,6.922412438327426,5.020285727398273,-5.731681600664545,-3.8650159187242767,-0.20244353203567114,2.170237080038974,-1.8399845607714276,1.3639752029106482,0.38101152003478744,1.9591163632481259,-4.6575312194783,-0.05747876856355534,-0.057478768569619906,1.6241647948033981,0.5976410173651943,2.667801877671849,0.10527880956857508,0.06706152939011423,-0.7555634738628406,-2.5751043900141397
-0.5612548632480806,-1.227122989086472,1.4962236599212912,0.6056669121760981,-1.0560689578351987,1.1928586314727554,2.014655993363449,0.44093153241212396,-2.5923764229913275,0.5603746865873329,-6.014839916875699,-119.02252512573602,119.80374309026952,5.448869045881507,0.41188325632689904,7.497267995528608,5.9222682073953745,-6.761478840392654,-6.3592211303292325,-0.29268034511578256,2.4795993821705777,-1.627269295830811,1.20628999573808,0.9260818962341086,2.5981742765939737,-4.3368608236108335,-0.08986119610008904,-0.08986119610957027,0.6963700778037005,0.5106481472974803,2.667801877671849,0.07006850536503825,0.06706152939011423,-0.7555634738628406,-2.5751043900141397
-0.5612548632480806,-1.0909505703231464,1.4962236599212912,0.6056669121760981,-1.0560689578351987,1.1928586314727554,2.014655993363449,0.44093153241212396,-2.5923764229913275,1.0840497331556445,-6.20630812498199,-125.66564506245429,126.49046590492732,-15.150579590016433,1.542083161860759,7.192519482614901,4.945120577105767,-5.6458652283828785,12.40380329702446,-0.14988955173266028,2.37569534447957,0.7125941515028509,-0.5282439717763395,-3.3484676700112996,2.1313248789417396,-3.9283586022170174,-0.11993055708112453,-0.11993055709377837,4.818794943533914,0.42365527722976654,2.667801877671849,0.03485820116150144,0.06706152939011423,-0.7555634738628406,-2.5751043900141397
-0.5612548632480806,-1.0909505703231464,1.4962236599212912,0.6056669121760981,-1.0560689578351987,1.1928586314727554,2.014655993363449,0.44093153241212396,-2.5923764229913275,1.0494869827705382,-4.198604467417815,64.77039631145504,-65.19552421993292,-9.273564633580945,0.5924122882023329,7.68427873383598,-0.2412802049733876,0.27547063783702835,6.655834242269755,0.10643856027449167,2.3780530901419636,-0.7764100086925987,0.5755504810890096,-1.9949983536340532,2.6484986067331775,-2.250375821421797,-0.4321895921901524,-0.4321895922357526,2.6400887022429216,0.3366624071620526,2.667801877671849,-0.0003521030420353655,0.06706152939011423,-0.7555634738628406,-2.5751043900141397
-0.5612548632480806,-1.3790076100147974,1.4962236599212912,0.6056669121760981,-1.0560689578351987,1.1928586314727554,2.014655993363449,0.44093153241212396,-2.5923764229913275,1.242479117284443,-5.112195825914348,-74.7350758578041,75.22560808083679,10.894911533589886,1.0850308771538697,7.947474106983916,-3.323055952044892,3.793947136189261,-12.81351724015455,-0.1406997111385608,2.7110302554392236,-3.1871784261648495,2.362646096724872,2.1465170868949888,2.8717297466096556,-4.569682526328166,-0.006592123155054356,-0.006592123155749889,-0.9969188863914848,0.2496695370943388,2.667801877671849,-0.03556240724557218,0.06706152939011423,-0.7555634738628406,-2.5751043900141397
-0.5612548632480806,-1.2375977905298106,1.4962236599212912,0.6056669121760981,-1.0560689578351987,1.1928586314727554,2.014655993363449,0.44093153241212396,-2.5923764229913275,1.0891559257587047,-4.0399544290535925,303.9226343158993,-305.9174653069668,22.219910295162915,1.6995976486979527,7.559609340987253,3.4418160679511356,-3.9295360664204058,-22.628040346077974,-0.006347988225074446,2.7629868084110014,-0.4927896318034536,0.36530352067170274,4.921406339897399,1.9075997627906,-4.257804379361119,-0.041287566360436234,-0.04128756636479248,-3.9266667530294495,0.16267666702662492,2.667801877671849,-0.07077271144910899,-0.1813145053880866,-0.7555634738628406,-2.5751043900141397
-0.5612548632480806,-1.2375977905298106,1.4962236599212912,0.6056669121760981,-1.0560689578351987,1.1928586314727554,2.014655993363449,0.44093153241212396,-2.5923764229913275,1.6418986953921357,-3.27955129158543,288.4220484408185,-290.31513956261654,18.121789207393345,1.72432958448793,5.703418386672622,-10.989907445429003,12.547224145868718,-19.53774559840817,-0.08066540104549999,1.7947581485824304,-0.7055047549341297,0.5229886227209747,4.681683687594226,0.13989117530812661,-1.2093250571934655,-0.37667685993124583,-0.37667685997098893,-4.986231217884508,0.07568379695891106,2.667801877671849,-0.10598301565264581,-0.1813145053880866,-0.7555634738628406,-2.5751043900141397
-0.5612548632480806,-1.2375977905298106,2.672500122123564,0.6056669121760981,-1.0560689578351987,1.1928586314727554,2.014655993363449,0.44093153241212396,-2.5923764229913275,1.5748507548732054,-1.9830261427500395,680.3658833405848,-684.8315426765789,7.498123721509207,1.098249174478777,5.710346680397867,-11.666395977853098,13.319573985080993,-6.414014513447144,0.018517940204152542,2.219832486753654,-1.0600293929121622,0.7857967056432431,1.1378023942015514,0.8604139808744962,-2.0175773116871762,-0.24946025797514113,-0.2494602580014616,-1.2766071551702365,-0.011309073108802793,2.667801877671849,0.10527880956857508,0.06706152939011423,-0.7555634738628406,-2.5751043900141397
-0.5612548632480806,-1.1799863825914714,2.672500122123564,0.6056669121760981,-1.0560689578351987,1.1928586314727554,2.014655993363449,0.44093153241212396,-2.5923764229913275,1.6551267517928026,-2.0322665267317315,264.06392798182526,-265.79714179246116,7.821158941311994,1.5096870986990136,4.01344664045532,-7.306812901304665,8.342219415389819,-9.938621658900455,-0.15498593998671972,0.9847546262684387,5.463227859837986,-4.049874921529472,2.080063737698567,-1.2052524705010872,-0.10679180425139065,-0.37667690619183686,-0.3766769062315799,-1.9831954839761656,-0.09830194317651665,2.667801877671849,0.07006850536503825,0.06706152939011423,-0.7555634738628406,-2.5751043900141397
-0.5612548632480806,-1.0490513645498076,2.672500122123564,0.6056669121760981,-1.0560689578351987,1.1928586314727554,2.014655993363449,0.44093153241212396,-2.5923764229913275,2.366249074309756,-1.8462601359612931,173.27467458682688,-174.41198274293365,11.597021336247497,0.7901986922198082,3.286215164538728,-14.89850142418781,17.009682541464887,-13.082798735812906,-0.10028918285570068,1.7569741408110677,-0.20917010577394948,0.1550571909941727,2.4654039639118177,0.04179756668548619,-1.4772841287178793,-0.001966073313121628,-0.001966073313329068,-2.2627070703358743,-0.1852948132442305,2.667801877671849,0.03485820116150144,0.06706152939011423,-0.7555634738628406,-2.5751043900141397
0.07604132807740602,-0.8500301371264809,2.672500122123564,0.6056669121760981,-1.0560689578351987,1.1928586314727554,2.014655993363449,0.44093153241212396,-2.5923764229913275,1.0517806042544948,-2.951317076690395,-94.66442902484113,95.2857698380896,8.03677459683774,0.803099989014003,3.881845629364211,-8.434291283170639,9.629466286861673,-8.529611764263242,-0.2818141640069758,1.971872456153773,-2.8326535045669363,2.0998378035560106,1.1646895594567213,1.5256493981475707,-2.3338431492925413,-0.04822664806242396,-0.04822664806751234,-0.7020359296060062,-0.27228768331194436,2.667801877671849,-0.0003521030420353655,0.06706152939011423,-0.7555634738628406,-2.5751043900141397
0.07604132807740602,-1.1119001732098086,2.672500122123564,0.6056669121760981,-1.0560689578351987,1.1928586314727554,2.014655993363449,0.44093153241212396,-2.5923764229913275,0.04221618537674039,-3.1427800330492497,-119.02252734010861,119.80374531917639,9.654539119089572,1.4656974690841649,4.352823323926685,3.366650917658629,-3.84371969413874,-10.264518645430202,-0.12224562350275735,1.350794640354443,3.406983725818918,-2.5255871260076375,2.29258065643758,2.3758073395168506,-2.623753324726381,-0.022783325358173463,-0.022783325360577325,-1.3357250924620847,-0.35928055337965825,2.667801877671849,-0.03556240724557218,0.06706152939011423,-0.7555634738628406,-2.5751043900141397
0.07604132807740602,-1.0804757688798077,2.672500122123564,0.6056669121760981,-1.0560689578351987,1.1928586314727554,2.014655993363449,0.44093153241212396,-2.5923764229913275,1.331877126328551,-3.3834991286321108,-94.66443345358628,95.28577429590334,-5.929839497828574,0.48749914119514365,5.384816610825556,-9.486602936274373,10.83089498390624,4.59529067567984,-0.07657607709398956,1.4594198370280724,-3.258083467208408,2.4152077974079624,-1.3311657119479487,2.4717906114942796,-3.2738589554730773,0.06511178123758712,0.06511178124445705,2.6694179837449337,-0.4462734234473721,2.667801877671849,-0.07077271144910899,-0.1813145053880866,-0.7555634738628406,-2.5751043900141397
0.415277178939392,-1.0804757688798077,2.672500122123564,0.6056669121760981,-1.0560689578351987,1.1928586314727554,2.014655993363449,0.44093153241212396,-2.5923764229913275,0.6885263040788544,-4.4776088018260385,-110.16503704364771,110.88811787150847,-16.22969323693973,1.0673216407372943,5.627220453763473,2.765328813335875,-3.157187686087918,14.030034465830866,-0.02265593427690032,2.3095719139652253,-0.2800747213876874,0.20761857630737474,-4.463966459783915,2.7271137319843057,-4.486217306910398,0.09518116766194765,0.09518116767199018,7.145490378715595,-0.533266293515086,2.667801877671849,-0.10598301565264581,-0.1813145053880866,-0.7555634738628406,-2.5751043900141397
0.24916915526344352,-1.0804757688798077,2.672500122123564,0.6056669121760981,-1.0560689578351987,1.1928586314727554,2.014655993363449,0.44093153241212396,-2.5923764229913275,0.22149176628249964,-6.1078378605134755,-130.09438799631215,130.94827739985442,-12.294254549529049,1.0111749405649142,8.356103807053454,5.997433432853107,-6.847295298490779,9.801573125827412,-0.0656944801528697,2.8456325950671726,-0.8473144824963964,0.6281117612789155,-3.043406657592628,2.4029781368917003,-6.085122558926159,0.08824207902087126,0.08824207903018165,7.08647845087469,-0.6202591635827999,2.667801877671849,0.10527880956857508,0.06706152939011423,-0.7555634738628406,-2.5751043900141397
0.08306000859861186,-1.2637847941381342,2.672500122123564,0.6056669121760981,-1.0560689578351987,1.1928586314727554,2.014655993363449,0.44093153241212396,-2.5923764229913275,0.36322994830042404,-6.594719487899021,-94.66442459609598,95.28576538027588,-15.580387268288998,2.2850626162213215,8.83400647082404,1.111694153926682,-1.2692259511950295,11.481686623876469,-0.15115059545209583,2.798405135798996,0.35806979714469916,-0.2654360991006637,-3.3750999806194235,1.9461499121737702,-6.546342430021956,0.07898996083276942,0.07898996084110363,7.395496001155052,-0.7072520336505137,2.667801877671849,0.07006850536503825,0.06706152939011423,-0.7555634738628406,-2.5751043900141397
-0.08304913806621991,-1.6408776460981254,2.672500122123564,0.6056669121760981,-1.0560689578351987,1.1928586314727554,2.014655993363449,0.44093153241212396,-2.5923764229913275,0.6292610980494024,-6.326657169278545,-141.16625219551182,142.09281304678342,-35.53544793968467,1.5027717951915398,6.8600744173859285,0.9613634023503173,-1.09759269173295,30.461672024291083,-0.030170341169958252,2.5197490703253087,1.3507390954650589,-1.0012989625542672,-8.25999456951916,1.718598269663117,-4.077702434798734,-0.034348486971478034,-0.034348486975102135,12.887668985984277,-0.7942449037182274,2.667801877671849,0.03485820116150144,0.06706152939011423,-0.7555634738628406,-2.5751043900141397
-0.24915716174216823,-1.5832662381598004,2.672500122123564,-3.1797512889245168,-1.0560689578351987,1.1928586314727554,2.014655993363449,0.44093153241212396,-2.5923764229913275,1.4647016814294826,-6.200833178277538,-34.876369523730055,35.10528456633114,-24.264935487221823,0.9197739853873054,6.8600744173859285,2.3143376860851617,-2.6422891949485505,20.756084931836487,-0.23302546495117202,2.8881422959474317,-2.407223825545345,1.7844680199506517,-6.029984551731328,3.164898529269886,-6.761583851844389,0.09518116766194765,0.09518116767199018,11.915456308927183,-0.8812377737859413,2.667801877671849,-0.0003521030420353655,0.06706152939011423,-0.7555634738628406,-2.5751043900141397
-0.41526630840699996,-1.562316635273124,2.672500122123564,-3.1797512889245168,-1.0560689578351987,1.1928586314727554,2.014655993363449,0.44093153241212396,-2.5923764229913275,-0.45410490511992235,-9.149463539754702,4.9823368103439885,-5.015038948174491,-1.7219692648713858,1.854329274052067,9.935256098838229,5.621607230399223,-6.418212922183701,-7.389492913624191,-0.015606412568505203,3.1313766334384154,14.397252679200745,-10.672641533598272,1.7620051382844615,0.4716782322138831,-9.155559310362156,0.08824207902087126,0.08824207903018165,6.350560840567149,-0.9682306438536551,2.667801877671849,-0.03556240724557218,0.06706152939011423,-0.7555634738628406,-2.5751043900141397
-0.41526630840699996,-1.6094532417681244,2.672500122123564,-3.1797512889245168,-1.0560689578351987,1.1928586314727554,2.014655993363449,0.44093153241212396,-2.5923764229913275,0.9140591226133674,-7.1308336216451025,-147.80937080360653,148.77953452409713,34.243265645699644,1.9698399527470234,7.635800624862109,5.546442155271943,-6.332396635718493,-40.145784275381196,-0.15391322714749364,2.7795091645528225,-3.258083467208408,2.4152077974079624,9.12889727715992,-1.6231766260963871,-9.11602792555784,0.09518116766194765,0.09518116767199018,-4.809902164036759,-1.055223513921369,2.667801877671849,-0.07077271144910899,-0.1813145053880866,-0.7555634738628406,-2.5751043900141397
-0.5416025577887044,-1.6094532417681244,2.672500122123564,-3.1797512889245168,-1.0560689578351987,1.1928586314727554,2.014655993363449,0.44093153241212396,-2.5923764229913275,0.9502754901554754,-4.833194117379848,-134.52313535891517,135.40609335259524,33.75974818528856,1.3267052914267763,5.460997921148986,4.118302871575043,-4.7018839318541445,-35.47949647264362,-0.1348678731382807,2.193854210267765,-2.3363189972166967,1.7319064769525057,8.080042977569194,0.45965183605835264,-7.055894368634385,0.00034695623390384274,0.00034695623394044996,-5.546667849953855,-1.1422163839890829,2.667801877671849,-0.10598301565264581,-0.1813145053880866,-0.7555634738628406,-2.5751043900141397
-0.5416025577887044,-1.6094532417681244,2.672500122123564,-3.1797512889245168,-1.0560689578351987,1.1928586314727554,2.014655993363449,0.44093153241212396,-2.5923764229913275,1.0480618846575305,-4.466672037785735,-85.8069409427528,86.37014461932854,5.881135726227567,1.6672848143851038,4.512137509918792,-4.300201628038639,4.909558516971127,-10.211156918402626,-0.0679828005741873,1.893942160822381,2.41431485292838,-1.7897245779239237,1.761368001666843,2.227951956436559,-7.029528164197988,0.07898996083276942,0.07898996084110363,2.6402653846619644,-1.229209254056797,2.667801877671849,0.10527880956857508,0.06706152939011423,-0.7555634738628406,-2.5751043900141397
-0.5416025577887044,-1.6408776460981254,1.4962236599212912,-3.1797512889245168,-1.0560689578351987,1.1928586314727554,2.014655993363449,0.44093153241212396,-2.5923764229913275,1.3798941871017136,-4.696435988212256,-112.37940961776293,113.11702473342544,-25.722217768866834,1.7767313401236255,5.052371545596582,-0.16611422786340235,0.1896533215743248,20.591574631926402,-0.09554454284977686,1.4405295334397434,2.768838994571621,-2.052532292914655,-5.405622523494102,1.501020641091141,-6.8757966409779545,0.08824207902087126,0.08824207903018165,11.165368768640711,-1.3162021241245108,2.667801877671849,0.07006850536503825,0.06706152939011423,-0.7555634738628406,-2.5751043900141397
-0.5416025577887044,-1.6670646497064636,1.4962236599212912,-3.1797512889245168,9.504620620516786,-0.9372460675857364,2.014655993363449,0.44093153241212396,-2.5923764229913275,0.28743435917894306,-3.53666109092329,-114.59377997750558,115.34592936643557,-24.857166723527428,1.2426956710482067,3.7225580395092517,-6.555159143422842,7.48405311807942,18.31393994172217,-0.08254770757985834,1.4334449611368882,1.4925492484571463,-1.1064224164820966,-4.7957234964722915,1.1293737215393644,-4.240230423825146,-0.33272929853776223,-0.33272929857286837,8.028725789722502,1.2065911078391913,3.525615986248006,0.03485820116150144,0.06706152939011423,-0.6528704981403044,-7.057845270342664
-0.5416025577887044,-1.5832662381598004,1.4962236599212912,-3.1797512889245168,9.504620620516786,-0.9372460675857364,2.014655993363449,0.44093153241212396,-2.5923764229913275,1.998125405782595,0.9382609956895104,86.91414419633307,-87.48461512817137,44.59928816902282,1.5484203431656995,2.4620141726058224,-8.509457260280623,9.715283603124375,-44.105614872494755,-0.10125825643836957,0.543151130765984,4.895989516828682,-3.6293827877908944,10.57567525115797,-0.6592927781436566,-1.8901761492029885,-0.05516574132955944,-0.05516574133537996,-10.360910394287847,1.1195982377714775,3.525615986248006,-0.0003521030420353655,0.06706152939011423,-0.6528704981403044,-7.057845270342664
0.06761891145195904,-1.5832662381598004,1.4962236599212912,-3.1797512889245168,9.504620620516786,-0.9372460675857364,2.014655993363449,0.44093153241212396,-2.5923764229913275,1.4284614049565603,-2.852846812221879,-127.88001763656949,128.71937276684432,57.2703964342699,1.2962992937016091,3.5909703264867163,-0.015784528600193318,0.018021263542658393,-59.93908048602984,-0.469508461023194,1.6459843972856394,-3.1871784261648495,2.362646096724872,13.801020092673234,-2.802150380374743,-3.4759225462097505,0.09518116766194765,0.09518116767199018,-14.071241186677085,1.0326053677037637,3.525615986248006,-0.03556240724557218,0.06706152939011423,-0.6528704981403044,-7.057845270342664
-0.44614850270030554,-1.6513524475414634,1.4962236599212912,-3.1797512889245168,9.504620620516786,-0.9372460675857364,2.014655993363449,0.44093153241212396,-2.5923764229913275,1.0264372634278485,3.1647787102713116,1980.2026729211245,-1993.1999597781207,13.698950424719149,-0.1591707421091156,-4.6095064001794395,-59.922469218412246,68.41373836774721,-19.37505740625009,-0.13069111325860416,-1.4830365478501852,34.88879330355105,-25.862960994394058,4.655242517971569,-6.801511049772316,2.194936728213047,-1.237123735773239,-1.2371237359037675,-1.674142597211754,0.9456124976360497,3.525615986248006,-0.07077271144910899,-0.1813145053880866,-0.6528704981403044,-7.057845270342664
-0.37764618081333684,-1.6513524475414634,1.4962236599212912,-3.1797512889245168,9.504620620516786,-0.9372460675857364,2.014655993363449,0.44093153241212396,-2.5923764229913275,0.38923959327792,0.9163769641140248,-141.16625086688828,142.09281170943933,19.145510597074814,1.474567353773943,-0.8832878512025266,-11.065074174191244,12.633042320296001,-19.212369214092007,0.1886383792915369,-1.2161850801304062,14.184541314033487,-10.51495921731635,5.929356468649694,1.3063776820893633,2.906548040656206,-0.6426753040997646,-0.6426753041675731,-7.033485739673373,0.8586196275683359,3.525615986248006,-0.10598301565264581,-0.1813145053880866,-0.6528704981403044,-7.057845270342664
-0.3091438589263683,-1.6513524475414634,1.4962236599212912,-3.1797512889245168,9.504620620516786,-0.9372460675857364,2.014655993363449,0.44093153241212396,-2.5923764229913275,0.2527961069070549,-0.2762003476746874,-147.80937080360653,148.77953452409713,44.54570780804575,-0.3331938951119448,1.9910431270776288,5.1706164038094125,-5.903314774310166,-41.283300114946364,0.1349609045840332,0.17003107850339882,-3.825323228317117,2.8357009823795027,10.137611969853358,3.0040817519232035,0.04255835368924613,0.09286813811492217,0.09286813812472065,-11.8480463123614,0.771626757500622,3.525615986248006,0.10527880956857508,0.06706152939011423,-0.6528704981403044,-7.057845270342664
-0.24064153703939967,-1.6618272489848018,1.4962236599212912,-3.1797512889245168,9.504620620516786,-0.9372460675857364,2.014655993363449,0.44093153241212396,-2.5923764229913275,0.6172763060510774,0.9874935020500457,-145.59499712230502,146.55062654772672,46.80928392758172,0.5880769611227662,-1.2572893807144052,-0.9929324595507034,1.133635218818265,-46.05657167284737,-0.24094390505923566,-0.5313438465422584,-3.116273456026261,2.3100844486034293,11.332434268493943,1.589726541408671,-0.0013670471123085537,0.07667692897271441,0.07667692898080458,-12.55459930468328,0.6846338874329081,3.525615986248006,0.07006850536503825,0.06706152939011423,-0.6528704981403044,-7.057845270342664
-0.17213921515243102,-1.6513524475414634,1.4962236599212912,-3.1797512889245168,9.504620620516786,-0.9372460675857364,2.014655993363449,0.44093153241212396,-2.5923764229913275,0.5063466689345072,0.08484941108869502,-156.66686110006742,157.69516197176503,53.1722753465018,1.4877621914091472,0.12100223434678585,4.569294449817109,-5.216782937892261,-54.136968800924215,-0.11502528673600708,-0.36131411127377044,-2.9035586165154648,2.1523995568007495,13.190483929034166,1.5287912099814411,-1.3850329857586126,0.09518116766194765,0.09518116767199018,-12.93764678839263,0.5976410173651943,3.525615986248006,0.03485820116150144,0.06706152939011423,-0.6528704981403044,-7.057845270342664
-0.10363689326546248,-1.6723020504281254,1.4962236599212912,-3.1797512889245168,9.504620620516786,-0.9372460675857364,2.014655993363449,0.44093153241212396,-2.5923764229913275,0.6102112169954611,-0.04644164899559988,-161.09560624829788,162.152975695599,61.368517522038,-1.8931088272388994,-0.32919722807424145,6.523590048639841,-7.448010548085873,-60.59048400742766,-0.17737810460003886,-0.4416066863938226,-3.896228198455705,2.888262630500946,14.478455601141237,1.3037981418467106,-1.1039087338662794,0.09518116766194765,0.09518116767199018,-15.161018345127358,0.5106481472974803,3.525615986248006,-0.0003521030420353655,0.06706152939011423,-0.6528704981403044,-7.057845270342664
-0.035134571378493816,-1.6618272489848018,1.4962236599212912,-3.1797512889245168,9.504620620516786,-0.9372460675857364,2.014655993363449,0.44093153241212396,-2.5923764229913275,0.12123583090028646,0.6592592871550094,-161.09560624829788,162.152975695599,54.84374965089215,-2.6285622009444896,-1.9775992119400425,6.8994162135111115,-7.87709288148472,-55.38250960008296,-0.1984646961702439,-0.519534714662076,-4.10894310887147,3.045947574865273,13.270412717688963,0.8898418191435998,0.5565085252048646,0.09518116766194765,0.09518116767199018,-13.452676038860035,0.42365527722976654,3.525615986248006,-0.03556240724557218,0.06706152939011423,-0.6528704981403044,-7.057845270342664
0.03336775050847484,-1.5780288374381242,1.4962236599212912,-3.1797512889245168,9.504620620516786,-0.9372460675857364,2.014655993363449,0.44093153241212396,-2.5923764229913275,0.32145047590374776,1.3266671068591083,-161.09560624829788,162.152975695599,47.61687197708869,-2.250818874971829,-2.2546445235041905,7.049746664426575,-8.048725797680968,-48.00687772043005,-0.2507548414236354,-0.8407038816107272,-4.10894310887147,3.045947574865273,11.49127242721571,-0.06755817827321513,2.13344369723444,0.09518116766194765,0.09518116767199018,-12.525270023181667,0.3366624071620526,3.525615986248006,-0.07077271144910899,-0.1813145053880866,-0.6528704981403044,-7.057845270342664
0.10187007239544338,-1.5780288374381242,1.4962236599212912,-3.1797512889245168,9.504620620516786,-0.9372460675857364,2.014655993363449,0.44093153241212396,-2.5923764229913275,0.612163444114685,3.8814190363359367,-161.09560624829788,162.152975695599,50.906757909541085,-0.7595642065479634,-2.538621453310731,7.049746664426575,-8.048725797680968,-49.256323036199596,-0.15944323937827437,-1.357876526187481,-4.10894310887147,3.045947574865273,12.579756624409631,0.43907068446020664,3.416087328550787,0.09518116766194765,0.09518116767199018,-14.851117382753388,0.2496695370943388,3.525615986248006,-0.10598301565264581,-0.1813145053880866,-0.6528704981403044,-7.057845270342664
0.17037239428241202,-1.5780288374381242,1.4962236599212912,-3.1797512889245168,9.504620620516786,-0.9372460675857364,2.014655993363449,0.44093153241212396,-2.5923764229913275,1.1426763190593998,3.7501332279990858,-161.09560624829788,162.152975695599,68.05687374167438,-0.09144320737553112,-3.9723094975196127,7.049746664426575,-8.048725797680968,-65.25182608912431,-0.26395780975782784,-1.308285653599075,-4.10894310887147,3.045947574865273,16.310064092058443,0.7576723134613167,3.5302980092313754,0.09518116766194765,0.09518116767199018,-19.84296109434967,0.16267666702662492,3.525615986248006,0.10527880956857508,0.06706152939011423,-0.6528704981403044,-7.057845270342664
0.23887471616938055,-1.5675540359948006,1.4962236599212912,-3.1797512889245168,9.504620620516786,-0.9372460675857364,2.014655993363449,0.44093153241212396,-2.5923764229913275,0.7078750467679734,4.127594697507214,-161.09560624829788,162.152975695599,56.02860038698918,-0.1006341007842119,-3.0372890511541915,5.922268282560601,-6.761478926209112,-55.87109477876932,0.0010151955575062074,-1.3366239428104885,-4.10894310887147,3.045947574865273,13.893723470507206,1.4862864094976298,4.566950540556525,0.09518116766194765,0.09518116767199018,-17.045159657986105,0.07568379695891106,3.525615986248006,0.07006850536503825,0.06706152939011423,-0.6528704981403044,-7.057845270342664
0.30737703805634925,-1.6723020504281254,1.4962236599212912,-3.1797512889245168,9.504620620516786,-0.9372460675857364,2.014655993363449,0.44093153241212396,-2.5923764229913275,-0.11293830441289303,2.7107231302489883,-161.09560624829788,162.152975695599,52.36404019118462,0.1490432506504475,-1.5689595383190782,5.847103057102869,-6.675662468110989,-53.16149040074864,-0.3860045723646381,-0.427437541788116,-3.9671331685942937,2.940824278622388,12.752420647729554,1.8751352261116103,2.7571957742625854,0.09518116766194765,0.09518116767199018,-13.688193702967329,-0.011309073108802793,3.525615986248006,0.03485820116150144,0.06706152939011423,-0.6528704981403044,-7.057845270342664
0.3758793599433179,-1.0700009674364699,1.4962236599212912,-3.1797512889245168,9.504620620516786,-0.9372460675857364,2.014655993363449,0.44093153241212396,-2.5923764229913275,0.24037843742451354,1.7533663344752157,-161.09560624829788,162.152975695599,55.599569235688286,0.6303744279939011,-1.0910701726170642,7.049746664426575,-8.048725797680968,-56.250613793434916,-0.15062998895404106,-0.7887507292336579,-4.038038138732882,2.993385926743831,14.43799742593496,3.0210266608682814,1.3427738320885978,0.09518116766194765,0.09518116767199018,-15.160664980289676,-0.09830194317651665,3.525615986248006,-0.0003521030420353655,0.06706152939011423,-0.6528704981403044,-7.057845270342664
0.44438168183028653,-0.8552675378481427,1.4962236599212912,-3.1797512889245168,9.504620620516786,-0.9372460675857364,2.014655993363449,0.44093153241212396,-2.5923764229913275,1.1354471392365106,1.9831355366491814,-156.66686110006742,157.69516197176503,78.46311167576947,1.215351339661134,-2.531689835068339,6.448424860764722,-7.3621941328959775,-78.26766236504515,-0.21382127536939521,-0.9044684329311179,-3.4707983492621857,2.5728927207476313,19.50896776395105,2.951908164156739,0.4247259974412722,0.09518116766194765,0.09518116767199018,-20.269790481409547,-0.1852948132442305,3.525615986248006,-0.03556240724557218,0.06706152939011423,-0.6528704981403044,-7.057845270342664
0.512884003717255,-0.9862025558898065,1.4962236599212912,-3.1797512889245168,9.504620620516786,-0.9372460675857364,2.014655993363449,0.44093153241212396,-2.5923764229913275,0.6022880489965686,2.108956901776459,-150.02374337772173,151.0084413860141,77.38425687117055,0.3234066280979167,-2.4693518141268407,6.673920537137917,-7.619643507190349,-76.26425489154168,-0.05794150967523839,-0.9540536378616836,-4.10894310887147,3.045947574865273,18.765270047272093,2.552690050311831,-0.581189506432955,0.09518116766194765,0.09518116767199018,-19.754761230942144,-0.27228768331194436,3.525615986248006,-0.07077271144910899,-0.1813145053880866,-0.6528704981403044,-7.057845270342664
0.512884003717255,-0.9862025558898065,1.4962236599212912,-3.1797512889245168,9.504620620516786,-0.9372460675857364,2.014655993363449,0.44093153241212396,-2.5923764229913275,-0.13305704051070996,2.8693705427394987,-158.88123367418265,159.92406883368204,69.08059513135585,0.3512861704963078,-2.670215815367559,6.974581438968843,-7.962909339582844,-68.88693105469164,-0.35909113026931316,-1.008370203558986,-4.10894310887147,3.045947574865273,16.774218117846292,1.321528219659921,-0.2693134679188824,0.09518116766194765,0.09518116767199018,-17.442695100027624,-0.35928055337965825,3.525615986248006,-0.10598301565264581,-0.1813145053880866,-0.6528704981403044,-7.057845270342664
0.512884003717255,-0.9862025558898065,1.4962236599212912,-3.1797512889245168,9.504620620516786,-0.9372460675857364,2.014655993363449,0.44093153241212396,-2.5923764229913275,0.2614076004404426,2.584901765121702,-161.09560624829788,162.152975695599,73.66365731231397,0.09928253736862101,-2.614802763634161,7.049746664426575,-8.048725797680968,-73.82158929921232,-0.22824078196286207,-0.9044638988048436,-4.10894310887147,3.045947574865273,18.101819687556553,1.5597950109754453,0.46865561514877885,0.09518116766194765,0.09518116767199018,-19.298390543478362,-0.4462734234473721,3.525615986248006,0.10527880956857508,0.06706152939011423,-0.6528704981403044,-7.057845270342664
