Supply_Volume,USD_TO_NPR,Diesel,is_festival,Season_Autumn,Season_Monsoon,Season_Spring,Season_Winter,Inflation,Dhading_Wind_Speed,Dhading_Temperature,Dhading_Precipitation,Dhading_Rainfall_MM,Dhading_Air_Pressure,Kathmandu_Wind_Speed,Kathmandu_Temperature,Kathmandu_Precipitation,Kathmandu_Rainfall_MM,Kathmandu_Air_Pressure,Kavre_Wind_Speed,Kavre_Temperature,Kavre_Precipitation,Kavre_Rainfall_MM,Kavre_Air_Pressure,Sarlahi_Wind_Speed,Sarlahi_Temperature,Sarlahi_Precipitation,Sarlahi_Rainfall_MM,Sarlahi_Air_Pressure,day,month,day_of_week,is_weekend,month_sin,month_cos
0.7967132842304975,-1.3619777609986994,2.438701239950667,0.14051817574377345,-0.01340278473351261,-0.015553168234797899,0.41223304673928574,0.006004383588613437,2.2341580569929045,1.2374636032912283,-0.15285192343271456,-0.006060567529595172,-0.0027475481092293333,0.007604791812870659,-0.056599217660956117,-0.24348720963640427,-0.0038706366534420117,-0.0007116457703276776,-0.19044381569151791,0.11604449269889255,-0.06423871340672663,0.05979199946021857,0.06518730069400594,-0.1759634433054494,-0.02889408791663371,0.03591575017040182,-0.0036253966300828127,-0.0013138430428220674,-0.05487466419112052,-0.0034136023367487313,-3.710517700804897,-0.0004959373338598804,-3.184674268312052e-05,-1.5323155347182995,0.13410521995784488
0.7927158971923925,-1.2388210691781345,2.440800640555436,0.14043729058775428,-0.01340278473351261,-0.015553168234797899,0.4255121742701019,0.006004383588613437,2.2357462999620066,1.2333895161543802,-0.14943790254380887,-0.006185918744769119,-0.0027475481092293333,-0.01095571270716653,-0.05544834483703204,-0.24148199275163132,-0.0038706366534420117,-0.0007116457703276776,-0.20453477159682487,0.14458714899790734,-0.06428852708271336,0.05979199946021857,0.06518730069400594,-0.19545097965450464,-0.048162910554498395,0.03525635551467809,-0.0036253966300828127,-0.0013138430428220674,-0.084473385460887,-0.02221392032084307,-3.7125784775353994,-0.00131316505402661,5.307790447186758e-05,-1.5394010420674058,0.13173139106445772
0.7993547880570016,-1.2274479276401182,2.390035341898603,0.14070373025794752,-0.01340278473351261,-0.015553168234797899,0.42278386394184064,0.006004383588613437,2.2686578587106485,1.2229027132306003,-0.12702437676367936,-0.006185918744769119,-0.0027475481092293333,-0.017783064131057666,-0.06866930843504404,-0.005047332910480742,-0.0038706366534420117,-0.0007116457703276776,-0.22509212065198064,0.08872689639167117,-0.06241951698684763,0.06445751906718854,0.07202346061676039,-0.2246892656836894,-0.020865257773546118,0.03746117713207673,-0.0036253966300828127,-0.0013138430428220674,-0.08828673734222946,-0.06168583465324645,-3.7860487367399265,-0.001519988123252907,5.307790447186758e-05,-1.5613309819141579,0.1336346300910504
0.8056854953783369,-1.1144230917538038,2.230896803963856,0.1390062427946954,-0.01340278473351261,-0.012444756739775768,0.4296524033015925,0.007162254665533617,2.1575716244541763,1.2485458751511813,0.013202523018513181,-0.006185918744769119,-0.0026776419209436253,-0.015747397489758556,-0.08387150946631243,0.029943395332511644,-0.0038706366534420117,-0.00106386839993487,-0.22002720604169063,0.14548553477245674,-0.060857281789552166,0.06919568975577498,0.08076365226026558,-0.21968878650753076,0.5976679522828046,0.0246429931969131,-0.0036253966300828127,-0.0010986052237943796,-0.10816061740441944,-0.09528046832296244,-3.8332395229008385,0.002786629410933635,-3.184674268312052e-05,-1.4924410201567535,0.11318607966429399
0.8052125585897129,-1.0787570916501608,2.2141033187851846,0.1398022694221867,-0.01340278473351261,-0.013564331373312864,0.429096518363547,0.007162254665533617,2.1778591472974296,1.2579153285095015,0.023579000452143846,-0.006027874874389861,-0.0026776419209436253,-0.015567680924091894,-0.0973441944406006,0.0281514779846106,-0.003834699343541039,-0.00106386839993487,-0.1985241198485415,0.07117525380208145,-0.044003870020492365,0.06919568975577498,0.08125824227442355,-0.2047048410685119,0.5457475018989768,0.02225409857137084,-0.0036253966300828127,-0.0010986052237943796,-0.11068716750592396,-0.14708330030260017,-3.8256076790520246,0.002102451153128043,-3.184674268312052e-05,-1.5060063276024085,0.11543384628633144
0.8049666219051702,-1.0917083500559916,2.1958039563518037,0.14092556320749997,-0.01340278473351261,-0.013564331373312864,0.43470134405721006,0.007162254665533617,2.211470372428795,1.2388948424253203,0.030165179360369894,-0.006027874874389861,-0.0026776419209436253,-0.01585756834220606,-0.09703147618059893,0.03709432559321247,-0.003965010257556806,-0.00106386839993487,-0.20581497402216875,-0.026402902118394855,-0.006205476742418397,0.06919568975577498,0.08283570769587731,-0.19971571917218317,0.5452114776496912,0.021279897763957806,-0.0036253966300828127,-0.0010986052237943796,-0.10695350057953758,-0.21863453797834406,-3.8725694696317876,0.0003514078705231429,-3.184674268312052e-05,-1.512642825240461,0.11548261049451605
0.7823814362518962,-1.14821313718747,2.222766624589407,0.1383748388500043,-0.01340278473351261,-0.013564331373312864,0.44027719578567615,0.007162254665533617,2.182725730288871,0.48313384025446343,0.013024080383447652,-0.006166039856419041,-0.0026776419209436253,-0.01599282263625522,-0.04348232694858341,0.037657349139195086,-0.00431540161819158,-0.0009662194033564621,-0.20666161919370934,0.06887343226447348,-0.05538498826156523,0.06324192401964135,0.08045963508273565,-0.20588308619777512,0.5335586786164872,0.020341869225155733,-0.002276215213516696,-0.0011560106494762678,-0.10379744148038673,-0.3047146742192391,-3.996281519741771,-0.0009401667652215943,-3.184674268312052e-05,-1.5676801737356505,0.12368930189021464
0.7726663983958721,-1.290294591223448,2.4773617553366116,0.14121777269718808,-0.01905686263393874,-0.016744953106898604,0.4169709262016248,0.007162254665533617,2.3467601369010618,0.4047470810704009,-0.16126371118951083,-0.006166039856419041,-0.0027475481092293333,-0.016217797013681545,-0.04063888405486836,-0.18224638072273386,-0.00431540161819158,-0.0009662194033564621,-0.20639956458253694,-0.022556140529501487,-0.0641145495670195,0.05416536596321661,0.06764653643450587,-0.21385877684111443,-0.020183539900730695,0.023854886441178808,-0.003935301711037911,-0.0012817087549770456,-0.1211391660861828,-0.37692753281638486,-3.9143366331687766,-0.0006829958858704413,-3.184674268312052e-05,-1.6063332899083616,0.15618063405916363
0.7750120067630628,-1.179196868626286,2.49330128021538,0.1352520209843391,-0.01340278473351261,-0.012444756739775768,0.424464679048295,0.005171661878763545,2.165040569203184,0.4103172640008897,-0.15850574709654192,-0.006429675303797971,-0.0027475481092293333,-0.01810656726024661,-0.017910139466846733,-0.2377645309776869,-0.004351338928092553,-0.0009555076135992723,-0.21709539434266212,0.06695087180035278,-0.062402050769063834,0.053875180424272376,0.062265394690084366,-0.22719275467907524,0.564114045853674,0.01961064580804732,-0.002206730651506421,-0.0012817087549770456,-0.103320698651312,-0.38812103642349266,-3.8719207237533326,-0.001649221399934457,5.307790447186758e-05,-1.5120261700523379,0.11303342859930891
0.7942778778642211,-1.1643792427874502,2.52418322225982,0.13800443065289067,-0.01340278473351261,-0.015553168234797899,0.4228119769190888,0.005171661878763545,2.319403732689596,1.1196613867846907,-0.14482556404116645,-0.006429675303797971,-0.0026758178476502595,-0.0166317751546389,-0.06743524464051756,-0.22662453601075022,-0.004351338928092553,-0.0009555076135992723,-0.22555069797529528,-0.01602828957364914,-0.06132241863595818,-0.0446913044791548,-0.016704364356988417,-0.2140990024465126,0.05614565916939952,0.046825125022795504,-0.002206730651506421,-0.0012817087549770456,-0.09823214655600246,-0.4075322135096171,-3.669408203950871,-0.0014160891603222385,5.307790447186758e-05,-1.4737003555590344,0.13485623870018362
0.7767968098714161,-1.2236514072032536,2.5037180750118257,0.1348560398350175,-0.01340278473351261,-0.014492089576306332,0.4216228292894868,0.005171661878763545,2.232818496489344,0.4292665150450841,-0.1620455740293285,-0.006429675303797971,-0.0027475481092293333,-0.01611856310776592,-0.0042410792770081205,-0.2519642507355757,-0.004351338928092553,-0.0009555076135992723,-0.21278375043033632,-0.0169762234068035,-0.06416597601852807,0.0550149749868034,0.06566384113545125,-0.22816252859181285,0.30577555648145194,0.020564055960432655,-0.002206730651506421,-0.0012817087549770456,-0.11617498491568613,-0.3863664686307714,-3.8976582711571184,0.0026418579886137838,-3.184674268312052e-05,-1.5553292260387042,0.14249139246418577
0.7898022188047611,-1.3108176618948424,2.0940973915808736,0.17865265090000937,-0.018024021380176884,-0.014014238581850398,0.9299880819132537,0.007162254665533617,2.498066861931191,-2.0898257299405265,-0.11441203827619312,-0.007396996861363786,0.0035823569456650993,-0.018737535696635717,0.03718596038202844,-0.19052977249859632,0.002595071578922377,-0.0026427606854207177,-0.21849539971718168,0.0003642257110495365,-0.048181679796769836,0.05382028159236363,0.058512910805504206,-0.1713024650938638,0.5637315532545852,0.1595181474603288,0.008683708274604213,-0.0014516979916790896,-0.0840695762450444,-0.3786366179616007,-3.119063025440432,0.002168302123433703,-3.184674268312052e-05,-1.1736481129924379,0.13743632851565687
0.773049177653148,-1.2023250213368741,2.413101841789333,0.1402029542283006,-0.01340278473351261,-0.012444756739775768,0.4092432064771361,0.006004383588613437,2.1755279118947213,0.49619447577015724,-0.16025895377390587,-0.006429675303797971,-0.0027475481092293333,-0.011225537099565296,-0.0036141936177917933,-0.22517484974147425,-0.005399131365345459,-0.0028036893609413097,-0.21910936759546162,0.08292789637025377,-0.060809296075375364,0.05458237248385954,0.06566384113545125,-0.2079763278400632,0.589807782184729,0.022588258134039613,-0.003935301711037911,-0.0012817087549770456,-0.08902227948183263,-0.37851260669704995,-3.9014500474750498,0.00027125455186408597,-3.184674268312052e-05,-1.5014464859496621,0.12516116190535545
0.7714773325308955,-1.2877996845929889,2.4752083379422785,0.1398797183625345,-0.01340278473351261,-0.015553168234797899,0.40817700825874037,0.007162254665533617,2.322956174413771,0.48981247900879044,-0.1623551093763071,-0.006271631433418713,-0.0027475481092293333,-0.015996129709521606,-0.04091751246459559,-0.24939811924401312,-0.00431540161819158,-0.0009662194033564621,-0.20902794616420028,0.0641167142861781,-0.06252981607399528,0.05376307528768876,0.06566384113545125,-0.21315615108843233,-0.021655373854001927,0.02801858418006512,-0.003935301711037911,-0.0012817087549770456,-0.11562321272184294,-0.3644107249225952,-3.864485908145527,-0.0007752803410636922,-3.184674268312052e-05,-1.5938226568949279,0.1429024031826198
0.775091806501593,-1.293071355547348,2.47593155648134,0.1395069278810707,-0.01340278473351261,-0.015553168234797899,0.40887146569379385,0.007162254665533617,2.3069904906651484,0.4682691667259702,-0.16112081128651462,-0.006429675303797971,-0.0027475481092293333,-0.015996129709521606,-0.01633358495198069,-0.22980475962783758,-0.004351338928092553,-0.0009662194033564621,-0.211916401208608,0.06782329258861924,-0.06448175724455649,0.05376307528768876,0.06566384113545125,-0.22803865915590144,0.05777797440701446,0.028355115116312772,-0.003935301711037911,-0.0012817087549770456,-0.1157937485760719,-0.3639473521024922,-3.8733039569388943,-0.0006829958858704413,-3.184674268312052e-05,-1.5809760547384135,0.14254005457121718
0.8253802032187195,-2.0714906097802017,2.2325818080058992,0.29591938445802074,-0.01340278473351261,-0.015553168234797899,0.7441069516829006,0.06283263099910089,-1.4177498791817478,0.547522614937882,-0.09747374168428599,-0.0042668362923063636,-0.0023382385898691738,-0.0005294034279404148,-0.03636102152932066,-0.17202852079088646,-0.00517228933657602,0.0028192209294765954,-0.2783928598160753,0.04288507058724134,0.029405643304103838,0.054040252510779194,0.06804844467546291,-0.32872351424766594,-0.04405505532182375,0.8210363962554464,-0.0027993789807473613,0.0005966201988697884,-0.0802228883667351,0.45461939373732596,-4.448669990484849,-0.0012849517463322264,5.307790447186758e-05,-1.8824301254291018,0.13852128183193477
0.811686722115588,-2.066708539499658,2.235479216452515,0.2958305185627167,-0.01340278473351261,-0.015553168234797899,0.7493464983019973,0.06283263099910089,-1.4083136919700852,0.4862805280691642,-0.08996300145987274,-0.0042668362923063636,-0.0023382385898691738,-0.0004060838763610534,-0.03636102152932066,-0.17297592304073361,-0.00517228933657602,0.0028192209294765954,-0.27342143363505544,0.027937399092638156,0.0240160487446261,0.054040252510779194,0.06804844467546291,-0.3253916260873176,-0.05538709560496141,0.8198978841780852,-0.0027993789807473613,0.0005966201988697884,-0.08197455273545678,0.44895315317687,-4.469734354400515,-0.0012849517463322264,5.307790447186758e-05,-1.881193252238719,0.14084924893982328
0.8109328331163805,-2.028765704421507,2.2431541796371373,0.2949460778486151,-0.01340278473351261,-0.015553168234797899,0.7474946400777871,0.06283263099910089,-1.4657997209705356,0.47676909205429663,-0.09684175826415067,-0.004424880162685622,-0.0022665083282901,-0.0007131534752101236,-0.0070563718194048535,-0.17544764914565472,-0.005208226646476992,0.0028490685416676202,-0.28641597530913127,0.0010004791005657188,0.02505459377389412,0.05475350611428867,0.06800551030173417,-0.3431955300546607,0.23374341829647519,0.8124668570029973,-0.0027993789807473613,0.0005966201988697884,-0.07791696072084284,0.43531632342654586,-4.482943982080062,0.0025496201255118447,-3.184674268312052e-05,-1.8235053071184757,0.14141399466945634
0.8710452791527519,-2.102060603468221,2.2017519169597692,0.30941415973794334,-0.01340278473351261,-0.015553168234797899,0.7516055307833192,0.06283263099910089,-1.3326113903722867,1.1498088863982026,-0.09633516430678388,-0.0042668362923063636,-0.0023382385898691738,-0.0019713509937371804,-0.09079881260827762,-0.020229052992437317,-0.0051774729218891915,0.0028192209294765954,-0.2876900339818723,0.07821853773954143,0.03144561196121463,0.06423062994407815,0.07202540949979562,-0.3270376084489381,-0.02742606413046905,0.8216980750129069,-0.0027993789807473613,0.0005966201988697884,-0.07479035801778994,0.4217749176752208,-4.32132680841197,0.0024085534493143747,-3.184674268312052e-05,-1.8759723762146607,0.1310356140162098
0.8610432066624749,-2.119138458747368,1.9451835903471726,0.301162567375467,-0.01340278473351261,-0.015553168234797899,0.7608241205555246,0.06283263099910089,-1.521147636106385,0.5313490360494474,0.029750392960490646,-0.0042668362923063636,-0.002196602140004392,-0.0005361154220387284,-0.037355535806292355,0.006638989200267492,-0.0029230033978170245,-0.002356898038090314,-0.27294299558980195,0.01117900577110417,0.005149489673071604,0.06562515116478361,0.08891065089328415,-0.30738782034123896,-0.06009900770234941,0.8259579833436541,-0.0027993789807473613,0.000811858017897476,-0.08312655446687262,0.39065778119298733,-4.638271907846284,0.0006953071429513756,-3.184674268312052e-05,-1.9699416125307354,0.14100945791538652
0.8549664223184061,-2.165852044639212,2.1135722787518105,0.30103406994524756,-0.01340278473351261,-0.015553168234797899,0.7504422527285846,0.06283263099910089,-1.45708568869878,0.5106925322414215,0.009995852738586986,-0.004257028799832589,-0.0023382385898691738,-0.00028622737767381107,-0.03707599234023665,0.009119590485389364,-0.005123792203004741,0.0029447583132457284,-0.2676000923694483,0.0030882680207339223,-0.0044250153731965934,0.06294997443768997,0.08080283485327067,-0.31870697086402905,-0.03621310865228894,0.8173687712366676,-0.0027993789807473613,0.000811858017897476,-0.07805512135708523,0.39110891695344013,-4.580741526171942,-0.0012468192954403407,-3.184674268312052e-05,-1.9110506753034686,0.1406745245614421
0.8498996693242294,-2.164502936544169,2.278003908659404,0.3079197710853706,-0.01340278473351261,-0.015553168234797899,0.7512614231809094,0.06283263099910089,-1.393126516757339,0.49359662446906727,-0.1158593740665669,-0.0042668362923063636,-0.0023382385898691738,-0.0004060838763610534,-0.02556059562450194,-0.11513858181616021,-0.0051774729218891915,0.0030375560094300334,-0.27949028405900306,-0.005844027969841118,0.027258997508164403,0.05486737812760442,0.06988311544964741,-0.3244314325065864,-0.0683632524163299,0.8160967525049582,-0.0027993789807473613,0.0005966201988697884,-0.07445968459055985,0.3857733541422036,-4.490304693397508,-0.0007010681164446486,-3.184674268312052e-05,-1.879109333649982,0.14092558378670408
0.8462708880994663,-2.0736294253965766,2.288986281192926,0.31387830789047194,-0.01905686263393874,-0.013636541611876473,0.7431697424575312,0.06283263099910089,-1.5896290551092997,0.3781083508196623,-0.12043404204700883,-0.004371520489151812,-0.0022665083282901,-0.002627551370736824,0.006706099513006909,-0.2266142535200242,-0.005213410231790164,0.0029418662378519252,-0.2827032649653829,0.01309287634261423,0.035041142708793875,0.0542461538745652,0.06725400852438404,-0.35145112074271734,0.5438767722717499,0.798191007581585,-0.0028093159000795293,0.0005966201988697884,-0.07134920070924977,0.3474383782643527,-4.502034804835517,-0.0012849517463322264,5.307790447186758e-05,-1.7982389946455526,0.12503923504305509
0.8390138178162763,-2.1593534457712713,2.3370823179752382,0.30944301511579464,-0.01905686263393874,-0.016744953106898604,0.7425079342012817,0.06283263099910089,-1.3998825147278289,0.4052025597793887,-0.12147763748219731,-0.004371520489151812,-0.0023382385898691738,-0.002320481771887756,-0.01091420834785852,-0.2663541228300467,-0.005213410231790164,0.0029120186256609004,-0.27855053760896664,-0.010633799707471062,0.032299733924416894,0.053965502773999585,0.06530398814795549,-0.34210686082629355,-0.03573380537733315,0.7830281115790547,-0.0028093159000795293,0.0005966201988697884,-0.07773100555850668,0.31081412128844094,-4.483842030343646,-0.0012849517463322264,5.307790447186758e-05,-1.8793934040474967,0.15467070258763752
0.8311979440605969,-2.1777580076007634,2.3183196459553987,0.3054467756402206,-0.01340278473351261,-0.015553168234797899,0.7419819146019151,0.06283263099910089,-1.5019592558844048,0.48001997138251595,-0.12307611461128351,-0.004213476618772554,-0.0023922802665350407,-0.004000887898559754,-0.04807616250390335,-0.2620128665127632,-0.0051774729218891915,0.0018436175371965462,-0.25802313583583947,0.07336277588713752,0.02237151531925576,0.05383823372408497,0.06284276131619505,-0.2895485106903148,-0.03972100874586391,0.7560811929042561,-0.0028093159000795293,0.0005966201988697884,-0.07927766177917606,0.19231539608345757,-4.49112984969087,0.0025496201255118447,-3.184674268312052e-05,-1.8932568041638098,0.1396484908569494
0.8513759238963075,-2.3918414793268568,2.110991685168329,0.34052828055348094,-0.018024021380176884,-0.016744953106898604,1.0850031907190139,0.058072016480765244,-1.2267154448194537,-0.9160061849563053,-0.08805309459072017,-0.002192882202285885,-0.0017407110385232833,-0.003591056340015041,-0.047094289135936225,-0.1547104723764978,-0.008199503726759127,0.0019005323241931516,-0.2150797656312508,0.003561488516808385,0.03538979829202939,0.05333777892088212,0.06029171631397623,-0.2157007161686396,-0.06041737668086544,0.8077138735952402,-0.003819508982123866,0.0005036632913369289,-0.06291554240907268,0.09209373482016552,-4.494699399624544,0.002076064260331764,-3.184674268312052e-05,-1.8967358648229562,0.1628521211148922
0.8212979588602424,-2.403762828851457,2.096124188764714,0.3309110897348884,-0.018024021380176884,-0.01712265007687253,1.1117461486701914,0.058072016480765244,-1.0986347133445846,-1.3774692942368292,-0.08631816602725652,-0.004493367833573496,-0.0016996841356361442,-0.004090085438463653,-0.046614479807071334,-0.205786894271463,-0.008014799093335986,0.0019005323241931516,-0.19983914063094085,0.024895283425638907,0.02653023087363964,0.053370444194838176,0.05847893301688886,-0.21917760214573354,-0.03452839569167046,0.856376410487657,-0.003819508982123866,0.00042663096216774446,-0.05400786880392072,0.06922848127683422,-4.2256569082167665,0.0002848976232153952,-3.184674268312052e-05,-1.8204339414322368,0.1631953665229184
0.8359017778356288,-2.407956054899629,2.00886903250002,0.3383637794618919,-0.018024021380176884,-0.01712265007687253,1.0504602759541128,0.058072016480765244,-1.1118226021661366,-2.142665949081795,-0.0840411452986966,-0.005297327510737645,-0.0016279538740570703,-0.004305417685053938,-0.034098915128453595,-0.2138844175330307,-0.004951045641386609,0.0020260697079622844,-0.20199578554313236,0.022915869140407608,0.026449989603828543,0.053336174661621674,0.05821546054282839,-0.20016325436740082,-0.06018705869881996,0.8558303436511887,-0.003819508982123866,0.00042663096216774446,-0.0438091729566341,0.06149674148150303,-3.7069619176937683,-0.0010699232506534953,-3.184674268312052e-05,-1.5905375018697063,0.16302567925719322
0.8361075407506351,-2.355355294530488,2.0010283324842377,0.34053954071856907,-0.018024021380176884,-0.01712265007687253,1.118900148427287,0.051615406354078575,-1.1244772599869142,-2.040414560405122,-0.08255177552035113,-0.005297327510737645,-0.0016279538740570703,-0.004097101719162376,0.030908228772161497,-0.21396523655429592,-0.008050736403236959,0.0019005323241931516,-0.1994592810155073,0.023040679686714825,0.02939409322709905,0.05307614283258906,0.05821546054282839,-0.22514494650130754,-0.032646816189985536,0.8371657473104183,-0.003819508982123866,0.00042663096216774446,-0.043774146480529616,0.0288967997289878,-3.7495455667571673,-0.0008007307385068797,-3.184674268312052e-05,-1.5946230821868612,0.1632136000658818
0.8208463493334945,-2.3737295304849684,2.128294106710253,0.33527729181650145,-0.018024021380176884,-0.01712265007687253,1.1154269540801003,0.058072016480765244,-1.1230246487746471,-1.1542245482733884,-0.08481742681041472,9.730081092724818e-05,8.588536258946123e-05,-0.004545689215161514,-0.020917225003692533,-0.2062886241185124,-0.010045710177031259,-0.01038681948534938,-0.20727026275632415,0.02321103256614538,0.016516020102720137,0.052663252135250985,0.05821546054282839,-0.23318710314705263,-0.044557935859017364,0.8272171040494306,-0.003819508982123866,0.00042663096216774446,-0.06155374418124346,-0.01244316382426244,-4.374548453891819,-0.001617746608006676,5.307790447186758e-05,-1.8813509711684415,0.1633437308079815
-0.449581491805809,-2.2667069093591192,1.7272469969166067,0.3311799491395661,-0.044011332037657946,-0.015107726280902317,0.6826335735533393,0.058072016480765244,-1.2621764086963454,0.23194572331674412,-0.10866913338721779,-0.005541000007935272,-0.004110222500162988,-0.009940289842066252,-0.025242627124452497,-0.25559175860752953,0.001628098798457393,0.0020424584115879447,-0.1378218306655416,0.0027018706508244268,0.012995504416155329,0.05231001369292983,0.06387056963031891,-0.35875375080519223,-0.05031312880909977,0.6832409519036555,-0.002580323246456078,0.00017010948682787412,-0.09832344563806555,-0.020336509014870257,-3.945454990104558,-0.0013187508568147455,5.307790447186758e-05,-1.9676993173146,0.1471515406656956
-0.4360236775213869,-2.4691060804567786,1.6808322834028395,0.3433398453617889,-0.03862748964385785,-0.015107726280902317,0.7997550148794408,0.04615894574555304,-1.3490330489879363,-0.3514867545254937,-0.09886780851292701,-0.003099556128713392,-0.0018638603267620295,-0.007599875953354348,-0.019927289379080285,-0.21655058656847326,0.0005726900375657101,-0.01031671282975164,-0.083940896900138,0.08654148559365654,0.001016370124547,-0.017608247055255592,-0.02054365094997509,-0.3136203848503498,-0.06086541662921245,0.5831483361579514,-0.0034047823265290116,7.715257929501434e-05,-0.12347803505783113,-0.0036202659483190293,-3.9942427691175877,0.0026345570565787764,-3.184674268312052e-05,-2.023884845622253,0.14513189680604655
-0.43826905922644255,-2.6740745103613803,1.4915572325597446,0.395793399855857,-0.03862748964385785,-0.01548542325087624,0.9196272355826491,0.058072016480765244,-0.9062688173424983,-2.1519319547592284,-0.07727984594931726,0.003072646487965719,-0.0027140789470024513,-0.011713987031226883,-0.020034847898206812,-0.19476657509376036,0.0005255808765911205,-0.009299920196591477,-0.1120554098561914,0.038244699680470826,0.02074667322379738,-0.018135739172760446,-0.022707890493470877,-0.2706182857256217,-0.059354469103460705,0.8512649955088296,-0.004009859471700417,4.458712944250664e-05,-0.04792133765857549,-0.03340795484920402,-3.1360115678506184,0.0021181089660584533,-3.184674268312052e-05,-1.639860134007529,0.1560409841391824
-0.4361679532982544,-2.5814737642443717,1.593463447446228,0.3899446204549293,-0.03862748964385785,-0.01548542325087624,0.9757690552212994,0.058072016480765244,-1.0947479291796252,-1.114425815268791,-0.0814989108224758,-0.0041922289014531535,-0.0018313499275939634,-0.013129382905901968,-0.021620543951013548,-0.19241195923350407,0.006183087074280952,-0.010266909384218417,-0.12336583224308309,0.03795512648134468,0.0206871180814552,-0.018348253755307728,-0.020095911428996326,-0.2896126495087833,0.22146249102635443,0.6634354284406137,-0.004009859471700417,7.715257929501434e-05,-0.06883454664097544,-0.07199020677307222,-3.8264520271049696,0.0003595222357140994,-3.184674268312052e-05,-1.9544573734268484,0.15426783612293268
0.5071480937228878,-2.510936170441581,1.315979867487919,0.3157753047290339,-0.03902403149497785,-0.01712265007687253,0.9339489791043636,0.058072016480765244,-1.3954519928045062,-2.1981491686635546,-0.06834946613440776,-0.006889110515547863,-0.003517059869284945,-0.012135687076633544,-0.03332774724127905,-0.13670762952050414,-0.00041454831181571413,-0.0011492563274537687,-0.1752932722933138,0.06620579638820193,-0.06446983861153648,0.05423523669459816,0.06539188299989121,-0.31852922186185834,-0.033276580798621724,0.08119078404391376,-0.003819508982123866,0.0003294666539824032,-0.07396174547335871,-0.009258308123398252,-3.8646880933665377,-0.0011975794700695695,-3.184674268312052e-05,-1.808988692035117,0.14761377209344967
0.4780550912273349,-2.357912109609257,1.3619916721466099,0.30590404003892596,-0.03902403149497785,-0.01712265007687253,0.9356718857147976,0.058072016480765244,-1.3263422747444373,-2.1996884208499408,-0.09442378026919535,-0.0035681179712652136,-0.0018214548116993645,-0.012277138190089921,-0.051138424094662904,-0.20207306040448994,0.003676749178873049,-0.010540205853347353,-0.16613147600622039,0.0009494791960147221,0.022534146082913688,0.05601145249706607,0.06464177552642651,-0.2943628726529503,-0.05804774369599888,0.0661440640977974,-0.003819508982123866,0.0003294666539824032,-0.05051110546306418,-0.05247267862316593,-3.8158426368731284,-0.0008214262284719511,-3.184674268312052e-05,-1.7752978396664418,0.14767969910153855
0.4806130322454898,-2.4672052016199353,1.3171932215651636,0.3068676537046951,-0.03902403149497785,-0.01712265007687253,0.8846763795965022,0.058072016480765244,-1.4176084412340124,-2.227008307258024,-0.08249380317533656,-0.006889110515547863,-0.003517059869284945,-0.012209293333587534,-0.024170943723086584,-0.1436105263280339,0.002576509966692865,-0.0011492563274537687,-0.19464827735069437,0.03908357173942784,-0.06475334807791046,0.05423523669459816,0.06384857354349531,-0.32427798339693775,-0.03524926694897299,0.09475766649105079,-0.003819508982123866,0.0003294666539824032,-0.050792717077509854,-0.2640892935557795,-3.911952437827856,-0.0014053098583595288,5.307790447186758e-05,-1.806435821835672,0.14766243420048114
0.9052093784778247,-2.4617023073235798,1.3810414536489544,0.30646887060012545,-0.03902403149497785,-0.016076637926725267,0.892714024842781,0.04615894574555304,-1.3860174426318927,-2.2338297314143745,-0.08494969225640886,-0.0047267898662894355,-0.0035395529451983493,-0.00994446254621605,0.18940997515934443,-0.19679987330694734,-0.016465876664953923,-0.008675379096981387,-0.23004557216676422,0.08154199259493629,0.008806664443474449,-0.01646600820470386,-0.01991619503145929,-0.3646565590582368,-0.031970920751896545,0.11769773225621061,-0.003966522793869077,-0.00015233860487006063,-0.12614191853909162,-0.374543113457772,-3.9763395049725143,-0.02763046350359659,5.307790447186758e-05,-1.828323268242471,0.14861876016932285
0.9005058191478633,-2.6263663280917564,1.4001421628187727,0.3033063764313187,-0.03902403149497785,-0.01712265007687253,0.8895302044340878,0.04615894574555304,-1.3202385234455116,-2.173087849376354,-0.10010285395175567,-0.002117768119025071,-0.0002919927644089021,0.008675823761863896,-0.023260824524131116,-0.19186304972413598,0.003759331356402779,-0.011146405440822458,-0.22432490716730882,0.038578859425142595,0.008835265567578814,-0.016633728458857286,-0.019728537152400846,-0.317608830636134,-0.03182228020261904,0.11295107989626442,-0.0038970382318588024,-6.279889134315248e-05,-0.06083660497963557,-0.43613103842453904,-4.018637604500041,0.0030740177206002965,-3.184674268312052e-05,-1.795083523695568,0.15002408797476446
-0.4072108795893947,-2.470046025813557,1.550366771631642,0.28544765263561445,-0.044011332037657946,-0.015107726280902317,0.6906900438797989,0.04615894574555304,-1.7484636784850667,-0.02302528392577371,-0.11940875106741551,-0.006068151652517333,-0.0036187264662956996,0.008823652094498194,-0.008971352059011551,-0.17313884627639764,0.003584638665291951,-0.009774290854712549,-0.11294342890625397,-0.010854075870656817,-0.033563428836944395,0.05375058224505552,0.06961467067986248,-0.31556776044201196,-0.05015033285519466,-0.007493945436477002,-0.0026578524961910145,0.000202243774672895,-0.007936535547513,-0.41663902018858817,-4.210344549083951,0.0022345521825843815,-3.184674268312052e-05,-2.059914301463947,0.14622923790688278
-0.4202092506702476,-2.796160543866465,1.2824791612325794,0.3971807523562451,-0.03862748964385785,-0.01548542325087624,0.8925824013133874,0.04615894574555304,-1.5325169002727046,-2.2502439276385306,0.001325887434328969,-0.007035473210083146,-0.003124380685505684,0.011782213003916011,-0.03805258906036271,0.02033245037730429,-0.0014623010010850592,-0.0011305334913536168,-0.09982614433775261,0.005250678901451415,-0.06295060152629478,0.06487258963034097,0.07378177278632797,-0.22378402767387826,-0.04461769412846696,-0.04181101577372587,-0.004087388721435353,0.0002919592363152153,0.025352351843374137,-0.36953122590520754,-3.5847745011151524,0.0005598646653866566,-3.184674268312052e-05,-1.8127360415618181,0.15670929185144325
-0.43042365085197815,-2.695917049765926,1.2993069227142553,0.3987203447522499,-0.03862748964385785,-0.01548542325087624,0.8650338885720104,0.04615894574555304,-1.5552362196233729,-2.3046335439784382,0.003113282978850761,-0.007035473210083146,-0.003577699563408561,-0.00624908148246932,-0.026578315106201848,-0.10248926228325261,-0.0034259614861280275,-0.002508330758895087,-0.09970909667807595,0.03932196498261357,-0.060997298112162854,0.06070458474603929,0.07069983236129733,-0.27559524369486377,-0.04465995820021647,-0.053080650983620914,-0.004087388721435353,0.0002919592363152153,-0.08255894102203193,-0.3610006909077038,-3.550258939736111,-0.0011256411985190325,-3.184674268312052e-05,-1.8366880145229354,0.15670929185144325
-0.44556952617599416,-2.222812797345649,1.6842433629444764,0.3675266809887955,-0.03835725413723182,-0.013915941408801612,0.6232303898086013,0.058072016480765244,-2.008413925531374,0.5045361782829283,-0.11714942463266535,0.004741693786054198,-0.0016409623731393208,-0.0044137064351913845,-0.02690266977817622,-0.15649669675754266,0.0031008468249229476,-0.002189595707625975,-0.10549829974560818,0.016305386243893754,-0.035097920525309814,-0.019633680295931006,-0.02959010115829412,-0.32223402333484535,-0.04445431812244088,-0.1281180609345066,-0.0030771956393910167,0.000202243774672895,-0.0862106643596783,-0.3660206240046006,-4.2710270471405725,-0.0009742668864577385,-3.184674268312052e-05,-2.0952791466531124,0.1439609297748365
-0.35973454241550107,-3.4896579750087056,1.2267724230895676,1.50935052165967,-0.009007367346197897,-0.13847687876528286,-1.6293191181578146,-0.01128291600028814,-11.026171462321466,-2.2605510676793052,0.015247193278330084,0.0007054728290210824,6.0703407554782895e-05,-0.015030280584674335,-0.00810729382798889,0.012275722169136378,-0.0036391613658835666,-0.0027573737095026984,-0.24135833626162517,0.025854233531376905,-0.007002744744510432,-0.012329735770644532,-0.026608824435702748,-0.47677850604803745,0.0897401523711234,-0.0785878435265953,-0.004426366617458192,0.0002598249484701944,-0.10168060421849062,0.3629080449285297,-6.080958674978442,-7.093736961286384e-05,0.00022794686330141834,-2.8254777382779133,0.010116523627078197
-0.36156060799181133,-3.363020001560085,1.2422520106656687,1.4501329356612132,-0.009007367346197897,-0.13495096962036807,-1.8469180191592451,-0.010118609256131528,-10.754013171463894,-0.8830379223015992,0.01620999349496552,-0.004825296843667951,-0.0023180562348621646,-0.003710452357293826,-0.017000863809853935,0.013618826490178922,0.004076557291366646,0.002161731350729333,-0.17675184757957382,0.11908242588385014,-0.01438415380890852,0.07724976782575044,0.07308192335691685,-0.49071517821936445,0.14893055696390617,-0.07881486420667343,-0.004426366617458192,0.0002923903983227012,-0.1156159086012862,0.34342301006429826,-6.8329486326019335,-7.093736961286384e-05,0.00022794686330141834,-3.138839208177427,0.010345990515824771
-0.3686962470841818,-3.4691147632587884,1.1282934701550376,1.4342512660305655,-0.009007367346197897,-0.13847687876528286,-1.6107007985638788,-0.010118609256131528,-10.954510971671398,-2.284374978855122,0.03134386728357925,-0.005629256520832102,-0.002140342926887432,-0.011762899052407893,-0.03705576268065976,0.013440867909750017,0.004377225327483011,0.002161731350729333,-0.18526441821604797,0.027728631243338506,-0.006256384129736516,0.07278259546398659,0.076307401862234,-0.4628198745035431,0.0796350412292452,-0.023493898164229036,-0.004426366617458192,0.0002598249484701944,-0.09403143269909828,0.3234351606346913,-6.115035396642833,0.009565675471796218,-0.000136768117980851,-2.828140311360526,0.010256914108464382
-0.3670314065094018,-3.0655618378845046,1.1771337589112525,1.3180852156535379,-0.009007367346197897,-0.13495096962036807,-2.0956836654960234,-0.010118609256131528,-11.026695828913438,-0.2235288223223079,0.029510001432993323,-0.0045038910928870265,-0.0023897864964412385,-0.003710452357293826,-0.016446996100631276,0.01893819609457348,0.0026628466056374984,0.002240919677732137,-0.1948375380941475,0.03663870294019084,-0.009173780025400794,0.06986575989009877,0.08212051958712893,-0.5336315773017364,0.1351733725266879,-0.09321710613650853,-0.0029968303922138536,0.000385347305855561,-0.1294917320979494,0.23954134837133642,-6.922483916880172,0.0004102966224695673,-0.000136768117980851,-3.1967663435350846,0.007080435425143287
-0.43747794202766066,-4.390636386336633,1.0566985105765325,-4.518747196097846,-0.009007367346197897,-0.14843419138116187,-1.9751989459401462,-0.010118609256131528,-14.531642101466243,-2.8203209532125846,-0.02505879813395355,-0.0023958469252732197,0.000669431541306534,-0.004244161738271156,-0.03828875109458299,0.01254941822957371,0.08268483121419476,0.02828232098423924,-0.16339073800672702,0.04329635856380132,-0.06870744180804624,0.0718388441507473,0.07124580151584552,-0.546881666323444,0.050925106966580196,-0.13760475966045962,-0.004426366617458192,0.0003478756470613655,-0.06863152763345233,0.253650450142496,-7.496041338964059,0.011254809549008262,-0.001757982545034677,-3.4230183801668415,0.028848255510750452
-0.4339541384662104,-4.46538715600814,1.0685822897889965,-4.598689926635254,-0.009007367346197897,-0.14843419138116187,-1.9957420552508192,-0.01128291600028814,-14.779614039508463,-2.8573827868488206,-0.024217904718272863,-0.006044225741771211,0.0006416581452979556,-0.004916028834966387,-0.03407376080348178,0.010799931321822567,-0.04354521404819788,-0.019818839038161652,-0.22265717809267904,0.04345037848208777,-0.07686300081433908,0.06924206270406962,0.06862596123342227,-0.5800433057315336,-0.1067525512602326,0.14460751787348283,-0.004426366617458192,0.0002598249484701944,-0.12084653713894965,0.2594863994440942,-7.5414508228643715,-0.03493496808406947,-0.001757982545034677,-3.408647048745103,0.030056751561091617
-0.4522609308266052,-3.4465331862186703,1.3092137913102877,-3.840965475475739,-0.008658313532825854,-0.12798953031914997,-2.6595399285969465,-0.01128291600028814,-14.790987828112304,0.8186458358392676,-0.10939305169502092,-0.0005104983851475076,-0.0013880340111472422,-0.0015229949514577157,0.021496148972230365,-0.09654478631743096,-0.02661839951057967,-0.011610593052046947,-0.2305209003095779,0.04223770047312062,-0.04616122180099104,-0.01310540968938204,-0.017442735164812234,-0.7118206064947524,-0.09517081595619885,-0.07169438459755537,-0.0031031022846686493,0.00017010948682787412,-0.136540581901671,0.2334870085830099,-8.23699170658775,-0.029469331059402224,-0.001757982545034677,-3.7468679073052567,0.026926515237572564
-0.4172214498978435,-4.283503307412408,1.2871284446203097,-4.162262222534524,-0.009007367346197897,-0.1477177521633003,-2.2048687552124404,-0.010118609256131528,-14.724400848242118,-1.330534080901162,-0.0207698884439745,0.000271618602398698,0.0002376229211997005,0.0002418685418614972,0.03703628434066239,-0.05952538740129584,-0.03966981936157855,-0.013163740486356037,-0.23202722041912865,-0.005553731992467617,-0.05566972992082599,-0.015125102372755665,-0.02000789198775501,-0.6425478237397242,-0.006986531256914335,-0.16041569290210564,-0.00443630353679036,0.0002923903983227012,-0.0963394194107988,0.20861980517648593,-8.29205361258416,-0.024345977417331247,0.0029299709083911267,-3.7117293234139734,0.028739155435529996
-0.39975975775065814,-4.483760857844742,1.1393655557722615,-4.35477379849499,-0.008632027892792174,-0.13663925819581432,-2.051875759413495,-0.01128291600028814,-14.978618379145379,-2.7743650890775595,-0.014221749726563294,-0.006794825745401551,0.000569927883718882,-0.013395089530785538,0.20805412006588742,-0.06343742558107443,-0.04423610931340833,-0.013163740486356037,-0.1969785111447482,0.07120266389367877,-0.022020761206918225,-0.010471921759272449,-0.018903790090300965,-0.6491328837060941,-0.14270476348815025,-0.1424771357432926,-0.00443630353679036,0.0002598249484701944,-0.13465512887423337,0.20273567247434665,-7.581331914761094,-0.050587634025159756,0.0029299709083911267,-3.461591590812446,0.029704727013518596
-0.39059610270334394,-4.500390134711056,1.0079407717455389,-4.3042486796765305,-0.009007367346197897,-0.14843419138116187,-2.03202144211855,-0.00844932704858075,-14.975570836950103,-2.807912793022381,-0.019284175509096377,0.0014531351853668843,-0.00207178532112856,0.005239263267092996,-0.008009647734917094,0.010592507788385955,-0.04258562064215873,-0.012838931731361523,-0.19409898690405405,0.0017141690460508261,-0.014779528292595887,0.07962360425150097,0.07340498861006028,-0.550932173428757,-0.10932683153042187,-0.12294304661254543,-0.00443630353679036,0.0002598249484701944,-0.13289803880462275,0.16643695063243397,-7.696512591138766,0.07345633651393697,-0.001757982545034677,-3.4800019675144935,0.031104734579075248
-0.4445328234970248,-4.361260673599732,1.2570723344983186,-4.247050639305548,-0.009007367346197897,-0.1477177521633003,-2.2730943239918258,-0.0104244445297686,-14.746078004695025,-1.3421520485133607,-0.015757826538601374,-0.001382945733199532,-0.0007336437031424318,-0.015084919155816728,0.004537355590832873,0.00955808284274116,-0.040910139243386066,-0.014344477673749618,-0.23110381958005366,-0.005089167117770295,-0.025033755106009744,-0.012546054825439808,-0.02058219170261464,-0.6116356204453435,-0.13717669884151645,-0.14534187839967747,-0.00443630353679036,0.0002923903983227012,-0.15509969384279215,0.1130134802966052,-8.348936681562629,0.04927016913767906,-0.001757982545034677,-3.776566300628704,0.02915507045199827
-0.46119773991624075,-4.485711323192632,1.1392650607784356,-4.182103062858114,-0.009007367346197897,-0.14843419138116187,-2.0307212057332276,-0.0104244445297686,-14.726963337883324,-2.8072052007794976,-0.012365261384761598,0.003759659984888388,-2.8881246722613717e-05,-0.0038830589447940694,-0.003344124252057739,0.006504910555606436,-0.042245050898159324,-0.013128924531937479,-0.20280079103225737,0.04338777187507204,-0.021712115518008702,-0.012936920139058113,-0.02058219170261464,-0.5731847217048757,-0.13421412716504064,0.058267323916872366,-0.00443630353679036,0.0002598249484701944,-0.07102838109907073,0.09399471959812035,-7.489930382369306,0.012625539321657964,-0.001757982545034677,-3.4343111706261715,0.02965517414986254
-0.4608777136351239,-4.390725666982945,1.1540874909618881,-4.41497216018586,-0.009007367346197897,-0.14022436058882867,-2.0362178270588385,-0.009260137785611989,-14.743270826424919,-2.8118843408465994,-0.02557700856045116,0.002605962543841568,-0.00011495756061750202,-0.004412268978445922,-0.00651391407146377,0.00924697610571833,-0.043825556691143415,-0.015616263128903974,-0.18763614488916872,0.02305209884785174,-0.02229150990384329,-0.023815809322854837,-0.020396073107909758,-0.5579301362847308,-0.05266956452345505,-0.08168467957152509,-0.0027722219703088485,0.0007102995743936327,-0.07050110510459535,0.08613324235852655,-7.512104531659722,-0.03502277024650938,-0.001757982545034677,-3.4225210673095985,0.029076871233758843
-0.4536422464282603,-4.372385376646915,1.0161053944414662,-4.207897392126131,-0.009007367346197897,-0.14843419138116187,-2.0454589685164057,-0.009260137785611989,-14.685238134227532,-2.811185071632784,-0.006870066726980033,-0.005949351532257422,0.000632002535626992,-0.004412268978445922,-0.036461584202552175,0.009368490743591737,0.07921837329030298,0.028333202939535854,-0.1956191237359507,-0.010724704061702466,0.02582654347540873,0.08274430351575428,0.07834726608147619,-0.5413964970593468,-0.07949791768081495,-0.09809212000580744,-0.00443630353679036,0.0002598249484701944,-0.0649595061209387,0.07669406206139841,-7.57693508500724,-0.03505150654001106,-0.001757982545034677,-3.460874043579041,0.029758869775791695
-0.45515873325823936,-4.365175419867792,1.0119055736882938,-3.964705505110993,-0.009007367346197897,-0.14843419138116187,-2.0209301874023637,-0.0104244445297686,-14.34473974766078,-2.833119594000197,0.13264428890122779,-0.0005789860560353806,0.002491109335907804,-0.00951328650775437,-0.03522723823497669,0.024744816227707588,0.03634767261278373,0.006171705494019822,-0.21912586579110668,0.04232908920950326,0.04976328707029825,0.08274430351575428,0.07785347923383223,-0.5554406399806728,-0.14159678720265298,0.28987862474840925,-0.00443630353679036,0.0002598249484701944,-0.06497103097117544,0.04635084252129903,-7.436387097860649,-0.023755315822922198,0.0029299709083911267,-3.4063839622899827,0.029847227026543736
-0.49737901632136006,-4.350933116309291,0.9405557688793793,-4.103163895536358,-0.009007367346197897,-0.15044689817930224,-2.119508727177714,-0.0104244445297686,-14.823962173880288,-2.8321652193529108,-0.008437411098513765,0.0013769930417207,-0.0005175635792541888,-0.00951328650775437,-0.03344836769470845,0.011364188939236478,-0.04071734518480797,-0.013819937040172552,-0.21935064250480063,0.040769878020006485,0.01320420800071736,0.08347432743083576,0.08452451431392663,-0.5684199708799523,-0.1404040262551202,0.2616875702729723,-0.00443630353679036,0.00035698925665553563,-0.06817366157239797,0.03619490095399048,-7.418566445818097,-0.02513855835294906,0.0029299709083911267,-3.3067456137784115,0.017805798272957033
-0.4926010183785738,-4.329577076567639,0.9446160098692629,-4.061508583222928,-0.009007367346197897,-0.15044689817930224,-2.094657354453103,-0.0104244445297686,-14.556204398371849,-2.794539632440942,-0.004455243378736564,-0.00434155812086917,0.0007037327972060656,-0.004457946388538829,-0.03736482475822166,0.014101131420224542,0.03756083882707676,0.010711035382586744,-0.20300595951053033,0.0291001855655452,-0.00791772547335999,0.08347432743083576,0.07785347923383223,-0.5502127887868026,0.05445553016823363,0.2813608090352563,-0.00443630353679036,0.00035698925665553563,-0.06412396658248613,0.015062734741033815,-7.33688122766229,0.07229537142613117,-0.001757982545034677,-3.2590776270789594,0.01731486261833479
-0.44658992479739396,-4.1280732814070475,1.0605502527251724,-4.078032648208273,-0.009007367346197897,-0.14973045896144072,-2.3072268910448446,-0.0104244445297686,-14.739328260325847,-1.325731954677051,-0.003930313701233727,-0.00527086901320727,-0.0021800445065696585,-0.0030821805666789177,-0.018306923292749338,0.00927047279899047,0.07674653921072247,0.02836543239276297,-0.21284397096632668,-0.00880305153873959,-0.01917323054895602,0.08227086339577244,0.07834726608147619,-0.5687078837439352,0.04554369667867015,-0.13056917095390413,-0.00443630353679036,0.00038955470650804246,-0.09233391518778147,-0.008695220280671028,-8.27209507204807,0.04812977383286201,-0.001757982545034677,-3.5518052842817776,0.016814758920470508
0.7923349908404168,-4.047245938784964,1.0685738826460147,-4.235714495620889,-0.009403909197317893,-0.1508525612420311,-2.2309115309634837,-0.0104244445297686,-15.495275811804666,-2.860586355723693,-0.013485924965782128,-0.00576942676731654,0.0007418794154162745,-0.01926162316906735,-0.04956819797340328,-0.013319759072755132,0.08066665743015741,0.021033801991523264,-0.3407958465788498,0.028063630436747023,-0.002903992457768445,0.08520870972904157,0.07875734241288279,-0.6587720868502234,-0.14662654100550235,-0.13920029107727094,-0.0042459530472138095,0.0002174689480248565,-0.1624360434540705,-0.044900636381631394,-8.51418698380623,0.007999936921839878,-0.001757982545034677,-3.4340855136708015,-0.01031411122875233
1.0638012052684096,-3.9670327071856586,1.0839942506988305,-4.156118791522056,-0.009403909197317893,-0.1508525612420311,-2.2370163572822914,-0.0104244445297686,-15.59776435912863,-2.9300773195578698,0.03294637825368028,-0.00576942676731654,0.0006095094597135852,-0.014826806226111398,-0.0394137541257016,-0.0019569074368164284,0.032078865355339714,-0.0034403576055996804,-0.37695111071468995,0.002128308430142058,0.03350097000779062,0.085271144337449,0.07789528846164151,-0.7578209266205493,-0.14514535171300447,-0.1361040224198922,-0.0002233335918290641,0.0032965982176832846,-0.159581811539943,-0.10230359153688157,-8.536462987349529,-0.033568978698914745,-0.001757982545034677,-3.428719824449934,-0.009816134587599563
1.064472666464466,-3.889505811378304,1.2017756566243751,-4.2190689629084694,-0.009403909197317893,-0.1508525612420311,-2.2365170611057352,-0.0104244445297686,-15.743339542445629,-2.966151157706403,-0.007246840391587497,0.0019109583378563312,-0.0009725941882263289,-0.014927707728991168,-0.041404213127234246,-0.023658922574004614,-0.04726782945679091,-0.0244976809047531,-0.3834569861900588,-0.021188803140213784,-0.031835650870742145,-0.011561036633138165,-0.01719945486989096,-0.7446749487433693,-0.1013113171944045,-0.1389768229242387,-0.005801557197187695,-0.006296085698660516,-0.16059885282693645,-0.1506323799172567,-8.436260590095973,-0.03340463331107592,-0.001757982545034677,-3.4441553354129817,-0.009424357778197744
1.101224796270787,-2.97437676134304,1.205496336828813,-3.558809956623523,-0.009403909197317893,-0.14264273044969794,-2.183684690454422,-0.00654809032542204,-15.076305714931435,-2.8454894792034806,-0.005742842994405348,-0.001285475850741296,-0.0020059354644765687,-0.00935262036406633,0.02020588569007618,-0.009743702569042867,-0.0469045751914164,-0.011909523618642876,-0.3485159644847904,0.05325838685931341,-0.03078000581444152,-0.021473109424567913,-0.016852921786168994,-0.7269253847596369,-0.08367568986469838,-0.13255000935582212,-0.0064914568862784105,-0.005899370121407133,-0.1521371881898557,-0.19262538588739045,-8.133595447317484,-0.023275272871443882,0.0029299709083911267,-3.3691737388410754,-0.010303398736332563
-0.5607147917596933,-2.9212354356145642,0.9398379923768627,-3.6641088263903705,-0.009007367346197897,-0.15044689817930224,-2.103250625640719,-0.00654809032542204,-14.562593510678678,-2.749472501130484,-0.011403792372826441,-0.006756927180446828,0.000632002535626992,-0.007835562891678052,-0.007690411868222349,0.009187419617279896,-0.0356710878209927,-0.01569497512026401,-0.18392224175872574,0.012487707835830269,-0.01745454279859343,0.0787866567118709,0.0740437452185517,-0.5552994692687646,-0.1326550011271554,-0.12003854852163512,-0.0029355751925476308,0.0002995838309736475,-0.11364457732147833,-0.2659321227843674,-7.2535105924868475,-0.025213944662268447,0.0029299709083911267,-3.156162335336668,0.01765454916535045
-0.5640775949679893,-2.848746410466564,0.9017720862354178,-3.2551297701867368,-0.009007367346197897,-0.15044689817930224,-2.0618588148680854,-0.00654809032542204,-14.111084479559883,-2.6946799049036643,-0.007946907991369389,-0.005952967503282677,0.000632002535626992,-0.007835562891678052,-0.01945137526872435,0.009643136057067455,0.0804371385903932,0.02475480043075228,-0.17265511571101327,0.011867603524077343,0.016160415840178806,0.08310361586337849,0.07767479398199525,-0.5353255693159524,-0.1463797544857174,0.24108624161757664,-0.0028660906305373562,0.0003891235445005565,-0.1165298932146581,-0.3222083761515025,-7.0646444566272,0.07363062386889381,-0.001757982545034677,-3.1060127547045617,0.018066873441854456
0.6496452181692096,-2.8357062573362675,1.1314952049567006,-2.904537583711302,-0.009403909197317893,-0.1508525612420311,-2.1816123807653045,-0.00654809032542204,-14.051464716466253,-1.665143951619903,0.13313904247801292,-0.006155952944775919,-0.002119404812446043,-0.007942976235867715,-0.01747205273992984,0.013247477957259352,0.08076883776428079,0.023870501814577512,-0.3073145621549514,-0.0030544428059152548,0.039703860004223546,0.08473139197235906,0.07854675711379394,-0.5528188130270136,-0.09136052848559721,0.28277285794268037,-0.002675740140960805,0.000674003069040454,-0.1065830643610901,-0.3444086974223097,-8.493090329182685,0.049005820063423626,-0.001757982545034677,-3.396037339601593,-0.00964502559672887
-0.5566840987192913,-2.94039404095611,0.9403896103581149,0.9568946209522561,-0.009007367346197897,-0.14048958556342328,-1.7618964931704464,-0.0064916789474246004,-11.481640467923393,-2.284170153601491,0.04317950736420184,-0.004929454064250787,-0.0021060416709879036,-0.011494365977954729,-0.020856802039503904,0.01442503309359898,0.004809052454984754,0.001782779292219772,-0.16984333680123964,-0.07398231699460961,0.02367365121640728,0.08317977095363398,0.0819146721132395,-0.4511185345664494,-0.18185717060926665,-0.06665989198825131,-0.0028660906305373562,0.0003891235445005565,-0.08978259798711959,-0.34509410748681957,-6.065362222348723,0.0005732209899728738,-0.000136768117980851,-2.6933896310570247,-0.003860785685179377
0.43688771298073203,-3.13994601565831,0.9628570943399325,0.9397856914395332,-0.007424134473268569,-0.14089524862615216,-1.3987911219619382,-0.0064916789474246004,-11.461934251060816,-2.548945574105214,0.04640859275341821,-0.0067364669479215685,-0.0018552091914993212,-0.014894804282976635,-0.04491333027980206,-1.1432110415334667e-05,0.0031741431797013605,0.0013756509281504204,-0.22057376897785255,0.1137158698476423,0.025867353588472943,0.0830467369050758,0.08134414667109642,0.482156352426532,-0.16554933816504974,-0.060308252589732755,-0.004688435070756934,0.0020722703265084502,0.001373361543348606,-0.3629757143872335,-7.01126404138079,-0.00465952687800512,-0.000136768117980851,-2.836498010071686,-0.03029654537912206
0.40250333989074527,-3.270401672312847,0.9426094582004921,0.8677682172932493,-0.007424134473268569,-0.14089524862615216,-1.2367600096084819,-0.0064916789474246004,-11.503722187849474,-2.5263811607729707,0.04422398413388106,-0.0034465020899827697,-0.00013956291437665754,-0.01443920050627877,-0.09428722686252738,0.0026658032448383462,0.0036898481976972188,0.0014306601371485708,-0.19155507360212823,-0.002247982889583838,0.02696577765640247,0.0830467369050758,0.08183793351874037,0.7288189127429715,-0.14277512525303188,-0.0625322317317356,-0.004688435070756934,0.0034888844154438493,0.007642472619737993,-0.35187875135402713,-7.142483411275298,-0.004592197216495991,-0.000136768117980851,-2.8941778371909175,-0.03006092159044422
0.4295279200537232,-3.207277685564252,0.9529210662920161,0.9759342441495591,-0.007424134473268569,-0.14089524862615216,-1.4588559759156479,-0.0064916789474246004,-11.462246444224025,-2.5800406856032905,0.045331744944619355,-0.005932507270757419,-0.001926939453078395,-0.0001260071226559683,-0.08750070512346272,0.001404526333989465,0.005590701852670004,0.0013756509281504204,-0.22410446864630706,0.024241478416407038,0.026180118626123686,0.0830467369050758,0.08183793351874037,0.4675152681857313,-0.16521881159398627,-0.033977866965310036,-0.004688435070756934,0.0020722703265084502,-0.09647477674054686,-0.3492846262013421,-7.04615314896371,-0.004719492759603253,0.00022794686330141834,-2.786185518179013,-0.030247883272090624
0.5788000593536078,-2.995078312799223,1.1261382039579744,1.026998218086947,-0.009403909197317893,-0.14089524862615216,-1.8916687202345308,-0.0064916789474246004,-11.728752455136314,-1.293769729759983,0.04451255060134238,-0.0058308076059085095,-0.0022231152848390203,-0.007732604833705636,-0.023668490511144787,0.0005716637460918383,0.0031835893075311036,0.0013756509281504204,-0.3159413008713816,0.11382271611316547,0.024814780306025977,0.08468701235872139,0.08124536641455812,-0.4862906112376225,-0.01997350381245844,-0.07858584491404559,-0.002675740140960805,0.0007510353982096386,-0.13468155903747286,-0.3216892859330773,-7.5946878494459025,-0.004225493182979442,0.00022794686330141834,-3.060448673741533,-0.029058719606537713
0.5817487973684282,-2.672737054076539,1.0925585724936655,0.8934056691829676,-0.009403909197317893,-0.1373693394812373,-2.180029907379648,-0.00654809032542204,-11.874526472262845,-0.31436469285033436,0.0446637667463156,-0.004705442177963436,-0.002294845546418094,-0.003760064191027903,-0.02571025336030914,0.005323208583561363,0.0027738389529701757,0.0014548392551532255,-0.2916566446238719,-0.04588419526753627,0.030128320794539837,0.07901625671444046,0.09093107503595682,-0.5341572643135045,-0.14534687101998356,-0.048554148681886386,-0.0020706629957893993,0.0007510353982096386,-0.14275580591593176,-0.2855926396047458,-7.764917174711531,0.009937928927438024,-0.000136768117980851,-3.145675581112895,-0.0319854923083721
0.6150924421858769,-3.1632938986071473,1.0646564536189995,0.9749553359196826,-0.009403909197317893,-0.14089524862615216,-1.8701699331105996,-0.00735015041794414,-11.885597961009173,-2.202606157070239,0.04065984507060714,-0.004752614364055347,-0.0020797032327638174,-0.011283840402915043,-0.02218998841511452,0.006282099904839957,0.005819968553909767,0.0015793426058825838,-0.34511120528335515,0.03012749463875427,0.022637334343576676,0.08314530101068028,0.08085347269126406,-0.5148852982820221,-0.16368254351816316,-0.029214033331629245,-0.0025882739718937004,0.0006418687811954331,-0.10230268585756795,0.39084495004768094,-7.129485543019812,0.006933253744920126,-0.000136768117980851,-2.8492565432577535,0.07760552089765277
0.6156944697637123,-3.185063124815128,1.172344231477716,1.0011748927756459,-0.009403909197317893,-0.14089524862615216,-1.9419445583306487,-0.00740656179594158,-11.949236355234211,-1.2073651939935486,0.040026367140932766,-0.005556574041219498,-0.0023291468023176227,-0.006699363554588847,-0.024894384594718613,-0.005217216112344076,0.004887241773336017,0.0015793426058825838,-0.3677299729823888,-0.05621286973213644,0.02386287660029461,0.08336454213577982,0.08085347269126406,-0.5377923430872172,-0.14482715905715757,-0.06833825021836412,-0.0025882739718937004,0.0007189011103646168,-0.13083554322680319,0.37623124617981674,-7.831624792582178,0.0004091957775656709,-0.000136768117980851,-3.1777288518035554,0.07738833776097626
0.6112793997501649,-3.2134796132182117,1.07400634017549,0.9622260319934558,-0.009403909197317893,-0.14089524862615216,-1.896796449369882,-0.00740656179594158,-12.010127589333642,-2.171418736196198,0.040528153120515865,-0.004752614364055347,-0.0020797032327638174,-0.011737499190108224,-0.028008965320832704,-0.004239843714681867,0.005584617313178598,0.0015793426058825838,-0.34330582866149206,-0.0022591210378821664,0.02270076123178562,0.08333027260256333,0.08133411261566828,-0.5172342746729021,-0.18406585291353977,-0.06717776529875183,-0.0025882739718937004,0.0006418687811954331,-0.10904505413691305,0.34693398509700357,-7.202642967725031,-0.004267049049015288,-0.000136768117980851,-2.8794755518041844,0.0757588511529497
0.7748573041421465,-3.129845402809658,1.1049439356839756,0.9451452666270588,-0.009403909197317893,-0.14089524862615216,-1.904050738189074,-0.00740656179594158,-12.036212152993658,-2.2044846256790653,0.04065172183128598,-0.004752614364055347,-0.0021021963086772216,-0.010523625585759753,-0.02985451581313655,0.006454920811134139,0.005584617313178598,0.0018479335880053575,-0.3841621196756778,0.004883626420830162,0.0223224391109312,0.08385697984878666,0.08184458283177648,-0.5432031708982666,-0.18169298111771093,-0.06487986454988945,-0.0025882739718937004,0.0002174689480248565,-0.11377671508281301,0.2906007531932705,-7.2498109827270145,-0.004108079598491921,-0.000136768117980851,-2.9119720025873774,0.07608032230281686
0.7844897220017475,-3.1517147770991585,1.105284595810519,0.9596899187915419,-0.009403909197317893,-0.14089524862615216,-1.8856414890774857,-0.00735015041794414,-12.055921729060852,-2.222724911004382,0.04034204474012853,-0.005556574041219498,-0.0021021963086772216,-0.010049417583114255,-0.027991308105041544,-0.005927270759378117,0.005819968553909767,0.0015793426058825838,-0.3633652175114365,0.015798860231246256,0.023180788776131996,0.08414794621936435,0.08184458283177648,-0.540815393039626,-0.18587679463571521,-0.06445212617790264,-0.0025882739718937004,0.0002174689480248565,-0.11348530223423019,0.2739412445487329,-7.202392758351303,-0.004048522081524508,0.00022794686330141834,-2.9420831656557613,0.08226717324023744
0.7895522142243157,-3.1385234987155517,1.108552666929494,0.9505410206772895,-0.009403909197317893,-0.14089524862615216,-1.883986534634944,-0.00735015041794414,-12.076609990975165,-2.227280272122762,0.04258663786804769,-0.005556574041219498,-0.0021021963086772216,-0.010505021359812116,-0.036410220190946994,-0.004886793540326746,0.0036007686859618904,0.0015793426058825838,-0.37635186379674224,0.021168282807358586,0.024325465820350844,0.08414794621936435,0.0819593214026908,-0.5542745773529738,-0.18396304324986645,-0.06008119364069038,-0.0025882739718937004,0.0002174689480248565,-0.11284537567851076,0.26202205169419635,-7.214331596849849,-0.004048522081524508,0.00022794686330141834,-2.937811349585968,0.08226717324023744
0.8491629754787011,-3.1610526875131084,1.1305977567493908,0.9405827425695998,-0.009403909197317893,-0.14089524862615216,-1.8813881173816374,-0.00740656179594158,-11.95858608055113,-2.194087007641807,0.03530097469212908,-0.0053239805407172755,-0.0021021963086772216,-0.014421145388714952,-0.01650170131074364,-0.0031648465473273837,-3.8686214648158204e-05,0.0019407312841896627,-0.38633099449999997,-0.07086464801320075,0.024950890845189963,0.08445293394552056,0.08115303316222,-0.5754413363836007,0.12138431947491586,-0.05092843475095484,-0.0025882739718937004,0.0002174689480248565,-0.12713284443290923,0.24198546688149483,-7.209886829177401,0.003113579215881875,-0.000136768117980851,-2.9132629505328675,0.08267846695420417
0.25524191924981315,-2.435461734360537,1.11187589500563,0.8214967128077257,-0.00905485538394585,-0.11948560511745542,-2.6856983665120095,-0.00740656179594158,-11.99642563197077,0.4437400569095873,0.04522501850764421,0.0010022458621582134,-0.0004595810576663901,-0.004307842417263799,-0.014946853504726338,-0.0058374136124863234,0.0010547352948060413,-0.003704034912280781,-0.34774649962736653,-0.0344381014999477,0.021225849308050278,-0.020507200532546288,-0.02919669865963969,-0.6585837973737982,0.12399995872322525,-0.07247090738911571,-0.0024112848307250587,0.000811858017897476,-0.13612912416181605,0.21918245117345161,-7.652751714101904,-0.0006411860089358509,-0.000136768117980851,-3.114082389724012,0.07917676656483555
0.6001172557998817,-3.224652924739312,1.2176253109995756,1.1442220053891916,-0.009403909197317893,-0.14089524862615216,-1.8637151743164386,-0.00740656179594158,-11.962814217190946,-2.1613375924927967,0.03896894179679408,-0.002842671149953993,-0.000740195414065792,-0.01283134897100893,0.024736391484613082,-0.004990755526943904,-0.0064544359526666146,-0.0032699104303762693,-0.37385573218529056,0.0022297942285984407,0.02292683978883257,-0.012206359765086052,-0.020470081490767192,-0.5470087946370552,-0.13704735538040902,-0.0817282979587779,-0.002637902914192818,-0.0018366558964067656,-0.10812050181451735,0.21052984855874887,-7.137204853109655,0.0004091957775656709,-0.000136768117980851,-2.843331793322333,0.07735570364041422
0.7931373423414153,-3.3620359611169346,1.3420773542523678,1.156511634104177,-0.009403909197317893,-0.12915950868890413,-2.0728335015125565,-0.010118609256131528,-12.08517676771798,-0.9200242722809554,0.009583087748227663,0.0035510632082699865,0.0001577606968927621,-0.005370203532620512,-0.02158644328391917,-0.016455292854478568,0.008190945705183026,-0.004517719780165435,-0.35067400160386253,-0.019467652545424555,0.00434697771655174,-0.021188712163896777,-0.021991592563659547,-0.5645452767854405,-0.1800881403672009,-0.07179106759511011,-0.0008289308002334995,-0.001380519601357499,-0.1498023908793466,0.14680469832326853,-7.976403170394036,-0.004255527752834749,-0.000136768117980851,-3.234993714768007,0.07780147487426683
0.7892348014798299,-3.314027974207153,1.3442588714280705,1.1689880931546892,-0.009403909197317893,-0.12527454971799776,-2.08070229136665,-0.009260137785611989,-12.067876628603104,-0.914531151926068,0.010658145442253112,0.034915199515431095,0.0016018001503435178,0.00013104523667701413,-0.011336230334851876,-0.016479366591879235,0.008190945705183026,-0.004517719780165435,-0.2876507059567079,-0.060279065109500395,-0.0005036253280695074,-0.023473347790629394,-0.024516503751246768,-0.571596292161188,-0.17819727490203185,-0.06509982078063972,-0.0008289308002334995,-0.001380519601357499,-0.14675465521249917,0.09061716651312636,-7.955254280553653,-0.004198143094446928,-0.000136768117980851,-3.2202388477583566,0.07805350672812525
0.2702360929490446,-2.705752257229234,1.1652088498571402,0.8759308979304358,-0.010436750451079748,-0.1373693394812373,-2.394220629543651,-0.0064916789474246004,-11.954147138139417,-0.0782772976189364,0.01605834684724681,-0.0017696751406427054,-0.0005950303494756822,-0.002717605924535027,-0.02148783654190599,0.0018640637772567952,-0.0023482540039331656,-0.002936410696962966,-0.28975362253049863,-0.0011377031785640196,0.01870490157628048,-0.019655367955811694,-0.020700850055968258,-0.6021822739739606,-0.1846367637824837,-0.06736162392096179,0.0004954069004999822,0.0012623326438209142,-0.14010593544830202,0.060502273970304325,-7.638833758516239,-0.004159203967686711,0.00022794686330141834,-3.116101231801318,0.08058236695575477
0.3588312814786877,-2.933100661862182,1.2508918806775378,-2.8306916390733554,-0.009403909197317893,-0.1501361220241696,-2.346921961696506,-0.00654809032542204,-14.122229883112032,-1.165519223860507,0.13611743535047588,-0.005242911662526893,-0.002119404812446043,-0.0056595400603121,0.006971156504483793,-0.001087543092089443,0.044046276905533546,0.011573003564396852,-0.3151391010206599,0.002483169212707979,0.0574931624049512,-0.012396102295691408,-0.01835334724768048,-0.6008241715467563,-0.023580422127317053,0.2933857532417599,-0.0025982108912258684,0.0007189011103646168,-0.10868402058066111,0.07288912991195719,-8.427618843478108,-0.023832175555366673,0.0029299709083911267,-3.41436124811201,0.09748776696577735
0.6547537088117338,-2.481334712532846,1.263659272276575,-2.6736896013931615,-0.010436750451079748,-0.1501361220241696,-2.642290432997095,-0.00654809032542204,-14.24733238105746,-0.037032403955453035,0.12493041627584249,0.0029260445586586368,0.0001610712407732692,-0.0030903446011801257,-0.01832284448383207,-0.010584394673778523,0.04314051254230812,0.005024230447105138,-0.3335523466868748,-0.004257064842541009,0.05416717695123659,-0.01650370020859756,-0.021661843161143897,-0.6608623112592495,-0.13386966074601594,0.291314896000099,0.00041952497105433775,0.000811858017897476,-0.1247802434162312,0.05810106165223343,-8.803250342284162,0.07301770008472472,-0.001757982545034677,-3.4931985765073525,0.0998594501429845
0.5774005199010467,-2.390391563718725,1.2042891350325768,0.7888334181497404,-0.010436750451079748,-0.1373693394812373,-2.705142959681754,-0.00654809032542204,-12.227836055748625,0.3495238294160635,0.036363659320042103,-0.0021938926428522855,-0.0021166929244855383,-0.004842138278915007,0.03163660610812982,-0.008244583072768364,-0.0021204984499308467,-0.0012908596450290383,-0.34449380287502923,-0.041853630313686684,0.015604794307090216,-0.01718915636495725,-0.03194244714833581,-0.6516802729794712,-0.17639396959891465,-0.06278507042298898,-0.0008964265486030204,0.000811858017897476,-0.1502638068107111,0.014595915909077432,-7.962470744367947,0.005938270847461692,-0.000136768117980851,-3.2029971274637106,0.08301433863716237
0.8695474063744677,-2.4174599857149337,1.2225356940705767,0.7960192622335751,-0.010436750451079748,-0.1373693394812373,-2.7314278039661226,-0.00654809032542204,-12.322090909657367,0.37832799955059504,0.0361191199951021,0.0012506899323342152,-0.0006892763010161106,-0.0058355318895895,-0.013388257046567117,-0.005603182627148693,-0.008694893952210217,-0.002800863402674109,-0.3643682664441817,-0.0648542317893811,0.025405643957214015,-0.017531317062970807,-0.023346837924341987,-0.659854875594133,-0.12976964317233983,-0.060071159244205585,-0.0024846261856388877,0.00038745818472689874,-0.16691339215711307,0.008646921311403424,-8.030821787089055,0.0006921695467342927,-0.000136768117980851,-3.260164640244937,0.08324813809477735
-0.5468704867954167,-3.1124036438032374,1.1193366836628766,0.9699957159091512,-0.009007367346197897,-0.14048958556342328,-1.8136389866067073,-0.0064916789474246004,-11.64393278775263,-2.1376645968370576,0.023322099646878015,0.0031900499086763745,-3.87273540178038e-05,-0.011110146915279681,-0.02206632451149799,0.006063390979679281,0.006787745941373017,-0.004674759542928592,-0.2090284937181804,-0.041503804837481735,0.0214764161127202,-0.01874862124868184,-0.027286885047646564,-0.4637496345801017,-0.13974259647022746,-0.08077210547515379,0.0005995005012073944,-0.0008557178308150968,-0.10570208143601945,0.021604202260589532,-6.209171185556932,-0.004239514215323006,-0.000136768117980851,-2.74265155827315,0.05783478603775153
-0.7099166902322811,-2.3302633298855966,1.1605797119227519,0.8238645080076847,-0.008658313532825854,-0.12097276335550448,-2.5965725579845023,-0.0064916789474246004,-11.600514263267831,0.5276718831111198,0.03523670319937681,0.0007227197966456955,-0.0008693518601841535,-0.0020742090532424704,-0.02549514476114747,0.02002885015578894,-0.00011341212013388832,-0.0005937714475298627,-0.17581899015531452,0.11789209289216673,0.015950676419151856,-0.025589844778114275,-0.033670853758032186,-0.5241464086539008,-0.11909375446859653,-0.07659868655323762,0.024975598441172447,0.05203120615183882,-0.1165545012107217,0.007811112580648468,-6.952766621880865,-0.0034581920003444212,-0.000136768117980851,-3.0599402554176915,0.06443882807943871
-0.4129650355098172,-2.4692822657672067,1.0979159419035476,0.8223457592917334,-0.008658313532825854,-0.11276293256317127,-2.653081716624588,-0.0064916789474246004,-12.151175006161727,0.8402115479157461,0.019965633306549282,0.013982072575084981,0.015085849153235669,-0.004940907642210879,-0.013284142729736092,0.011046576429555591,0.005380115883249336,-0.003003681279406109,-0.21912728829702965,-0.025578169484020426,0.019648426711492077,-0.05761155298778181,-0.02802065143047887,-0.5479688446383116,-0.1850085837036574,-0.07740450611685312,-0.0008614862909614615,0.00048251161404090225,-0.12092499093034861,-0.02345277167854714,-6.972541602958664,-0.0034886979793320155,0.00022794686330141834,-3.0744311689235007,0.06263291601280155
-0.3903882600806307,-3.1903157934698387,1.1765903887079396,0.9751935976743403,-0.009007367346197897,-0.14048958556342328,-1.8342065083139312,-0.0064916789474246004,-11.717515047360097,-1.5222486665149468,0.0341663009725248,-0.0018785394892421026,-0.0003186651322861661,-0.010938140056553752,-0.019949620839387287,0.013059360165795883,0.0018003561406843126,-0.001538691762750033,-0.17684651617369151,-0.04862821484622646,0.02577529865923638,-0.013127444496158647,-0.023007091012485846,-0.42768887487999724,-0.14901333046507956,-0.060499861330824106,-0.0027885613808024193,0.00035698925665553563,-0.10077235278387127,-0.0457118868706813,-6.659951711726971,-0.004016128831439859,0.00022794686330141834,-2.9730777110588336,0.060538700972141986
-0.5330536370554236,-3.041189724239009,0.971808049856039,0.9404637175719364,-0.008567779398915069,-0.14048958556342328,-1.8193546379568952,-0.0064916789474246004,-11.302551959922132,-2.156496246072255,0.05549612116622685,-0.0023852118739343246,-0.0020210060093005,-0.012562467203458038,-0.016703519842171107,0.017094101339352585,0.003328520772673548,0.0023059439073713286,-0.20039017950954582,0.04300022998169842,0.026727383429256076,0.07975148976919742,0.07698342565974114,-0.4279925247643505,-0.18034311454464624,0.08299741466606748,-0.002402305962177085,0.00018519271191757593,-0.0888137508364409,-0.09886334211430413,-6.207283582083238,0.009457123582805161,-0.000136768117980851,-2.760821569571898,0.05842568221517109
-0.5215015150398665,-3.0408875076201167,0.9056473738413767,0.9839100478419481,-0.00820952966641304,-0.15055055761315345,-1.8156111465530937,-0.0064916789474246004,-11.069667117104505,-2.2517256549791833,0.0697030094389791,-0.009210046849245559,-0.0019277046209525514,-0.011298681423068868,-0.022963095947412335,0.04398308658013776,0.0032936618246616027,0.0020428144930185947,-0.15622773272916576,-0.09709586114618182,0.16104715330922717,0.07432948916514034,0.07105755851655383,-0.41685158278954515,-0.15473250037443942,0.2341042514401132,-0.002527133378581175,0.00018519271191757593,-0.08289320372472818,-0.1798380552637172,-6.199341990513001,0.0066267357552440825,-0.000136768117980851,-2.7559699267028384,0.06505424867851477
0.15278077301938991,-3.3324203968045314,0.89130377432527,0.8980276931238959,-0.006296501215981959,-0.13571912184729945,-1.2468592290087144,-0.0064916789474246004,-11.534749423044069,-2.513053910298697,0.04166349771458214,-0.02506416409261431,-0.00781345700384827,-0.004781133014412069,-0.10102755136093694,0.02900869036481263,-0.01135563763087284,0.0013645159355778354,-0.12706859278873595,-0.07760113809712144,0.0841627432771657,0.0771374695214337,0.07275782258562134,0.7249594618952784,0.07333620616478564,-0.04292480028414674,-0.022431908751626626,0.00353716489041938,0.2946258256813175,-0.30587096080953663,-6.907225683496535,-0.005451307058033919,-0.000136768117980851,-2.8238872920837563,0.07699380040671777
0.15063839599482653,-3.2967828552978866,0.8870429253298466,0.9299000171991237,-0.006296501215981959,-0.13571912184729945,-1.244846396464762,-0.0064916789474246004,-11.601530845154869,-2.5241514871836683,0.05615862319464322,-0.022994677155915143,-0.007835028130617145,-0.005486291712430515,-0.08994530555282881,0.006046544544615608,-0.011504770315761107,0.0013590543678077968,-0.15273242470801512,0.1476500485197192,0.027292669525653734,0.07999649380447657,0.07908397459873191,0.75937409882118,-0.15407747152057932,-0.05679125819663442,-0.022237596773212256,0.003626704603946289,0.31994910033731505,-0.351882254658987,-6.849443355187154,-0.004391707416002095,-0.000136768117980851,-2.8133420996207423,0.06928209319425374
0.8170255363013768,-3.060231324535057,1.0684801804156518,0.9551125289034372,-0.009403909197317893,-0.14089524862615216,-1.8164654007024903,-0.0064916789474246004,-11.832648873816904,-2.392461118914439,0.07084380383077296,-0.007132787098256419,-0.001974593664429744,-0.01372613262217817,-0.03730952336238645,0.03843707461115769,0.0044129195333629835,0.0014577941919834312,-0.23734324151801928,-0.040007196261062576,0.0274109348576763,0.08191713977938782,0.07809033437711203,-0.38023322861205733,-0.17582534882684883,-0.0468443848201616,-0.002675740140960805,0.00045788380402328964,0.05469887595763505,-0.36537053300768635,-7.119768793376923,-0.004183465907811307,-0.000136768117980851,-2.958294323819798,0.07709954007139752
-0.45177011497020636,-3.1353236996140765,0.9295468637442299,0.9877624161628349,-0.009007367346197897,-0.14048958556342328,-1.7886120295061074,-0.0064916789474246004,-11.381531730259503,-2.284348686683227,0.06271499970101736,-0.009197420848879166,-0.0020127402826399547,-0.011205177932809366,-0.024618764289823732,0.11314267713403829,0.0028650421590477922,0.001864922556052782,-0.1379950457863901,-0.0005712830938342244,0.036066686784316765,0.08076515732199874,0.07821035834230917,-0.41014191552343626,-0.17985110511894128,-0.053262879963792066,-0.0028660906305373562,0.0004771742430917285,-0.017482260798642596,-0.35303339905383013,-6.137141708278696,-0.0040676670486066175,0.00022794686330141834,-2.726969616408318,0.05679723257349976
0.5948384194407157,-2.982966984511257,1.2965967166232217,0.9609167096444863,-0.009403909197317893,-0.1373693394812373,-2.058346918074953,-0.00654809032542204,-11.644402836546812,-0.8788292621023276,0.03353198402573108,-0.0031702643881768157,-0.0005950303494756822,-0.0031900138007157014,0.01619430072762037,-0.004126567285250246,-0.008423542574720718,-0.0023647974392320137,-0.3059455258016139,-0.05683454352618602,0.028938462196257612,-0.012307679998870188,-0.0259004319328454,-0.5038238194562482,0.11772962514152295,-0.051098321443632515,0.0013684055467073127,-0.0006758904469962319,-0.13284479538615732,-0.36176179888071563,-7.72834869325178,-0.00043049856992010034,0.00022794686330141834,-3.084940322834633,0.07442355925517288
-0.41948955520419945,-2.449488608934495,1.1006585644482514,0.8349132404237887,-0.008658313532825854,-0.11276293256317127,-2.609863921097015,-0.00654809032542204,-11.72324880153554,0.5706446775526899,0.02192186397328149,0.003401386108122515,0.0008414479056655523,-0.004940648596191347,-0.018913002085769282,0.011799692519834943,-0.0019505765744966723,-0.001408566178016154,-0.23712990606796835,-0.02339214444923124,0.012319944701830817,-0.019777865646411638,-0.029999499509280853,-0.5479366910278589,-0.17555077297399538,-0.08413068964527586,0.0004107600351951528,-0.002405077198320889,-0.12239766095214695,-0.2879660307944284,-6.948304680415391,0.00882804183272943,-0.000136768117980851,-3.0415906032825486,0.06343665543484917
-0.7058339603981064,-2.2711269160627725,1.1498250680565942,0.7759868309005161,-0.008658313532825854,-0.12296490102563291,-2.549246353001035,-0.00654809032542204,-11.542977424891527,0.47645145472173794,0.033994002913230105,-0.0013074496099610086,-0.0015889614349705108,-0.003924011307942919,-0.023970868395933907,0.022108901639875635,0.00193997398632198,-0.0009171464265956477,-0.23751283115694213,0.01998648286290895,0.010866010155285289,-0.029388144246780608,-0.029150747495523537,-0.5369786526455191,-0.13992881643923374,-0.06888305476173853,-6.200039761345257e-05,-0.0022455819067883583,-0.11519800141273752,-0.2920307364930752,-6.946567056664683,0.005804660799550479,-0.000136768117980851,-3.0233566299436707,0.06798023059445622
-0.6763901125229187,-2.9168711035789334,1.2034915073531196,1.0205701986489804,-0.009007367346197897,-0.13696367641850848,-1.9739851522754777,-0.00654809032542204,-11.189584301780366,-0.8697930143294763,0.030342288107579916,0.0034881510556957563,0.0015886179200955079,-0.002029155027271349,0.021810817969469806,0.018267960659935203,-0.007078020996971053,-0.0029191280224607893,-0.23403764836469065,0.002369820851443398,0.016833764601857072,-0.012701804872066584,-0.0289696580296607,-0.4805676097033902,0.0896339098553613,-0.07359542372882819,-0.0028660906305373562,0.00036886432558972315,-0.12025166520313126,-0.31472635898297724,-6.799019486567284,-0.005558776826174833,-0.000136768117980851,-2.974865901215381,0.06032971369732149
0.7866640557341884,-2.5580628676661465,1.1120007940818937,0.8794218921471719,-0.010436750451079748,-0.12527454971799776,-2.733760826955141,-0.00740656179594158,-11.13006423980073,0.26172547101929444,0.017327765726378806,0.008264385198272023,0.0006994569955927146,-0.004862511803635958,-0.015428565483264283,-0.0083662084553584,0.00512644868493522,-0.004084399849500714,-0.41843415154411195,-0.06484949888202589,-0.002177688914045668,-0.020352867234214166,-0.030573754765173662,-0.7126862581937855,-0.1788838714783302,-0.06987230400260226,-0.0015078482542094471,0.0008379328106503368,-0.16966027324731536,0.3669707053805651,-8.470226577352202,-0.003551938755758453,-0.000136768117980851,-3.2609573142428685,-0.0852768391274854
-0.7332840602644349,-2.4736609884845486,1.096054051284144,0.8403417063552195,-0.008658313532825854,-0.12097276335550448,-2.588529640674264,-0.00740656179594158,-10.57763317310015,0.39577837332581883,0.033591823274379616,-0.0022586772574927673,-0.0006496435007647535,-0.003328909806194085,-0.011310584479087732,0.007907128367533909,-0.006250046154427426,-0.001723321039395995,-0.2423172195166893,-0.006781073236542004,0.00965258041230799,-0.0189870196600583,-0.03368612727650636,-0.5613733178238405,-0.18079238972143083,-0.0837830397295086,-0.003411773058784137,0.00038125561530245747,-0.1197496172250026,0.32028017681868803,-7.5218385175327,-0.0034664876276512884,-0.000136768117980851,-3.1235837887852047,-0.10518480853886966
-0.7047560432345958,-3.155122656503206,1.176781452641356,1.0019941837647586,-0.009007367346197897,-0.1322797547710901,-1.8290294417965658,-0.00735015041794414,-10.39129544756986,-1.0024674965124203,0.03290650711613191,-0.0032259988150585774,0.000146773462661078,-0.004781198816659439,0.020761003586898148,0.006879526293678364,-0.00759035935676285,-0.001994354220220039,-0.23252366361804921,0.07328497880762995,0.018700679589132543,-0.022506039204803208,-0.02796471880429712,-0.4693293780168744,-0.18251783233872093,-0.07000478430083562,-0.005337700995315791,0.0003367300377447014,-0.11877462153824031,0.2884675904397832,-7.331442827242047,-0.004014975214686251,0.00022794686330141834,-3.0921848915509127,-0.10061103472240879
-0.6719267189781584,-2.6194242221780915,1.0926122613451925,0.8296029721740423,-0.010040208599959752,-0.12486888665526892,-2.605175675405543,-0.00735015041794414,-10.713410937714754,0.29035482588952544,0.027842118877494,-0.003305034611723272,-0.0005799428379349592,-0.004749710347684,-0.01688014566923535,0.01262038424112975,0.004921924338592076,-0.003955924459950782,-0.24915903219172547,-0.007005428883626167,0.014031912147756441,-0.01975995373624606,-0.029360334125360987,-0.5625053632390776,-0.18047720948058968,-0.08566807014314251,0.0004189622834478346,-0.00046431755000461423,-0.1369207861548003,0.22660658638874348,-7.4959548820066555,-0.0036379564860222723,0.00022794686330141834,-3.120936752089859,-0.10564098427706001
-0.6761930964015223,-2.6135263150194237,1.097152332962067,0.8128110727057751,-0.008658313532825854,-0.11907994205472656,-2.58950523784327,-0.00735015041794414,-10.709437253517676,0.40406253863450936,0.03090516950284479,-0.004762281372019013,-0.0016132841141851995,-0.004838169739811262,-0.0258411352033111,0.012519864922804446,-0.008357968385336666,-0.0015715989961661873,-0.24553896698428904,-0.03667016304672042,0.017206270259804327,-0.019579316873778264,-0.02909633547575318,-0.560593330682615,-0.16458112479182235,-0.08559302023603121,-0.0031864823115660265,0.00048251161404090225,-0.11963028891282133,0.21899414553927118,-7.497665262295663,0.008714482122892152,-0.000136768117980851,-3.130296101867963,-0.10774258051698438
-0.6765647282108895,-2.395712384854565,1.114285456920967,0.83320936867881,-0.008658313532825854,-0.11276293256317127,-2.5878186666269953,-0.00735015041794414,-11.034533059437765,0.6108903640725165,0.016157156275795205,-0.003669210588689844,-0.00017392225349278554,-0.004766453209298705,-0.013636825451596326,0.007415386001569495,0.004115806694414324,-0.0032617392081030895,-0.24442354440414069,-0.03213023101609692,0.009726298390164605,-0.04460813235104138,-0.02939128334514709,-0.5626858342496673,-0.1681452788592363,-0.07530272094883209,-0.000353349843025777,-0.002483657444861754,-0.12230414447965098,0.21026717751940158,-7.410480091384424,0.006077087500948949,-0.000136768117980851,-3.0841407827770926,-0.09863106059543217
-0.6298376146648578,-2.7806634920767026,0.9757507970156948,0.9882691211616894,-0.009007367346197897,-0.14048958556342328,-1.7148936004784918,-0.00735015041794414,-10.400162934744625,-1.902628035520893,0.06844310064207224,-0.006980778218568082,-0.0015072969786718705,-0.009672974185687879,-0.043282621411130096,0.013271571560856048,-6.606646929325512e-05,-0.004015277725480431,-0.18933066053766284,-0.07428408720929093,0.025149485123627757,0.08217155270190844,0.07778270107454349,-0.4377733732890737,-0.18406602709104897,-0.04580750734739812,-0.006925900632351659,0.00035698925665553563,-0.07982756102937723,0.19777650666388905,-6.677983981948332,0.0006904514619953707,-0.000136768117980851,-2.808272628215202,-0.10388472856841949
-0.6078455913855912,-3.301650051052272,1.0562852821407198,1.0239660045451284,-0.009007367346197897,-0.14048958556342328,-1.7433392292231973,-0.00735015041794414,-10.257489941992363,-2.1629430191150365,0.04950861705809699,-0.009138080294250178,-0.0014355667170927967,-0.010020870323498746,-0.014469433217959833,0.00924960546873322,0.00355258638637161,0.002347859648259013,-0.18197523079800446,0.11447824281028597,0.02103888313636343,-0.013308467345975353,-0.027133774103766183,-0.4127237334446879,-0.12585431253281915,-0.07722045434816402,-0.0027885613808024193,0.00035698925665553563,-0.047805850422348035,0.18932425670299025,-6.5504008876951225,-0.003985793364585589,-0.000136768117980851,-2.7648199616329983,-0.09739392470966635
-0.5678142186279221,-3.2088183600010005,1.0401251915628902,1.0793724085083485,-0.009007367346197897,-0.14048958556342328,-1.7536172769370764,-0.00735015041794414,-9.946177579865656,-2.082088148525962,0.05632747671716331,-0.009288380172599687,-0.0011697991260410648,-0.010061626697813238,-0.017103249393499168,0.018365911953140322,-0.001785242247138709,-0.001315271409624812,-0.18017736580735438,0.06611536271081378,0.02984272676478642,-0.012590649180165973,-0.021808147638104326,-0.42671895248046565,0.09472901525452751,0.038964743190589485,-0.002402305962177085,0.00035698925665553563,-0.08749343229849467,0.1824990066357138,-6.520443562041884,-0.000510564493932719,-0.000136768117980851,-2.7144164656322425,-0.0896940677022117
-0.554520781217643,-3.334754819941204,0.9668481183393326,1.0304907292852354,-0.008567779398915069,-0.14048958556342328,-1.7810751221521433,-0.00735015041794414,-10.109726693729874,-2.1439567489358464,0.06377141720995658,-0.009712540118186237,-0.0008731362489102573,-0.010063906793334179,-0.020508597603780754,0.05118812522234193,-0.00480836597359212,-0.0027999943049083803,-0.17078398360865324,-0.09480618599458203,0.11824364510150295,-0.012457562234958438,-0.020851505352647057,-0.40480188645600623,-0.12206758477541595,-0.015228910500723485,-0.0009389337415453072,0.00018519271191757593,-0.053400458291613696,0.14224938527462633,-6.704960167486894,-0.004246001590024648,0.00022794686330141834,-2.783124392294729,-0.0889528517776505
-0.5443817202662898,-3.3665374443385185,1.1341564037614478,1.0056452955602895,-0.008567779398915069,-0.1322797547710901,-1.8690560048345737,-0.0064916789474246004,-10.28969659689163,-1.1659741265105732,0.04968710496595122,-0.002411663223203215,0.00033581104307780525,-0.006491115506316723,-0.015902525043832477,0.00772268524595738,0.015958400761240207,-0.004448465641346149,-0.1954266765132783,-0.060750773578610494,0.026188260126824993,-0.01826189296596565,-0.02438002384306144,-0.42775415128937294,-0.17998149934196372,0.000785928289721506,0.0009004845312730403,-0.0007290710022754335,-0.039554145046879874,0.09721540312048323,-7.293311543849221,-0.004246001590024648,0.00022794686330141834,-3.073412289814783,-0.08740698779564685
-0.7396513738536976,-3.5204351172265205,0.9641059610158681,1.051070277104138,-0.00548820231505318,-0.13456231905934207,-1.2164252136904756,-0.0064916789474246004,-9.311375824957302,-2.308042157570957,0.03507995070842208,-0.003234824669559344,0.00010190633483727214,-0.00713801014287861,-0.04447254029116033,0.007542285352843604,-0.006716096571657039,-0.0019418607551337467,-0.12820194090568382,-0.036711051437355154,0.022071787492500973,-0.012378219233255966,-0.025994860521560595,0.7743382844619953,0.07532643328503116,0.3843502171777714,-0.0029273761250172463,0.0013739341947976262,0.07603497388170105,0.07784776001979883,-6.583674854781636,0.0036315054041077327,-0.000136768117980851,-2.7768919069027285,-0.09782479857222293
-0.7256085362242127,-3.522778338709613,0.9413597203990545,1.0552102307131557,-0.00548820231505318,-0.13456231905934207,-1.2335637139325601,-0.0064916789474246004,-9.442968895775879,-2.287201175667598,0.0410162556241075,-0.0018656440137385427,0.00027370909534332304,-0.007303450957613431,-0.08699611713850576,0.00571149224534328,-0.009028926688599684,-0.0020803223427417975,-0.11331049101283677,0.01896129261444291,0.022307331791630698,-0.012378219233255966,-0.025994860521560595,0.7733449731316981,-0.15060617296799772,0.4172044462274074,-0.0013391764879813787,0.001511754383300065,0.06692577178547258,0.06745708794218051,-6.651620658262434,0.007126108598312227,-0.000136768117980851,-2.80525264755345,-0.09755619268807744
-0.5548783772310721,-3.288103894126574,0.9916857968670912,1.0762331977812618,-0.00708189640912643,-0.13456231905934207,-1.7726544614600477,-0.0064916789474246004,-9.893929742467463,-2.1827489334845587,0.08456444740420965,0.009094896880406506,-0.00037251590519571853,-0.010108565736287779,-0.02707221889218817,0.013840959981983786,-0.0028883729430425765,-0.0011911700073668275,-0.13057421913416312,-0.06314321582040339,0.023993682926361552,-0.012427351155007446,-0.02610658319676243,-0.3058944291111166,-0.14843307443998505,0.3775462821699913,-0.002402305962177085,0.00027324341050874706,0.08322355159922265,0.06574442125023763,-6.511201361299256,0.0006904514619953707,-0.000136768117980851,-2.730312602707811,-0.0897801945630807
-0.470601649053506,-3.155108272193859,0.9730292586433664,1.1213124352963633,-0.00820952966641304,-0.13973844583819478,-1.763655263763331,-0.0064916789474246004,-9.591014980322754,-2.1708232835224135,0.06517898286262702,-0.006269884857348447,-0.00015848512990645266,-0.01024438452078502,-0.012610157539261998,0.04910753787439535,0.0032671365962346297,0.0023880871712043394,-0.11370505275476113,0.1596404510551542,0.021831320666845844,-0.015101602061482826,-0.022357734877943992,-0.378989832482571,-0.1263697969594602,0.2746649461429248,-0.0019804895539832596,0.00027324341050874706,-0.01809372139765171,0.04418237010556227,-6.4602041436484665,-0.003985793364585589,-0.000136768117980851,-2.728477569829647,-0.09341659495296084
-0.4498212837332393,-3.2274076545163175,0.99701839758887,1.1402538278290948,-0.00820952966641304,-0.13152861504586155,-1.7590807583669765,-0.0064916789474246004,-9.772859868223062,-2.053496344161,0.02666758869919149,0.012884891267239372,-0.0006622427270499713,-0.010108565736287779,-0.015775930763732234,0.06287463483877417,-0.00859892433011479,-0.002775936549273163,-0.14790921817683803,0.029932045617086775,0.02501226797650539,-0.021713119300888997,-0.02069584107388195,-0.3870347870592315,0.06299991203992863,0.2941377813676902,-5.523367926956596e-06,-0.0010275143755530565,-0.020262658754262183,0.03662297748209851,-6.501383964271353,-0.0043055591069920615,-0.000136768117980851,-2.702828968793609,-0.08731149472999286
-0.4805604991825171,-2.5732058226085273,1.0729008417789212,0.9184721335857177,-0.008658313532825854,-0.1122455012087562,-2.5840506163793564,-0.0064916789474246004,-10.319160558546367,0.5429300430764579,0.04385531020438374,0.00951507973790176,-0.0006253148495231184,-0.0041649949425629955,-0.01641045532019585,0.010873964230582026,0.0023977180742489643,-0.0033633602428267046,-0.18583296109807085,0.019593852161362873,0.024995017842155527,-0.018850501241616927,-0.029007764842484837,-0.49452358923555134,0.14818080502956696,-0.06269692133103587,-0.0024496859279973288,0.00048251161404090225,-0.03110118471684816,0.029335619073512086,-7.375014831272798,0.00015703812703706833,0.00022794686330141834,-3.0419571946102395,-0.08535166265222754
-0.4768596936618608,-2.558316240076544,1.0713431289204918,0.9039349380047145,-0.008658313532825854,-0.1122455012087562,-2.5956058130807618,-0.0064916789474246004,-10.285094175062687,0.5371969219994437,0.04420718451622165,-0.0027803509772869437,-2.7027735081805752e-05,-0.0031445942720884613,-0.015121654914631655,0.02251108847538206,0.0044394870862060586,-0.004252004318874742,-0.21626445748435072,-0.012179657808127084,0.023754401659541256,-0.005665705837120994,-0.02501796982962791,-0.5094349901283293,0.12569657263056985,-0.06290583824456138,0.0004792534462195676,-0.0017205750675203066,-0.11560021241158297,0.013287289721231242,-7.392350425876738,0.000142639278944914,0.00022794686330141834,-3.039446404524436,-0.08455311103230373
-0.4167673376808208,-2.5957219754805823,1.0624899051760879,0.9149913776208506,-0.008658313532825854,-0.11276293256317127,-2.5909345879713777,-0.0064916789474246004,-10.17414092117522,0.5308019341449399,0.044299026886905284,0.008456144136738546,0.00040909472863046004,-0.0038603166396272365,-0.02894536833961265,0.01166835536183173,0.00262990621794747,-0.003286400888211437,-0.1882708711921432,0.15249903874532,0.02368700662285478,-0.028012847026988412,-0.027770209177134797,-0.5143262141072592,0.1396034471378261,-0.055825815302812415,-0.0002781940809653112,-0.0007833285758206624,-0.11497440496821054,-0.004268055910407456,-7.313077686931959,0.002410060884115367,-0.000136768117980851,-3.034290413200447,-0.08497344523497921
-0.9860049938922186,-2.8938123669573312,1.182579021037131,0.9392597161318116,-0.007461666612439076,-0.12486888665526892,-1.7235532258168416,-0.0064916789474246004,-9.731607060399996,0.0469006498950897,0.043268851306464746,0.028726936649850113,0.010211800417998495,0.04328166178421057,-0.028423192736512122,0.012128502576302075,0.0035753017803005003,-0.003721801682458245,-0.13115894257072877,0.11674082897039359,0.021151622603632316,-0.02038202652522797,-0.0262238499160401,0.8161190737146847,0.12100178517793302,-0.05557454457523977,-0.0006648360529288943,-0.0024377792631086943,-0.00956086571455641,-0.035747679259162925,-7.405057494811995,0.00026378895746722014,-0.000136768117980851,-3.0818970370396968,-0.08023205692300847
0.8220052590630683,-2.4400796905921447,1.1631023334104766,0.8615327386682122,-0.00905485538394585,-0.11316859562590012,-2.663275595835774,-0.0064916789474246004,-10.80741135055711,0.5401710897876963,0.03290359543097953,0.01880114817551768,0.013537607723545963,-0.001995162181680648,0.008098857538859803,-0.009134925912700678,0.0013530770972398245,-0.003500227342868372,-0.2711984095360651,-0.04239568402052462,0.02530459756828896,-0.027173766134721264,-0.032285680691604805,-0.6632195456865236,0.11106890652292688,-0.03835627579406595,-0.000820544619157376,0.0009301816978299828,-0.053631857923292295,-0.09549976194134166,-8.30485025383606,-0.005248623810173521,-0.000136768117980851,-3.271013161545716,-0.06398730684159613
0.5806597681868111,-2.4383843494538313,1.1460010587044784,0.8880227472230264,-0.00905485538394585,-0.11265116427148505,-2.600066477338498,-0.0064916789474246004,-10.67399762636233,0.5277685136591976,0.03450352337993251,-0.0032546814474154425,-5.246435485307824e-05,-0.004607981083976802,-0.009630256882295555,-0.0024541724043767744,0.004141601860107357,-0.003358259740276579,-0.25860575224932764,0.11655777704094836,0.024658264195835198,-0.018367343558242794,-0.028839906021317432,-0.5577629509591743,0.06198061930201801,-0.03774478030207393,0.0010106424454157468,-0.00029605680149234585,-0.044978017615363505,-0.18527921321411506,-8.207647133914389,-0.0036348462460698444,-0.000136768117980851,-3.194017453950217,-0.06467112660286588
-0.776771560683727,-2.6562723999575852,1.028329266402692,0.8415054598794598,-0.0057933691929269,-0.11155521875612731,-1.908832244196848,-0.0064916789474246004,-10.218130617671761,0.9164387434777144,0.03400889076564737,0.018594059495206615,0.010943086949367457,-0.011814792767649119,-0.05635494903884926,0.011540294019154872,0.0024288171324855106,-0.003463271212558346,-0.12523156319997245,-0.001852601783068666,0.022736893885249024,-0.04880537748095837,-0.029628409247769556,0.9562681010866175,0.07984766685306892,-0.061575681001846634,0.0012556824991094362,-0.0038217009005936248,0.12617762510004413,-0.2824750828821693,-7.325134180317209,-0.00028505221579887014,-0.000136768117980851,-3.025056741669261,-0.08595351360789008
-0.3810011692144721,-2.5588360173147366,1.0269570719611485,0.8257716082324398,-0.008658313532825854,-0.1122455012087562,-2.594690870045816,-0.0064916789474246004,-11.033332988274164,0.8621533577014409,0.04143989917567732,-0.0011717783976912886,-0.0005456415820354302,-0.003556471603002953,-0.019507577772196416,0.01346051563283458,0.006011129390504032,-0.004241608580512248,-0.19056491561624725,-0.061313166179766,0.02406251833731198,-0.046725270572768,-0.028380505397202195,-0.5185984058683888,-0.16474946641097785,-0.06578943547662106,-0.0006369585162581205,0.0010573694149890076,0.005591197973715049,-0.3283396563750271,-7.340079870838499,-0.0037133427953416585,0.00022794686330141834,-3.049399671323009,-0.08559601290468521
-0.7080257736599115,-2.471383111333323,1.0784183665300033,0.8447576760935903,-0.008218725585543025,-0.12097276335550448,-2.593261856174879,-0.0064916789474246004,-10.467814616207109,0.5279444553460146,0.06383119394635371,-0.0025040133960704666,-0.0005303065831778215,-0.0029448429961336383,-0.02510572187101276,0.013718934799085623,0.006323419540083237,-0.004241799410774153,-0.18667849519554333,-0.06165818998849312,0.022842997183928963,-0.022430812305919354,-0.034865069517403376,-0.5232718797754178,-0.15865652512442358,0.0019149167333805013,-0.0023662505063250417,0.00024159335840951953,-0.02321120449871074,-0.33900540007109087,-7.420705723878303,-0.0037133427953416585,0.00022794686330141834,-3.086192085415214,-0.09632820604374068
-0.9478064978858719,-2.655278616240311,1.0961958396479732,0.8390749623320037,-0.007461666612439076,-0.11307395346992136,-1.9432054480296244,-0.0064916789474246004,-9.83232178765265,0.36400315592969046,0.030082463844698634,0.009079862654781622,-0.0005068523257372246,-0.011113675521918652,0.347074973470006,0.01451836193160528,0.005777345442988503,-0.004318567935127515,-0.13247213509966357,-0.012644436348878336,0.020691300761755654,-0.021115399990976835,-0.02999141505359066,0.9270486671098487,0.09261160701873337,-0.041723933481500525,0.0010475885397349177,-0.0003536893459308876,0.08569325305792044,-0.35109148866517875,-7.283899803189119,0.02177765813382185,-0.000136768117980851,-3.0792714532044156,-0.09677256316723795
-1.3121427837423845,-3.0542015580929314,0.9440738761375076,0.758353137056277,-0.005381612143118119,-0.11903905539158886,-1.7976731847896046,-0.0064916789474246004,-10.296851895361769,0.5756772895714123,0.06334232424814235,0.005519369159673825,-0.0033050322099905877,0.0379789756990168,-0.062423852416124,0.01551748372959939,-0.0031511075623741965,-0.006539990217166665,1.0146833428647306,0.008408389618988769,0.025088952399417348,-0.03766710177478193,-0.07318561863439106,1.4813024997984143,-0.14135555804368835,0.04410426255987748,-0.023923289090624522,0.002039550165605273,0.4334481575122169,-0.41073120703511307,-7.223182002681305,0.005906019981635646,-0.000136768117980851,-3.046445575709021,-0.09681767505951325
0.4561732461612058,-3.8050526498390154,1.07093483686606,0.9109557116637073,-0.0058847441661731776,-0.11494130224610156,-1.301503033867243,-0.003747362692953975,-9.975109561042025,-0.9265522968930989,0.11231427114205281,0.012696246606734232,-0.004041006262407808,0.02615123072028077,-0.02350352372161478,0.0059948820009404925,0.013582366524020997,-0.004306265113405401,1.1809341783168634,-0.06218767853958065,0.03585738132722398,-0.04166459046596032,-0.031186492478596402,1.5392842953239692,-0.1271992239528571,-0.14954928894612887,-0.019978755973294668,0.0035865256488028263,0.5354048521423849,-0.6644416669034935,-7.970724670120668,0.0008882614548772309,-0.000136768117980851,-3.3765214905850427,-0.06322537258531956
-0.761809399828716,-3.7356073507923133,0.8194787458219248,1.08184034354573,-0.00548820231505318,-0.11652639167301636,-1.1177863520489992,-0.003747362692953975,-9.29387408435003,-2.412427311880534,0.03491182152472521,0.0012910325473664472,-0.0010948420997237578,0.05008869483275633,-0.061537758771961146,0.027153067845422457,-0.006067043398192093,-0.005331594278107918,0.9641581802078324,0.1432360442026549,0.01941678959005454,-0.01741159411923493,-0.0014961660209848386,1.3449164539339145,0.060955780506701876,0.32653143769818066,0.012626419443268613,0.0006223529384866079,0.4740853159945603,-0.38932004682986565,-6.116564815051902,-0.00039642352044140646,-0.000136768117980851,-2.660801683716026,-0.08040319757873127
1.0792599374855678,-3.6524138447976124,0.9081356666403902,1.0506794988655146,-0.0058847441661731776,-0.1259781084066452,-1.1512854588289774,-0.003747362692953975,-9.78078976121154,-2.546790741162739,0.12940002192878647,-0.018102252735220006,-0.007571922821720834,0.06766934008965554,-0.2198873838771235,0.10521361187288132,-0.05954733975848308,-0.00368332877692603,1.21364552340699,0.14925796875025724,0.029424525825741177,-0.019069066049806745,-0.031899871900710225,1.4761792847981459,-0.12959606146658495,-0.09553267090438518,0.008400830287038029,0.003241732820237516,0.506866674181979,-0.6610341010231419,-7.357201306254613,-0.004586156317434364,-0.000136768117980851,-3.303853813507285,-0.06458455955829341
0.9848912646535634,-3.5571984145415074,0.9815511537075833,1.0088778449835132,-0.0058847441661731776,-0.1259781084066452,-1.1728818195029316,-0.003747362692953975,-9.886401956346907,-1.6316349602792262,-0.0050180233615384,0.029321811415727206,-0.0007101390678073233,0.06766934008965554,-0.21729648680118221,0.11650067031959678,-0.06068184562726215,-0.0033053594936495807,1.1315074393267293,0.020113975508079515,0.09425073991877521,-0.019148584125622817,-0.028707803278565366,1.4762363326860315,-0.12954592633350773,-0.10414262678905921,0.010327243654045937,-0.0048935334427896125,0.6377696908772947,-0.6888800734477278,-7.986401464356731,-0.00503377139209821,0.00022794686330141834,-3.5641879860391033,-0.06341180555329608
-2.079608847756105,-2.748087604198617,1.3518075087449801,0.3056001181007574,-0.006635024761524703,0.39426141487766864,0.8795331708437548,-0.0011141317347274442,-3.2077526117910926,-4.332192514567997,0.0963471879587212,0.0060164107087804725,-0.01913668996630971,0.042656145522691515,-0.17824692647988905,0.038338925811079755,0.024816764142258006,-0.00581804460035687,0.6778940843960346,0.014368834125589128,0.056452067404891774,-0.06003863531004744,-0.01787951052969125,0.6408945054355447,-0.06328319441817899,0.1764283723264387,0.05752500057653251,0.019958309133404593,0.18148494888435143,0.5249455547913574,1.937611219965109,-0.0030085925718474956,7.730051096536494e-05,0.9205733508023817,-0.5318450883864151
-2.2135349541212643,-2.5647147949875766,1.4666389307737844,0.29099388817315763,-0.007433066323465819,0.4371404836324575,0.9244527020723534,-0.0011141317347274442,-3.213056089984588,-4.381216944115194,0.06675166067540303,0.007296026297154723,-0.019379064074355884,0.03519003496753123,-0.17926231551025854,0.021116217145771953,-0.02153969835404704,-0.0061656049275092255,0.6020496211422113,0.020678274656226975,0.054705876884049286,0.00016714150825566758,-0.06337936845704649,0.6710483025893504,-0.042574270675990594,0.037807324786798026,0.00442797412658218,-0.003456458733560301,0.16482090113920514,0.49284831454522743,2.033211525341331,0.004034168746144082,-4.6380306579218934e-05,0.9783174581491424,-0.5314629438813776
-1.9660683482406374,-2.4586936707749043,2.044115955526379,0.20275962431168335,-0.006528434589589641,0.3759564800790909,0.532778732543753,-0.0014841336950227623,-3.8088250194537743,0.8103409566338129,0.06948985999059394,0.00361808669991101,-0.003986478554463687,0.03317148247468957,-0.06378496487389029,0.03424519584597393,0.0022958850453440177,-0.007050161834920569,0.7349836630747617,0.00815247806031341,0.0480037262992337,0.0020675745168307006,-0.06862625103707082,0.8052298248217801,-0.046157663053972585,0.08324330983267535,0.019169227287462294,0.0005667632359236837,0.24503072194766584,0.5123051095752894,2.6365611847391097,0.0027315377153005844,-4.6380306579218934e-05,1.260504255622984,-0.5071695189538422
-1.020407637620136,-1.7689937938490194,2.447336061013669,0.2525960281779303,-0.013717343495474866,0.45387621269427514,1.0553959034944709,-0.0014841336950227623,-3.5577781643478055,0.2126701758041593,0.060535890866471764,0.004426921476710019,-0.014998832162674657,-0.00025374317056518726,-0.0016533933552740992,0.035268414165688634,0.0003389516231962729,-0.004024759495019679,-0.14061385234895107,0.014344056734354696,0.05737824666044388,-0.06861335105225042,-0.039853999444067104,-0.25073684281536074,-0.07101887036056674,-0.027641784485455446,-0.011276331402890735,-0.0025194679757415094,-0.023860069011650713,0.31872596269011455,2.9007942851797903,0.0004007598477204189,-4.6380306579218934e-05,1.533741858679255,-0.44986238003246687
-1.040145906543207,-1.6632625389377966,2.525441855045773,0.21687165085383078,-0.013717343495474866,0.45387621269427514,0.8986690718199462,-0.0014841336950227623,-3.598933442895053,0.6409769786744283,0.06225302250206227,0.002713470645609712,-0.00034393664534389983,-0.0025005305556132333,-0.029896167279826025,0.03857638043991666,-0.007049348893547962,-0.000876645393261736,-0.1564324448854468,0.0030260363370261654,0.058757832434247335,-0.06935309648561744,-0.04355768185104088,-0.30540884004458596,-0.07071165158544841,-0.01735101531922202,8.091439123427335e-05,0.0016931898053809237,-0.07100793925849601,0.3126627343498146,2.874120094307743,-0.0006422791319815731,-4.6380306579218934e-05,1.5723597357347616,-0.4573643334179401
-1.0365625813648638,-1.6594029445413807,2.533647082386057,0.21488456621263116,-0.01233544842834097,0.39050195352373157,0.8931376543739,-0.0014841336950227623,-3.5030348109612692,0.7368773791738045,0.06420508813681916,0.0010286206954236079,-0.0003131778912255224,-0.0025002254348916297,-0.04205533809611055,0.03461765102659747,0.020197832450579364,-0.0013554307600620213,-0.13649638867100133,5.875260989475343e-05,0.05881547183943751,0.019861394285393172,-0.04495151014354125,-0.289659044289312,-0.06924587371058956,-0.02033167144843354,-6.863099693989487e-05,0.0019553071217099033,-0.06625854318153149,0.3055720708894474,2.8886222563663115,-0.0015271600771633782,-4.6380306579218934e-05,1.5872455826788445,-0.45134722201815586
-0.9915393872966146,-1.8043676651958702,2.2589431677743708,0.2826040119849725,-0.011579500836406548,0.5097654139731517,1.3792658361106138,-0.0014841336950227623,-3.2822586136747836,-0.670691724912748,0.1100890296409093,0.0010652942330565413,0.006669664257090679,-0.0008223992597856003,0.04450148277252933,0.0370233663146602,-0.00804427520911162,-0.0010982414247042117,-0.12589550324922627,0.033337306701393454,0.07018870486253855,0.043093459681041175,-0.03748842502659014,-0.263577239833586,0.0015714384606471596,0.14010301108571988,0.010209625166815249,0.0014284363531101045,-0.027182598733306536,0.2781741921533791,2.9414188462090904,-0.002357999612526353,7.730051096536494e-05,1.5664661494665704,-0.4775467643529527
-1.2332783128371283,-1.8813253685796052,2.1475415520797188,0.2324411161145995,-0.0070690987518152075,0.46268953704735094,0.8661142785530642,-0.0014841336950227623,-3.018758678804355,0.25642785129890394,0.09772888766185106,-0.0012709765738110265,0.0066651180888198675,0.04326180495633766,-0.07115562960103643,0.07614044491018027,0.030025421519721762,0.0007794517657297557,-0.08134829220685222,-0.0014263317153451912,0.08711077618149457,0.04327669723509092,-0.031727820199956853,0.23088883754920006,-0.05494018020958647,0.06391437986429926,0.011182821404471799,0.002039758527507319,0.11673769473450128,0.2598062730096888,2.8932633263239382,-0.0029436958534379094,7.730051096536494e-05,1.4643377117523142,-0.4663937220484347
-1.154289381723377,-1.544508860250169,1.2550765798226122,0.32171028151511066,-0.0061443283070187265,0.5235529457091123,1.0310554716938938,-0.0014841336950227623,-2.199555052449793,-4.5281995019175705,-0.19494520964427672,-0.011886612420312501,0.004213405402418864,-0.007923503840851368,0.018370475054910407,0.1745926092458264,0.026387612446639896,-0.0017586972139941866,-0.0815027105928192,0.018088025845284184,0.3344623688632432,0.04568595024085028,-0.02815993070030092,0.3167757541975608,-0.05534079032310137,0.048892962274331056,0.005120234465964964,0.0026212059713243193,0.1993307540892979,0.2443388959499592,2.2395578316762506,0.0041535799138389005,-4.6380306579218934e-05,1.1958208859734936,-0.49371318033306427
-1.207836876142854,-1.7851277964715877,1.927170427880807,0.217136238912101,-0.005666979297359089,0.35481886338839225,0.616833993992767,-0.0014841336950227623,-2.73212405586778,0.9077414061994855,-0.146588481299067,0.01010439642540618,-0.0025364963711824616,-0.007352483204655315,0.5565258864897523,0.3015428356511315,0.03027726036681805,-0.001277415509816394,-0.06584343024575877,-0.011463247978326483,0.3863728945248176,-0.06259096526489442,-0.036625138999951706,0.5532175863902884,-0.05606248647395221,0.28016164225812434,-0.00589861678885249,0.002818883148971124,0.16229372820357713,0.24708606315703,2.896541079990058,0.022284632121765964,-4.6380306579218934e-05,1.4558839275704296,-0.46544138273921215
-1.175386794618973,-1.7030392964964873,1.9950184221623126,0.22006739181609153,-0.006528434589589641,0.3851320847754687,0.6531838469070703,-0.0013702086840236413,-2.817281118434885,0.8616733717678429,0.08112462966651164,0.00680846158622935,-0.0009170035023564936,-0.009246265324714568,0.46066570512587485,0.22872880628869005,-0.004729461058410139,-0.0008850501182144786,-0.0749323255738758,-0.020189405974069503,0.3897588024042906,0.02571821857925656,-0.0374092561536433,0.3997551907095644,-0.05180131950043464,0.27881379963489483,0.0027190034699591643,0.002490523434735795,0.14355159906335724,0.1602064007359668,2.9359557535169745,0.020581926830116337,-4.6380306579218934e-05,1.4928355758204712,-0.466020248663155
-1.0961547968909375,-1.68797839041566,2.0214088696207173,0.22068042561205253,-0.0061576757518650655,0.35084224457488544,0.6851066457759272,-0.0013702086840236413,-2.9751504643860294,0.8543228850032403,0.09083021652820127,0.013600145871980548,-0.0013834850717619768,0.04310530848600674,0.8465866384548639,0.0786952043254748,0.00480447804762334,0.001041597970819528,-0.034192530102226115,0.0002522376715260524,0.2322763960962543,0.02531343280030482,-0.036560368064142326,0.4176439487412753,-0.06074716156030579,0.20154205621110527,-0.00036051047240601185,-0.0030730062539323358,0.15441795102658062,0.09971014977693157,2.9580237966401914,0.018325119033572226,-4.6380306579218934e-05,1.4973003563566882,-0.4656124631810295
-1.093406306317073,-1.6603905564811583,2.108495556944602,0.22380893626991066,-0.008396274047365326,0.3500790310636358,0.8582673499215026,-0.0013702086840236413,-3.3459507147571483,0.7919907091944032,0.08335274836235972,0.0026416912953590686,-0.0015955644262811897,-0.0013021885140005413,-0.04022758338960772,0.06870992385200034,0.017413234240381246,-0.0009414758254373619,-0.08530600833412612,-0.0018245166079202124,0.2095653809093699,-0.05200734493888308,-0.036195640637525804,-0.06862867750956268,-0.06812641054863826,0.12410690638795757,0.0026110269800746384,-0.0013446489915228707,0.09141370604119553,0.10217982535048221,2.8425289965920832,-0.0015271600771633782,-4.6380306579218934e-05,1.4499545927690336,-0.4514308810072111
-1.1655864009979813,-1.765451861477431,1.8374771538958847,0.2940707455009302,-0.006635024761524703,0.44109017596905764,1.020969297955464,-0.0013702086840236413,-2.629201731658492,-0.8958392808194449,0.06684694650046416,0.0008043955418400915,0.0077830788908385285,0.017454702218447353,0.0011526360489149924,0.13839889258744295,0.0046519756863431065,0.0011095757461592232,-0.07782756017256769,-0.026592843503456698,0.2915480513336879,-0.06054745757113,-0.029086105194458103,0.5253586453520791,-0.05994048765321631,0.06366515682846058,0.05402675609155504,0.020283519734279016,0.22173088900247995,0.07519885875703153,2.782008225747008,-0.0030085925718474956,7.730051096536494e-05,1.3389252676825711,-0.49038439947859275
-1.5881329856389204,-2.088934537923791,2.1009650379033036,0.2057423212909279,-0.007326476151530758,0.3461339946081412,0.5273067868343584,-0.0013702086840236413,-3.762798174325081,0.8079985300729681,0.11554512712622175,-0.0068699666119476,-0.007190606110750645,0.02726812420851003,-0.022953696966711443,0.06950579372687135,0.008437852475942077,-0.005481263640867371,0.6358032944842187,-0.011727870123979503,0.046045232201958906,-0.08499837248784566,-0.03800990991433198,0.8095012136972419,-0.026315201291319108,0.003749507588036153,0.027554561930045858,0.018732673752150396,0.2673352123736791,0.024497226619987968,2.700731956645499,-0.002267179203288293,7.730051096536494e-05,1.2593305270629733,-0.5081764938902492
-1.353123735795962,-2.0627589409114733,1.8653727036507899,0.21759980135295898,-0.006528434589589641,0.34429940163166256,0.526608785233027,-0.0010002067237283232,-3.5224054734129457,0.845595197371019,0.07361072587944707,0.002703722792910745,-0.003943262986673923,0.0305819307830006,-0.0777122521306959,0.0549616518288989,0.0068507994623591036,-0.006678632502316846,0.580628918785347,0.014756381115923065,0.20962631223416803,-0.05862912191524686,-0.00871107926248833,0.751587568274834,-0.019958634240747435,0.18285171592549768,-0.005955243235194735,0.003912022032758177,0.19817657338383535,-0.019440936734904324,2.5273538627992926,0.0029253744785273624,-4.6380306579218934e-05,1.196976585506755,-0.5143584937473499
-1.4967011646214772,-2.1779446944672203,1.9716925738527915,0.206043400208663,-0.006528434589589641,0.3456432586920145,0.5225489163368366,-0.0010002067237283232,-3.752653711740614,0.7547213466111615,0.11244360129743329,0.01700249539456162,0.008521806821931877,0.030563146723691228,-0.07004251533261362,0.06470166591763976,0.008291672994998629,-0.006971633976484627,0.5691241147783671,-0.0007337028527853798,0.12211342365137604,-0.08368096280733946,-0.03379045922560767,0.7573239567023894,-0.0737166461432264,0.10953808599028883,0.0032464047147463876,0.0192160335220911,0.25794097350260564,-0.001451984883260471,2.589543183121166,0.0027315377153005844,-4.6380306579218934e-05,1.162237795612928,-0.5055288902540337
-1.726605933110704,-2.1416556829936546,2.0451971909777913,0.21921449743800575,-0.007326476151530758,0.34479013754778925,0.5259662135819196,-0.0010002067237283232,-3.8632581688997716,0.8496153527871069,0.08948453208838382,0.03345097258906383,0.010607092081989542,0.03294973194801194,-0.15009227522391497,0.0719992158797873,0.008041807624011434,-0.007433595695027612,0.6905965807499423,3.6435917313795696e-05,0.05575662357598089,-0.041526427774743205,-0.019663994946605992,0.7457746873676363,-0.008512269818345004,0.014514104085040393,0.013207499106660407,0.018732673752150396,0.21092902186075493,0.01433803194183304,2.6627326612717557,0.0011106874314286447,-4.6380306579218934e-05,1.2356867896505062,-0.5051723605441634
-1.6957344942350228,-2.1233925589915525,2.091165522009328,0.22647062322521766,-0.007326476151530758,0.34479013754778925,0.5227429234285859,-0.00164677784581385,-3.8421709943075255,0.8591445120028783,0.11025381040875529,0.008793256382387413,-0.0032031063133590456,0.03173862065015577,-0.0750895960592598,0.06246957733481912,0.06389812342217784,0.10452132223612919,0.7311006821007826,-0.0058689038342245505,0.046977127579024926,-0.039601090214571144,-0.02533553575673711,0.7885015050466349,-0.050684322943064596,0.00742348543537741,0.0041576893922753945,-0.0050919683437133855,0.20953333008656275,-0.002230698731018285,2.7232888838553704,-0.001220917965914663,-4.6380306579218934e-05,1.2430908430522045,-0.5048537235340156
-1.5548525215627034,-2.2061762053805363,1.9671509417965694,0.23248349666489918,-0.006528434589589641,0.3113429706726032,0.5215259876544218,-0.00164677784581385,-3.624880826975381,0.8431570361707468,0.11408449331640037,0.036690854766418916,0.00968563650598379,0.03170370944931519,0.41201756227126524,0.12413243084062366,0.008291672994998629,-0.0075435209430146375,0.6600547421700951,0.013969199832854596,0.08237229192939055,-0.059142321001694365,-0.012292070166397091,0.8648766246172682,-0.025495906248703872,0.07437628762996767,-0.007393747340023661,0.003912022032758177,0.2009884057535619,-0.052418411928486494,2.7726903943594907,0.017921297425084044,-4.6380306579218934e-05,1.2604629727534082,-0.5056194818527537
-1.4552987106567457,-2.1687032668620554,1.8652714990133297,0.23998980410951018,-0.006037738135083664,0.3785892418322458,0.5206700115812093,-0.00164677784581385,-3.575606404094868,0.8946415698004997,0.07132319509812766,0.00796225787162822,-0.004716338749227373,0.03206297635694218,-0.07491014017804845,0.2525858265355999,0.00846391610513746,-0.005055212425301888,0.5618924205815906,-0.007669480353146414,0.3688441951514455,-0.06125181446804796,-0.00825455488891789,0.7415118010109413,-0.02404661596189057,0.06012010854659384,0.0008430632956142933,0.004121003314255657,0.12342792767023929,-0.1331552684518772,2.5869347559380764,-0.002004645861482388,7.730051096536494e-05,1.2226073940750308,-0.5102670029244055
-1.6229028715865137,-2.1836581294080077,1.9176893267763502,0.22632250871653592,-0.006886554882460859,0.3461339946081412,0.5145316797974391,-0.0017941580478659557,-3.603703463231359,0.865332997831316,0.07976696846528394,0.009022784460589475,-0.0034484997718247706,0.03230163961772747,-0.07195896857410096,0.1658577274713687,0.008484251819452896,-0.006967592497351623,0.6246536911880848,-0.0012984029694443969,0.20575699461731103,-0.08365087052829191,-0.0116689321819252,0.791196292832001,-0.07678816744622495,0.04365552704991758,0.00529203786427962,-0.004997282723633805,0.2545511064237635,-0.23896394478890245,2.7164291649794277,-0.002499103324566192,7.730051096536494e-05,1.2500954362014087,-0.5096153060213316
-1.5677199372814083,-2.121251197182138,2.074706870595882,0.22242627674586007,-0.007326476151530758,0.34479013754778925,0.5128396357746743,-0.00164677784581385,-3.493769981379905,0.7970932788977765,0.10988269060984089,0.019442305527298472,-0.0032031063133590456,0.03274588505141108,-0.08114543430108118,0.0711294944064645,0.004581503658979667,-0.006677875051103117,0.7780311048283306,-0.0007729874393947263,0.05827300747480197,0.09301813864542925,0.02793459196441215,0.7937120635624167,-0.07635230712780453,0.012664603953477661,0.02957470712549444,0.018897017615589852,0.21109253533893127,-0.3798544859323274,2.650901644663689,0.0038882820976795284,-4.6380306579218934e-05,1.2204690300924734,-0.5052647342524496
-1.5940083900794058,-2.1515910019095923,2.0187776212159667,0.2304273778439645,-0.007326476151530758,0.34479013754778925,0.5123833270626752,-0.00164677784581385,-3.2769072475558585,0.8786041626621257,0.09622293211942098,0.03711868497274456,0.0751743688896319,0.033279866318429926,-0.08741980796830218,0.07474149057839155,0.009190481972407533,-0.006677875051103117,0.714142841464469,0.005638217830255705,0.06790696904878624,-0.041486900221779824,-0.028931245925434425,0.7749934480861536,-0.03300276930020957,0.026198904761451407,0.00406391665448249,-0.0020738986644840947,0.21074048948390814,-0.4959166904694953,2.596990014464479,0.0020462537908400667,-4.6380306579218934e-05,1.1997493674839257,-0.5065539993538062
-1.4636563804322977,-2.0540056147686774,1.7987789548006228,0.2131514512237036,-0.006037738135083664,0.34429940163166256,0.5336303906166238,-0.0013702086840236413,-3.061699088568264,0.9205519790242697,0.12321761573611745,0.03787728957632615,0.00968563650598379,-0.004973042961595253,-0.06895051763649855,0.19378523115477017,-0.008616846099393335,-0.004165853717574102,0.5255368947066156,-0.006232404884228691,0.2925447332731914,-0.08666562324678732,-0.009047466697920238,0.5992766402158137,-0.03409318470221714,0.10540658178505255,0.003280953125459146,0.0031703728283495264,0.17372109436564692,-0.5420439954214902,2.5289949239542917,0.000299582784788105,-4.6380306579218934e-05,1.1883307365021425,-0.5046223146869223
-1.2411506285263156,-1.7833750590954143,1.8850428981540464,0.22615538255218018,-0.006578402297309231,0.4068003357684744,0.6092113589478321,-0.0013702086840236413,-2.655903518377987,0.7164570433245349,0.09307026222493162,0.03224812422148454,0.013264945593830204,-0.009427000489619034,-0.06294606117163394,0.16190927602670185,-0.006388308907744358,-0.003358499293459458,-0.07316710100575446,-0.008215467246827583,0.22361754341073084,-0.06803618093748906,-0.03577838180020711,0.34363590284123,-0.024202068005522655,0.04717589958753858,0.0026676821188825993,0.002908255512020547,0.27579518660134483,-0.4845818388534411,2.63055671466861,-0.0007134693776650571,-4.6380306579218934e-05,1.3098960272917144,-0.47064077075417293
-1.3382198850932978,-1.92135901882323,1.8830700545321721,0.21849322187067038,-0.006528434589589641,0.34429940163166256,0.5287575025748867,-0.0013702086840236413,-2.848013421886367,0.8144702852270925,0.11198442243992654,0.008115011241811087,-0.0011370296613809516,-0.005077829142986454,0.10054592938366444,0.1620504658846013,0.002609011411961345,-0.006305767311653139,0.3481041569052896,0.004561733380486946,0.13779983612570576,-0.03591704189468997,-0.024123878717021784,0.7012913226026664,-0.027672335025944007,0.07065965925342724,0.0027099869787181284,0.002908255512020547,0.27481353151607646,-0.5087361740361159,2.6342798018902034,-0.0014765080407307257,-4.6380306579218934e-05,1.232884118203769,-0.45977848388826764
-1.4988581217955101,-2.217709338722647,2.0006344217431398,0.20434895564596114,-0.006528434589589641,0.3456432586920145,0.5270464327077284,-0.0010002067237283232,-3.1952850642842265,0.740437359514044,0.11369680932789528,0.00526282289172596,-0.0053450481529593126,0.024758882339534365,-0.05521075565941559,0.06805253897558042,0.01246601818520231,-0.006289628602260568,0.5416980140161924,-0.008231619357932743,0.04787487092123142,-0.09379561399430449,-0.04324777443416551,0.7412948037388716,-0.07173577888926778,0.0877362504074702,0.007152553216668288,0.0009751466247891547,0.2077833651240221,-0.5217580693267754,2.5403647337410704,-0.0026576022711839527,7.730051096536494e-05,1.161445644304016,-0.5066388538725839
-1.647124860943519,-2.0421745169336973,2.035467594111491,0.2026795270978527,-0.007326476151530758,0.3118337065887299,0.5259555442364114,-0.0010002067237283232,-3.204718447340189,0.8038810978132017,0.09727723164077252,0.029899886065851696,0.010852485540455268,0.032850597348055656,0.36373890976040263,0.04582553653153513,0.0093437784293743,-0.006444755771907039,0.7164550897411575,0.0038502457203834824,0.05275210848315096,-0.0410194098959085,-0.019856500776758032,0.8838764786634016,-0.030138470385981362,0.012039155034778738,0.02763365178800036,0.01857410605460401,0.2142847427454825,-0.5027779744110987,2.7014217057327166,-0.028728394813137752,7.730051096536494e-05,1.269428244834681,-0.5066388538725839
-1.7061976295671462,-2.074592257482156,2.055356625895283,0.19793719527291698,-0.007326476151530758,0.34479013754778925,0.5251981186790597,-0.0010002067237283232,-3.327832172014345,0.8085637848102971,0.08924323318739283,0.005119567299071845,-0.005948639065682262,0.0316780786172412,-0.06720104841477523,0.04795350193061459,0.0093437784293743,-0.006444755771907039,0.7127070657562136,0.002724662779039355,0.056533386371255885,-0.04079350963249993,-0.019856500776758032,0.765289817683725,-0.03129859400114761,0.009626518523511294,0.02763365178800036,0.01857410605460401,0.21478744468546654,-0.4817054044797397,2.5870178002453854,0.0038882820976795284,-4.6380306579218934e-05,1.2326809886204813,-0.5058496257369016
-2.574293054590198,-2.0549874298557254,2.450452501833654,0.2039992549316806,-0.006528434589589641,0.11256523912356364,0.45633631783175077,-0.0011141317347274442,-4.9272195961469025,0.7253126946161972,0.09251429425198329,0.034220828140029455,0.009641733771748089,0.046504089875417765,0.013880316108894236,0.13872104498270862,0.01461497920311419,-0.01018845337965493,0.7226271399395587,0.013817421661301087,0.0728753425376893,-0.020762847552046448,-0.02791674237071525,0.9479427254627081,0.002333877198561299,0.1596930204602001,0.0019323800550423843,-0.0045325988449991,0.23465910060836687,0.5657671507609859,5.0441259880171785,0.0011236190162794842,-4.6380306579218934e-05,2.3760168099563956,0.13699985045256718
-2.5010706165487377,-2.109593260141934,2.564655850359732,0.2034626600645533,-0.006886554882460859,0.10090469680760265,0.4514146404086866,-0.0011141317347274442,-4.997402251598615,0.8394189056292891,0.10543160811000246,0.006307408203540319,-0.004320358765345893,0.03165568955819506,-0.028658748606454062,0.07338137040927695,0.01461497920311419,-0.010111494025039662,0.6676222057294589,0.010395418796736024,0.04098172855919747,-0.04811705529766033,-0.027141625506768137,0.962432212009628,0.0012977141822707802,0.13583647836655002,0.0033366865627097024,-0.00443791322491952,0.23443992006332065,0.5405379973643201,5.058869578886563,-0.000541229856297871,-4.6380306579218934e-05,2.3298889010234154,0.13953544916003527
-2.4759594566984657,-2.082796655792635,2.5121920243211666,0.2066541873451424,-0.006528434589589641,0.10041396089147593,0.45069216938903384,-0.0014841336950227623,-4.936704667122354,0.8288662266460372,0.10571627490175606,0.002648543240757656,-0.0056519926446634535,0.029944303889456698,0.0014194542003759885,0.07327717586652782,0.01461497920311419,-0.01018845337965493,0.6966265366396478,0.020189503008940162,0.06382624277295489,-0.032872891939429556,-0.02868127426037563,0.9569704268570034,0.0023118566730325387,0.17600871527115913,0.0019323800550423843,-0.0045325988449991,0.26399721663012227,0.5221263425595498,5.014197867753489,-0.001696182216836188,-4.6380306579218934e-05,2.3281071743997104,0.13953544916003527
-2.482840507775473,-2.1567606269944797,2.6113712265475977,0.20075162729232277,-0.006528434589589641,0.10041396089147593,0.4543052224436252,-0.0011141317347274442,-4.889064702556751,0.6910145901423531,0.08576454588062961,0.034220828140029455,0.01083770052489078,0.03162505503310762,-0.030286356010842407,0.07764339876622856,0.01461497920311419,-0.01018845337965493,0.694072463369809,-0.001611911627834623,0.052601689244413524,-0.02715143310477154,-0.02802266287805784,0.9294720049359929,0.005546607813073987,0.15891708596232537,0.0019323800550423843,-0.0045325988449991,0.2697114803686054,0.5001043743261223,5.1832839015926035,-0.0011641500654600801,-4.6380306579218934e-05,2.35504728173445,0.13675136608937863
-2.527886510063293,-2.1285284343905615,2.6673473484325303,0.2008700431103993,-0.006528434589589641,0.10175781795182791,0.4545212286525531,-0.0011141317347274442,-4.917532985917023,0.6867137727827946,0.08616979747711774,0.028554869718032606,0.01083770052489078,0.0248792698995698,-0.006064246767898208,0.06553330779579837,0.014761434761569712,-0.010478959276100796,0.6568173081175127,-0.012881487379091503,0.05530789863739615,-0.07588192265787552,-0.021547736192121244,0.9443834019224531,0.003559991362344762,0.176130212449625,0.0033366865627097024,-0.00443791322491952,0.22939999672538597,0.4871794375081299,5.092554820658745,-0.001399184966384223,7.730051096536494e-05,2.3468366317574993,0.13689886958162306
-2.468921056807228,-2.1195405215772993,2.6692531502791383,0.20216835982269932,-0.006528434589589641,0.10175781795182791,0.45220267252985746,-0.0011141317347274442,-4.926410163817459,0.7015352059125709,0.08666325637132442,0.025129456361571798,0.009673870840838874,0.04768423134556955,-0.0284264091272648,0.0633375849401574,0.012707328626592013,-0.009502091820258076,0.60756883314523,-0.0068413559883004375,0.05301843533348605,-0.07588192265787552,-0.04927524531007541,0.9355829256468119,-0.005680819439984567,0.11879272303594073,0.006624258962789377,0.0009617839905133186,0.22926774018145774,0.47426808869548526,5.1072226209328075,-0.001399184966384223,7.730051096536494e-05,2.3556186147762435,0.13687475098928428
-2.4455784328915913,-2.04823356312218,2.576996742157752,0.20350509009517617,-0.0070690987518152075,0.12380240567630393,0.44725025546731245,-0.0011141317347274442,-4.899213913038537,0.7306440141238029,0.10141225606180987,-0.0018897083900767677,-0.0029180685243713348,0.04593985683735845,-0.04528734287282784,0.15071418684804008,0.013227746863654877,-0.0034062518084136536,0.6428470565848549,-0.0024533059708119103,0.07218089236493694,-0.044339120100376,-0.026595765671601983,0.9421944876208915,-0.002649626108263222,0.08078983633020981,0.0020231227235135217,-0.0045325988449991,0.2476970152249534,0.425485651523197,5.114167639647989,0.0021415515513126043,-4.6380306579218934e-05,2.3659424023010778,0.13659164179892436
-2.5187408074271826,-2.0473987793306865,2.6104445729787744,0.19734548146925587,-0.006528434589589641,0.10041396089147593,0.45030445790069734,-0.0011141317347274442,-4.922847186633932,0.7264947958601197,0.08838361412663866,0.0062721663130534495,-0.004377093327334147,0.02320582211280011,-0.10911918028846863,0.12508973595858366,0.013423845012549234,-0.0107868618573779,0.642975548248709,-0.014195022456083936,0.07541269634867821,-0.04334957734736173,-0.02640813694932668,0.9203440563411979,-0.02654924648474139,0.18872669373479248,0.001963197545548656,-0.0045325988449991,0.23803168093171106,0.3734023106602712,5.11462335047938,0.001947714788085824,-4.6380306579218934e-05,2.3610215058976936,0.13744772648094053
-2.4586700925068774,-2.089880365290149,2.721541023291973,0.19849206114568665,-0.006528434589589641,0.10175781795182791,0.45372924887112964,-0.0014841336950227623,-4.879811355117007,0.6850321285994028,0.08809802938363913,0.0043267384605890245,-0.0041316998688684225,0.028847418638906306,0.053144466778426505,0.04649864966392421,0.014761434761569712,-0.010045446767622927,0.6935532208849393,-0.014879867129117144,0.0636621948432021,-0.05449322670421437,-0.022720584818415396,0.9904810826529311,0.0005675148756696603,0.15581938395190875,0.006564333784824508,0.0009617839905133186,0.26912853207045034,0.36415604600567003,5.062223485218629,-0.000541229856297871,-4.6380306579218934e-05,2.3216828195513917,0.13826641767497075
-1.7862304141392822,-1.7089662568152608,2.866975288810114,0.20713761150374183,-0.006528434589589641,0.1061935903234492,0.4953951903798735,-0.0014841336950227623,-4.637834850376176,0.849192996429349,0.0814670006273326,0.004502429416190041,-0.0011151539051768146,-0.009293190770157294,-0.026198975753310146,0.07501075987562258,0.006281856546894163,-0.006618565514328443,-0.07291556128568867,-0.017383351693896605,0.05678483147972744,-0.05088188909777263,-0.05282768304615602,0.5836426427066124,0.00014863127321429904,0.11984246165363424,0.0025888476529815,0.0028377693332246315,0.26687982356791173,0.22591427095353836,5.194377846105788,-0.001696182216836188,-4.6380306579218934e-05,2.403283788191223,0.14027828741895845
-1.930596949846689,-1.858514485664359,2.679506620678133,0.20265171824714087,-0.006528434589589641,0.10175781795182791,0.45434231718411056,-0.0013702086840236413,-4.622970353074081,0.6892807130736378,0.1058356739314335,0.005337773757293779,-0.0004692192379231433,-0.00563634182608755,-0.03807818800785783,0.07378754823893623,0.015313650687419173,-0.008142031019504198,0.2645971477459861,0.0015277368811610192,0.07516330710934563,-0.058868355663082024,-0.03499838804839384,0.751950973513118,-0.045155266630261336,0.132097783322811,0.006655076453295647,-0.00013135489327373436,0.27236475229264895,0.12803516457054218,5.19591041767505,-0.0016586075285438852,-4.6380306579218934e-05,2.367961277961168,0.1377944426097796
-1.8122618525121141,-1.692897071820348,2.576790442168258,0.20512103494870257,-0.006528434589589641,0.10960001340668174,0.4768774621838157,-0.0013702086840236413,-4.510982325122445,0.7894139969520917,0.09862350847164644,0.007285667184449741,-0.0015619312529313969,-0.00901481809713622,-0.03626738487279576,0.2405750413734603,0.006576139386330031,-0.0033983940261794344,-0.04581143058658623,0.009114154348328015,0.3191347780641006,-0.039671633823012156,-0.037724878536234616,0.6740762397330797,-0.048548795088556015,0.1340740288680332,0.0027834763620865044,0.002784633298393132,0.16415970653368936,0.13770863294997437,5.255536807492762,-0.001893642429468028,7.730051096536494e-05,2.374018544619661,0.13636543979032906
-1.7540130232052193,-1.616445387467134,2.5792984237716583,0.21177235239484035,-0.006037738135083664,0.1155157947456551,0.49797705130456976,-0.0013702086840236413,-4.539651659690222,0.7700964311530678,0.09885898331818035,0.0045233238059010075,-0.0022924783885839043,-0.010288044098821024,0.10468987386110745,0.21152664121827458,0.004727431983505749,-0.005636214572550003,-0.06487451987034161,0.01801167800152061,0.33880311224844384,-0.042844582313152184,-0.04249053159304661,0.47305604180768995,-0.04879240161557461,0.0778273305005596,0.00566573992419743,-0.00016794847846040748,0.16488005484534454,0.07905367252851064,5.176050143943718,-0.001893642429468028,7.730051096536494e-05,2.370085632682374,0.13756222327344345
-1.7115860187519834,-1.6665643777864139,2.819768227049557,0.20329799012644717,-0.006528434589589641,0.1061935903234492,0.4966627023351163,-0.0013702086840236413,-4.528912993585115,0.6967105962997404,0.11095928774077696,-0.00019047920531607153,0.0004071112627647426,-0.009588123906821998,-0.02574530157282324,0.06728413600030063,0.0058842523478617285,-0.006581939528966049,-0.08372490189666507,0.0028306574045109407,0.06172647429151027,-0.02751982245680111,-0.04759672450536715,0.4957281561954107,-0.04817695223918249,0.17213421830164735,0.0018780830945280109,0.020275868246273022,0.2667774976268874,0.1060642598976274,5.299462520582664,0.0029656473231189457,-4.6380306579218934e-05,2.443722260341815,0.13934105800724772
-2.141744697779776,-1.978908050092848,2.648140027719653,0.2023488454563702,-0.006528434589589641,0.10041396089147593,0.4544832811700257,-0.0013702086840236413,-4.712398485025894,0.6774383674812529,0.11397788095017258,-0.002446004389384669,-0.003602054371340584,0.030680957326969727,-0.02204046063782323,0.06793812615951808,0.01461497920311419,-0.010216698324157128,0.5690553825538217,-0.012910499926939491,0.05353337083607812,-0.04673371491487594,-0.023815252751888217,0.8726571050243135,-0.006913758222715724,0.18018276145509682,0.002159600221172189,0.003930908217011684,0.2642568681562832,0.02916796724553113,5.120578710804991,0.0011236190162794842,-4.6380306579218934e-05,2.3334615152782225,0.1389027186717796
-1.770343578364568,-1.6501097194635592,2.8569133532629207,0.20075678501933236,-0.007326476151530758,0.11009074932280846,0.47128912118183725,-0.0013702086840236413,-4.598772159495459,0.7349719977753646,0.10025452287290859,0.0029402579666850536,-0.00036371495591293584,-0.009020102450820543,-0.09899011172209925,0.07677997289712893,-0.005066271902024171,-0.0015439662012817022,-0.05093722718305695,-0.012046121008651873,0.05975602758932937,-0.04888101398932974,-0.04592877647431486,0.6730631543034589,0.003949469358160157,0.01534500043481223,0.004170595561322246,-0.003937447999451875,0.2555286805166346,0.09058045060108588,5.299054818210532,-0.000541229856297871,-4.6380306579218934e-05,2.381305794586084,0.13828949550837322
-1.335501355686369,-1.3711194581939907,2.930788456536073,0.21371920579865816,-0.0103363670980122,0.12107667514104259,0.7471982424205037,-0.0013702086840236413,-4.753905593155449,0.6790717499113449,0.11858300606583,0.005777818061039487,-0.0034325797379988784,-0.0032847042438285128,-0.012843629812195017,0.09340619652908044,-0.009809613506882215,-0.0010991470321403333,-0.09234747302646511,0.001673261784174096,0.07338930143321419,-0.029253080495673794,-0.04902034912390905,-0.28358030106483845,0.012978010647343363,0.17917585707252184,-0.0009230015729406313,-0.003253973840210954,0.03313085828896226,0.10043629449571713,5.301903651658056,-0.0011483423949968895,-4.6380306579218934e-05,2.4415170669699924,0.15552136940082287
-1.7499864153658973,-1.6488760455562665,2.565267007838138,0.20691475892964895,-0.006037738135083664,0.10695030168527882,0.48974617831707856,-0.0013702086840236413,-4.573498193020432,0.7677512435780666,0.08664219443244142,-0.0003123061036605869,-0.0008609775537377689,-0.010226622672287073,-0.027153624416288602,0.20667138151674166,-0.002207143863689255,-0.0023914501543987935,-0.04970320119222073,0.006481675372326724,0.3196503907538749,-0.02565035746112888,-0.04305409743145881,0.4942322414837143,0.21871768398540245,0.11724707909240498,0.0028966903782065667,0.0028377693332246315,0.0840244710935151,0.046587729345530446,5.390084365935714,-0.001689406540637678,-4.6380306579218934e-05,2.256567333999542,0.1384626938265703
-2.0370253352213266,-1.8908036125262577,2.3886663808957977,0.21101808538408873,-0.006037738135083664,0.10632974223044926,0.4491458373521099,-0.0010002067237283232,-4.554670798447407,0.8607101246139377,-0.14971721321649478,0.003615389078683986,-0.003068162693308411,0.045324286151162615,-0.13015933122681625,0.23195420369694938,-0.014669875301472768,-0.004653803748914546,0.49707807608795535,-0.0043909005359391625,0.3186649507883907,-0.03809463351469804,-0.01863200724547618,0.7793627879317166,-0.0028777505573670576,0.15082948359542075,0.0017079088808472152,0.0036687909006827045,0.13678425597343144,-0.0210218325963692,5.053452054823765,-0.0014299839784780149,7.730051096536494e-05,2.2670379979114466,0.14213722585833152
-2.3501362796609833,-1.9257555273175817,2.51179070528944,0.1948713369339885,-0.007326476151530758,0.10090469680760265,0.4450174552040993,-0.0010002067237283232,-4.916161593098011,0.8828074928580373,0.11838858997793844,0.006604202128394107,-0.0031270727497638177,0.02195209905464347,-0.05760162350332966,0.17561498401966616,0.01602678819917187,-0.007483234683486925,0.5775122322864041,-0.005546939340131518,0.22504700969146038,-0.027014127135123106,-0.023782531509583822,0.9005064183529176,-0.013359008593761164,0.06804555473096602,0.0024963310179918342,-0.0050159586149398005,0.24057658682297622,-0.040141243066943944,5.1527246301180165,-0.0019448969749304716,7.730051096536494e-05,2.3797755805880065,0.14405308453886903
-2.2910415802175335,-1.9849225755876352,2.53146576337345,0.19898287684907479,-0.006037738135083664,0.10175781795182791,0.4509696094335385,-0.0013702086840236413,-4.6721529930419505,0.6967954656992634,0.07547605469612081,-0.0022555305691084725,-0.004581420967599317,0.030442472112229,-0.02421369995190016,0.19761228219552976,-0.003911427794070712,-0.003340342606618773,0.5124620234978078,0.013260393753848427,0.10800881872315518,-0.06753015264486888,-0.04538993223819241,0.8820109689304018,0.019784790731252708,0.1843047061558999,0.006564333784824508,0.0003235321038482117,0.2812444706939083,-0.09797716396863174,5.157977314213095,0.002931551228699941,-4.6380306579218934e-05,2.3658890998583617,0.1439319865515795
-2.2948780501699177,-1.9692294348541264,2.4032148812389935,0.21857561733202066,-0.0061576757518650655,0.0904384675394962,0.44745960005173674,-0.0010002067237283232,-4.6843761637051005,0.7069458270778167,0.09196304455681047,-0.0011355569230759002,-0.007546493139236054,0.021649980356136023,0.19584505624103038,0.16092015302343016,0.014840462555275094,-0.011079596713106283,0.4629972795245903,0.00956196977570448,0.31259848581232863,-0.07158834585572696,-0.08037285651250115,0.9326114710832871,0.156885438945847,0.18511390501178732,0.01985427758888133,0.0003235321038482117,0.13423563635549554,-0.23966875089673104,5.047194051751044,0.005510160981444517,-4.6380306579218934e-05,2.299411294859875,0.14292738896494786
-2.2193581888712655,-1.9253972384702362,2.339662248303974,0.22488562844798513,-0.005666979297359089,0.10280954092327581,0.4536577876284536,-0.00164677784581385,-4.337801857349311,0.7831203539807327,0.07881547904077206,0.0018130933243677401,-0.004329800088457724,0.043550622424461366,0.23835898785398477,0.18765866234493675,0.014131882804785589,-0.009993867222509244,0.4508354517740269,-0.019664130009384054,0.32011344342841835,-0.07027929375714892,-0.0938447473380698,0.8885798501208092,0.051596096337968626,0.04414393408140118,-0.0011540383036781853,0.003504447037243252,0.13669933834956607,-0.41842270049501723,4.968486386457534,0.004392612754372755,-4.6380306579218934e-05,2.2624329497218505,0.14234430975767648
-2.177089848376811,-1.9388838219332791,2.256238847890201,0.22605003780273455,-0.006037738135083664,0.09910810623042497,0.44121914558112385,-0.00164677784581385,-4.038642219905204,0.9498684984406645,-0.3776947058193224,-0.008188058260155473,-0.007174742493065359,0.0431600471126169,-0.05028056480788534,0.17236697476250076,0.013674476754090548,-0.009239512834850465,0.42807961055563665,-0.01131511702769476,0.30779698650627946,-0.06571615760072291,-0.09390947670717847,0.7988967155588775,0.25948363045600514,0.13983374003960208,-0.0026809361112548396,0.0037581632637321274,0.1273141567589962,-0.5387186283244826,4.972470856549544,-0.0017522327296326167,-4.6380306579218934e-05,2.095609394198247,0.1406780312854927
-2.0541991556175048,-2.292277884479116,2.2915708977386666,0.2688406643124745,-0.0061443283070187265,0.1297181870152773,0.782403671326994,-0.00164677784581385,-3.510521032532209,-0.741054640169561,0.06855551636586447,0.006476260565641637,-0.021082477273301745,0.03711014213769012,-0.012271446767279499,0.17490081174561878,-0.013559437760333456,-0.006865543743873162,0.527607825010881,-0.008245163652237073,0.2730148601323002,-0.0292828864938256,-0.04802418208729982,0.8368387472958414,-0.005589766578078221,0.0431118586730202,0.004541414444496263,-0.003920344429119126,0.2216534088176401,-0.5583123668042141,5.1785835421455655,-0.0017252685098614168,-4.6380306579218934e-05,2.4668213019609064,0.13591302573855293
-2.0675959531134644,-1.9228056102798816,2.3502933528479635,0.23060167672363294,-0.006037738135083664,0.10041396089147593,0.438464244644148,-0.00164677784581385,-4.082490619009316,0.8020614694471173,0.08461107991548567,0.005388945441834876,-0.004048528325769564,0.04390200557981614,-0.037437762163104134,0.19167558977832277,0.007682016818814859,-0.009542689681804932,0.5955671709232757,-0.008900582949934979,0.23615494828679753,0.053346274943875935,0.025257552805376858,0.852260849378852,-0.007611943565652148,0.0830482071635329,0.006168957636520701,0.00041290446689763445,0.24020863779211443,-0.5818221587598003,5.034130010245888,-0.0017133475053101614,7.730051096536494e-05,2.2847984643323622,0.14058445353078525
-2.132046904893496,-1.952743691141159,2.3495806537626804,0.2335913757612683,-0.006037738135083664,0.10767359929080124,0.43736566490427153,-0.00164677784581385,-4.074428244385502,0.7851938670574627,0.08381094326620178,0.005388945441834876,-0.006091813635454783,0.04372428015067622,-0.027829688611123067,0.1756112119061716,0.014125041906274343,-0.00870895909712761,0.46713602053690045,0.02545001537800221,0.3328223904028997,-0.0698219959751282,-0.014917074471429067,0.8558947581805191,-0.006697222104593523,0.049971942973905635,0.004808892133866393,-0.0001260018659925362,0.13219222217936022,-0.5728442838856527,5.0353171546039075,-0.0017133475053101614,7.730051096536494e-05,2.2805537345852267,0.14058445353078525
-2.2250801607062236,-1.9081852195784859,2.6903712287162906,0.2176979489776411,-0.007326476151530758,0.09604063844007722,0.43547187823474715,-0.00164677784581385,-4.29879779414112,0.8599851056693019,0.07013647620895931,0.03519753606101347,0.07665499791010347,0.04251506068873664,0.09367104954997585,0.07155749360432358,0.015539851809718485,-0.009500929662343137,0.616939615189663,0.025537302884619383,0.06211983909399905,-0.052345393376730776,-0.040991065230867936,0.9022259390738907,-0.012633170997219112,0.02617497736342567,0.02552662679305501,0.018650115783377594,0.24182738940729143,-0.5382771747956668,4.903194849674324,0.0063331205236514905,-4.6380306579218934e-05,2.2966288207835945,0.1442372897211571
-2.1961261778096706,-1.9763275816083583,2.6946986842542406,0.21878069334944633,-0.006955717313806181,0.09604063844007722,0.43214871176420216,-0.00164677784581385,-4.272325600677999,0.8883441074065621,0.0702870611080705,0.006976905106982847,-0.00421978476477207,0.02392899288672871,0.18761758580193588,0.07211748186955219,0.014341876720642284,-0.010834955531788863,0.573468501171022,0.025030565447516747,0.06117491543278125,-0.052345393376730776,-0.029824430006702513,0.9593082253056464,-0.014112950735183184,0.05646222386134295,0.005116033000953138,0.0015764340858427015,0.24115230546823152,-0.5377583140566468,4.914952267245225,0.005315187988618373,-4.6380306579218934e-05,2.297710301975944,0.1442372897211571
-2.1524125996095904,-2.082430259202033,2.5420143023930533,0.22593244238730587,-0.006886554882460859,0.10090469680760265,0.4360756535672079,-0.00164677784581385,-4.1053920080558575,0.749713633367953,0.1188044026726486,0.006471462417398014,-0.004048528325769564,0.030264350884358273,-0.03172192325359173,0.07406748929258977,0.015539851809718485,-0.010834955531788863,0.5947595499536747,-0.015289053999208643,0.05941165242260523,-0.025262773026156454,-0.028004838850927347,0.8969010234778956,-0.012477979624830254,0.12254712750982477,0.004185015992952077,-0.001514529165769809,0.24956077881782038,-0.5129332954730176,5.126333702115066,-2.8025305211285163e-05,-4.6380306579218934e-05,2.363759232142538,0.14132975806955006
-2.1795590964397586,-2.11501993392088,2.3867408638038836,0.23517041047421663,-0.0061576757518650655,0.09689375958430248,0.4371442195640354,-0.00164677784581385,-4.207935789418102,0.7550580171863468,0.12247279464444899,-0.03451250813096935,-0.004581420967599317,0.03050301414514357,0.3975384650460582,0.07620156894809817,0.015554726527062681,-0.009474572729388342,0.5534642421823596,-0.007342502276546336,0.07534424472293025,-0.06510709067154083,-0.043257466575756236,1.0939566362769761,-0.02372868999688477,0.1362455730090712,0.004185015992952077,-0.004114538755070775,0.25915081177287297,-0.5105547704848993,5.037963071762674,0.0018443095581450802,-4.6380306579218934e-05,2.404564697607275,0.14171729897103985
-2.5538056053603846,-2.1528075692874613,2.388214483758856,0.23482015911266152,-0.007326476151530758,0.0973844955004292,0.4404817261288159,-0.001908083058865077,-5.215071222263809,0.7423185215355635,0.12028702032631985,-0.004055715097072482,-0.004519704672417658,0.02765792229145578,0.09834066560811101,0.07558990668019867,-0.008408654787432336,-0.007757984400908195,0.6202593434686964,0.01016269879690453,0.15265611320851155,-0.06513579271037644,-0.0829811403737449,0.9988454961733868,-0.00173036407232554,0.012327016774215592,0.02047848564059534,-0.004921272994860219,0.2745072177535114,0.5388337736918242,5.044189908391157,0.0021916556099712296,-4.6380306579218934e-05,2.390192596250496,0.20331775206430064
-2.5282854891592,-2.1632204454585233,2.456681547418916,0.23372091695797265,-0.006955717313806181,0.0973844955004292,0.4443291728522337,-0.001908083058865077,-5.179307563290364,0.7596662857286656,0.12081010307648243,0.032677342100247295,0.010497825745137773,0.02765792229145578,0.1788367506320539,0.08324412097942223,0.0146298539204584,-0.010147404528017165,0.6582475227118877,0.011233679459067048,0.08139336735088683,-0.06810306668965398,-0.047603688447489655,1.0216745566744891,-0.02492927439822932,0.011152836259990072,0.005652277747906029,-0.004921272994860219,0.27812578624011086,0.5218011660482698,5.047502343753161,-0.006435311295767535,7.730051096536494e-05,2.3843953740756696,0.20322797267664772
-1.788213339690049,-1.8046975335946214,2.8716998052970375,0.24285122429311023,-0.007612878503909035,0.11289686831323603,0.48581931445872956,-0.001908083058865077,-4.84479936877802,0.909723841741358,0.06482400275157729,0.020512685880534932,0.014963219826553747,-0.009432752698509073,-0.028572561088441535,0.026923799331087118,0.0038017681064169547,-0.006195581010275996,-0.10401004070498784,-0.002209253284205889,0.044844553540458916,-0.054131391541543984,-0.05660773901192042,0.5052454704473156,0.00957184685775624,0.011152015487099718,0.021598955336435164,0.02167707811344591,0.08021214210082228,0.3791988870951735,5.248311311935668,-0.0011454641156468043,7.730051096536494e-05,2.492173782249249,0.2017822979831889
-1.4352179989983198,-1.5855436046608309,2.9874232627238335,0.24039558309754763,-0.01233544842834097,0.11630329139646858,0.7549930310647345,-0.001908083058865077,-5.05802611379898,0.860116673148639,0.09386364097243959,0.02838021895517537,0.024089794275387044,-0.0028250042893333367,-0.0227486695783266,0.04185435474927884,0.013062366902168861,-0.00656402949181208,-0.0963967748331473,-0.0017041466723280055,0.05564141769340095,-0.060549005864915274,-0.05137507635826429,-0.2514040251700881,-0.04912167972262616,0.019012706268831288,0.020901687566792716,0.023106479018156992,-0.018583772545291505,0.3367393123183805,5.256458287107968,0.0022929533828541177,-4.6380306579218934e-05,2.5250550155487184,0.21471657124860236
-1.3924906024445947,-1.558192818152912,3.0825440634717323,0.24115206357411476,-0.01233544842834097,0.12156741105716931,0.7482334899424179,-0.001908083058865077,-5.042358826675277,0.8676254421540435,0.07109670846013338,-0.00136793697130205,-0.0008244758709485334,-0.0025777164785270312,-0.02033963092375312,0.03376814196279495,0.013062366902168861,-0.006638792180426619,-0.11749271018184208,-0.004947683626661356,0.06623207680052365,-0.03906994159352853,-0.052125888885778106,-0.3253086840736255,-0.044407716963856016,0.017993108323233434,0.0015056789519055478,-0.000995660285051784,-0.018583772545291505,0.32297892146131957,5.266358409524903,0.0012750208478209976,-4.6380306579218934e-05,2.5207670754941622,0.2180698215741576
-1.8161361709151314,-1.7969813385986717,2.818560841833746,0.23084370447664035,-0.007326476151530758,0.11535486898350919,0.4847118427499711,-0.001908083058865077,-4.804988252343344,0.790435485588529,0.11061682333401496,0.0009885250519631077,-0.0003222783818770475,-0.009345016851922254,-0.03143182588460847,0.040632107387985915,-0.0004929805440149317,-0.001368310277110225,-0.08399847268893278,-0.005175915713387962,0.05492707901187296,-0.027283651188209933,-0.051298644973755324,0.5429860177587796,-0.040441131966459695,0.008045494054973673,-0.0036887976477979283,0.0036836489306208567,0.11290281894104007,0.33020601867405236,5.368857519381498,2.9145064771050888e-05,-4.6380306579218934e-05,2.513992191951397,0.20222714611134193
-1.9745176792209704,-1.8270649692894043,2.5573260327163534,0.23642636780200693,-0.007326476151530758,0.10668432623957592,0.47255816678895896,-0.001908083058865077,-5.0962553842453095,0.9216586348342086,0.10565546721184019,-0.001139189597666806,0.0005728626897196663,-0.008002304210168752,0.014493736884960888,0.25241155119069997,0.009107627394037823,-0.003909962223815358,-0.0734927991435519,-0.012911452088074194,0.25064535489575507,-0.04778129383346378,-0.04445042080065836,0.8161361233594314,-0.02449504608406978,0.017280768248065796,0.02559092740745614,0.019792508476332325,0.25828100257149483,0.3430093494243644,5.210585608022955,-0.002444360530657411,-4.6380306579218934e-05,2.471962313975049,0.20015693386782688
-1.3727899558272758,-1.560656196424981,3.037569104969752,0.25019502919040354,-0.01233544842834097,0.11289686831323603,0.7470662500984638,-0.001908083058865077,-4.9988252851438135,0.76018197578695,0.09783284524691739,0.02930157485535239,0.02415949493821684,-0.0030474498448577253,-0.029931553166440465,0.08823107115140771,0.012489235542561159,-0.007579874370049462,-0.11578529070558914,-0.005216100128037103,0.06493492623642551,-0.03978277133626024,-0.05533315301572408,-0.3221192749028459,0.013518767577098302,0.016882730742376867,0.02093250505729898,0.02320766145111654,-0.07097309974998109,0.2734991190118588,5.22924207015364,-0.00036258939288336394,-4.6380306579218934e-05,2.5281228007104724,0.21864550562441587
-1.3756028688037818,-1.5445855189819215,3.130262380080017,0.24237709313291603,-0.01233544842834097,0.11289686831323603,0.7560528702341861,-0.001908083058865077,-4.998077143029107,0.7487041859722005,0.09812445548266276,0.00038338255825418684,-0.0033011627799874265,-0.0038674123451857994,-0.008184116480768689,0.05295416358177643,0.012752782710570851,-0.0067750949748349295,-0.13937965838684427,-0.005531859501920709,0.07058552056543042,-0.040074503413314574,-0.05576975381131557,-0.347034375047854,-0.0483148368260134,0.019937451224793245,-0.0002362431470565485,-0.0033521432943469306,-0.0721852935281245,0.26230583811611413,5.308451907547821,-0.0009893286194094667,7.730051096536494e-05,2.58521016965908,0.21864550562441587
-1.331467429204268,-1.5109381885820712,2.86375056120776,0.24319946910174134,-0.01142399625194212,0.09760962030786617,0.7459118565726103,-0.001908083058865077,-5.103382866709411,0.7397505320268587,0.11820415975282542,-0.005720333301127655,-0.0005401932409096919,-0.0025134249891917357,0.29719080495081895,0.08178536712905651,-0.011353608910064003,0.0005183533201279307,-0.047644166908783904,0.02461502139541181,0.0962186599503127,-0.048706560810687104,-0.04455400027255207,-0.37923475544901075,0.2542038140189573,0.015906358272237475,0.0011680633606107691,-0.0025446406799274667,-0.03672033375470801,0.23359515800850908,5.2778968288988155,-0.005784718336446389,7.730051096536494e-05,2.3782649984916313,0.21350456550286337
-1.6734622050416113,-1.655990254855127,2.781582852244543,0.23452416423790068,-0.007242119666184459,0.09135652953341382,0.4850347952807185,-0.0017941580478659557,-4.962451498781054,0.9254967262820114,0.10226307675118403,0.003798674297740293,-0.0008400282434789278,-0.01020862152105561,0.4960308863758721,0.07363856337074463,-0.004424570262406785,-4.156190688085163e-05,-0.04630402409589419,0.02612680828811377,0.05918125244158277,-0.05662290362874881,-0.051091309412591275,0.6261438968895502,0.28547808330087526,0.01178873768608144,0.0018653311302532154,0.02167707811344591,0.06138897159127911,0.1601274764414082,5.226110141607123,0.0063084687601592205,-4.6380306579218934e-05,2.3151319047179544,0.1996217073435962
-2.3468178263695725,-2.0198273201700383,2.3947768202113777,0.23109007012481925,-0.006835779697024781,0.10816433520692796,0.4441200783118165,-0.0017941580478659557,-5.139773369187042,0.9157782651215192,0.07449314456342628,0.0053756849579205766,-0.004071891978013193,0.027049524049231676,0.014791400942128597,0.1966417833045419,0.013431878831382199,-0.010321258372972333,0.5546610978303618,-0.00591107273258331,0.32187031980391284,-0.050728874636381656,-0.024953560480041985,0.9225713747443878,0.05171754283325489,0.05257992616783604,0.006216228710855475,0.01880868348092398,0.16894339186210863,0.0910625833484312,5.0523604169006955,0.0016939939373484087,-4.6380306579218934e-05,2.3744159030031127,0.2061983109978919
-1.7717297286198863,-1.6697489903079386,2.9061558576187063,0.2450543033196723,-0.007612878503909035,0.11289686831323603,0.534069810046803,-0.0017941580478659557,-4.876498878504294,0.8983017724808269,0.08017680020370463,0.02037365635445284,0.015103125931640858,-0.010707033540270501,-0.023163814760072857,0.04662862336996308,0.003543778567328788,0.055419083948997826,-0.1113875154497133,0.02682730898197408,0.05056905431399344,-0.039335083731711275,-0.051024761164280945,0.37114904869950954,0.00775224744637801,0.018112949387521414,0.021629772826941427,0.022348409806705567,0.03433570846779541,0.1287099383546637,5.215752625397535,-0.0008328071261075485,-4.6380306579218934e-05,2.4908511685155763,0.20191465500507855
-1.345921528215412,-1.499481239591971,3.0533082810416565,0.24308468872410266,-0.01142399625194212,0.11670335268964385,0.761856315048694,-0.0017941580478659557,-4.9225139585009545,0.8191595829678157,0.0717903023772305,0.028367467148206264,0.024418359276951636,-0.0022474956792055724,0.1307429610895978,0.03524890168199162,0.012752782710570851,-0.00685796320666411,-0.11103889401848852,-0.004146598428486157,0.06302900191510664,-0.04045316953339077,-0.05380467352522938,-0.34566329130220647,-0.04725673201161506,0.017188062435537093,-0.0016452852274955287,0.001712075989634431,-0.07038360177134545,0.13062661289959124,5.185588169964957,0.0017000215789595811,-4.6380306579218934e-05,2.5013970684834432,0.21822198845060997
-1.6413523792983444,-1.6537498184956254,2.9751069360689217,0.2369375654509851,-0.006955717313806181,0.10522669095528304,0.4893468693817078,-0.0017941580478659557,-4.811133539057195,0.9162754100563523,0.07717236330534612,0.01144835508892295,0.013249037875973674,-0.01020862152105561,0.5743076516816464,0.03603360453847381,-0.0047174813793178245,-0.00028788434282715173,-0.04773935957087435,-0.005324983116106844,0.05575287434892865,-0.056080793471113846,-0.04997951478535725,0.6233793899544052,-0.041541931615935175,0.01249985178088543,-0.003432689410073547,3.96792322707116e-05,0.1708490899860692,0.10728569363426466,5.257544244025273,0.0021916556099712296,-4.6380306579218934e-05,2.5439647490998505,0.2019311401179626
-1.720366105428764,-1.7709657885453387,2.8996514160019093,0.23757476484216059,-0.007326476151530758,0.10668432623957592,0.4925456769113369,-0.0017941580478659557,-4.78724902984669,0.7752579935053338,0.08739507285262364,0.03092602384382528,0.015569529518600685,-0.010151699658121054,-0.022908006428401045,0.07616362325542363,0.0061502757057828455,-0.006617850031943551,-0.08446525411785293,-0.00844737476281766,0.0858511572828522,-0.04338424328331179,-0.054410657906313005,0.5008411196972952,-0.039827896507452054,0.03339739889550621,0.003346341766605055,7.627281745738472e-05,0.2587206667451772,0.09747231654243556,5.337369627318786,-0.0016399215787306094,7.730051096536494e-05,2.5383111176183353,0.20241938880004315
-1.327462616741374,-1.4801831770558211,3.1252050139047527,0.24485071423145485,-0.01233544842834097,0.11289686831323603,0.7552664699721408,-0.0017941580478659557,-5.03108538064209,0.7492123027030982,0.13058426401959433,0.0011812083254639258,-0.0010521075979981408,-0.003283305742324931,-0.008698679693416004,0.08821558502974929,0.012941974972908709,-0.007023305885984397,-0.11262538200206842,-0.01257843905741106,0.07431598316645041,-0.03823072785678023,-0.0540637319356806,-0.2901507740629737,-0.03848845256832024,0.01862798173575699,-0.0002362431470565485,-0.0033521432943469306,0.03369483218568336,0.09953455746619491,5.332626984714576,-0.0009893286194094667,7.730051096536494e-05,2.595238288610636,0.21892727321549918
-1.3120652767246612,-1.5099145786409525,3.1592044894203744,0.24474632034857294,-0.013717343495474866,0.23556675184588877,0.7500661207011519,-0.0017941580478659557,-4.8352315381636695,0.6605486362840886,0.13122469710067253,0.0024722627514952252,-0.0034512569489245025,-0.002381276747193028,-0.00812038346999442,0.09851691470283207,0.014546226686447008,-0.004785866726756199,-0.11830580571368246,-0.013029240767223714,0.07750906914342323,-0.03358943040054835,-0.0478771185640376,-0.31909459994793593,-0.0451591465198331,0.018776573593065022,0.0011680633606107691,-0.0018155103258833407,-0.073077200492882,0.09067600503161248,5.332592389119534,0.0023369519715595354,-4.6380306579218934e-05,2.5857467276747714,0.21670926784905462
-1.3362695626049848,-1.4954030722942697,3.153734468279115,0.25107345182962265,-0.01233544842834097,0.1834662504410077,0.7405938278827862,-0.0017941580478659557,-4.92511109377503,0.6996820147251069,0.11448475252837764,0.004010024237698188,-0.0034512569489245025,-0.0038239925719770968,-0.01185790930376279,0.09857194136256442,0.011737158985321247,-0.007550972540759341,-0.08645971561584835,0.0011957739753891226,0.07203346602440809,-0.03204028200056253,-0.04849770679517144,-0.28846187425797415,0.012496134257203846,0.029268186347702105,-0.00040178118361026315,-0.003229998876862366,0.032816906172199414,0.07608667528826889,5.269760311097943,0.0004949236647200739,-4.6380306579218934e-05,2.53559017393269,0.21357817112450564
-1.5711912384304254,-1.596534067236129,3.0819404586915176,0.23800577228610892,-0.007612878503909035,0.11630329139646858,0.5986776180177925,-0.0017941580478659557,-4.831553135388595,0.8808707076147044,0.0842209506292456,-0.0015108248061309099,-0.0034512569489245025,-0.0009788242667851067,-0.015960088262518622,0.05224503430295893,0.007399366285152929,-0.005317296267770459,-0.08350741003793098,-0.013041276339354166,0.06537355912430627,-0.0484361292314989,-0.055386960994207944,0.18872990145447335,0.007509687519309417,0.027312950988191077,-0.001687384567261225,0.001968323940169807,0.034205738184543984,0.036616596744981994,5.27896421883884,-0.0008092640707707812,-4.6380306579218934e-05,2.498888690313231,0.20156127242926947
-1.6589624915,-1.6325189680319108,3.0509407363348817,0.24639121010290455,-0.008994773571042934,0.20999077195408863,0.5381869171126874,-0.0017941580478659557,-4.635732188614342,0.6898974799849413,0.08445366759862742,-0.0030742033211438257,-0.0006342613061976674,0.04165072373268432,-0.020962735105875374,0.05406045787759075,0.004104932817043944,-0.005109148517317767,-0.09407703062329018,-0.012463315505654259,0.05875885317067283,-0.05578978710904631,-0.05536657375452842,0.41323133099033743,0.00955055826305554,0.017730012086487713,0.0018653311302532154,-0.0033027098913788883,0.03050818043304231,-0.03178089638195565,5.3300841238153565,-0.002178475315338685,-4.6380306579218934e-05,2.5291709193676977,0.20028919523218067
3.193136537316807,-1.7309158350073617,3.5293707592756274,0.22563090923570558,-0.0077230180026507545,0.10133811551730217,0.44619783086190834,-0.0017941580478659557,-6.233142655801775,0.8247815011545837,0.15355504591297964,0.0025897394899277843,-0.0009054991543902084,-0.03122776387893578,0.011728156503327928,0.009192085053932677,0.027548897519464953,0.008386749591634126,0.69924748063177,-0.00152219239782971,0.0518666056148461,-0.039644932164738474,-0.049915432941354546,1.2914450650240636,-0.038498828086301624,0.06387093702412378,0.032000749771693524,0.02375594892683909,0.33721785729334,-0.3212408660305298,5.851228589719407,0.005823902808815463,-4.6380306579218934e-05,2.5298935559996227,0.3042639167988579
3.556232365659448,-1.8334093497523463,3.4130149568715322,0.22227496181011713,-0.0077230180026507545,0.10133811551730217,0.44299320946223225,-0.0017941580478659557,-5.973189889525405,0.8078062047263983,0.17454915899484696,0.014678773797718443,-0.0008032061221377952,0.004782832811692124,0.05249170496739093,0.04023154918277539,0.028935360656465646,0.008963109643301746,1.4965291615758674,-0.016374126391598694,0.06277543059894944,-0.04360262440599937,-0.045181277397856365,1.4706459096963551,-0.08646416266247257,0.13823544651816616,0.02998316266603902,0.02468474394718669,0.34130629424065523,-0.6060918238782217,5.790486061396366,0.0050121720271594766,7.730051096536494e-05,2.5370693915440516,0.3065867895267965
2.748330365375618,-1.5213862039079409,3.5410474680592245,0.22895738908129193,-0.0077230180026507545,0.10711774494927544,0.4866580386569302,-0.0017941580478659557,-5.770009529677511,1.00408087919928,0.150580220471019,0.023435291839493798,0.020099767022277844,-0.03526719888301841,0.0029306692906366115,0.07983703671033401,0.0037605540666772533,0.010251682026498916,-0.18633311685792733,-0.002121950391243675,0.04719469935133795,-0.05394892171617691,-0.05178801691940316,0.8231479866551729,0.0027209189674326038,0.03194371761614864,0.027389286303040588,0.028118500738561827,0.17904954093812078,-0.4991102997080489,5.930996756864101,0.0050121720271594766,7.730051096536494e-05,2.6137494005462187,0.2999965440600726
2.4989956227952743,-1.4241368661145282,3.7556253931434647,0.23075614530536986,-0.012731990279460965,0.1167367101061681,0.7433079306446819,-0.0017941580478659557,-5.816968058675329,0.9314679960240532,0.09493994779363267,-0.0015074360610735082,-0.00173996912574246,-0.023100016143942765,-0.0015911878960369037,0.03300894897432134,0.015870274114025605,0.009591600227346338,-0.20162463413852996,-0.014990545515041373,0.06390569412235948,-0.06046712007875594,-0.04704396815800509,-0.43060134585927823,0.0030919037914308974,0.03168109683235771,0.0028742301018722274,0.004090294261808518,0.03993844404976025,-0.5111439246221579,5.8533017749623655,-0.009551563146456788,-4.6380306579218934e-05,2.639650219488525,0.31312411867402357
2.503939637766578,-1.3983569233480915,3.7685000725643913,0.22894240268461774,-0.012731990279460965,0.1167367101061681,0.7565036099054275,-0.0017941580478659557,-5.772339369820661,0.7897311335942784,0.1066615235566309,0.00019994811085501826,-0.004359773359363621,-0.023159797931985533,0.035963982220559784,0.03271769737391799,0.01602560661313475,0.009752719844317703,-0.30033782871272435,0.0022191169787564684,0.06728409214594262,-0.04916328488352515,-0.045204346897369546,-0.4812614854882007,-0.036224973359211085,0.04392686222255876,-0.004121932801942469,-0.005545228140541346,-0.01295492383218766,-0.5130514388712174,5.916811441096063,-0.009745399909683579,-4.6380306579218934e-05,2.701969485229522,0.3146572076857864
-1.233209164721874,-1.4475082218563824,3.0621282699335866,0.24150891033144484,-0.01142399625194212,0.11143923302894315,0.741994305743228,-0.0017941580478659557,-4.263726258104853,0.7478366269805652,0.09838883913174445,-0.004831085570231665,-0.0008320814389736824,-0.0027848921188849164,0.30487035304162685,0.05427879151683424,0.013987239508773138,-0.0060322692968630956,-0.03908250911008975,0.013169936937118801,0.0693191597744314,-0.0506293214991132,-0.05299970390414752,-0.30030051583697576,-0.021770575009082135,0.016718711079922653,0.0017623177655042258,-0.002703208377473857,0.015251627466526273,-0.48140726766416886,5.230224700611076,0.0037199188141079234,-4.6380306579218934e-05,2.515913001159375,0.2142414781170803
-1.2793015920802446,-1.44923053568564,3.064070474807189,0.24600400428701175,-0.01233544842834097,0.11143923302894315,0.7390912413832131,-0.0017941580478659557,-4.262191891989372,0.8459508896574564,0.06806919975761445,0.029341105323701776,0.024488059939781433,-0.0027848921188849164,0.0790163768475195,0.046113721188554016,0.013980398610261886,-0.005994513980753316,-0.08247771375598788,-0.00392528101131042,0.06176636247822156,-0.06004379724934858,-0.04965208851789441,-0.2292304423620625,-0.0005205728235723995,0.020197513236897526,0.0007784211841447651,-0.0016457222416270086,0.034555661958614384,-0.47988113358849005,5.109011616808948,0.002632885992330765,-4.6380306579218934e-05,2.489445139094544,0.21342679808312476
-1.2290129154436853,-1.474452288667664,3.1450988316899178,0.24817210070730428,-0.01233544842834097,0.12156741105716931,0.7379711714140531,-0.0017941580478659557,-4.141194288943019,0.836426562643902,0.06996153014052407,0.0074872195400899335,0.024418359276951636,-0.0027848921188849164,-0.0076295868840409575,0.0383748966373849,0.013014611664884183,-0.007326343184198317,-0.10760536519109859,0.011518477902507188,0.07017726819878597,-0.03972004159272596,-0.053766499909141126,-0.3172620120301101,0.007552469123343148,0.01883480105581521,0.0017623177655042258,-0.002602025944514314,-0.07051339945708399,-0.4837480470336804,5.164916982467999,-0.0006767519318093036,-4.6380306579218934e-05,2.48867655863827,0.21702201186424905
-1.2266899326657947,-1.4634749812075438,3.11909102695818,0.23983681633701026,-0.01233544842834097,0.12156741105716931,0.7370790377123795,-0.0017941580478659557,-4.1656882799517705,0.8454427104162712,0.07217810333472056,-0.002265190839206904,-0.0008320814389736824,-0.0049779626114356155,0.03903989149699441,0.04605117587118202,0.013670814418663874,-0.006069276669367856,-0.11695646368543362,-0.007896457308892903,0.06956522263531936,-0.0401869581433321,-0.05482220823991594,-0.32745734322960374,-0.045741396399892324,0.030209274404860233,-0.0010258257793775635,-0.0015445398086674656,-0.07073213370834389,-0.44635500013330576,5.208779480936996,-0.0013034911583354068,7.730051096536494e-05,2.509271573432393,0.21677242660650575
-1.2059179635702437,-1.484473520664092,3.109857630895279,0.24310850754390145,-0.01233544842834097,0.11630329139646858,0.7473094019384986,-0.0017941580478659557,-4.13532060085438,0.7172828218385394,0.07224458508064824,-0.00040213448665607043,-0.003520957611754296,-0.002815526643972355,-0.007928490252227383,0.04118629207019935,0.013677655317175127,-0.005880547253633289,-0.11638910357753628,0.01302758131326102,0.07119228344645698,-0.05234762372583466,-0.05260443921850901,-0.3214034211352956,-0.04451845344015157,0.01748328508791885,0.000771038477744541,0.023049093753570147,-0.06934064492906594,-0.4450420261834808,5.260823346803867,-0.0013034911583354068,7.730051096536494e-05,2.5691978204560386,0.21722975192505647
-1.7040795520989616,-1.823882391032861,2.8112407809651327,0.23790961047731238,-0.007451441850647321,0.11535486898350919,0.48197003055012405,-0.001908083058865077,-4.765823576405614,0.723142220942328,0.08106428836787337,0.004214761495236481,0.0005349381386827296,-0.01291189484638202,-0.023619350328568326,0.030070057258966828,0.007657097592654607,-0.006233336326385773,-0.10029893226852617,0.003110717182173295,0.05006242374223168,-0.02759136140200273,-0.04941260185842155,0.5646224220762431,-0.023166625210307747,0.11566744234060368,-0.007137421492215246,0.0025390584317089805,0.25391572810001495,0.4254536585329885,5.184921704296117,0.0027119264723815288,-4.6380306579218934e-05,2.5007141645433397,0.06640531915758835
-1.5405608721662394,-2.1063703688983004,2.7614785926926313,0.3364206683813078,-0.00799795329165228,0.1965491769066138,0.9848755239625545,-0.001908083058865077,-4.405694311383137,-1.3080771129011761,0.09003712205968425,-0.0042824018144338605,0.0067274961315730054,0.004780087211668436,0.06801537494225317,0.037628574613534076,0.018782108474970815,-0.005351936753639614,-0.11703126498064417,0.0787223838839239,0.05603656670370608,-0.05834535573967949,-0.07435295445042969,0.21022095977570468,0.01467953340535658,0.1058184311156183,-0.0031744255268806097,0.001875367032636948,0.09769693133142396,0.399216939409372,5.104273814913403,0.001236151409975006,-4.6380306579218934e-05,2.664537138303863,0.07189940096663594
-1.312912266775586,-1.4948986809007838,3.1308225562589116,0.24595257693635716,-0.011795333991220968,0.12156741105716931,0.7284362163729589,-0.001908083058865077,-4.96800284472375,0.7154838077329645,0.09894101444101502,-0.001518097088839613,-0.0033708634428172217,-0.004978988294875248,-0.00700019587459137,0.057613950683493766,0.014415892332073842,-0.00724341818981683,-0.12639416816836888,0.0003738350935487292,0.0628820165103153,-0.040699668375314704,-0.05181210620715868,-0.3068558820013506,-0.02304770024204493,0.057467506887892525,-0.001289847299376466,0.001712075989634431,0.03247880738026556,0.3632622646106271,5.141319312717878,-0.00038982802475635934,-4.6380306579218934e-05,2.534469555782582,0.06823445864001293
-1.3236666578137974,-1.5077228749046307,3.1699804027355887,0.25214932390931794,-0.011795333991220968,0.11630329139646858,0.726001986535296,-0.001908083058865077,-4.950292046667749,0.8416236304815209,0.09596116430228446,-0.003334031042078504,-0.0005944501676579568,-0.004919206506832483,-0.017109726809815286,0.052528339655213606,-0.008713984142798493,-7.199686483989496e-05,-0.13258658287065475,0.011671592658318814,0.06140887455498878,-0.060059494822135136,-0.05166734968903051,-0.3429595656641265,0.013498936250137707,0.058018076059437956,-0.0011403019112022983,0.0014499586733054508,-0.019208845191406507,0.3409305184684101,5.033532773411726,-0.0014020632457343073,-4.6380306579218934e-05,2.519489054822737,0.06796670304724786
-1.2962658113927588,-1.5097586145469932,3.203874079553353,0.24268442855335556,-0.011988883220128583,0.11143923302894315,0.7450757501680125,-0.001908083058865077,-4.92820246551679,0.830896472246001,0.09920778280885295,-0.0006526987323606573,-0.0005062506881286577,-0.0061635928594212085,0.15135909892493893,0.04843374858613941,0.016033825842634648,-0.004966936845695543,-0.14414526430738575,-0.005126766777955111,0.0654770137921571,-0.05817558495636695,-0.04763593333268821,-0.39005334353052523,-0.04897338079621286,0.030256122955484622,-0.00043259867411653486,-0.0033521432943469306,-0.07260663576584053,0.3226687726640627,5.0468680321449,0.002739495431810527,-4.6380306579218934e-05,2.5572332302039813,0.06798318816013188
-1.2961335618509746,-1.5134461561502646,3.232131698715705,0.24144884911909123,-0.011988883220128583,0.11143923302894315,0.7369950959787835,-0.001908083058865077,-4.837494250547467,0.7153657271325288,0.07056157559662288,-0.0024134235006069774,-0.0006819872700366059,-0.005290547637895111,0.10652360200813907,0.034777665541398474,0.014113149038987092,-0.006640988846427347,-0.14991049738264475,-0.011481211127674211,0.06611637697949825,-0.05295790107937911,-0.0527163717573172,-0.3566090611793978,-0.027383711951869387,0.01171285316577174,-0.0002670606375628202,-0.0033521432943469306,-0.07260831054952818,0.31190087004677414,5.127675096933285,-0.005784718336446389,7.730051096536494e-05,2.5707282455065936,0.06877043653735054
-1.2594734488983665,-1.4789640102440764,3.1693838066734092,0.2425346226382947,-0.011988883220128583,0.09760962030786617,0.7333944769497505,-0.001908083058865077,-4.963689915700142,0.8402400819368908,0.06805902883484527,-0.0029876425548438276,-0.0010251784707375146,-0.003970522366870507,0.24310156824012666,0.03372917273409321,-0.008474955100588738,0.0006601079840929366,-0.16291638423511615,0.013246787723077526,0.0691878927008746,-0.056924527491825014,-0.0506800852108849,-0.42817185777848277,0.2532258413241181,0.012397218353900485,-0.0002670606375628202,-0.0031288164439028246,-0.09097593159067704,0.2903500563455175,5.073665980715848,-0.005784718336446389,7.730051096536494e-05,2.379241597409111,0.0658687942387775
-1.2964879727985477,-1.510769817383382,3.27130228347731,0.2399967073576059,-0.012900335396527431,0.12156741105716931,0.7307411109704212,-0.001908083058865077,-4.904260491286682,0.7333678974357507,0.06812632070822244,2.440593341003158e-07,-0.0033708634428172217,-0.003970522366870507,-0.007141794384661531,0.03324525498057778,-0.008474955100588738,0.00016836636627696978,-0.1339665539479237,0.013002214309274724,0.07013978588628239,-0.043063902653268024,-0.05196484804076296,-0.35270833376600624,0.017838220946993444,0.01255299320798326,0.0007550361407031373,-0.0033521432943469306,-0.07257722823802096,0.2742590267365735,5.150736872246359,0.0022929533828541177,-4.6380306579218934e-05,2.5573024892284963,0.06845021856154751
-1.2883021310058778,-1.4891803704793922,3.1973827794730263,0.2408139129440899,-0.012900335396527431,0.09622058790093925,0.7342815530356328,-0.001908083058865077,-4.963522445355116,0.7128313831445127,0.09710343107213087,0.0012367777236464838,-0.0005062506881286577,-0.003970522366870507,-0.010794037224022723,0.04336330719206052,-0.00848086662427423,-0.00031261566652404226,-0.13034109446466002,0.02414363138705502,0.0720331729414756,-0.04913773680284059,-0.051564032647960216,-0.3447989669226037,0.28205010427914257,0.013734097815740429,0.002159342648370454,-0.0018155103258833407,-0.07257722823802096,0.2627620358844227,5.162381090873397,0.0012750208478209976,-4.6380306579218934e-05,2.3791297041001926,0.06613785590437804
-1.285347931291037,-1.4647504122306845,3.145512326438013,0.2417300885956705,-0.011988883220128583,0.1049839409841369,0.7322913476589704,-0.001908083058865077,-5.067530556478452,0.8376611944554699,0.09723890040523286,0.0012367777236464838,-0.0007727948378987325,-0.00410862124688869,0.13157387003883303,0.04122769354239491,-0.00870714324428724,0.0002720308841816306,-0.12903266532851876,0.01381520370985254,0.06949569300537725,-0.060322880392788686,-0.0494319535141181,-0.3317863384082183,0.16167501973337833,0.015303810025310892,0.0011680633606107691,-0.0024434582469679235,-0.018937087706017968,0.2336928208662313,5.0467845356091505,0.0032067142630213393,-4.6380306579218934e-05,2.452884892653383,0.06424144715245483
-1.2652157158441184,-1.4628144366021558,3.233323171661819,0.24479793142473646,-0.012900335396527431,0.09622058790093925,0.7377845048806797,-0.0017941580478659557,-4.94580438540988,0.8179346075270113,0.06971720867962891,-0.0015069664973841423,-0.0011218082608279343,-0.003654126036460274,-0.005801418680815835,0.04174104630839478,0.016033825842634648,-0.0049951817901977376,-0.12770885525815673,-0.001662297066368622,0.07013212502881151,-0.05765063099714733,-0.047738050435834505,-0.3389173038980326,0.2853497669519752,0.018299360912482698,0.02093250505729898,0.02320766145111654,-0.07182677262786646,0.16926253132192348,5.108218066046719,-0.0018965207088181123,-4.6380306579218934e-05,2.345276424392719,0.06609292493775015
-1.2697942336747798,-1.4582050745560435,3.2334411206579508,0.24177939402444634,-0.012900335396527431,0.10148470756163998,0.7379394356956022,-0.0017941580478659557,-4.928836393873881,0.8274965918445648,0.06870648512700236,-0.0032519848217152387,-0.00098574198637647,-0.004943516782397438,-0.006670640342729824,0.047210840248046594,0.014113149038987092,-0.007388574471044799,-0.13150535414774348,0.013371529397797602,0.07085425078008127,-0.0425525115828628,-0.05137947418506036,-0.334408379152199,0.2819969811575503,0.01733046821048304,0.0007550361407031373,-0.0033521432943469306,-0.07234367731031771,0.1473369385867309,5.123133125145772,-0.000857046855967169,-4.6380306579218934e-05,2.349230341637776,0.06630413199490356
-1.2617660979085612,-1.4515846959258931,3.187252578908441,0.24141540939393122,-0.011988883220128583,0.11143923302894315,0.7439720769975989,-0.0017941580478659557,-4.9079126113421205,0.8299455589132859,0.06892381126970926,0.03143676535366802,0.024418359276951636,-0.004972194386481935,0.14820017212019404,0.04461750297706359,0.014233374401016454,-0.0056178956814842106,-0.13568822380294868,-0.0013170586898873563,0.062629158711893,-0.05832381246423414,-0.04725224298253603,-0.3879981304736038,0.016752387179422415,0.016533012655143668,-0.0002362431470565485,-0.0033521432943469306,-0.07414972816712115,0.13683696501703035,5.06418149444227,-0.005784718336446389,7.730051096536494e-05,2.5596879624853845,0.06845462068940844
-1.2608874315646574,-1.4653393204748069,3.218656694500021,0.23981361927401146,-0.011988883220128583,0.11143923302894315,0.7454915634562772,-0.0017941580478659557,-4.881662049270781,0.8299283045218325,0.07111519622084764,0.03143676535366802,0.024418359276951636,-0.004972194386481935,0.1633613636487974,0.03589923332749683,0.014113149038987092,-0.006756843585094772,-0.1338293500501855,-0.004492259219299548,0.06237679966701879,-0.05885912219480552,-0.048138865828637266,-0.4102485804199342,-0.045336149780769934,0.017507905956257234,0.02093250505729898,0.02320766145111654,-0.07473622506659641,0.13001579836529623,5.05399204955363,-0.005784718336446389,7.730051096536494e-05,2.564094217889168,0.06821733780951111
-1.2702367969873103,-1.465384889749682,3.265252198908938,0.24001063479913576,-0.012900335396527431,0.11630329139646858,0.738881549926619,-0.0017941580478659557,-4.8592979891967065,0.8236913593226823,0.06873720243937484,0.028367467148206264,0.024418359276951636,-0.004943516782397438,0.0008518877587254375,0.036097599553114666,0.012233565089114407,-0.006746193145544809,-0.12580757006876722,-0.011461315425784732,0.06209239964617492,-0.058481378217895105,-0.048138865828637266,-0.3326743653493068,-0.04808110608939089,0.01869073518763256,0.010326066244418515,0.02320766145111654,-0.07167725867161498,0.1161869150569887,5.092153679501004,0.0022929533828541177,-4.6380306579218934e-05,2.5810299544540722,0.06811554518202151
-1.2594823314589838,-1.4673804288503656,3.22736339249168,0.24508958566165248,-0.011988883220128583,0.10803280994571061,0.7266755878283291,-0.0017941580478659557,-4.863352252830513,0.8424109184161837,0.06985971291228757,0.028351645595748643,0.024488059939781433,-0.005001178160087739,0.11658463971579203,0.035888397105200684,0.012226724190603154,-0.006783200518049571,-0.127456000151936,0.011919171261438122,0.061762011047486916,-0.048560380278502624,-0.05663090542726091,-0.33569171799423686,0.009805215711997824,0.022955572118045896,0.02093250505729898,0.02320766145111654,-0.07453652211150005,0.11009699521515229,4.971744567020399,0.004047467363792352,-4.6380306579218934e-05,2.5284150605858975,0.06811554518202151
-1.2654781614380053,-1.4609142049133328,3.3142120297660687,0.23965155313154962,-0.012900335396527431,0.11630329139646858,0.7308603335516907,-0.0017941580478659557,-4.845960144579195,0.8345948976788977,0.06948429414011656,0.008072320593805322,-2.9096245819680957e-05,-0.00507534092938195,-0.00654031932144461,0.03729380559465797,0.012259628718309776,-0.006783200518049571,-0.13000428521575916,-0.004935637613121966,0.06993326666743187,-0.06035461908300287,-0.04765305837533879,-0.3410158901693487,-0.047354222966355525,0.019005276349131368,-0.0002362431470565485,-0.0033521432943469306,-0.07493194691933638,0.09965803155926792,5.1187261297405975,-0.00038982802475635934,-4.6380306579218934e-05,2.589113770106247,0.06784949397199172
-1.1010901225895287,-1.4943318702706965,3.220703484229959,0.24335271783640872,-0.012900335396527431,0.12156741105716931,0.7350420253883753,-0.0017941580478659557,-4.944968740670349,0.8164397781393368,0.07196345465392007,0.002043616767732959,-0.0006563448570657333,-0.005046663325297453,-0.007061655863792355,0.03975484796264669,0.01277884633976622,-0.0068209558341593484,-0.12217462966563311,0.02536277259753351,0.07027327915784755,-0.038788864767067346,-0.052748965194454565,-0.340326050030853,-0.02540812919633045,0.020572025561722357,0.0007550361407031373,-0.0033521432943469306,-0.07138743367024372,0.09102739332631907,5.1256473030899645,-0.001927319720911905,-4.6380306579218934e-05,2.5275875022631005,0.06806603469242131
-1.0861469274827917,-1.4786388091012075,3.175889221680566,0.24291316740419888,-0.012900335396527431,0.0879501064501813,0.7376336216146278,-0.0017941580478659557,-4.951554536107598,0.7143989759999803,0.07259189096515989,0.0013157275318047377,-0.000586644194235939,-0.005540531520770022,0.07991878326924842,0.041755050611703086,0.012899071701795597,-0.0056178956814842106,-0.12983325013499594,0.012526156395659392,0.07151370704830473,-0.03958914119575675,-0.05629123995131325,-0.35188797963089624,0.27922562361400854,0.01969110333633297,-0.0002362431470565485,-0.0033521432943469306,-0.07333897295810032,0.07564944704291562,5.100072768504523,0.0027086964197167345,-4.6380306579218934e-05,2.366315529839307,0.06449330522472069
-1.09221209432784,-1.4548100961374102,3.162730080449715,0.24382315729565895,-0.012900335396527431,0.10148470756163998,0.7360127113359253,-0.0017941580478659557,-4.971367455782444,0.8387628962543213,0.07411122087543123,0.002043616767732959,-0.0006563448570657333,-0.004191522476139615,-0.002290915445502606,0.04173529483141356,0.01277884633976622,-0.006743996479544081,-0.1195010799720855,-0.005300824129239438,0.07191143903274469,-0.043363662427995664,-0.05314969597328519,-0.34037989292698284,0.2817956248410265,0.025163801989537028,0.0015364964424118186,-0.00163391217171689,-0.07142708585798735,0.039363224126468775,5.123895354168987,-0.0010405831648719107,7.730051096536494e-05,2.3216434788327147,0.06600117042126455
1.8214895424304154,-1.3899175148961147,3.48910062353175,0.229195481408918,-0.014480736106506296,0.09665400661063876,0.7424593489793148,-0.0017941580478659557,-5.982878189977377,0.750506974217574,0.07135393123576393,0.0012111581373575357,-0.0011031846413419248,-0.02341063549130043,0.001969662572339337,0.02147454846935237,0.014222975512770691,-0.00727311538870461,-0.2235561721182879,-0.0036144479752631916,0.06560334146900744,-0.049771768825805966,-0.0453763755486995,-0.5274847221820054,0.28816267458290873,0.03679147246771086,-0.0024328615477110104,0.0006596753127716855,0.023081245743974337,-0.045594965962684926,5.647691738682174,-0.0010084484625791559,7.730051096536494e-05,2.44578376168863,-0.10573341326347971
1.138945170263709,-1.3403553973255131,3.3189935698869046,0.22547418955337667,-0.014480736106506296,0.09665400661063876,0.7274128156273826,-0.0017941580478659557,-5.7723255851493915,0.7259427991727686,0.1008050257429492,0.001068388518927011,-0.0005828314875247956,-0.004940837671970813,-0.002200702857425634,0.04887781376787337,-0.010288259738015048,-0.0022017776420582957,-0.2305098843937731,-0.00718557582642019,0.06820399943221071,-0.04943758282907076,-0.047283793261273195,-0.38795339905428283,0.2803514627448656,0.0348103914282928,-0.001510168725774128,0.00180952578925038,0.04671244083114129,-0.16278036693045125,5.605445565539256,0.0025439606008803633,-4.6380306579218934e-05,2.3599417290949645,-0.1076967243889839
-0.15000245135178114,-1.4072425764712937,2.9980952415243682,0.23348430990756683,-0.013569283930107447,0.11176214542694451,0.7297481805894023,-0.0017941580478659557,-4.987884997141751,0.7219382383589753,0.11494524116574395,-0.010216709968829663,-0.0006563448570657333,-0.0052537696385173,0.20656940386679937,0.07263979694920726,0.013010254963797553,-0.00781573180116882,-0.20327232351053962,0.008955154765421506,0.06930804820666533,-0.05215721697583326,-0.05056523740162786,-0.4234572664420865,0.02322513282597986,0.035031155833629396,-0.0009638071868420177,0.0019072992421399076,0.03307045611476532,-0.3532342871859717,5.174749157870701,0.005688195652403552,-4.6380306579218934e-05,2.493768818280046,-0.10312924796455461
-1.428534505362417,-1.6487239594669474,2.857792837571998,0.23558463651926675,-0.007520604281992644,0.10522669095528304,0.48026544198741034,-0.0017941580478659557,-4.113317644243518,0.7471893431795937,0.0838579675032491,-0.0005119540710766514,-0.000893492622325582,-0.010827587396894616,0.11489845429582693,0.036652788622515316,0.004270493951623765,-0.00552927929338751,-0.09911898191843391,-0.0020609154575049553,0.05504698475784269,-0.04822161920976044,-0.04960395018523294,0.5364361620324335,-0.0189604432201682,0.01131510592355362,0.0006942286520785292,-0.0036506671147898033,0.10881574801638791,-0.4627256601511137,5.078256464148422,0.004138891903635338,-4.6380306579218934e-05,2.5094377732339113,0.06759622141801669
-1.4637865515141288,-1.7463754661909816,2.8808244199184503,-0.7164879956818312,-0.00789136311971722,0.10116770744873355,0.5980077710929292,-0.0017941580478659557,-4.650106545221232,0.9835003384666731,0.0966729247539278,-0.0023367912109279075,-0.0033171512539484217,0.04088702665690218,-0.022770903550469207,0.042903896844692056,0.003681459979753483,-0.0074299251001162595,-0.0943186576881937,0.022745068214831236,0.060388396962594675,-0.04448221574586664,-0.05258713326344932,0.46158397706449,0.2899068439857128,0.07823199044386395,-0.0026922520427458637,0.002299479928950225,0.11021908652841134,-0.48446279228077416,5.9829605128249135,-0.0053659282235824,-0.00025198166735924564,2.6909895122869796,0.06670010189928371
-1.1261155348716871,-1.6388858929718515,2.8896820737607114,-0.7811633951253476,-0.01137169695693371,0.2406534279953782,1.0153640646976925,-0.0017941580478659557,-4.721987677626071,0.48521850206760964,0.13065961721297803,0.0005145570472415981,-0.016593808316418365,-0.004502455483376714,0.24658791489283446,0.10464397842870628,-0.015593933945556809,-0.0016334795507233595,-0.1675671116576469,0.009312927169426404,0.08355974712689329,-0.033942348277538906,-0.045347783830022366,-0.3979955195292767,-0.03888165470631107,0.21198731241550586,-0.0005097672317284298,0.001367534491616914,0.01851273061842156,-0.4892252514931267,5.937161495444487,-0.0010232225832396452,-0.00025198166735924564,2.9629526077397155,0.06953352216950504
-1.1006802107264535,-1.5248811494798424,2.936836480929547,-0.7605081059364981,-0.009989801889799813,0.12373354802713726,0.8625603081702866,-0.0019228441035962513,-4.572575461868361,0.8214139007903948,0.14707454685466448,-0.0030568260764473783,-0.001086676301533224,-0.005794035488500586,0.24077712154713612,0.05276091339188073,-0.01610825452605049,-0.0022316330429093508,-0.14727603997374297,0.015573425874483354,0.07484704793567172,-0.029105145579295,-0.05132401034057534,-0.4025113309272789,-0.004906288142154749,0.20802586641285573,-0.0021671818799057015,0.001367534491616914,-0.08818712090565067,-0.4932595479655484,5.923325441008354,-0.00834970955907675,0.00041996944559874244,2.8938220702725737,0.0720274243654879
-1.2198938429437438,-1.521617768457946,3.2237909483455733,-0.7306275284500796,-0.012900335396527431,0.128767320532217,0.8580187237168371,-0.0019228441035962513,-4.5481365424596385,0.8672892189676601,0.08460470022472234,0.0011626940741901474,-0.0008321262277062654,-0.005794035488500586,0.04342390385906114,0.04155068762630031,0.008088212263475426,-0.0015375857460827743,-0.1362097796984951,0.016037782768612112,0.07308545160676294,-0.03409869489072749,-0.05335069809491257,-0.3525442771238017,-0.0423185422573471,0.06947045376466289,0.0008227021336420539,-0.002934083204418605,-0.0713131209743133,-0.4809057543750584,5.930386126714777,-0.003725728124058119,0.00041996944559874244,2.899623525510712,0.07155254684100404
-1.2266056516516513,-1.503557356419967,3.138453755794286,-0.7267346158186395,-0.011988883220128583,0.10140310669968136,0.8553836767940659,-0.0017941580478659557,-4.664361658446166,0.9474887201239679,0.08438542645179403,-0.003230366011511254,-0.0006646178537790729,-0.004471820958289276,0.13126340186608795,0.04158617685235596,0.011030330055919323,-0.007377933872321921,-0.13678115146953404,-0.002094809777740607,0.07383300959702535,-0.04862630770537768,-0.055214985456316416,-0.3632588345737293,0.26199612695236707,0.0788205676153212,-0.0008005350321594532,0.0018014483526838539,-0.06885409206687723,-0.4763687169062639,5.843152937212711,0.014069840447348925,-0.00025198166735924564,2.746838537930049,0.06896309458887212
-1.2752070063867613,-1.5301816188342707,3.0789320675799186,-0.7277367474956461,-0.011702480867750303,0.10771580983280418,0.847065380355079,-0.0017941580478659557,-4.712896179960385,0.9751715686739933,0.08161972869143932,-0.0011664667710662598,-0.0006646178537790729,-0.004471820958289276,0.28712450931421324,0.042300885277866844,0.011488405848115224,-0.007223974015664297,-0.05622998761298364,-0.0018830568495681768,0.072100992575714,-0.048637410687318576,-0.05469402625078625,-0.3304746483125513,-0.018815670857428697,0.07847812207274411,-0.0009291103749284322,0.001699536555207484,0.1108793257918807,-0.448081763084634,5.871974781006316,0.010100404392597379,-0.00025198166735924564,2.9024732832172555,0.06807093549423235
-1.3335483153448353,-1.6303504929317603,3.1316243838523987,-0.7405004955427682,0.03159816825454606,-0.033165954430159274,0.8753918324260723,-0.001908083058865077,-5.535588076331443,0.8753304021308217,0.08053997026858332,0.0017894481631786628,-0.0005145236848419973,-0.0033487918538882655,0.009553891719592353,0.03662557947473948,0.010415041640913038,-0.00806141611050071,-0.11343149632819473,0.0004636970254654891,0.06715460159418662,-0.05094847756606912,-0.04877019193622074,-0.27137359143581863,-0.044012459776336985,0.053147496444754756,0.020901687566792716,0.023106479018156992,0.033709039475272956,0.3954066318848084,6.027726781134721,0.001222259943569484,-0.00025198166735924564,3.1744772739652416,0.07038428771577218
-1.265324718935942,-1.59885930780865,3.178424433972391,-0.73533106387564,0.029724222579870018,-0.03090770218631405,0.8786851535237084,-0.0020367691145953726,-5.492390426490065,1.0185552005714342,0.08081105128613969,-0.002326476999323583,-0.0008327488676618739,-0.005906421051200148,0.13429328082340222,0.034691070536156964,0.00815119802769695,-0.00833848447812586,-0.16157833499287724,0.001434266634689681,0.06771667745965737,-0.046094322007970596,-0.0551731422588665,-0.3740790786686271,-0.034475291717949684,0.05677701641832306,-0.0002670606375628202,-0.0033521432943469306,-0.07405788185283377,0.3826807600755114,5.920338047930983,-0.00174853389716465,-0.00025198166735924564,3.1672612441823103,0.07318856418093278
-1.0845785943645778,-1.6424107235978584,3.1585624109470136,-0.7580419125282699,0.03159816825454606,-0.03459165350493238,0.8866781251333982,-0.0020367691145953726,-5.578702818422614,0.988074740125816,0.08435824999333703,0.001553177825293357,-0.0006820320587691897,-0.006830347836412167,0.04439963025077141,0.03508267646851286,0.010591092452800953,-0.006739195166008596,-0.14941562827488228,0.03137127157491792,0.06954371147098827,-0.04670647972435546,-0.05292495577324136,-0.3598930312321484,-0.0016713677066307656,0.05907553171823337,-0.002674540898982625,0.0014499586733054508,-0.08025691367005863,0.3618348729710561,5.979297207100186,-0.004134194050073113,-0.00025198166735924564,3.1429297748165768,0.07338235382029712
-1.272870924962117,-1.635127452130377,3.183832755419476,-0.746522981674089,0.03159816825454606,-0.0326485230757442,0.8786757531643623,-0.001908083058865077,-5.5690026761922,0.9986698871381721,0.04652827115948703,0.028053399335851662,0.03137985268077338,-0.004561895876328052,-0.01612082846977927,0.03154046211772288,0.06213245168886057,0.05915188586811181,-0.190529557675386,0.018950018304351723,0.05716377950908217,-0.032491004887680384,-0.05254615420356586,-0.3497178124481897,-0.0013720176881003954,0.06297400001292347,0.020901687566792716,0.02320766145111654,-0.07223467383572851,0.34061785682457085,6.02344650536895,-0.0032401573031138903,0.00041996944559874244,3.1598150820000854,0.07343052763650176
-1.1662854156777271,-1.6282692512057382,3.227535670392527,-0.7422570150586298,0.03159816825454606,-0.03090770218631405,0.8855565004073214,-0.0020367691145953726,-5.527887521247976,0.8820493060174553,0.08263123290993074,0.00021145824642827281,-0.0009459363832160892,-0.005001883861303047,0.07769272473023367,0.03551465634745359,0.006607517631937934,-0.00806141611050071,-0.17793001402010636,-0.015773963459116618,0.0677748356913524,-0.025023910303653488,-0.05127341672737317,-0.3566801416862795,-0.03819714511529565,0.05932323465618011,0.020901687566792716,0.02320766145111654,-0.07245603221542579,0.3223572716638694,6.001527810285415,-0.0082069553021691,0.00041996944559874244,3.1699780943778837,0.07398097330165745
-1.094296915394389,-1.6345465467956297,3.1170688181993036,-0.7343945870676065,0.03159816825454606,-0.027519857933480482,0.8741426517446813,-0.0020367691145953726,-5.551823202311048,0.8916890400700263,0.08357938778543897,9.081476569861648e-06,-0.0011728527931104433,-0.006392354232263846,-0.01542836031365954,0.03822388934228576,-0.015246848202154684,-0.0015301794450230367,-0.1503880784695281,-0.004943885145983346,0.07381043731016496,-0.04331048438539753,-0.044174363887080674,-0.34961689426607556,0.3008100605584777,0.0614763863939099,-0.0017518480770457425,0.0014499586733054508,-0.07394424982359615,0.31472250759338716,6.060600726920598,0.009878271475010043,-0.00025198166735924564,2.918929323939991,0.06963363872490475
-1.068259133656123,-1.6524687784901855,3.180826114973946,-0.731131724820959,0.03159816825454606,-0.03459165350493238,0.8797107338138743,-0.0020367691145953726,-5.518950576181834,0.8732590035307572,0.082046234884754,9.081476569861648e-06,-0.0011728527931104433,-0.005892291461567317,-0.00706175581278124,0.03358574579819495,0.0076843805877542274,-0.006519273572175762,-0.15289941219214134,0.025393916685449446,0.0748387586633309,-0.03890859112641307,-0.05203613548142224,-0.34664361156739065,-0.023508708803486714,0.06215550104592897,-0.0016761027180018004,0.001712075989634431,-0.07410055191017528,0.29010707358353943,6.0670865700405106,0.005908835420258497,-0.00025198166735924564,3.17546636068381,0.07396116344709477
-1.0582940351442987,-1.634715241277011,3.1561221821347134,-0.7326635122344527,0.03159816825454606,-0.03285083261550223,0.8755801823737357,-0.0020367691145953726,-5.517985619687527,0.8720252360850179,0.08409976775959545,-0.00030315727327858365,-0.0008318770578359324,-0.005892291461567317,0.0865084659284364,0.035541579084279636,-0.0132082320754767,-0.0008350819685949667,-0.14733471134143453,0.019028137478347716,0.07592989315744103,-0.03890859112641307,-0.05208797712935675,-0.36024767197431157,-0.023927599908901375,0.05819810556289716,-0.0026965533922013903,0.0014499586733054508,-0.07384362300317304,0.27412691011940976,5.981933286652069,0.004818802231347179,-0.00025198166735924564,3.162576061856446,0.07423071123928346
-1.0555116399221147,-1.6439060152064005,3.142511900785296,-0.743079689484895,0.03159816825454606,-0.03459165350493238,0.8811187888844814,-0.0020367691145953726,-5.519695608769181,0.8941695794758006,0.08375934965944974,-0.0014438298405695137,-0.0015078095832339,-0.01057806937241496,-0.031078865328023113,0.03536717067308435,-0.013503363133885124,-0.002561194095267375,-0.14046448264931874,0.018670035728571947,0.07563779561117713,-0.040662883970401575,-0.044174363887080674,-0.3354130672528541,-0.037334926423577386,0.05758756023746579,-0.0026965533922013903,0.0014499586733054508,-0.07936079478123198,0.26265723533961577,6.088976221584663,-0.005345076184942347,-0.00025198166735924564,3.192362076489235,0.07418488530535819
-1.0373790256797544,-1.5971831669881373,2.546053277205084,-0.7313432359972105,0.03159816825454606,-0.03459165350493238,0.8823143369103619,-0.0020367691145953726,-5.540445834737584,0.8960766956028838,0.09925322446952191,-0.0014438298405695137,-0.001746246684736371,-0.006074849335584163,-0.0311999567709431,0.050609679220782085,-0.0017086002284979031,0.0007690484960425565,-0.13565352847051929,0.01897478050840095,0.08501542095148322,0.15868632300631402,0.17442039056367648,-0.3236677429982112,-0.04541528065470654,0.07729683748966275,-0.0026965533922013903,0.0014499586733054508,-0.07898138068762511,0.23270748003032857,6.1226241083653345,-0.004305602332091402,-0.00025198166735924564,3.218239338336369,0.07488826013872496
-1.0419082199342933,-1.5967049738162604,2.570405771388234,-0.7186710963009055,0.03159816825454606,-0.03459165350493238,0.879297872097832,-0.0019228441035962513,-5.51401252463501,0.8893667421270961,0.09776415748718476,-0.0013265417297193781,-0.0016579037521709755,-0.00562035412515575,-0.03164103468058361,0.05125059477088285,0.0008555644238401622,0.0027419403383364626,-0.13180614449435965,0.03018173079205632,0.08522171290271642,0.15868632300631402,0.17342945316871106,-0.3269281013118,-0.037566588359592576,0.07790170729981592,-0.0026965533922013903,0.0014499586733054508,-0.07221681905426378,0.17045546381459112,6.087381815522413,-0.0034115655851321798,0.00041996944559874244,3.191949896005716,0.07473067189285648
0.16015162629606597,-1.4880093578968836,2.5289225547698235,-0.7119988690352694,0.03317856896452491,-0.03499731656766126,0.8960972748002605,-0.0019228441035962513,-6.106879134488107,0.8902318344233817,0.058257662533884536,-0.0015546210085323248,-0.0016579037521709755,-0.005717652490745019,-0.0179494965772384,0.030552411757629568,0.0015495364382278765,0.0002269452379513987,-0.25510771595711823,0.018567561600756836,0.07887082533446756,0.1594123327445342,0.1703291003435568,-0.3927870531137462,-0.04434468361183824,0.09143024859851355,-0.002506202902624839,0.00180952578925038,-0.09305863031260733,0.13994039147961884,6.260294213823723,-0.003860543843724728,0.00041996944559874244,3.101980674444172,-0.09735099556300848
0.2571164932764562,-1.524780538450564,2.557883758696074,-0.7082266298651074,0.03317856896452491,-0.03499731656766126,0.897702060171153,-0.0019228441035962513,-6.199075485587433,1.02297666901206,0.0583231531653005,-0.0015546210085323248,-0.0014865826715326407,-0.009865443511945344,-0.01143174371715121,0.03295205843563646,0.001392454209309297,0.00023442567554125783,-0.2556343757821458,0.03018320418745444,0.07821080761981981,0.1611472563876175,0.1703291003435568,-0.4072710277408394,-0.04196881316481372,0.08730800203009378,-0.002506202902624839,0.00180952578925038,-0.0930358445310685,0.12909977529640274,6.213854027441259,0.01044680737040781,-0.00025198166735924564,3.079571665405955,-0.09817826806434209
0.7282666912864318,-1.4965468549135816,2.6840110369691597,-0.7287246412417029,0.03317856896452491,-0.03499731656766126,0.8985022369227635,-0.0019228441035962513,-6.358110789025312,0.8994877080280383,0.05080772831560018,-0.0015546210085323248,-0.0014865826715326407,-0.006347361566007727,-0.007610399412652746,0.032683468781255866,-0.01296647334841599,-0.003536587428029907,-0.25551334954455995,0.003443488107408898,0.07822466352035952,0.1594123327445342,0.1703291003435568,-0.41667419019326674,-0.018703161647201122,0.07972554130116827,-0.002506202902624839,0.00180952578925038,-0.09853863435188928,0.12471056793555793,6.4624101835714285,0.006777572651273554,-0.00025198166735924564,3.1256639455246797,-0.09735749498197542
1.6280020001371744,-1.5202561562101744,3.440910410097314,-0.7297744017723696,0.03317856896452491,-0.04732587535798325,0.8922211639746467,-0.0019228441035962513,-6.540733214221125,0.8001128928815255,0.04652938965747061,-0.0015546210085323248,-0.0021047435364471663,-0.003188933397790057,-0.008401910373140881,0.022342046290520664,-0.01160610701999975,-0.003536587428029907,-0.3721588982351045,0.02922443307138701,0.06905442828611962,-0.037112555370204504,-0.04072054704452776,-0.5717979854287469,0.005199462501171765,0.07932813272862602,-0.002506202902624839,0.00015755945246928593,-0.12917758131904059,0.10895526443346565,6.5328091337560155,0.001348347169025831,-0.00025198166735924564,3.1235208059962862,-0.0936671354331142
1.6495555516655755,-1.451439932402965,2.8014814241544004,-0.7082253948529614,0.03317856896452491,-0.027925520996209353,0.8998876155789246,-0.0019228441035962513,-6.5637706204039565,0.8925487950597022,0.07231690660237082,-0.0015546210085323248,-0.0021047435364471663,-0.0041867715606776715,-0.0014046792497051297,0.03383015730479171,0.0027528205377255303,-4.7346199896207094e-05,-0.3561371500198074,0.01774825383076776,0.079586792647083,0.15975548361769049,0.16467397099401115,-0.5431913206131458,0.3123913187088078,0.09363600270047606,-0.002506202902624839,0.00015755945246928593,-0.1281535550535106,0.0992857252770336,6.578065106209798,-0.005072973069328638,-0.00025198166735924564,2.9043421883300318,-0.10067778757758396
1.7673783182051575,-1.4787286898748346,3.3816829824930803,-0.7254526318345845,0.03317856896452491,-0.027925520996209353,0.9027659626618958,-0.0019228441035962513,-6.71341007146371,1.0278229755311672,0.05970319500633925,-0.00011313495243160993,-0.001428811011049199,-0.027121013995792212,0.02351007878350285,0.016597266782189295,-0.015098642904356923,-0.004334890980508852,-0.34402459720123385,0.01784430836582155,0.07038321280465429,-0.04926740342352561,-0.047443227223575704,-0.5360801819409954,0.3173952976975368,0.0828867333071392,-0.002506202902624839,0.00015755945246928593,-0.13330973557345255,0.08978128743734691,6.5009187151265095,-0.004542182611175331,-0.00025198166735924564,2.9008304097062365,-0.09985603210530271
2.150922101917362,-1.3754121949151754,2.8329375874725238,-0.716503121863245,0.03317856896452491,-0.027925520996209353,0.8938775912515575,-0.0019228441035962513,-7.205621815919296,0.9740036061172916,0.08338767498064424,9.835463690601503e-05,-0.0019411078269620438,-0.02642248832504625,-0.00011465815744316475,0.033377680182453996,-0.00651187113167382,-0.01318279048609821,-0.36244739150232724,-0.0003416382439685796,0.08017846685634938,0.16136806379563423,0.16439668571465213,-0.5111944910569902,0.3178318139591778,0.0968363162247736,0.0015164165527599047,0.0032366887221277124,-0.11903329218112485,0.016275608790135163,6.606827363068801,0.0030745069903979094,0.00041996944559874244,2.9514774557631753,-0.09893989891493597
2.124256106111005,-1.401853698154407,2.9760596610453462,-0.7285169356086104,0.03317856896452491,-0.04732587535798325,0.8930726339441921,-0.0019228441035962513,-7.248337519338043,0.8473476541999571,0.08499174584766901,-0.0005599402446734197,-0.002276064617085502,-0.029111237202992864,-0.004568580247617247,0.03797821602583112,-0.005318724688466433,-0.040106455462117906,-0.38927091971082123,0.02909186183277413,0.07855105881127074,0.1601133403749047,0.16439668571465213,-0.5271957933407396,-0.02260427645858121,0.09429437721081765,0.0015164165527599047,0.0032366887221277124,-0.11752416725397616,0.0009750750688546352,6.592938465585218,0.0030745069903979094,0.00041996944559874244,3.1946676546024033,-0.09342452909711291
2.1115608786745734,-1.3983926589677165,2.921849321711151,-0.703028585651584,0.03317856896452491,-0.03499731656766126,0.8879438881751365,-0.0019228441035962513,-7.16892817257722,0.9659481842021911,0.08679896184040663,-0.0014501896927936813,-0.002276064617085502,-0.027478304621174295,-0.0016025086485235388,0.03738965494423408,-0.0007397153466316376,-0.03760894758993173,-0.3641848050742638,0.02310244137071677,0.07892833040599538,0.16033581219116205,0.1641331632924863,-0.5120039795860591,-0.014182580691056944,0.09627439413114064,0.0015164165527599047,0.0032366887221277124,-0.11756381944171979,-0.03308874634716906,6.562955106996642,-0.0017803477835597826,-0.00025198166735924564,3.1897360934285888,-0.09673638590093118
